name,token_ids,reaction_ids,product_smiles,entropy,score
BB-0337 BB-0679,"[337, 679]",[108],CCOC(=O)c1n[nH]c2c1CN(C(c1ccc3c(c1)CCC(=O)N3)C(C)Br)CC2,6.357180118560791,0.8676487118293357
BB-1862 BB-1798,"[1862, 1798]",[66],CCOC(=O)c1cc2c([nH]1)CCCC2(O)c1cc(C(=O)O)cc2nc(N)n(C)c12,6.350019931793213,0.8495441555459826
BB-0028 BB-1387,"[28, 1387]",[108],CCn1c(N)c(C(CCl)N2C[C@@H](C(=O)OC)[C@H](c3cc(F)cc(F)c3)C2)c(=O)[nH]c1=O,6.368100166320801,0.8493322562447007
BB-0878 BB-0205,"[878, 205]",[71],CNCc1cc2c(cc1N1CCC(Oc3ncccc3Br)CC1)OCO2,6.363622188568115,0.8483494319529716
BB-0880 BB-1562,"[880, 1562]",[5],Cc1cc(O)c(C(=O)CCC(=O)O)cc1NC1CCOCc2c(Br)cncc21,6.363696098327637,0.8462943749763244
BB-0295 BB-0721,"[295, 721]",[33],COC(=O)c1ccc(C)c(Br)c1NC1CCC2CN(C(C)=O)c3cccc1c32,6.367015838623047,0.8432019523969705
BB-0698 BB-1209,"[698, 1209]",[5],CCOC(=O)C1(F)CN(c2cc(-c3ncn(C)n3)ccc2C)CC12CCC2,6.344512939453125,0.8427871448414711
BB-0501 BB-0721,"[501, 721]",[125],COc1ccc2c(c1)c1c(n2C2(C(=O)O)CCC3CN(C(C)=O)c4cccc2c43)C(=O)CCC1,6.350365161895752,0.8423570276263456
BB-1352 BB-0337,"[1352, 337]",[33],Cc1noc(CC2(O)CCCN(C(c3ccc4c(c3)CCC(=O)N4)C(C)Br)C2)n1,6.341867446899414,0.8414755359639292
BB-1861 BB-0698,"[1861, 698]",[79],CCOC(=O)C1(F)CN(c2sc(CC)cc2C(=O)O)CC12CCC2,6.3087968826293945,0.8373114732690036
BB-1862 BB-0757,"[1862, 757]",[50],CCOC(=O)c1cc2c([nH]1)CCCC2(Oc1c(C)cc(C=O)cc1CC)C(=O)O,6.350019931793213,0.8371071723413078
BB-0846 BB-1663,"[846, 1663]",[4],CC(C)Cn1c(NC(=O)c2cc3c(oc2=O)CCCC3=O)c(C(=O)CCl)c(=O)[nH]c1=O,6.365951061248779,0.836154698227039
BB-1238 BB-1912,"[1238, 1912]",[33],COC(=O)C1CN(C2CCc3cc(NC(C)=O)c(Br)cc32)c2ccc(Br)cc21,6.360935211181641,0.8353908702769702
BB-1653 BB-1037,"[1653, 1037]",[141],Cc1ccc2c(CC(=O)O)c(C(C)(O)CC(=O)N3CCN(C)C3=O)oc2c1,6.343317031860352,0.8347735532143906
BB-1238 BB-0794,"[1238, 794]",[141],COC(=O)C1CNc2ccc(C3(O)CC(C)c4c(C)ccc(OCC(=O)O)c43)cc21,6.360935211181641,0.8347155780694332
BB-0934 BB-1131,"[934, 1131]",[66],CCOC(=O)c1cc(C2(O)C(=O)Nc3c2ccc(Cl)c3OC)cc(CC)c1N,6.3570356369018555,0.8337339507340995
BB-1862 BB-1369,"[1862, 1369]",[66],CCOC(=O)c1cc2c([nH]1)CCCC2(O)c1cc(C)cc(C(N)C(=O)OC)c1,6.350019931793213,0.8281462304746116
BB-1470 BB-0337,"[1470, 337]",[141],CC(Br)C(O)(c1ccc2c(c1)CCC(=O)N2)c1ccc(/C=C/C(=O)O)cc1C(F)(F)F,6.307144641876221,0.8276595169032586
BB-0233 BB-0679,"[233, 679]",[37],CCOC(=O)c1n[nH]c2c1CN(C(=O)c1c(CC(=O)O)[nH]c(C(C)=O)c1C)CC2,6.355764865875244,0.8273070726803738
BB-0846 BB-0806,"[846, 806]",[102],COC(=O)c1c2n[c]nc(Nc3c(C(=O)CCl)c(=O)[nH]c(=O)n3CC(C)C)c2c2n1CCOC2,6.365951061248779,0.8270551585314653
BB-0732 BB-1100,"[732, 1100]",[66],CNC(=O)c1cc(C)cc(C(O)c2ccc3c(c2)CCC(N)C(=O)N3)c1,6.264224052429199,0.8259716361211704
BB-1434 BB-0337,"[1434, 337]",[141],COC(=O)C1COc2c(F)cc(C(O)(c3ccc4c(c3)CCC(=O)N4)C(C)Br)cc21,6.302816390991211,0.8249226517175496
BB-0750 BB-1636,"[750, 1636]",[125],COc1cc(Cl)ccc1C(N)COC1(C(=O)O)CCCOc2c(Cl)cc(C)cc21,6.36480188369751,0.8248286553803627
BB-0732 BB-0452,"[732, 452]",[108],CCN(Cc1cc(C)cc(C(=O)NC)c1)C1CCSc2ccc(Br)cc21,6.264224052429199,0.8245186951402361
BB-0214 BB-1397,"[214, 1397]",[66],CC(C)Cn1c2c(c(=O)n(C)c1=O)C(O)(c1c(C(=O)O)n(C)c3cc(Cl)ccc13)CN2,6.360949516296387,0.8244164490966843
BB-1240 BB-1871,"[1240, 1871]",[125],COc1cc(Cl)c2c(c1)C(C(=O)O)(n1cnc3c(CN)c(F)ccc31)CCC2,6.344388961791992,0.8243141340881298
BB-1871 BB-1623,"[1871, 1623]",[66],COc1cc(Cl)c2c(c1)C(O)(c1cc3cc(C)c(N)nc3cc1F)CCC2,6.357912063598633,0.8224735209333133
BB-0454 BB-1871,"[454, 1871]",[33],COc1cc(Cl)c2c(c1)C(NC(C)c1ccc(C)c([N+](=O)[O-])c1)CCC2,6.341310501098633,0.8207766734383627
BB-1037 BB-1871,"[1037, 1871]",[66],COc1cc2c(c(C(C)(O)c3oc4cc(C)ccc4c3CC(=O)O)c1)CCCC2=O,6.35292387008667,0.8204254522753642
BB-1862 BB-0591,"[1862, 591]",[66],CCOC(=O)c1cc2c([nH]1)CCCC2(O)c1cccc([C@@H]2C[C@H]2C(=O)O)c1C,6.350019931793213,0.8202793955269456
BB-1862 BB-1880,"[1862, 1880]",[108],CCOC(=O)c1cc2c([nH]1)CCCC2N1CC(C)Oc2cc(C)c(Br)cc21,6.350019931793213,0.8197893540479119
BB-1871 BB-1011,"[1871, 1011]",[108],COC(=O)C1Cc2c(O)cccc2C1NC1CCCc2c(Cl)cc(OC)cc21,6.357912063598633,0.8194084858305675
BB-0732 BB-1238,"[732, 1238]",[66],CNC(=O)c1cc(C)cc(C(O)c2ccc3c(c2)C(C(=O)OC)CN3)c1,6.264224052429199,0.819399053126624
BB-0223 BB-0821,"[223, 821]",[33],COc1ccc2c(c1OC)CCC2N1CCCc2cc(C)c(Br)cc21,6.362344741821289,0.8192079243474633
BB-0200 BB-0721,"[200, 721]",[125],COC(=O)c1cc(C(=O)CCC(=O)O)cn1C1(C(=O)O)CCC2CN(C(C)=O)c3cccc1c32,6.35385274887085,0.8184198065291108
BB-0721 BB-0765,"[721, 765]",[108],CC(=O)N1CC2CCC(NC(CC(=O)O)Cc3ccc([N+](=O)[O-])cc3)c3cccc1c32,6.344073295593262,0.8183585431519915
BB-1798 BB-1636,"[1798, 1636]",[33],Cc1cc(Cl)c2c(c1)C(Nc1nc3cc(C(=O)O)cc(Br)c3n1C)CCCO2,6.36305570602417,0.8171046250544185
BB-0337 BB-0846,"[337, 846]",[108],CC(C)Cn1c(NC(c2ccc3c(c2)CCC(=O)N3)C(C)Br)c(C(=O)CCl)c(=O)[nH]c1=O,6.357180118560791,0.8161155236171005
BB-0750 BB-1037,"[750, 1037]",[141],COc1cc(C(C)(O)c2oc3cc(C)ccc3c2CC(=O)O)ccc1C(N)CO,6.36480188369751,0.8156522470777807
BB-1913 BB-0208,"[1913, 208]",[125],CCc1c(C(=O)OC2(C(=O)O)CCCc3cc(C)c(C)cc32)cnn1CC,6.153962135314941,0.8156377780710533
BB-1238 BB-1912,"[1238, 1912]",[141],COC(=O)C1CNc2ccc(C3(O)CCc4cc(NC(C)=O)c(Br)cc43)cc21,6.360935211181641,0.8149872344705652
BB-0989 BB-0212,"[989, 212]",[112],Nc1nc2n(c1C(=O)N1CCOC(c3ccc(OC(F)(F)F)cc3)C1)CC(C(=O)O)CC2,6.340698719024658,0.814786301647183
BB-1678 BB-1636,"[1678, 1636]",[5],Cc1cc(NC(Cc2cc(C(F)(F)F)cnc2Cl)C(=O)O)c2c(c1)C(=O)CCCO2,6.362990856170654,0.8139310507633656
BB-0846 BB-1663,"[846, 1663]",[82],CC(C)Cn1c(=O)[nH]c(=O)c2c(CCl)c3c(nc21)-c1cc(C(=O)O)c(=O)oc1CC3,6.365951061248779,0.8133945166011312
BB-0698 BB-0208,"[698, 208]",[125],CCOC(=O)C1(F)CN(C2(C(=O)O)CCCc3cc(C)c(C)cc32)CC12CCC2,6.344512939453125,0.8133244661960465
BB-0846 BB-1029,"[846, 1029]",[66],CC(C)Cn1c(N)c(C(O)(CCl)c2ccc3c(c2)C(=O)C(C(F)(F)F)C3)c(=O)[nH]c1=O,6.365951061248779,0.8132470538437813
BB-0814 BB-0337,"[814, 337]",[33],COc1ccc(O)c(C(C)NC(c2ccc3c(c2)CCC(=O)N3)C(C)Br)c1,6.343062400817871,0.8129268142488497
BB-1862 BB-1369,"[1862, 1369]",[108],CCOC(=O)c1cc2c([nH]1)CCCC2NC(C(=O)OC)c1cc(C)cc(Br)c1,6.350019931793213,0.8129195322194191
BB-0846 BB-1663,"[846, 1663]",[141],CC(C)Cn1c(N)c(C(=O)CC2(O)CCCc3oc(=O)c(C(=O)O)cc32)c(=O)[nH]c1=O,6.365951061248779,0.8113970908777397
BB-1236 BB-1771,"[1236, 1771]",[79],COC(=O)c1c(N2CCN(C3(C(=O)OC)COC3)CC2)[nH]c2ccc(Br)cc12,6.301901340484619,0.8112050033963429
BB-1896 BB-0337,"[1896, 337]",[66],Cc1cc2c(cc1Br)C(O)(C(C)C(=O)c1ccc3c(c1)CCC(=O)N3)CCO2,6.35692834854126,0.8093186107530141
BB-1097 BB-1659,"[1097, 1659]",[66],C=CCN1C(=O)C(O)(c2cc(C(C)C)c(OCC3CO3)cc2C)c2cc(C)ccc21,6.332603931427002,0.808917636120587
BB-1709 BB-0721,"[1709, 721]",[125],CC(=O)N1CC2CCC(OC(=O)c3cc(N)c(C)cc3C)(C(=O)O)c3cccc1c32,6.356334209442139,0.807956219611801
BB-1254 BB-1636,"[1254, 1636]",[66],Cc1cc2c(c(C(O)(CCOc3ccccc3)C3CC3)c1)OCCCC2=O,6.3449602127075195,0.8061651591750528
BB-1862 BB-1880,"[1862, 1880]",[66],CCOC(=O)c1cc2c([nH]1)CCCC2(O)c1cc2c(cc1C)OC(C)CN2,6.350019931793213,0.8060884891797204
BB-1693 BB-1453,"[1693, 1453]",[141],Cn1c(=O)[nH]c(=O)c2c1nc(Br)n2CC(C)(O)c1nn(C(C)(C)C)c2ncnc(O)c12,6.310648441314697,0.8057258481077011
BB-0208 BB-0295,"[208, 295]",[108],COC(=O)c1ccc(C)c(Br)c1NC1CCCc2cc(C)c(C)cc21,6.344978332519531,0.8056684100246222
BB-0721 BB-0133,"[721, 133]",[108],CC(=O)N1CC2CCC(N3CCc4c(Br)cnc(N(C)C)c4C3)c3cccc1c32,6.344073295593262,0.8049516451484698
BB-0566 BB-0238,"[566, 238]",[71],CCn1c(Nc2ccc3nc(C(C)=O)n(C)c3c2)c(-c2csc(C)n2)c(=O)[nH]c1=O,6.358007907867432,0.804893195427368
BB-0214 BB-0768,"[214, 768]",[66],CC(C)Cn1c2c(c(=O)n(C)c1=O)C(O)(c1cccc(C(N)CC(=O)O)c1)CN2,6.360949516296387,0.8042831250164701
BB-1266 BB-0337,"[1266, 337]",[141],Cc1cc2c(cc1C(O)(c1ccc3c(c1)CCC(=O)N3)C(C)Br)OCCC2=O,6.35739803314209,0.803914563573237
BB-0214 BB-1798,"[214, 1798]",[4],CC(C)Cn1c2c(c(=O)n(C)c1=O)C(=O)CN2C(=O)c1cc(Br)c2c(c1)nc(N)n2C,6.360949516296387,0.8038508295107532
BB-1636 BB-1862,"[1636, 1862]",[141],CCOC(=O)c1cc2c([nH]1)CCCC2(O)c1cc(C)cc2c1OCCCC2=O,6.355961799621582,0.8038167322109412
BB-1238 BB-0269,"[1238, 269]",[141],COC(=O)C1CNc2ccc(C3(O)C(F)=CCCc4ccc(Br)cc43)cc21,6.360935211181641,0.8036527717997859
BB-1238 BB-0424,"[1238, 424]",[141],COC(=O)C1CNc2ccc(C3(O)C(=O)N(CCC(=O)O)c4cc(F)ccc43)cc21,6.360935211181641,0.8034707450437885
BB-1907 BB-0337,"[1907, 337]",[33],COc1ccc(Br)c(C(C(=O)O)N(C)C(c2ccc3c(c2)CCC(=O)N3)C(C)Br)c1,6.363224029541016,0.8030466217358749
BB-1798 BB-0846,"[1798, 846]",[78],CC(C)Cn1c(NC(=O)c2cc(Br)c3c(c2)nc(N)n3C)c(C(=O)CCl)c(=O)[nH]c1=O,6.36305570602417,0.802814446493168
BB-1062 BB-1710,"[1062, 1710]",[66],Cc1ccc(N2CCC(O)(CC(=O)C(C#N)=C3C=CN(C)C=C3)CC2=O)cc1,6.344877243041992,0.8019038365678975
BB-1862 BB-0591,"[1862, 591]",[50],CCOC(=O)c1cc2c([nH]1)CCCC2(OC(=O)[C@@H]1C[C@H]1c1cccc(Br)c1C)C(=O)O,6.350019931793213,0.8018250472766978
BB-1669 BB-1576,"[1669, 1576]",[108],CCCc1ccc(C(CCC(=O)O)N2CCc3cc(C(=O)O)cnc3C2)cc1,6.354565143585205,0.8012747314134895
BB-0732 BB-1100,"[732, 1100]",[108],CNC(=O)c1cc(C)cc(CNC2CCc3cc(Br)ccc3NC2=O)c1,6.264224052429199,0.8011957053600818
BB-0721 BB-1907,"[721, 1907]",[66],CNC(C(=O)O)c1cc(OC)ccc1C1(O)CCC2CN(C(C)=O)c3cccc1c32,6.344073295593262,0.8011309903511259
BB-0223 BB-1750,"[223, 1750]",[71],CC(=O)NC1(c2nc(C)cs2)CCN(c2cc3c(cc2C)CCCN3)C1,6.362344741821289,0.8008790244216979
BB-1715 BB-1871,"[1715, 1871]",[5],COC(=O)c1ccc2c(c1)C(C)CN2c1cc(OC)cc2c1CCCC2=O,6.340205669403076,0.800441855077165
BB-0692 BB-1871,"[692, 1871]",[141],COc1cc(Cl)c2c(c1)C(O)(c1ccc3c(c1)CCC(C(=O)O)N3)CCC2,6.3635172843933105,0.8000015013310213
BB-0507 BB-1453,"[507, 1453]",[125],CC(=O)CCc1nn(C(C)(Cn2c(Br)nc3c2c(=O)[nH]c(=O)n3C)C(=O)O)c2ccccc12,6.350957870483398,0.7996661714129326
BB-0750 BB-1636,"[750, 1636]",[5],COc1cc(Cl)ccc1C(CO)Nc1cc(C)cc2c1OCCCC2=O,6.36480188369751,0.7989614770283407
BB-0698 BB-0465,"[698, 465]",[4],CCOC(=O)C1(F)CN(C(=O)CNCc2c(F)cccc2Cl)CC12CCC2,6.344512939453125,0.7975011687253066
BB-0847 BB-0760,"[847, 760]",[141],COC(=O)c1cc2c(C(C)(O)c3ncc(C)cc3Br)ccc(C)c2[nH]1,6.302024841308594,0.7967246631263031
BB-1636 BB-0792,"[1636, 792]",[66],CCCN1C(=O)C(=O)c2cc(C3(O)CCCOc4c(Cl)cc(C)cc43)ccc21,6.355961799621582,0.7966292414922889
BB-0766 BB-0090,"[766, 90]",[66],CCC(O)(CC(=O)c1ccc(C(F)(F)F)cc1)c1cc(C(=O)OC)c2ccccc2n1,6.345864295959473,0.7965922791897815
BB-0721 BB-1907,"[721, 1907]",[108],COc1ccc(Br)c(C(C(=O)O)N(C)C2CCC3CN(C(C)=O)c4cccc2c43)c1,6.344073295593262,0.7963484646851744
BB-0550 BB-0821,"[550, 821]",[141],CCOC(=O)c1nc(C2(O)CCc3c2ccc(OC)c3OC)c2n1CCCC2,6.303221702575684,0.7963282338656068
BB-1674 BB-1120,"[1674, 1120]",[141],O=C(O)Cn1cc(C(O)c2ccc3c(c2)OC(C(=O)O)CC3)c2ccccc21,6.3054704666137695,0.7958428401162043
BB-0097 BB-0372,"[97, 372]",[71],CNCc1cc(OC)ccc1N1CCc2c([nH]c3ccccc23)C1C(=O)O,6.363949775695801,0.7954726981365027
BB-0721 BB-0133,"[721, 133]",[66],CC(=O)N1CC2CCC(O)(c3cnc(N(C)C)c4c3CCNC4)c3cccc1c32,6.344073295593262,0.7953010326605114
BB-0721 BB-1862,"[721, 1862]",[50],CCOC(=O)c1cc2c(n1C1(C(=O)O)CCC3CN(C(C)=O)c4cccc1c43)CCCC2=O,6.344073295593262,0.7952226966331647
BB-0880 BB-1562,"[880, 1562]",[116],Cc1cc(Oc2cncc3c2COCCC3N)c(C(=O)CCC(=O)O)cc1Br,6.363696098327637,0.7951479649290925
BB-0846 BB-0618,"[846, 618]",[4],CCCc1ccc(N)c(C(=O)Nc2c(C(=O)CCl)c(=O)[nH]c(=O)n2CC(C)C)c1,6.365951061248779,0.7949120635276272
BB-1447 BB-0295,"[1447, 295]",[112],COC(=O)C1(NC(=O)c2ccc(C)c(Br)c2N)CC(c2ccccc2Cl)C1,6.362763404846191,0.794883472301042
BB-0732 BB-1238,"[732, 1238]",[108],CNC(=O)c1cc(C)cc(CN2CC(C(=O)OC)c3cc(Br)ccc32)c1,6.264224052429199,0.7948289170102526
BB-1896 BB-0337,"[1896, 337]",[141],Cc1cc2c(cc1C(O)(c1ccc3c(c1)CCC(=O)N3)C(C)Br)C(=O)CCO2,6.35692834854126,0.7946623996611335
BB-0698 BB-0732,"[698, 732]",[33],CCOC(=O)C1(F)CN(Cc2cc(C)cc(C(=O)NC)c2)CC12CCC2,6.344512939453125,0.7942636100850647
BB-1238 BB-1912,"[1238, 1912]",[63],COC(=O)C1CNc2ccc(-c3cc4c(cc3NC(C)=O)CCC4=O)cc21,6.360935211181641,0.7941873975976678
BB-0721 BB-0039,"[721, 39]",[50],CC(=O)N1CC2CCC(C(=O)O)(N3C(=O)CCSc4cc(C)ccc43)c3cccc1c32,6.344073295593262,0.7938427850239946
BB-0721 BB-0133,"[721, 133]",[50],CC(=O)N1CC2CCC(C(=O)O)(N3CCc4c(Br)cnc(N(C)C)c4C3)c3cccc1c32,6.344073295593262,0.7935761454037287
BB-1846 BB-0846,"[1846, 846]",[78],CC(C)Cn1c(NC(=O)CN(C)c2ccc(C(F)(F)F)cc2C=O)c(C(=O)CCl)c(=O)[nH]c1=O,6.288496017456055,0.7927283957669103
BB-0721 BB-1877,"[721, 1877]",[50],CC(=O)N1CC2CCC(C(=O)O)(N(C)C3CCN(c4ccc(C(F)(F)F)nc4)CC3)c3cccc1c32,6.344073295593262,0.79214651191888
BB-0200 BB-1198,"[200, 1198]",[108],COC(=O)c1cc(C(CCC(=O)O)Nc2ccccc2[C@@H]2C[C@H]2C(=O)OC)c[nH]1,6.35385274887085,0.7909502123650962
BB-1632 BB-0244,"[1632, 244]",[141],COC(=O)Cc1cc2c(c(C(C)(O)/C(=C/c3ccc(Cl)c(Cl)c3)C(N)=O)c1)OCC2,6.303065776824951,0.7908858574083822
BB-1788 BB-0233,"[1788, 233]",[141],COC(=O)c1c(CC(=O)O)[nH]c(C(C)(O)c2ccc(C(C)(C)O)cc2OC)c1C,6.345040321350098,0.7908541032591069
BB-1582 BB-1640,"[1582, 1640]",[71],CNC1CCOc2ccc(N3CCOc4c(Cl)cc(Br)cc4C3)cc21,6.3617963790893555,0.7907095379841296
BB-0381 BB-1945,"[381, 1945]",[5],COC(=O)C1(c2cc(N3CC(c4cccc(C(F)(F)F)c4)OCC3C)ccc2C#N)CCC1,6.340829372406006,0.7900367870815886
BB-0244 BB-0351,"[244, 351]",[66],CCc1cc(C(C)(O)/C(=C/c2ccc(Cl)c(Cl)c2)C(N)=O)cc2c1NCCC2,6.3590617179870605,0.789940268346099
BB-0355 BB-0233,"[355, 233]",[112],CC(=O)c1[nH]c(CC(=O)O)c(C(=O)N(C)C2CCCC2c2ccc(C(F)(F)F)cc2)c1C,6.340897083282471,0.7891689504670542
BB-0732 BB-0452,"[732, 452]",[66],CCNC1CCSc2ccc(C(O)c3cc(C)cc(C(=O)NC)c3)cc21,6.264224052429199,0.7890873673326309
BB-0707 BB-0591,"[707, 591]",[5],COC(=O)c1cc2c([nH]1)CN(c1cccc([C@@H]3C[C@H]3C(=O)O)c1C)CC2,6.341523170471191,0.7884057095619762
BB-0337 BB-0393,"[337, 393]",[79],CC(C(=O)c1ccc2c(c1)CCC(=O)N2)N1CCC(C(=O)O)c2cccc(C(F)(F)F)c21,6.357180118560791,0.7881330233219686
BB-1706 BB-1011,"[1706, 1011]",[78],COC(=O)C1Cc2c(O)cccc2C1NC(=O)C1(c2cccc(Br)c2)CC(=O)C1,6.359709739685059,0.7878561806308835
BB-1037 BB-1659,"[1037, 1659]",[66],Cc1ccc2c(CC(=O)O)c(C(C)(O)c3cc(C(C)C)c(OCC4CO4)cc3C)oc2c1,6.35292387008667,0.7872926880487352
BB-1917 BB-0358,"[1917, 358]",[5],COc1ccc(C(C)C(=O)O)cc1N1CC=C(c2cccnc2)CC1,6.343141078948975,0.7872795616733734
BB-0787 BB-0501,"[787, 501]",[141],COc1ccc2[nH]c3c(c2c1)CCCC3(O)c1cccc(CN)c1Cl,6.362907409667969,0.786704537740285
BB-1238 BB-0089,"[1238, 89]",[37],CC1CN(C(=O)C2CNc3ccc(Br)cc32)CC2(C1)OC(=O)Nc1ccc(Cl)c(F)c12,6.360935211181641,0.7864940214141365
BB-1693 BB-1453,"[1693, 1453]",[63],CC(=O)Cn1c(-c2nn(C(C)(C)C)c3ncnc(O)c23)nc2c1c(=O)[nH]c(=O)n2C,6.310648441314697,0.7864281015766865
BB-1798 BB-1193,"[1798, 1193]",[71],CCOc1ccc(Cl)cc1CCNc1cc(C(=O)O)cc2nc(N)n(C)c12,6.36305570602417,0.7861544296736456
BB-1037 BB-1398,"[1037, 1398]",[50],CC(=O)c1cn(C(C)(C(=O)O)c2oc3cc(C)ccc3c2CC(=O)O)c2ccc([N+](=O)[O-])cc12,6.35292387008667,0.7858673384084183
BB-1693 BB-1636,"[1693, 1636]",[125],Cc1cc(Cl)c2c(c1)C(Oc1ncnc3c1c(Br)nn3C(C)(C)C)(C(=O)O)CCCO2,6.310648441314697,0.7855185948275542
BB-0846 BB-0618,"[846, 618]",[108],CCCc1ccc(NC(CCl)c2c(N)n(CC(C)C)c(=O)[nH]c2=O)c(C(=O)O)c1,6.365951061248779,0.7853295175906447
BB-0846 BB-1071,"[846, 1071]",[28],COCCC1(C(=O)O)CN(C(=O)Nc2c(C(=O)CCl)c(=O)[nH]c(=O)n2CC(C)C)C1,6.365951061248779,0.7848645216480391
BB-0407 BB-0295,"[407, 295]",[63],COC(=O)c1ccc(C)c(-c2cccc3c2CN(C2CCC(=O)NC2=O)C3=O)c1N,6.303242206573486,0.7848296812314565
BB-0214 BB-1798,"[214, 1798]",[66],CC(C)Cn1c2c(c(=O)n(C)c1=O)C(O)(c1cc(C(=O)O)cc3nc(N)n(C)c13)CN2,6.360949516296387,0.7841785751138792
BB-0583 BB-1447,"[583, 1447]",[37],CCc1c(C(=O)NC2(C(=O)OC)CC(c3ccccc3Cl)C2)[nH]c(C)c1C(=O)O,6.156293869018555,0.7837743205924479
BB-0113 BB-0847,"[113, 847]",[66],CCCCCC(O)(c1c(O)cc(O)cc1O)c1ccc(C)c2[nH]c(C(=O)OC)cc12,6.352838039398193,0.7837465116753932
BB-1653 BB-1037,"[1653, 1037]",[145],CC(=CC(=O)N1CCN(C)C1=O)c1oc2cc(C)ccc2c1CC(=O)O,6.343317031860352,0.7836971677351373
BB-1871 BB-1011,"[1871, 1011]",[50],COC(=O)C1Cc2c(OC3(C(=O)O)CCCc4c(Cl)cc(OC)cc43)cccc2C1N,6.357912063598633,0.7828506707069309
BB-1887 BB-1317,"[1887, 1317]",[108],COC(=O)c1ccc2c(c1)CCC2N[C@@H]1c2cc(C)ccc2C[C@@H]1C(=O)O,6.344454288482666,0.782327342362817
BB-0223 BB-0821,"[223, 821]",[141],COc1ccc2c(c1OC)CCC2(O)c1cc2c(cc1C)CCCN2,6.362344741821289,0.7806640219127341
BB-0721 BB-1332,"[721, 1332]",[66],CC(=O)N1CC2CCC(O)(c3cc(CN)cc(OC(F)(F)F)c3)c3cccc1c32,6.344073295593262,0.7800699886350407
BB-1238 BB-0089,"[1238, 89]",[71],COC(=O)C1CNc2ccc(N3CC(C)CC4(C3)OC(=O)Nc3ccc(Cl)c(F)c34)cc21,6.360935211181641,0.7800570381590823
BB-1522 BB-1587,"[1522, 1587]",[5],CC1(C)CC(N)c2cccc(N3CCCC(n4ccc(C(=O)O)n4)C3)c2O1,6.357766151428223,0.7795422915715496
BB-1871 BB-1189,"[1871, 1189]",[70],COC(=O)c1cnn(C)c1CC=C1CCCc2c(Cl)cc(OC)cc21,6.357912063598633,0.7787246213387199
BB-0505 BB-0721,"[505, 721]",[33],CCOC(=O)c1cnc2ncnn2c1NC1CCC2CN(C(C)=O)c3cccc1c32,6.350249290466309,0.7784815980942675
BB-0480 BB-0707,"[480, 707]",[50],COC(=O)c1cc2c(n1C(C)(CCc1ccccc1[N+](=O)[O-])C(=O)O)CNCC2,6.34492301940918,0.7784466206870255
BB-0732 BB-1744,"[732, 1744]",[66],CNC(=O)c1cc(C)cc(C(O)c2ccc(CC(=O)O)c([N+](=O)[O-])c2)c1,6.264224052429199,0.7780560258252813
BB-0507 BB-1453,"[507, 1453]",[50],CC(=O)Cn1c(Br)nc2c1c(=O)n(C(C)(CCc1n[nH]c3ccccc13)C(=O)O)c(=O)n2C,6.350957870483398,0.7778198041352645
BB-1994 BB-0233,"[1994, 233]",[112],CC(=O)c1[nH]c(CC(=O)O)c(C(=O)NC(CO)Cc2ccccc2Cl)c1C,6.365130424499512,0.777256939316
BB-1862 BB-1369,"[1862, 1369]",[37],COC(=O)C(NC(=O)c1cc2c([nH]1)CCCC2=O)c1cc(C)cc(Br)c1,6.350019931793213,0.7772395405042449
BB-0214 BB-1798,"[214, 1798]",[103],CC(C)Cn1c2c(c(=O)n(C)c1=O)C(=O)CN2C(=O)Nc1nc2cc(C(=O)O)cc(Br)c2n1C,6.360949516296387,0.7770215376103021
BB-1678 BB-1636,"[1678, 1636]",[33],Cc1cc(Cl)c2c(c1)C(NC(Cc1cc(C(F)(F)F)cnc1Cl)C(=O)O)CCCO2,6.362990856170654,0.7769340982992795
BB-1083 BB-1101,"[1083, 1101]",[110],CC(=O)c1sc2[nH]c(=O)n([C@@H](CO)Cc3ccc([N+](=O)[O-])cc3)c(=O)c2c1C,6.342498302459717,0.7761940232693164
BB-0337 BB-0846,"[337, 846]",[79],CC(C)Cn1c(NC(C)C(=O)c2ccc3c(c2)CCC(=O)N3)c(C(=O)CCl)c(=O)[nH]c1=O,6.357180118560791,0.7760137016326228
BB-0354 BB-0378,"[354, 378]",[66],CC(=O)N1CCC(C(O)(CC(=O)C2COc3ccccc3O2)c2ccc(F)cc2F)CC1,6.345145225524902,0.7751900401989529
BB-0881 BB-1005,"[881, 1005]",[140],Cc1cc(C(=O)C(C(=O)CCl)=C2Nc3ccccc3N2C)cc(C#N)c1N,6.362527847290039,0.7750867520183283
BB-1236 BB-1387,"[1236, 1387]",[79],COC(=O)c1c(N2C[C@@H](C(=O)OC)[C@H](c3cc(F)cc(F)c3)C2)[nH]c2ccc(Br)cc12,6.301901340484619,0.7748415004901342
BB-0126 BB-1114,"[126, 1114]",[5],CC1(C)CN(c2cccc(C(CC(F)(F)F)C(=O)O)c2)c2cnccc21,6.342607498168945,0.7744128529812493
BB-0750 BB-1037,"[750, 1037]",[4],COc1cc(Cl)ccc1C(CO)NC(=O)Cc1c(C(C)=O)oc2cc(C)ccc12,6.36480188369751,0.7743130425269056
BB-0846 BB-1380,"[846, 1380]",[112],CCn1c(C)c(/C=C/C(=O)O)c(C(=O)Nc2c(C(=O)CCl)c(=O)[nH]c(=O)n2CC(C)C)c1C,6.365951061248779,0.7737642999882226
BB-0214 BB-1788,"[214, 1788]",[50],COc1cc(C(C)(C)OC2(C(=O)O)CNc3c2c(=O)n(C)c(=O)n3CC(C)C)ccc1Br,6.360949516296387,0.7732704164233365
BB-0880 BB-1562,"[880, 1562]",[63],Cc1cc(O)c(C(=O)CCC(=O)O)cc1-c1cncc2c1COCCC2N,6.363696098327637,0.7726617347746308
BB-1706 BB-1011,"[1706, 1011]",[108],COC(=O)C1Cc2c(O)cccc2C1NC1CC(C(=O)O)(c2cccc(Br)c2)C1,6.359709739685059,0.772406546371042
BB-0501 BB-1636,"[501, 1636]",[66],COc1ccc2[nH]c3c(c2c1)CCCC3(O)c1cc(C)cc2c1OCCCC2=O,6.350365161895752,0.7717692362523008
BB-0214 BB-1788,"[214, 1788]",[66],COc1cc(C(C)(C)O)ccc1C1(O)CNc2c1c(=O)n(C)c(=O)n2CC(C)C,6.360949516296387,0.7716199109186124
BB-0355 BB-0233,"[355, 233]",[33],COC(=O)c1c(CC(=O)O)[nH]c(C(C)N(C)C2CCCC2c2ccc(C(F)(F)F)cc2)c1C,6.340897083282471,0.771314786731045
BB-0355 BB-0233,"[355, 233]",[125],COC(=O)c1c(CC(=O)O)[nH]c(C(C)(C(=O)O)N(C)C2CCCC2c2ccc(C(F)(F)F)cc2)c1C,6.340897083282471,0.7710486548041413
BB-1447 BB-0295,"[1447, 295]",[110],COC(=O)C1(n2c(=O)[nH]c3c(Br)c(C)ccc3c2=O)CC(c2ccccc2Cl)C1,6.362763404846191,0.7708185404609865
BB-1111 BB-1411,"[1111, 1411]",[33],COCOc1ccc(C(C)NC(C(=O)OC)c2cc(Cl)cc(Br)c2)c(O)c1C,6.363544464111328,0.7700996313917086
BB-1745 BB-0559,"[1745, 559]",[78],Cc1nc2[nH]n(C)c(=O)c2c(C)c1CC(=O)Nc1cc(C(F)(F)F)ncc1Br,6.191118240356445,0.7700106322080456
BB-1131 BB-0376,"[1131, 376]",[141],CCOC(=O)c1cc(C2(O)CCCc3cc(N)ccc32)cc(CC)c1N,6.366854190826416,0.7698829777511776
BB-1509 BB-0295,"[1509, 295]",[112],COCCn1c(NC(=O)c2ccc(C)c(Br)c2N)c(C(=O)CCl)c(=O)[nH]c1=O,6.368828296661377,0.7694762109458417
BB-1871 BB-1011,"[1871, 1011]",[71],COC(=O)C1Cc2c(O)cccc2C1Nc1cc(OC)cc2c1CCCC2=O,6.357912063598633,0.7693803324556793
BB-0721 BB-0074,"[721, 74]",[50],COC(=O)c1cc2c(n1C1(C(=O)O)CCC3CN(C(C)=O)c4cccc1c43)C(=O)CCC2,6.344073295593262,0.7690558864049862
BB-0721 BB-1332,"[721, 1332]",[108],CC(=O)N1CC2CCC(NCc3cc(Br)cc(OC(F)(F)F)c3)c3cccc1c32,6.344073295593262,0.7686651535633898
BB-0846 BB-0351,"[846, 351]",[5],CCc1cc(Nc2c(C(=O)CCl)c(=O)[nH]c(=O)n2CC(C)C)cc2c1NCCC2,6.365951061248779,0.7686484223408729
BB-1037 BB-1871,"[1037, 1871]",[125],COc1cc(Cl)c2c(c1)C(OC(=O)Cc1c(C(C)=O)oc3cc(C)ccc13)(C(=O)O)CCC2,6.35292387008667,0.7683691546128506
BB-0337 BB-0679,"[337, 679]",[50],CCOC(=O)c1nn(C(C(=O)O)(c2ccc3c(c2)CCC(=O)N3)C(C)Br)c2c1CNCC2,6.357180118560791,0.768202740940246
BB-0846 BB-0424,"[846, 424]",[4],CC(C)Cn1c(NC(=O)CCN2C(=O)C(=O)c3ccc(F)cc32)c(C(=O)CCl)c(=O)[nH]c1=O,6.365951061248779,0.7680784871105714
BB-1994 BB-0233,"[1994, 233]",[125],COC(=O)c1c(CC(=O)O)[nH]c(C(C)(OCC(N)Cc2ccccc2Cl)C(=O)O)c1C,6.365130424499512,0.7676453678414537
BB-0707 BB-0591,"[707, 591]",[4],COC(=O)c1cc2c([nH]1)CN(C(=O)[C@@H]1C[C@H]1c1cccc(Br)c1C)CC2,6.341523170471191,0.7667915369015411
BB-0846 BB-0506,"[846, 506]",[5],Cc1ccc(-c2cccc(Nc3c(C(=O)CCl)c(=O)[nH]c(=O)n3CC(C)C)c2)cc1N,6.365951061248779,0.7667309116380188
BB-1994 BB-0233,"[1994, 233]",[33],COC(=O)c1c(CC(=O)O)[nH]c(C(C)NC(CO)Cc2ccccc2Cl)c1C,6.365130424499512,0.7658729131903155
BB-0491 BB-1131,"[491, 1131]",[66],CCOC(=O)c1cc(C(O)Cc2ccccc2OC(F)F)cc(CC)c1N,6.275277614593506,0.76587028815846
BB-0208 BB-1374,"[208, 1374]",[50],Cc1cc2c(cc1C)C(C(=O)O)(N1CCC(c3ccccc3)OC(C)C1)CCC2,6.344978332519531,0.7657041039441199
BB-1238 BB-0424,"[1238, 424]",[4],COC(=O)C1CN(C(=O)CCN2C(=O)C(=O)c3ccc(F)cc32)c2ccc(Br)cc21,6.360935211181641,0.764975222201945
BB-1636 BB-1470,"[1636, 1470]",[66],Cc1cc(Cl)c2c(c1)C(O)(c1ccc(/C=C/C(=O)O)cc1C(F)(F)F)CCCO2,6.355961799621582,0.7647075027909175
BB-0335 BB-1037,"[335, 1037]",[125],COc1cccc2c1C(C(=O)OC(C)(C(=O)O)c1oc3cc(C)ccc3c1CC(=O)O)CC2=O,6.3532915115356445,0.7646806396637731
BB-0806 BB-0847,"[806, 847]",[5],COC(=O)c1cc2c(Nc3c(C#N)c4n(c3C(=O)OC)CCOC4)ccc(C)c2[nH]1,6.3495330810546875,0.7646121963227887
BB-0921 BB-1682,"[921, 1682]",[33],NCC(NC1CCCN(c2ccccc2F)C1=O)c1ccc(Br)cc1,6.342893123626709,0.7646016569099907
BB-0730 BB-1593,"[730, 1593]",[41],Cc1ccc(C2(N)CCCCC2)c(OC(C)C(N)c2ccccc2F)c1,6.340854644775391,0.7638291695626601
BB-1447 BB-0295,"[1447, 295]",[5],COC(=O)c1ccc(C)c(NC2(C(=O)OC)CC(c3ccccc3Cl)C2)c1N,6.362763404846191,0.7638065563660226
BB-1798 BB-1636,"[1798, 1636]",[5],Cc1cc(Nc2nc3cc(C(=O)O)cc(Br)c3n2C)c2c(c1)C(=O)CCCO2,6.36305570602417,0.7636042640761146
BB-1238 BB-0794,"[1238, 794]",[33],COC(=O)C1CN(C2CC(C)c3c(C)ccc(OCC(=O)O)c32)c2ccc(Br)cc21,6.360935211181641,0.7634964232482789
BB-0233 BB-0679,"[233, 679]",[108],CCOC(=O)c1n[nH]c2c1CN(C(C)c1[nH]c(CC(=O)O)c(C(=O)OC)c1C)CC2,6.355764865875244,0.7633060152561891
BB-0480 BB-0707,"[480, 707]",[108],COC(=O)c1cc2c([nH]1)CN(C(C)CCc1ccccc1[N+](=O)[O-])CC2,6.34492301940918,0.762905546771202
BB-1079 BB-1693,"[1079, 1693]",[5],Cc1ccc2c(c1)CC(C)N(c1nn(C(C)(C)C)c3ncnc(O)c13)C2,6.3421311378479,0.762805956824293
BB-1706 BB-1011,"[1706, 1011]",[71],COC(=O)C1Cc2c(O)cccc2C1Nc1cccc(C2(C(=O)O)CC(=O)C2)c1,6.359709739685059,0.762749997252431
BB-0136 BB-1238,"[136, 1238]",[41],COC(=O)C1CNc2ccc(Oc3ccnc4c3CNC4)cc21,6.341216564178467,0.7626599682498832
BB-1636 BB-1470,"[1636, 1470]",[15],Cc1cc(Sc2ccc(/C=C/C(=O)O)cc2C(F)(F)F)c2c(c1)C(=O)CCCO2,6.355961799621582,0.7618409015837292
BB-1238 BB-0269,"[1238, 269]",[44],COC(=O)C1CN(C2CCc3ccc(Br)cc3C(=O)C2F)c2ccc(Br)cc21,6.360935211181641,0.7613565040506963
BB-1871 BB-1623,"[1871, 1623]",[108],COc1cc(Cl)c2c(c1)C(Nc1nc3cc(F)c(Br)cc3cc1C)CCC2,6.357912063598633,0.7613074867491897
BB-1589 BB-1993,"[1589, 1993]",[15],CCCNc1ccc(C)c(Sc2c(OC)ccc3[nH]c(C(=O)O)cc23)c1,6.366110801696777,0.76118927925349
BB-0806 BB-0847,"[806, 847]",[65],COC(=O)c1cc2c(C(=O)c3c(N)c(C(=O)OC)n4c3COCC4)ccc(C)c2[nH]1,6.3495330810546875,0.7610400282548976
BB-0846 BB-0424,"[846, 424]",[141],CC(C)Cn1c(N)c(C(=O)CC2(O)C(=O)N(CCC(=O)O)c3cc(F)ccc32)c(=O)[nH]c1=O,6.365951061248779,0.7608566694993116
BB-0113 BB-1209,"[113, 1209]",[66],CCCCCC(O)(c1cc(-c2ncn(C)n2)ccc1C)c1c(O)cc(O)cc1O,6.352838039398193,0.7607547680147169
BB-1919 BB-0943,"[1919, 943]",[71],CC(C#CC(=O)O)Nc1ccc(-n2c(N(C)C)nc(C=O)c2Cl)cc1,6.317211151123047,0.7605942239329735
BB-0934 BB-1131,"[934, 1131]",[15],CCOC(=O)c1cc(Sc2ccc3c(c2OC)NC(=O)C3=O)cc(CC)c1N,6.3570356369018555,0.760557874037393
BB-1863 BB-0358,"[1863, 358]",[4],COc1ccc(C(C)C(=O)NC(C)(C(=O)O)c2ccc(C(F)(F)F)cc2)cc1Br,6.356030464172363,0.7601053919605191
BB-0846 BB-0806,"[846, 806]",[108],COC(=O)c1c(NC(CCl)c2c(N)n(CC(C)C)c(=O)[nH]c2=O)c(C#N)c2n1CCOC2,6.365951061248779,0.7599700033915998
BB-1943 BB-1019,"[1943, 1019]",[141],CCC(=O)c1cccc(C(C)(O)c2c(C)[nH]c(-c3ccco3)nc2=O)c1,6.359161853790283,0.7598560173303174
BB-1919 BB-1636,"[1919, 1636]",[66],Cc1cc2c(c(C(O)c3nc(N(C)C)n(-c4ccc(Br)cc4)c3Cl)c1)OCCCC2=O,6.317211151123047,0.7597130164177948
BB-1372 BB-0832,"[1372, 832]",[108],CCOC(=O)C1Cc2c(C)cccc2C(Nc2ccncc2C(=O)C(C)C)C1,6.342898845672607,0.7594823333927575
BB-1994 BB-0233,"[1994, 233]",[4],COC(=O)c1c(CC(=O)NC(CO)Cc2ccccc2Cl)[nH]c(C(C)=O)c1C,6.365130424499512,0.7594424135560204
BB-0337 BB-0393,"[337, 393]",[108],CC(Br)C(c1ccc2c(c1)CCC(=O)N2)N1CCC(C(=O)O)c2cccc(C(F)(F)F)c21,6.357180118560791,0.7589839725125725
BB-0527 BB-0208,"[527, 208]",[125],Cc1cc2c(cc1C)C(C(=O)O)(n1c(=O)c(I)cn([C@@H]3O[C@H](CO)[C@@H](O)[C@H]3O)c1=O)CCC2,6.347207069396973,0.758499684549405
BB-1281 BB-0708,"[1281, 708]",[75],COC(=O)C1CC2(CCCCC2)C(=Cc2cc(C(=O)O)c3n2CCCC3)C1=O,6.291963577270508,0.7582156819913821
BB-1018 BB-1447,"[1018, 1447]",[66],COC(=O)C1(N)CC(c2ccccc2C(O)(CCCC(=O)O)c2ccc(C)cc2)C1,6.353799343109131,0.75728170685562
BB-1589 BB-1993,"[1589, 1993]",[24],CCCNc1ccc(C)c(S(=O)(=O)c2c(OC)ccc3[nH]c(C(=O)O)cc23)c1,6.366110801696777,0.7567688223094619
BB-0566 BB-0238,"[566, 238]",[50],CCn1c(N)c(-c2csc(C)n2)c(=O)n(C(C)(C(=O)O)c2nc3ccc(Cl)cc3n2C)c1=O,6.358007907867432,0.7566715761317117
BB-0847 BB-0760,"[847, 760]",[63],COC(=O)c1cc2c(-c3cc(C)cnc3C(C)=O)ccc(C)c2[nH]1,6.302024841308594,0.7565671980562921
BB-0618 BB-1364,"[618, 1364]",[5],CCCc1ccc(Nc2cc(C(N)C(F)(F)F)ccc2OC)c(C(=O)O)c1,6.354475498199463,0.7565131577692479
BB-0381 BB-1945,"[381, 1945]",[112],CC1COC(c2cccc(C(F)(F)F)c2)CN1C(=O)C1(c2cc(Br)ccc2C#N)CCC1,6.340829372406006,0.7561474138898309
BB-1555 BB-0865,"[1555, 865]",[108],CCOC(=O)C1(C)C=CC(N(Cc2ccc(-n3cncn3)cc2)C2CC2)CC1,6.343062400817871,0.7558222210387888
BB-0750 BB-1037,"[750, 1037]",[126],COc1cc(Cl)ccc1C(N)COC(=O)Cc1c(C(C)=O)oc2cc(C)ccc12,6.36480188369751,0.7556652583973618
BB-1238 BB-0089,"[1238, 89]",[5],COC(=O)C1CN(c2ccc3c(c2F)C2(CNCC(C)C2)OC(=O)N3)c2ccc(Br)cc21,6.360935211181641,0.7551284638126293
BB-1372 BB-0358,"[1372, 358]",[66],CCOC(=O)C1Cc2c(C)cccc2C(O)(c2cc(C(C)C(=O)O)ccc2OC)C1,6.342898845672607,0.7549695071899887
BB-0806 BB-1238,"[806, 1238]",[37],COC(=O)C1CN(C(=O)c2c(N)c(C#N)c3n2CCOC3)c2ccc(Br)cc21,6.3495330810546875,0.7546800137780982
BB-1798 BB-1640,"[1798, 1640]",[78],Cn1c(N)nc2cc(C(=O)N3CCOc4c(Cl)cc(Br)cc4C3)cc(Br)c21,6.36305570602417,0.7545785038341796
BB-1171 BB-1387,"[1171, 1387]",[81],COC(=O)[C@@H]1CN(S(=O)(=O)c2cc(C(=O)O)c(Br)cc2OC)C[C@H]1c1cc(F)cc(F)c1,6.308138847351074,0.7542444647641379
BB-0618 BB-1364,"[618, 1364]",[78],CCCc1ccc(N)c(C(=O)NC(c2ccc(OC)c(Br)c2)C(F)(F)F)c1,6.354475498199463,0.7538738186284712
BB-1798 BB-1636,"[1798, 1636]",[15],Cc1cc(Sc2cc(C(=O)O)cc3nc(N)n(C)c23)c2c(c1)C(=O)CCCO2,6.36305570602417,0.753843966180154
BB-1630 BB-0337,"[1630, 337]",[5],Cc1cc(N=[N+]=[N-])ccc1NC(C)C(=O)c1ccc2c(c1)CCC(=O)N2,6.3461503982543945,0.7535099336837214
BB-1111 BB-1411,"[1111, 1411]",[141],COCOc1ccc(C(C)(O)c2cc(Br)cc(C(N)C(=O)OC)c2)c(O)c1C,6.363544464111328,0.753361065249369
BB-1815 BB-0707,"[1815, 707]",[71],COC(=O)c1cc2c([nH]1)CN(c1cc(N)cc(Cl)c1OC)CC2,6.364068984985352,0.7532181456913343
BB-0806 BB-0804,"[806, 804]",[33],COC(=O)c1c(NCc2c(N)oc3ccc(F)cc3c2=O)c(C#N)c2n1CCOC2,6.3495330810546875,0.7526845473873321
BB-0846 BB-1029,"[846, 1029]",[5],CC(C)Cn1c(Nc2ccc3c(c2)C(=O)C(C(F)(F)F)C3)c(C(=O)CCl)c(=O)[nH]c1=O,6.365951061248779,0.752382302024851
BB-1715 BB-1871,"[1715, 1871]",[125],COC(=O)c1ccc2c(c1)C(C)CN2C1(C(=O)O)CCCc2c(Cl)cc(OC)cc21,6.340205669403076,0.752320334285336
BB-0355 BB-1709,"[355, 1709]",[4],Cc1cc(C)c(C(=O)N(C)C2CCCC2c2ccc(C(F)(F)F)cc2)cc1N,6.340897083282471,0.7517638356705294
BB-0355 BB-0233,"[355, 233]",[4],COC(=O)c1c(CC(=O)N(C)C2CCCC2c2ccc(C(F)(F)F)cc2)[nH]c(C(C)=O)c1C,6.340897083282471,0.7515494872615017
BB-1434 BB-0337,"[1434, 337]",[15],COC(=O)C1COc2c(F)cc(SC(C)C(=O)c3ccc4c(c3)CCC(=O)N4)cc21,6.302816390991211,0.7513153559560877
BB-1640 BB-0708,"[1640, 708]",[33],COC(=O)C1CC2(CCCCC2)CC1N1CCOc2c(Cl)cc(Br)cc2C1,6.363193511962891,0.7507338624894555
BB-0721 BB-1907,"[721, 1907]",[50],COc1ccc(Br)c(C(C(=O)O)N(C)C2(C(=O)O)CCC3CN(C(C)=O)c4cccc2c43)c1,6.344073295593262,0.7503353643376061
BB-0846 BB-0351,"[846, 351]",[66],CCc1cc(C(O)(CCl)c2c(N)n(CC(C)C)c(=O)[nH]c2=O)cc2c1NCCC2,6.365951061248779,0.7494445568279204
BB-0907 BB-0846,"[907, 846]",[141],CC(C)Cn1c(N)c(C(O)(CCl)c2nc(C3CC3)nc3c2CCC3)c(=O)[nH]c1=O,6.301666259765625,0.7493851059492818
BB-1555 BB-0865,"[1555, 865]",[50],CCOC(=O)C1(C)C=CC(C(=O)O)(N(Cc2ccc(-n3cncn3)cc2)C2CC2)CC1,6.343062400817871,0.7477070071200883
BB-1111 BB-1048,"[1111, 1048]",[5],COC(=O)C(Nc1ccc2c(c1)C(CC(=O)O)CN2)c1cc(Cl)cc(Br)c1,6.363544464111328,0.7474499475600169
BB-0750 BB-1037,"[750, 1037]",[125],COc1cc(Cl)ccc1C(N)COC(C)(C(=O)O)c1oc2cc(C)ccc2c1CC(=O)O,6.36480188369751,0.7473755858111982
BB-1546 BB-1825,"[1546, 1825]",[79],CC(C)c1n[nH]c(C(N)=O)c1Nc1cnn2c1N(C(=O)OC(C)(C)C)CC2,6.302069187164307,0.7453866566920593
BB-1083 BB-1101,"[1083, 1101]",[112],CC(=O)c1sc(N)c(C(=O)N[C@@H](CO)Cc2ccc([N+](=O)[O-])cc2)c1C,6.342498302459717,0.7443280494496799
BB-1037 BB-1519,"[1037, 1519]",[125],CC(=O)c1oc2cc(C)ccc2c1CC(=O)OC1(C(=O)O)CCCc2oc(=O)c(C(N)=O)cc21,6.35292387008667,0.7439842694075733
BB-1922 BB-1768,"[1922, 1768]",[5],CCOC(=O)C(=O)c1c(N2CCCCc3cc(Cl)ccc32)nc(C)n1C,6.363813877105713,0.7435889300704708
BB-1798 BB-1636,"[1798, 1636]",[125],Cc1cc(Cl)c2c(c1)C(OC(=O)c1cc(Br)c3c(c1)nc(N)n3C)(C(=O)O)CCCO2,6.36305570602417,0.7435781720921973
BB-1131 BB-1374,"[1131, 1374]",[37],CCc1cc(Br)cc(C(=O)N2CCC(c3ccccc3)OC(C)C2)c1N,6.366854190826416,0.7432712999291037
BB-1693 BB-1636,"[1693, 1636]",[141],Cc1cc(Cl)c2c(c1)C(O)(c1nn(C(C)(C)C)c3ncnc(O)c13)CCCO2,6.310648441314697,0.7428312832733639
BB-1943 BB-1937,"[1943, 1937]",[141],CCOC(=O)c1cc(C(C)(O)c2cccc(C(=O)CC)c2)n[nH]1,6.359161853790283,0.7428297101737138
BB-1994 BB-0233,"[1994, 233]",[141],COC(=O)c1c(CC(=O)O)[nH]c(C(C)(O)c2ccccc2CC(N)CO)c1C,6.365130424499512,0.7424509637678299
BB-1238 BB-0269,"[1238, 269]",[5],COC(=O)C1CN(c2ccc3c(c2)C(=O)C(F)=CCC3)c2ccc(Br)cc21,6.360935211181641,0.7424037807751321
BB-1943 BB-1871,"[1943, 1871]",[141],CCC(=O)c1cccc(C2(O)CCCc3c(Cl)cc(OC)cc32)c1,6.359161853790283,0.7422912536837244
BB-1943 BB-1863,"[1943, 1863]",[71],CCC(=O)c1cccc(NC(C)(C(=O)O)c2ccc(C(F)(F)F)cc2)c1,6.359161853790283,0.7421815541058869
BB-0698 BB-0164,"[698, 164]",[125],CCOC(=O)C12CCCC1=CC(C(=O)O)(N1CC3(CCC3)C(F)(C(=O)OCC)C1)C2,6.344512939453125,0.7421124218895944
BB-0214 BB-0768,"[214, 768]",[108],CC(C)Cn1c2c(c(=O)n(C)c1=O)C(NC(CC(=O)O)c1cccc(I)c1)CN2,6.360949516296387,0.7419206035116491
BB-1678 BB-1582,"[1678, 1582]",[5],CNC1CCOc2ccc(NC(Cc3cc(C(F)(F)F)cnc3Cl)C(=O)O)cc21,6.362990856170654,0.7418336985339556
BB-1798 BB-0846,"[1798, 846]",[33],CC(C)Cn1c(N)c(C(CCl)Nc2nc3cc(C(=O)O)cc(Br)c3n2C)c(=O)[nH]c1=O,6.36305570602417,0.7416297649210929
BB-1176 BB-0721,"[1176, 721]",[33],CC(=O)N1CC2CCC(N(Cc3ccccc3)C3=CC(=O)CC(C)(C)C3)c3cccc1c32,6.363142967224121,0.7413564036274044
BB-1131 BB-1374,"[1131, 1374]",[71],CCOC(=O)c1cc(N2CCC(c3ccccc3)OC(C)C2)cc(CC)c1N,6.366854190826416,0.7413022468716044
BB-0316 BB-1863,"[316, 1863]",[71],CC(Nc1ccccc1C[C@H](N)CC(=O)O)(C(=O)O)c1ccc(C(F)(F)F)cc1,6.364860534667969,0.7412378457014781
BB-1678 BB-1636,"[1678, 1636]",[125],Cc1cc(Cl)c2c(c1)C(OC(=O)C(N)Cc1cc(C(F)(F)F)cnc1Cl)(C(=O)O)CCCO2,6.362990856170654,0.7410273431579427
BB-0214 BB-1397,"[214, 1397]",[4],CC(C)Cn1c2c(c(=O)n(C)c1=O)C(=O)CN2C(=O)c1c(Cl)c2ccc(Cl)cc2n1C,6.360949516296387,0.7409173518960872
BB-1871 BB-0698,"[1871, 698]",[50],CCOC(=O)C1(F)CN(C2(C(=O)O)CCCc3c(Cl)cc(OC)cc32)CC12CCC2,6.357912063598633,0.7408969776418663
BB-1176 BB-0721,"[1176, 721]",[125],CC(=O)N1CC2CCC(C(=O)O)(N(Cc3ccccc3)C3=CC(=O)CC(C)(C)C3)c3cccc1c32,6.363142967224121,0.7407716647860659
BB-0491 BB-1131,"[491, 1131]",[108],CCOC(=O)c1cc(Br)cc(CC)c1NCCc1ccccc1OC(F)F,6.275277614593506,0.7395194554652064
BB-0721 BB-0229,"[721, 229]",[50],CCOC(=O)c1c(Br)c(C)c(C)n1C1(C(=O)O)CCC2CN(C(C)=O)c3cccc1c32,6.344073295593262,0.7387228991231093
BB-0295 BB-0721,"[295, 721]",[141],COC(=O)c1ccc(C)c(C2(O)CCC3CN(C(C)=O)c4cccc2c43)c1N,6.367015838623047,0.7384790311487281
BB-0251 BB-0244,"[251, 244]",[141],CN1CC(=O)Nc2ccc(C(C)(O)/C(=C/c3ccc(Cl)c(Cl)c3)C(N)=O)cc21,6.303483009338379,0.7384022454801681
BB-0074 BB-0109,"[74, 109]",[108],COC(=O)c1cc2c([nH]1)C(N(C)CC(=O)c1c[nH]c3ccc(F)cc13)CCC2,6.348252773284912,0.7381082814466675
BB-0140 BB-1639,"[140, 1639]",[4],NC1CCc2c(C(=O)NC[C@@]34CCCC[C@]3(C(=O)O)C4)cc(C(=O)O)cc21,6.356330871582031,0.7380829002639646
BB-1131 BB-1253,"[1131, 1253]",[37],CCc1cc(Br)cc(C(=O)Nc2cc(Cl)ccc2C(=O)C2CCCOC2)c1N,6.366854190826416,0.737813809379301
BB-1663 BB-1871,"[1663, 1871]",[125],COc1cc(Cl)c2c(c1)C(OC(=O)c1cc3c(oc1=O)CCCC3=O)(C(=O)O)CCC2,6.354220390319824,0.7377137653747419
BB-1352 BB-0337,"[1352, 337]",[125],Cc1noc(CC2(OC(C(=O)O)(c3ccc4c(c3)CCC(=O)N4)C(C)Br)CCCNC2)n1,6.341867446899414,0.7375615427538145
BB-0881 BB-1005,"[881, 1005]",[141],Cc1cc(C(O)(CCl)C(C#N)=C2Nc3ccccc3N2C)cc(C#N)c1N,6.362527847290039,0.7355184773252658
BB-0846 BB-0506,"[846, 506]",[66],Cc1ccc(-c2cccc(C(O)(CCl)c3c(N)n(CC(C)C)c(=O)[nH]c3=O)c2)cc1N,6.365951061248779,0.7352766083300335
BB-0881 BB-1005,"[881, 1005]",[5],Cc1cc(Cl)cc(C#N)c1NCC(=O)C(C#N)=C1Nc2ccccc2N1C,6.362527847290039,0.7352689502468828
BB-1907 BB-0337,"[1907, 337]",[141],CNC(C(=O)O)c1cc(OC)ccc1C(O)(c1ccc2c(c1)CCC(=O)N2)C(C)Br,6.363224029541016,0.7352052461234809
BB-1871 BB-1011,"[1871, 1011]",[116],COC(=O)C1Cc2c(Oc3cc(OC)cc4c3CCCC4=O)cccc2C1N,6.357912063598633,0.7350850543322163
BB-1862 BB-1880,"[1862, 1880]",[37],Cc1cc2c(cc1Br)N(C(=O)c1cc3c([nH]1)CCCC3=O)CC(C)O2,6.350019931793213,0.7350635835982865
BB-1570 BB-0097,"[1570, 97]",[66],CNCc1cc(OC)ccc1C1(O)CC(c2cccc(Br)c2)C1,6.357895374298096,0.7344928804094214
BB-0721 BB-0229,"[721, 229]",[66],CCOC(=O)c1[nH]c(C)c(C)c1C1(O)CCC2CN(C(C)=O)c3cccc1c32,6.344073295593262,0.7334001108337829
BB-1846 BB-0846,"[1846, 846]",[66],CC(C)Cn1c(N)c(C(=O)CC(O)c2cc(C(F)(F)F)ccc2N(C)CC(=O)O)c(=O)[nH]c1=O,6.288496017456055,0.7331899126154016
BB-1352 BB-0337,"[1352, 337]",[5],Cc1noc(CC2(O)CCCN(C(C)C(=O)c3ccc4c(c3)CCC(=O)N4)C2)n1,6.341867446899414,0.733046369736453
BB-1636 BB-1470,"[1636, 1470]",[24],Cc1cc2c(c(S(=O)(=O)c3ccc(/C=C/C(=O)O)cc3C(F)(F)F)c1)OCCCC2=O,6.355961799621582,0.7315152586452869
BB-0244 BB-0351,"[244, 351]",[79],CCc1cc(Br)cc2c1N(c1ccc(/C=C(/C(C)=O)C(N)=O)cc1Cl)CCC2,6.3590617179870605,0.731316943561359
BB-0698 BB-0208,"[698, 208]",[33],CCOC(=O)C1(F)CN(C2CCCc3cc(C)c(C)cc32)CC12CCC2,6.344512939453125,0.7312982456391885
BB-0806 BB-1238,"[806, 1238]",[112],COC(=O)c1c(NC(=O)C2CNc3ccc(Br)cc32)c(C#N)c2n1CCOC2,6.3495330810546875,0.7307387256633737
BB-1372 BB-0832,"[1372, 832]",[37],Cc1cccc2c1CC(C(=O)Nc1ccncc1C(=O)C(C)C)CC2=O,6.342898845672607,0.7304540961603316
BB-0244 BB-0467,"[244, 467]",[108],COC(=O)c1ccc(Cl)c2c1CCN(C(C)/C(=C/c1ccc(Cl)c(Cl)c1)C(N)=O)C2C,6.3590617179870605,0.7301822259633575
BB-1240 BB-1871,"[1240, 1871]",[33],COc1cc(Cl)c2c(c1)C(NCc1c(F)ccc3[nH]cnc13)CCC2,6.344388961791992,0.7299198029653822
BB-0538 BB-1400,"[538, 1400]",[33],O=C(O)c1cc2n(c1CN[C@@H](Cc1ccc([N+](=O)[O-])cc1)C(=O)O)CCCC2,6.359602928161621,0.7295497577785449
BB-1914 BB-1894,"[1914, 1894]",[5],COC(=O)c1ncoc1C1CCCN(c2cccc(NC(=O)CC#N)c2C)C1,6.340093612670898,0.7280771084001759
BB-1715 BB-1871,"[1715, 1871]",[33],COC(=O)c1ccc2c(c1)C(C)CN2C1CCCc2c(Cl)cc(OC)cc21,6.340205669403076,0.727848472721963
BB-0848 BB-0022,"[848, 22]",[112],Cc1cnc(NCCC(=O)N2CCC(O)(c3cccc(C(F)(F)F)c3)CC2)c(Br)c1,6.341837406158447,0.7278120417683451
BB-0944 BB-1073,"[944, 1073]",[141],CCc1ccc2c(c1)C(O)(Cc1ccc3ccccc3c1[N+](=O)[O-])C(=O)N2C,6.343896389007568,0.727772677199273
BB-0354 BB-0378,"[354, 378]",[70],CC(=O)N1CCC(C(=CC(=O)C2COc3ccccc3O2)c2ccc(F)cc2F)CC1,6.345145225524902,0.7277366326846817
BB-1630 BB-0337,"[1630, 337]",[33],Cc1cc(N=[N+]=[N-])ccc1NC(c1ccc2c(c1)CCC(=O)N2)C(C)Br,6.3461503982543945,0.7268872287050332
BB-0846 BB-0351,"[846, 351]",[79],CCc1cc(Br)cc2c1N(CC(=O)c1c(N)n(CC(C)C)c(=O)[nH]c1=O)CCC2,6.365951061248779,0.7268375168287611
BB-1723 BB-1750,"[1723, 1750]",[78],CC(=O)NC1(c2nc(C)cs2)CCN(C(=O)C2CCc3cc(Br)ccc3O2)C1,6.307653427124023,0.7260904637644008
BB-0214 BB-0411,"[214, 411]",[5],COc1ccc(OCCN2CC(=O)c3c2n(CC(C)C)c(=O)n(C)c3=O)cc1OC,6.360949516296387,0.7257883487301104
BB-1254 BB-0804,"[1254, 804]",[108],O=Cc1c(NC(CCOc2ccccc2)C2CC2)oc2ccc(F)cc2c1=O,6.3449602127075195,0.7257100101357371
BB-0846 BB-0806,"[846, 806]",[112],CC(C)Cn1c(NC(=O)c2c(N)c(C#N)c3n2CCOC3)c(C(=O)CCl)c(=O)[nH]c1=O,6.365951061248779,0.7251227414295466
BB-0934 BB-1131,"[934, 1131]",[108],CCOC(=O)c1cc(Br)cc(CC)c1NC1C(=O)Nc2c1ccc(Cl)c2OC,6.3570356369018555,0.7247183324585776
BB-1589 BB-1993,"[1589, 1993]",[4],CCCN(C(=O)c1cc2c(Cl)c(OC)ccc2[nH]1)c1ccc(C)c(Cl)c1,6.366110801696777,0.7244440162446656
BB-0393 BB-1348,"[393, 1348]",[4],Cc1nn(CCO)c(C)c1C(=O)N1CCC(C(=O)O)c2cccc(C(F)(F)F)c21,6.356531143188477,0.7243734773856619
BB-0140 BB-1639,"[140, 1639]",[78],NC[C@@]12CCCC[C@]1(C(=O)NC1CCc3c(C(=O)O)cc(C(=O)O)cc31)C2,6.356330871582031,0.7236861362640543
BB-1943 BB-1871,"[1943, 1871]",[15],CCC(=O)c1cccc(Sc2cc(OC)cc3c2CCCC3=O)c1,6.359161853790283,0.7233516813431087
BB-1213 BB-1943,"[1213, 1943]",[66],CCC(=O)c1cccc(C2(O)C(=O)Nc3cc(C)cc(C)c32)c1,6.338798522949219,0.7233308382763258
BB-1788 BB-0233,"[1788, 233]",[126],COC(=O)c1c(CC(=O)OC(C)(C)c2ccc(Br)c(OC)c2)[nH]c(C(C)=O)c1C,6.345040321350098,0.722678262918705
BB-0376 BB-1494,"[376, 1494]",[50],NCC(COC1(C(=O)O)CCCc2cc(N)ccc21)Cc1ccc(F)c(Br)c1,6.363133430480957,0.7225813097207575
BB-0750 BB-1636,"[750, 1636]",[24],COc1cc(S(=O)(=O)c2cc(C)cc3c2OCCCC3=O)ccc1C(N)CO,6.36480188369751,0.7225135034345121
BB-1519 BB-1582,"[1519, 1582]",[66],CNC1CCOc2ccc(C3(O)CCCc4oc(=O)c(C(N)=O)cc43)cc21,6.3467793464660645,0.7216685866552034
BB-1798 BB-1640,"[1798, 1640]",[63],Cn1c(N)nc2cc(C(=O)O)cc(-c3cc(Cl)c4c(c3)CNCCO4)c21,6.36305570602417,0.7216574982983451
BB-1653 BB-1037,"[1653, 1037]",[98],CC(=O)c1oc2cc(C)ccc2c1CC(=O)OCC(=O)N1CCN(C)C1=O,6.343317031860352,0.7213612591512951
BB-1254 BB-0804,"[1254, 804]",[1],Nc1oc2ccc(F)cc2c(=O)c1C=C(COc1ccccc1)C(=O)C1CC1,6.3449602127075195,0.7212765313079885
BB-0244 BB-0467,"[244, 467]",[50],COC(=O)c1ccc(Cl)c2c1CCN(C(C)(C(=O)O)/C(=C/c1ccc(Cl)c(Cl)c1)C(N)=O)C2C,6.3590617179870605,0.7209777733677983
BB-1399 BB-1497,"[1399, 1497]",[5],Cc1nc2ccc(N(C)c3cc(C(F)F)no3)cc2c(C)c1C(=O)O,6.342184066772461,0.7209759327395275
BB-0583 BB-1447,"[583, 1447]",[78],CCOC(=O)c1[nH]c(C)c(C(=O)NC2(C(=O)OC)CC(c3ccccc3Cl)C2)c1CC,6.156293869018555,0.7208232573998481
BB-0214 BB-1788,"[214, 1788]",[5],COc1cc(C(C)(C)O)ccc1N1CC(=O)c2c1n(CC(C)C)c(=O)n(C)c2=O,6.360949516296387,0.7207804770364932
BB-0316 BB-0745,"[316, 745]",[5],O=C(O)C[C@H](Cc1ccccc1Br)Nc1ccc([C@@H]2CCO[C@H]2C(=O)O)cc1,6.364860534667969,0.7200107894177313
BB-1640 BB-0708,"[1640, 708]",[141],COC(=O)C1CC2(CCCCC2)CC1(O)c1cc(Br)cc2c1OCCNC2,6.363193511962891,0.7196791466549819
BB-0806 BB-1238,"[806, 1238]",[65],COC(=O)c1c(N)c(C(=O)c2ccc3c(c2)C(C(=O)OC)CN3)c2n1CCOC2,6.3495330810546875,0.7189644281913665
BB-1907 BB-0337,"[1907, 337]",[5],COc1ccc(Br)c(C(C(=O)O)N(C)C(C)C(=O)c2ccc3c(c2)CCC(=O)N3)c1,6.363224029541016,0.7188678528138613
BB-0721 BB-0337,"[721, 337]",[50],CC(=O)N1CC2CCC(C(=O)O)(N3C(=O)CCc4cc(C(=O)C(C)Br)ccc43)c3cccc1c32,6.344073295593262,0.7185440824969068
BB-1236 BB-1387,"[1236, 1387]",[71],COC(=O)c1c(I)[nH]c2ccc(N3C[C@@H](C(=O)OC)[C@H](c4cc(F)cc(F)c4)C3)cc12,6.301901340484619,0.7183293849752475
BB-1111 BB-1048,"[1111, 1048]",[79],COC(=O)C(N)c1cc(Br)cc(N2CC(CC(=O)O)c3cc(Br)ccc32)c1,6.363544464111328,0.7175656636149285
BB-0846 BB-0424,"[846, 424]",[125],CC(C)Cn1c(N)c(C(=O)CCl)c(=O)n(C2(C(=O)O)C(=O)N(CCC(=O)O)c3cc(F)ccc32)c1=O,6.365951061248779,0.7173646742619443
BB-0244 BB-0186,"[244, 186]",[50],Cc1coc(/C=C/C(=O)OC(C)(C(=O)O)/C(=C/c2ccc(Cl)c(Cl)c2)C(N)=O)n1,6.3590617179870605,0.716708987439621
BB-1669 BB-1576,"[1669, 1576]",[78],CCCc1ccc(C(=O)CCC(=O)N2CCc3cc(C(=O)O)cnc3C2)cc1,6.354565143585205,0.7162044071319703
BB-0238 BB-0374,"[238, 374]",[49],CCn1c(Nc2ncnc3c2ncn3Cc2c(C)cc(C)[nH]c2=O)c(-c2csc(C)n2)c(=O)[nH]c1=O,6.342412948608398,0.7157216246443517
BB-1238 BB-1912,"[1238, 1912]",[5],COC(=O)C1CN(c2cc3c(cc2NC(C)=O)CCC3=O)c2ccc(Br)cc21,6.360935211181641,0.7156370371735308
BB-1640 BB-0708,"[1640, 708]",[125],COC(=O)C1CC2(CCCCC2)CC1(C(=O)O)N1CCOc2c(Cl)cc(Br)cc2C1,6.363193511962891,0.7155146905384387
BB-1887 BB-1317,"[1887, 1317]",[37],Cc1ccc2c(c1)[C@@H](NC(=O)c1ccc3c(c1)CCC3=O)[C@@H](C(=O)O)C2,6.344454288482666,0.715397217876247
BB-0269 BB-0393,"[269, 393]",[79],O=C1C(F)=CCCc2ccc(N3CCC(C(=O)O)c4cccc(C(F)(F)F)c43)cc21,6.356926918029785,0.7151361527104191
BB-0393 BB-1348,"[393, 1348]",[51],Cc1nn(CCOC(=O)C2CCNc3c2cccc3C(F)(F)F)c(C)c1C(=O)O,6.356531143188477,0.7148433624390481
BB-1352 BB-0337,"[1352, 337]",[41],Cc1noc(CC2(OC(C)C(=O)c3ccc4c(c3)CCC(=O)N4)CCCNC2)n1,6.341867446899414,0.7147920697961605
BB-0096 BB-1221,"[96, 1221]",[33],COc1ccc(C(CCC(=O)O)NCC(=O)c2ccc(OC)c(Cl)c2)c(Cl)c1,6.37112283706665,0.7146588695592635
BB-0407 BB-0295,"[407, 295]",[71],COC(=O)c1ccc(C)c(Br)c1Nc1cccc2c1CN(C1CCC(=O)NC1=O)C2=O,6.303242206573486,0.7145687423292275
BB-0846 BB-1029,"[846, 1029]",[125],CC(C)Cn1c(N)c(C(=O)CCl)c(=O)n(C2(C(=O)O)c3cc(Br)ccc3CC2C(F)(F)F)c1=O,6.365951061248779,0.7144781624838183
BB-0846 BB-0806,"[846, 806]",[79],COC(=O)c1c(NCC(=O)c2c(N)n(CC(C)C)c(=O)[nH]c2=O)c(C#N)c2n1CCOC2,6.365951061248779,0.7143301243571363
BB-1238 BB-0794,"[1238, 794]",[125],COC(=O)C1CN(C2(C(=O)O)CC(C)c3c(C)ccc(OCC(=O)O)c32)c2ccc(Br)cc21,6.360935211181641,0.7140327890116677
BB-0174 BB-0618,"[174, 618]",[71],CCCc1ccc(Nc2cc(/C=C/C(=O)O)cc3c2OCCCO3)c(C(=O)O)c1,6.304903984069824,0.713582074924512
BB-0316 BB-1863,"[316, 1863]",[129],CC(C(=O)O)(c1ccc(C(F)(F)F)cc1)N1C(=O)C[C@H](Cc2ccccc2Br)NC1=O,6.364860534667969,0.7122940161709095
BB-1922 BB-1768,"[1922, 1768]",[141],CCOC(=O)C(O)(c1ccc2c(c1)CCCCN2)c1c(Br)nc(C)n1C,6.363813877105713,0.7118565566499021
BB-1861 BB-0698,"[1861, 698]",[78],CCOC(=O)C1(F)CN(C(=O)c2cc(CC)sc2Br)CC12CCC2,6.3087968826293945,0.7116236589017014
BB-1693 BB-1636,"[1693, 1636]",[15],Cc1cc(Sc2nn(C(C)(C)C)c3ncnc(O)c23)c2c(c1)C(=O)CCCO2,6.310648441314697,0.711048256582592
BB-0238 BB-0374,"[238, 374]",[28],CCn1c(NC(=O)NCc2c(C)cc(C)[nH]c2=O)c(-c2csc(C)n2)c(=O)[nH]c1=O,6.342412948608398,0.7101042104633493
BB-1519 BB-1582,"[1519, 1582]",[108],CN(C1CCOc2ccc(Br)cc21)C1CCCc2oc(=O)c(C(N)=O)cc21,6.3467793464660645,0.7095477564641145
BB-1083 BB-1101,"[1083, 1101]",[125],CCOC(=O)c1c(N)sc(C(C)(OC[C@H](N)Cc2ccc([N+](=O)[O-])cc2)C(=O)O)c1C,6.342498302459717,0.7093660091682155
BB-1837 BB-1943,"[1837, 1943]",[5],CCC(=O)c1cccc(N2CCCN(c3ccc(C#N)cc3F)CC2)c1,6.341316223144531,0.70902830044266
BB-1236 BB-1387,"[1236, 1387]",[37],COC(=O)[C@@H]1CN(C(=O)c2c(I)[nH]c3ccc(Br)cc23)C[C@H]1c1cc(F)cc(F)c1,6.301901340484619,0.7084594793345118
BB-1044 BB-0692,"[1044, 692]",[4],CCOC(=O)c1cn[nH]c1CNC(=O)C1CCc2cc(Br)ccc2N1,6.345807075500488,0.7083378235392972
BB-0878 BB-0205,"[878, 205]",[5],CN(Cc1cc2c(cc1Br)OCO2)c1cccnc1OC1CCNCC1,6.363622188568115,0.7082189109631993
BB-0846 BB-1071,"[846, 1071]",[108],COCCC1(C(=O)O)CN(C(CCl)c2c(N)n(CC(C)C)c(=O)[nH]c2=O)C1,6.365951061248779,0.7078795352906411
BB-1798 BB-1193,"[1798, 1193]",[78],CCOc1ccc(Cl)cc1CCNC(=O)c1cc(Br)c2c(c1)nc(N)n2C,6.36305570602417,0.7078788415492496
BB-0750 BB-1037,"[750, 1037]",[33],COc1cc(Cl)ccc1C(CO)NC(C)c1oc2cc(C)ccc2c1CC(=O)O,6.36480188369751,0.7074659570348378
BB-0244 BB-0467,"[244, 467]",[66],COC(=O)c1ccc(C(C)(O)/C(=C/c2ccc(Cl)c(Cl)c2)C(N)=O)c2c1CCNC2C,6.3590617179870605,0.70728066618363
BB-0730 BB-1593,"[730, 1593]",[28],Cc1ccc(C2(NC(=O)NC(c3ccccc3F)C(C)O)CCCCC2)c(Br)c1,6.340854644775391,0.7070276505454413
BB-0480 BB-1937,"[480, 1937]",[50],CCOC(=O)c1cc(C(C)=O)nn1C(C)(CCc1ccccc1[N+](=O)[O-])C(=O)O,6.34492301940918,0.7070209539342645
BB-0233 BB-0679,"[233, 679]",[50],CCOC(=O)c1nn(C(C)(C(=O)O)c2[nH]c(CC(=O)O)c(C(=O)OC)c2C)c2c1CNCC2,6.355764865875244,0.7065372977286507
BB-1447 BB-0295,"[1447, 295]",[37],COC(=O)c1ccc(C)c(Br)c1NC(=O)C1(N)CC(c2ccccc2Cl)C1,6.362763404846191,0.7064232684630617
BB-1587 BB-1670,"[1587, 1670]",[44],CC(=O)CC(NC1CC(C)(C)Oc2c(Br)cccc21)c1ccc([N+](=O)[O-])cc1,6.364206314086914,0.706308264320665
BB-0214 BB-1798,"[214, 1798]",[108],CC(C)Cn1c2c(c(=O)n(C)c1=O)C(Nc1nc3cc(C(=O)O)cc(Br)c3n1C)CN2,6.360949516296387,0.7060479212883616
BB-0750 BB-1636,"[750, 1636]",[141],COc1cc(C2(O)CCCOc3c(Cl)cc(C)cc32)ccc1C(N)CO,6.36480188369751,0.7058522273677476
BB-1871 BB-1641,"[1871, 1641]",[141],COc1cc2c(c(C(C)(O)c3ccc(N4CCNC4=O)cc3)c1)CCCC2=O,6.357912063598633,0.7058104323453109
BB-0846 BB-0351,"[846, 351]",[15],CCc1cc(SCC(=O)c2c(N)n(CC(C)C)c(=O)[nH]c2=O)cc2c1NCCC2,6.365951061248779,0.7053152781186802
BB-0214 BB-0768,"[214, 768]",[50],CC(C)Cn1c2c(c(=O)n(C)c1=O)C(OC(=O)CC(N)c1cccc(I)c1)(C(=O)O)CN2,6.360949516296387,0.7047660188397783
BB-0708 BB-1798,"[708, 1798]",[66],COC(=O)C1CC2(CCCCC2)CC1(O)c1cc(C(=O)O)cc2nc(N)n(C)c12,6.345536231994629,0.7046006807400995
BB-0214 BB-0768,"[214, 768]",[5],CC(C)Cn1c2c(c(=O)n(C)c1=O)C(=O)CN2c1cccc(C(N)CC(=O)O)c1,6.360949516296387,0.7044754195966136
BB-1786 BB-1345,"[1786, 1345]",[112],Cc1cc(Br)c(C(=O)C(=O)N2CCCCC2c2nc3ccccc3s2)s1,6.340516090393066,0.7040732075888061
BB-1111 BB-1048,"[1111, 1048]",[4],COC(=O)C(NC(=O)CC1CNc2ccc(Br)cc21)c1cc(Cl)cc(Br)c1,6.363544464111328,0.7038891464093716
BB-0223 BB-0673,"[223, 673]",[71],Cc1cc2c(cc1N1CCC(O)(c3ccccc3Cl)CC1)NCCC2,6.362344741821289,0.7031975629002605
BB-1674 BB-1332,"[1674, 1332]",[63],NCc1cc(OC(F)(F)F)cc(-c2ccc3c(c2)OC(C(=O)O)CC3)c1,6.3054704666137695,0.7029165794439584
BB-0028 BB-1387,"[28, 1387]",[79],CCn1c(N)c(C(=O)CN2C[C@@H](C(=O)OC)[C@H](c3cc(F)cc(F)c3)C2)c(=O)[nH]c1=O,6.368100166320801,0.7022628416149446
BB-1238 BB-1912,"[1238, 1912]",[125],COC(=O)C1CN(C2(C(=O)O)CCc3cc(NC(C)=O)c(Br)cc32)c2ccc(Br)cc21,6.360935211181641,0.7018161317146107
BB-0337 BB-0846,"[337, 846]",[66],CC(C)Cn1c(N)c(C(=O)CC(O)(c2ccc3c(c2)CCC(=O)N3)C(C)Br)c(=O)[nH]c1=O,6.357180118560791,0.7012493117587704
BB-1238 BB-0424,"[1238, 424]",[33],COC(=O)C1CN(C2C(=O)N(CCC(=O)O)c3cc(F)ccc32)c2ccc(Br)cc21,6.360935211181641,0.7012446474268538
BB-1374 BB-0923,"[1374, 923]",[5],CC1CN(c2c(CO)nn(C)c2Cl)CCC(c2ccccc2)O1,6.339436054229736,0.7012433695204042
BB-0355 BB-1709,"[355, 1709]",[103],Cc1cc(C)c(C(=O)O)cc1NC(=O)N(C)C1CCCC1c1ccc(C(F)(F)F)cc1,6.340897083282471,0.7010115693229573
BB-0721 BB-1877,"[721, 1877]",[108],CC(=O)N1CC2CCC(N(C)C3CCN(c4ccc(C(F)(F)F)nc4)CC3)c3cccc1c32,6.344073295593262,0.6998175157400026
BB-0143 BB-0372,"[143, 372]",[108],Cc1ccc(C(N2CCc3c([nH]c4ccccc34)C2C(=O)O)C(F)(F)F)cc1,6.33345365524292,0.6997396651575871
BB-1140 BB-0381,"[1140, 381]",[50],CCn1cc(N2CCC(C(=O)O)(N3CC(c4cccc(C(F)(F)F)c4)OCC3C)CC2=O)cn1,6.346925735473633,0.6993973704392507
BB-1236 BB-1693,"[1236, 1693]",[63],COC(=O)c1c(-c2nn(C(C)(C)C)c3ncnc(O)c23)[nH]c2ccc(Br)cc12,6.301901340484619,0.6993336944762584
BB-1475 BB-0725,"[1475, 725]",[108],COc1ccc(C(=O)C2CCCN2Cc2c(C)[nH]c3cccnc23)cc1,6.268283843994141,0.6992968191799305
BB-0193 BB-0286,"[193, 286]",[112],COCc1ncc2c(n1)CCN(C(=O)C1CCN(C(=O)CC(C)=O)CC1)C2,6.341671466827393,0.6990551099812767
BB-0624 BB-1896,"[624, 1896]",[15],COc1cc(Sc2cc3c(cc2C)OCCC3=O)c(C2CC2)cc1Cl,6.3028645515441895,0.698941979286475
BB-0143 BB-0372,"[143, 372]",[50],Cc1ccc(C(OC(=O)C2NCCc3c2[nH]c2ccccc32)(C(=O)O)C(F)(F)F)cc1,6.33345365524292,0.6988662458429449
BB-1587 BB-1670,"[1587, 1670]",[141],CC1(C)CC(N)c2cccc(C(C)(O)/C=C/c3ccc([N+](=O)[O-])cc3)c2O1,6.364206314086914,0.6985979467607338
BB-1111 BB-1411,"[1111, 1411]",[116],COCOc1ccc(C(C)=O)c(Oc2cc(Br)cc(C(N)C(=O)OC)c2)c1C,6.363544464111328,0.6983444819743324
BB-0880 BB-1562,"[880, 1562]",[15],Cc1cc(O)c(C(=O)CCC(=O)O)cc1Sc1cncc2c1COCCC2N,6.363696098327637,0.6983387638103755
BB-1629 BB-0238,"[1629, 238]",[78],CCn1c(NC(=O)c2cc(C)cc(F)c2N)c(-c2csc(C)n2)c(=O)[nH]c1=O,6.3572916984558105,0.6983266205388928
BB-1023 BB-0176,"[1023, 176]",[108],Cc1cc(NC(CN)c2ccc([N+](=O)[O-])cc2)cc(C)c1F,6.362845420837402,0.6963211211243853
BB-0878 BB-0205,"[878, 205]",[15],CNCc1cc2c(cc1Sc1cccnc1OC1CCNCC1)OCO2,6.363622188568115,0.6962093444834361
BB-0846 BB-0424,"[846, 424]",[33],CC(C)Cn1c(NC2C(=O)N(CCC(=O)O)c3cc(F)ccc32)c(C(=O)CCl)c(=O)[nH]c1=O,6.365951061248779,0.6959309308924897
BB-1509 BB-0295,"[1509, 295]",[108],COCCn1c(N)c(C(CCl)Nc2c(C(=O)OC)ccc(C)c2Br)c(=O)[nH]c1=O,6.368828296661377,0.6958795554723242
BB-0846 BB-1071,"[846, 1071]",[50],COCCC1(C(=O)OC(CCl)(C(=O)O)c2c(N)n(CC(C)C)c(=O)[nH]c2=O)CNC1,6.365951061248779,0.6953205001278664
BB-0950 BB-0358,"[950, 358]",[15],COCc1cc(Sc2cc(C(C)C(=O)O)ccc2OC)cc(C(=O)O)c1,6.305784702301025,0.6949397387529754
BB-1742 BB-1697,"[1742, 1697]",[78],COc1cc2c(cc1Br)CCN(C(=O)[C@@H]1C[C@H](O)C[C@H](C(=O)O)C1)C2,6.328629493713379,0.6948363422601487
BB-0806 BB-0804,"[806, 804]",[37],N#Cc1c(N)c(C(=O)Nc2oc3ccc(F)cc3c(=O)c2C=O)n2c1COCC2,6.3495330810546875,0.6937412321265007
BB-1919 BB-0943,"[1919, 943]",[108],CC(C#CC(=O)O)NCc1nc(N(C)C)n(-c2ccc(Br)cc2)c1Cl,6.317211151123047,0.6932284962694526
BB-0814 BB-0337,"[814, 337]",[5],COc1ccc(O)c(C(C)NC(C)C(=O)c2ccc3c(c2)CCC(=O)N3)c1,6.343062400817871,0.6910075292520015
BB-0846 BB-1029,"[846, 1029]",[141],CC(C)Cn1c(N)c(C(=O)CC2(O)c3cc(Br)ccc3CC2C(F)(F)F)c(=O)[nH]c1=O,6.365951061248779,0.6909487879847641
BB-1825 BB-1945,"[1825, 1945]",[112],CC(C)c1n[nH]c(C(N)=O)c1NC(=O)C1(c2cc(Br)ccc2C#N)CCC1,6.343748092651367,0.6908303098287841
BB-1140 BB-0381,"[1140, 381]",[108],CCn1cc(N2CCC(N3CC(c4cccc(C(F)(F)F)c4)OCC3C)CC2=O)cn1,6.346925735473633,0.6903815069746795
BB-1714 BB-0732,"[1714, 732]",[50],Cc1cc(C=O)cc(C(=O)N(C)C(C)(CCc2cccc(C(F)(F)F)c2)C(=O)O)c1,6.346866607666016,0.689833555667589
BB-1846 BB-0846,"[1846, 846]",[108],CC(C)Cn1c(NCc2cc(C(F)(F)F)ccc2N(C)CC(=O)O)c(C(=O)CCl)c(=O)[nH]c1=O,6.288496017456055,0.6895487705605103
BB-1771 BB-0732,"[1771, 732]",[33],CNC(=O)c1cc(C)cc(CN2CCN(C3(C(=O)OC)COC3)CC2)c1,6.3400163650512695,0.6890803873944816
BB-0624 BB-1896,"[624, 1896]",[63],COc1cc(-c2cc3c(cc2C)OCCC3=O)c(C2CC2)cc1Cl,6.3028645515441895,0.689066795818096
BB-1678 BB-1636,"[1678, 1636]",[15],Cc1cc(Sc2ncc(C(F)(F)F)cc2CC(N)C(=O)O)c2c(c1)C(=O)CCCO2,6.362990856170654,0.6880331450289386
BB-1236 BB-1771,"[1236, 1771]",[37],COC(=O)C1(N2CCN(C(=O)c3c(I)[nH]c4ccc(Br)cc34)CC2)COC1,6.301901340484619,0.6879453513464451
BB-0846 BB-1663,"[846, 1663]",[145],CC(C)Cn1c(N)c(C(=O)C=C2CCCc3oc(=O)c(C(=O)O)cc32)c(=O)[nH]c1=O,6.365951061248779,0.6879199469278496
BB-0214 BB-0411,"[214, 411]",[66],COc1ccc(OCCC2(O)CNc3c2c(=O)n(C)c(=O)n3CC(C)C)cc1OC,6.360949516296387,0.6876841819642723
BB-0214 BB-1798,"[214, 1798]",[5],CC(C)Cn1c2c(c(=O)n(C)c1=O)C(=O)CN2c1cc(C(=O)O)cc2nc(N)n(C)c12,6.360949516296387,0.6874569698071851
BB-1788 BB-0233,"[1788, 233]",[125],COC(=O)c1c(CC(=O)O)[nH]c(C(C)(OC(C)(C)c2ccc(Br)c(OC)c2)C(=O)O)c1C,6.345040321350098,0.687147782572484
BB-0214 BB-0768,"[214, 768]",[103],CC(C)Cn1c2c(c(=O)n(C)c1=O)C(=O)CN2C(=O)NC(CC(=O)O)c1cccc(I)c1,6.360949516296387,0.6870576234983159
BB-0846 BB-1071,"[846, 1071]",[98],COCCC1(C(=O)OCC(=O)c2c(N)n(CC(C)C)c(=O)[nH]c2=O)CNC1,6.365951061248779,0.6867990016279206
BB-1641 BB-0391,"[1641, 391]",[125],CC(=O)c1ccc(N2CCN(C3(C(=O)O)CCCCC3CCCC3CC3)C2=O)cc1,6.349430084228516,0.686475347534086
BB-1798 BB-0846,"[1798, 846]",[5],CC(C)Cn1c(N)c(C(=O)CNc2nc3cc(C(=O)O)cc(Br)c3n2C)c(=O)[nH]c1=O,6.36305570602417,0.6864571644925686
BB-0407 BB-0295,"[407, 295]",[15],COC(=O)c1ccc(C)c(Sc2cccc3c2CN(C2CCC(=O)NC2=O)C3=O)c1N,6.303242206573486,0.6862380696301063
BB-1636 BB-1236,"[1636, 1236]",[15],COC(=O)c1c(Sc2cc(C)cc3c2OCCCC3=O)[nH]c2ccc(Br)cc12,6.355961799621582,0.6861834307004981
BB-0750 BB-1636,"[750, 1636]",[41],COc1cc(Cl)ccc1C(N)COc1cc(C)cc2c1OCCCC2=O,6.36480188369751,0.686088851121948
BB-0847 BB-0270,"[847, 270]",[71],COC(=O)c1cc2c(N3CCCC(CSC)CC3)ccc(C)c2[nH]1,6.302024841308594,0.6860357746977477
BB-0714 BB-1889,"[714, 1889]",[5],COCOc1ccc(N2CCC(n3cnc(C(N)=O)c3N)CC2)c(F)c1,6.342410087585449,0.6859378201541777
BB-1798 BB-1640,"[1798, 1640]",[5],Cn1c(Nc2cc(Br)cc3c2OCCNC3)nc2cc(C(=O)O)cc(Br)c21,6.36305570602417,0.6850952937163909
BB-1238 BB-0269,"[1238, 269]",[63],COC(=O)C1CNc2ccc(-c3ccc4c(c3)C(=O)C(F)=CCC4)cc21,6.360935211181641,0.6845005706724692
BB-1693 BB-1453,"[1693, 1453]",[15],CC(=O)Cn1c(Sc2nn(C(C)(C)C)c3ncnc(O)c23)nc2c1c(=O)[nH]c(=O)n2C,6.310648441314697,0.6833778138038638
BB-0880 BB-1562,"[880, 1562]",[33],Cc1cc(O)c(C(CCC(=O)O)NC2CCOCc3c(Br)cncc32)cc1Br,6.363696098327637,0.6828028174123606
BB-0423 BB-1776,"[423, 1776]",[4],Cc1ccc([C@@H]2C[C@H]2C(=O)N2CCCC(Oc3ncccc3Br)C2)c(Cl)n1,6.364151954650879,0.682593120685186
BB-1871 BB-1189,"[1871, 1189]",[66],COC(=O)c1cnn(C)c1CCC1(O)CCCc2c(Cl)cc(OC)cc21,6.357912063598633,0.681800242365019
BB-0708 BB-1798,"[708, 1798]",[108],COC(=O)C1CC2(CCCCC2)CC1Nc1nc2cc(C(=O)O)cc(Br)c2n1C,6.345536231994629,0.6814207212431607
BB-1083 BB-1101,"[1083, 1101]",[33],CCOC(=O)c1c(N)sc(C(C)N[C@@H](CO)Cc2ccc([N+](=O)[O-])cc2)c1C,6.342498302459717,0.6812468977362888
BB-0214 BB-0768,"[214, 768]",[4],CC(C)Cn1c2c(c(=O)n(C)c1=O)C(=O)CN2C(=O)CC(N)c1cccc(I)c1,6.360949516296387,0.6812251082980955
BB-1994 BB-0233,"[1994, 233]",[126],COC(=O)c1c(CC(=O)OCC(N)Cc2ccccc2Cl)[nH]c(C(C)=O)c1C,6.365130424499512,0.6810536792517962
BB-1317 BB-1398,"[1317, 1398]",[125],Cc1ccc2c(c1)[C@@H](N)[C@@H](C(=O)OC(C)(C(=O)O)c1c[nH]c3ccc([N+](=O)[O-])cc13)C2,6.357731342315674,0.6805959862418375
BB-1171 BB-1387,"[1171, 1387]",[78],COC(=O)[C@@H]1CN(C(=O)c2cc(S(=O)(=O)Cl)c(OC)cc2Br)C[C@H]1c1cc(F)cc(F)c1,6.308138847351074,0.6805245106802664
BB-0214 BB-0768,"[214, 768]",[30],CC(C)Cn1c2c(c(=O)n(C)c1=O)C(=O)CN2C(=O)C(=O)NC(CC(=O)O)c1cccc(I)c1,6.360949516296387,0.6805059442110765
BB-1786 BB-1345,"[1786, 1345]",[33],CCOC(=O)C(c1sc(C)cc1Br)N1CCCCC1c1nc2ccccc2s1,6.340516090393066,0.68048930021108
BB-1742 BB-1697,"[1742, 1697]",[41],COc1cc2c(cc1O[C@H]1C[C@@H](C(=O)O)C[C@@H](C(=O)O)C1)CCNC2,6.328629493713379,0.680487310857599
BB-1798 BB-1193,"[1798, 1193]",[15],CCOc1ccc(Sc2cc(C(=O)O)cc3nc(N)n(C)c23)cc1CCN,6.36305570602417,0.6798853628084478
BB-1922 BB-1768,"[1922, 1768]",[15],CCOC(=O)C(=O)c1c(Sc2ccc3c(c2)CCCCN3)nc(C)n1C,6.363813877105713,0.6791126281445704
BB-1044 BB-0692,"[1044, 692]",[5],CCOC(=O)c1cn[nH]c1CNc1ccc2c(c1)CCC(C(=O)O)N2,6.345807075500488,0.6791120299803465
BB-0846 BB-1663,"[846, 1663]",[98],CC(C)Cn1c(N)c(C(=O)COC(=O)c2cc3c(oc2=O)CCCC3=O)c(=O)[nH]c1=O,6.365951061248779,0.676896141079004
BB-0000 BB-1266,"[0, 1266]",[63],Cc1cc2c(cc1-c1ccc3c(c1)CNS(=O)(=O)N3)OCCC2=O,6.351826190948486,0.6761335863654186
BB-0454 BB-1871,"[454, 1871]",[5],COc1cc(NC(C)c2ccc(C)c([N+](=O)[O-])c2)c2c(c1)C(=O)CCC2,6.341310501098633,0.6759169635086246
BB-0848 BB-0022,"[848, 22]",[5],COC(=O)CCNc1ncc(C)cc1N1CCC(O)(c2cccc(C(F)(F)F)c2)CC1,6.341837406158447,0.6755285504139031
BB-0528 BB-0452,"[528, 452]",[71],CCN(c1cnc2sc(C(=O)OC)cc2c1)C1CCSc2ccc(Br)cc21,6.302861213684082,0.6752604231132137
BB-1798 BB-0846,"[1798, 846]",[15],CC(C)Cn1c(N)c(C(=O)CSc2cc(C(=O)O)cc3nc(N)n(C)c23)c(=O)[nH]c1=O,6.36305570602417,0.6752433687347722
BB-1037 BB-1398,"[1037, 1398]",[125],CC(=O)c1oc2cc(C)ccc2c1CC(=O)OC(C)(C(=O)O)c1c[nH]c2ccc([N+](=O)[O-])cc12,6.35292387008667,0.6736620559431412
BB-1587 BB-1670,"[1587, 1670]",[33],CC(/C=C/c1ccc([N+](=O)[O-])cc1)NC1CC(C)(C)Oc2c(Br)cccc21,6.364206314086914,0.6734324382115117
BB-0907 BB-0846,"[907, 846]",[71],CC(C)Cn1c(Nc2nc(C3CC3)nc3c2CCC3)c(C(=O)CCl)c(=O)[nH]c1=O,6.301666259765625,0.6727508751183744
BB-1663 BB-1871,"[1663, 1871]",[66],COc1cc2c(c(C3(O)CCCc4oc(=O)c(C(=O)O)cc43)c1)CCCC2=O,6.354220390319824,0.6720127223788736
BB-1236 BB-1693,"[1236, 1693]",[15],COC(=O)c1c(Sc2nn(C(C)(C)C)c3ncnc(O)c23)[nH]c2ccc(Br)cc12,6.301901340484619,0.6717021442178025
BB-0337 BB-0894,"[337, 894]",[50],CC(Br)C(C(=O)O)(c1ccc2c(c1)CCC(=O)N2)N1CCN(C(=O)c2c(F)cccc2Cl)CC1,6.357180118560791,0.6716030691676611
BB-1871 BB-1623,"[1871, 1623]",[15],COc1cc(Sc2cc3cc(C)c(N)nc3cc2F)c2c(c1)C(=O)CCC2,6.357912063598633,0.6715489178265689
BB-0721 BB-0765,"[721, 765]",[50],CC(=O)N1CC2CCC(OC(=O)CC(N)Cc3ccc([N+](=O)[O-])cc3)(C(=O)O)c3cccc1c32,6.344073295593262,0.6714776732762252
BB-1862 BB-1880,"[1862, 1880]",[50],CCOC(=O)c1cc2c([nH]1)CCCC2(C(=O)O)N1CC(C)Oc2cc(C)c(Br)cc21,6.350019931793213,0.6704354193103338
BB-1238 BB-0269,"[1238, 269]",[33],COC(=O)C1CN(C2C(F)=CCCc3ccc(Br)cc32)c2ccc(Br)cc21,6.360935211181641,0.6703163342748155
BB-1509 BB-0295,"[1509, 295]",[79],COCCn1c(N)c(C(=O)CNc2c(C(=O)OC)ccc(C)c2Br)c(=O)[nH]c1=O,6.368828296661377,0.6696344943399055
BB-1706 BB-1011,"[1706, 1011]",[50],COC(=O)C1Cc2c(OC3(C(=O)O)CC(C(=O)O)(c4cccc(Br)c4)C3)cccc2C1N,6.359709739685059,0.6696322003290317
BB-0000 BB-1266,"[0, 1266]",[15],Cc1cc2c(cc1Sc1ccc3c(c1)CNS(=O)(=O)N3)OCCC2=O,6.351826190948486,0.6690896428638302
BB-0566 BB-0238,"[566, 238]",[108],CCn1c(NC(C)c2nc3ccc(Cl)cc3n2C)c(-c2csc(C)n2)c(=O)[nH]c1=O,6.358007907867432,0.6689815230900037
BB-1447 BB-0295,"[1447, 295]",[15],COC(=O)c1ccc(C)c(Sc2ccccc2C2CC(N)(C(=O)OC)C2)c1N,6.362763404846191,0.6688194788623044
BB-0750 BB-1636,"[750, 1636]",[15],COc1cc(Sc2cc(C)cc3c2OCCCC3=O)ccc1C(N)CO,6.36480188369751,0.6673049135680117
BB-1862 BB-1798,"[1862, 1798]",[108],CCOC(=O)c1cc2c([nH]1)CCCC2Nc1nc2cc(C(=O)O)cc(Br)c2n1C,6.350019931793213,0.6663437504249109
BB-0223 BB-0821,"[223, 821]",[125],COc1ccc2c(c1OC)CCC2(C(=O)O)N1CCCc2cc(C)c(Br)cc21,6.362344741821289,0.6662861111480606
BB-0376 BB-1494,"[376, 1494]",[66],NCC(CO)Cc1ccc(F)c(C2(O)CCCc3cc(N)ccc32)c1,6.363133430480957,0.6658894182789662
BB-1171 BB-1364,"[1171, 1364]",[63],COc1ccc(C(N)C(F)(F)F)cc1-c1cc(OC)c(S(=O)(=O)Cl)cc1C(=O)O,6.308138847351074,0.6655826479742796
BB-0208 BB-1374,"[208, 1374]",[108],Cc1cc2c(cc1C)C(N1CCC(c3ccccc3)OC(C)C1)CCC2,6.344978332519531,0.6648567014854708
BB-0708 BB-1636,"[708, 1636]",[66],COC(=O)C1CC2(CCCCC2)CC1(O)c1cc(C)cc2c1OCCCC2=O,6.345536231994629,0.6647903710274299
BB-1636 BB-1236,"[1636, 1236]",[50],COC(=O)c1c(I)n(C2(C(=O)O)CCCOc3c(Cl)cc(C)cc32)c2ccc(Br)cc12,6.355961799621582,0.6647480955573999
BB-0730 BB-1593,"[730, 1593]",[5],Cc1ccc(C2(N)CCCCC2)c(NC(c2ccccc2F)C(C)O)c1,6.340854644775391,0.6646812106388397
BB-0316 BB-1863,"[316, 1863]",[4],CC(N)(C(=O)N[C@H](CC(=O)O)Cc1ccccc1Br)c1ccc(C(F)(F)F)cc1,6.364860534667969,0.6646766562423627
BB-0028 BB-1387,"[28, 1387]",[112],CCn1c(NC(=O)[C@@H]2CNC[C@H]2c2cc(F)cc(F)c2)c(C(=O)CCl)c(=O)[nH]c1=O,6.368100166320801,0.664615678758504
BB-0096 BB-1221,"[96, 1221]",[50],COc1ccc(C(=O)CCC(=O)OC(CN)(C(=O)O)c2ccc(OC)c(Cl)c2)c(Cl)c1,6.37112283706665,0.6623562775789558
BB-1481 BB-1101,"[1481, 1101]",[108],CCOC(=O)c1c(NC(C)c2oc3ccccc3c2C)sc(C(C)=O)c1C,6.345715522766113,0.6619467049269392
BB-0501 BB-1636,"[501, 1636]",[125],COc1ccc2c(c1)c1c(n2C2(C(=O)O)CCCOc3c(Cl)cc(C)cc32)C(=O)CCC1,6.350365161895752,0.6619182448233514
BB-0337 BB-0894,"[337, 894]",[108],CC(Br)C(c1ccc2c(c1)CCC(=O)N2)N1CCN(C(=O)c2c(F)cccc2Cl)CC1,6.357180118560791,0.661686084016118
BB-0362 BB-0208,"[362, 208]",[125],CC(=O)c1ncccc1C(=O)OC1(C(=O)O)CCCc2cc(C)c(C)cc21,6.3566179275512695,0.6611067422255087
BB-0847 BB-0270,"[847, 270]",[37],CSCC1CCCN(C(=O)c2cc3c(Br)ccc(C)c3[nH]2)CC1,6.302024841308594,0.6610240567971276
BB-0214 BB-0517,"[214, 517]",[108],CC(C)Cn1c2c(c(=O)n(C)c1=O)C(N1CCCC(O)(c3cn(C(C)C)nn3)C1)CN2,6.360949516296387,0.6610153093339779
BB-1825 BB-1945,"[1825, 1945]",[5],COC(=O)C1(c2cc(Nc3c(C(C)C)n[nH]c3C(N)=O)ccc2C#N)CCC1,6.343748092651367,0.6609399262475626
BB-0214 BB-1397,"[214, 1397]",[50],CC(C)Cn1c2c(c(=O)n(C)c1=O)C(OC(=O)c1c(Cl)c3ccc(Cl)cc3n1C)(C(=O)O)CN2,6.360949516296387,0.6605340980211174
BB-0847 BB-0760,"[847, 760]",[15],COC(=O)c1cc2c(Sc3cc(C)cnc3C(C)=O)ccc(C)c2[nH]1,6.302024841308594,0.659156795561301
BB-1852 BB-1270,"[1852, 1270]",[15],CCC(Oc1ccccc1Sc1cc(Cl)c(NN)cc1F)C(=O)O,6.305399417877197,0.6587356741977486
BB-0096 BB-1221,"[96, 1221]",[24],COc1ccc(C(=O)CCC(=O)O)c(S(=O)(=O)c2cc(C(=O)CN)ccc2OC)c1,6.37112283706665,0.6583419487251858
BB-1641 BB-1953,"[1641, 1953]",[108],CC(N[C@H](C)c1coc2c(F)cccc12)c1ccc(N2CCNC2=O)cc1,6.349430084228516,0.6578162070110218
BB-0806 BB-1238,"[806, 1238]",[5],COC(=O)c1c(Nc2ccc3c(c2)C(C(=O)OC)CN3)c(C#N)c2n1CCOC2,6.3495330810546875,0.6577058762165294
BB-1837 BB-1943,"[1837, 1943]",[125],CCC(C(=O)O)(c1cccc(Br)c1)N1CCCN(c2ccc(C#N)cc2F)CC1,6.341316223144531,0.6573856350178297
BB-1693 BB-1636,"[1693, 1636]",[41],Cc1cc(Oc2ncnc3c2c(Br)nn3C(C)(C)C)c2c(c1)C(=O)CCCO2,6.310648441314697,0.656658500169188
BB-0098 BB-1899,"[98, 1899]",[78],CC1(C)CN(c2ccccc2NC(=O)C2CNCC3(CCOCC3)O2)C1=O,6.356269359588623,0.6562184946527585
BB-1871 BB-1189,"[1871, 1189]",[24],COC(=O)c1cnn(C)c1CCS(=O)(=O)c1cc(OC)cc2c1CCCC2=O,6.357912063598633,0.6557367055236647
BB-0335 BB-1037,"[335, 1037]",[50],COc1cccc2c1C(C(=O)O)CC2(OC(=O)Cc1c(C(C)=O)oc2cc(C)ccc12)C(=O)O,6.3532915115356445,0.6550861954488697
BB-1238 BB-0424,"[1238, 424]",[125],COC(=O)C1CN(C2(C(=O)O)C(=O)N(CCC(=O)O)c3cc(F)ccc32)c2ccc(Br)cc21,6.360935211181641,0.6542716885511367
BB-0732 BB-1744,"[732, 1744]",[75],CNC(=O)c1cc(C)cc(C=C(C(=O)O)c2ccc(Br)cc2[N+](=O)[O-])c1,6.264224052429199,0.6537380760188962
BB-0000 BB-1266,"[0, 1266]",[141],Cc1cc2c(cc1Br)OCCC2(O)c1ccc2c(c1)CNS(=O)(=O)N2,6.351826190948486,0.6534981969696528
BB-1819 BB-0097,"[1819, 97]",[37],COc1ccc(Br)c(CN(C)C(=O)c2nc(C3CC3)n(Cc3ccccc3)c2N)c1,6.350314140319824,0.6531559201387658
BB-1171 BB-1387,"[1171, 1387]",[71],COC(=O)[C@@H]1CN(c2cc(OC)c(S(=O)(=O)Cl)cc2C(=O)O)C[C@H]1c1cc(F)cc(F)c1,6.308138847351074,0.6530901406201463
BB-1678 BB-1582,"[1678, 1582]",[78],CN(C(=O)C(N)Cc1cc(C(F)(F)F)cnc1Cl)C1CCOc2ccc(Br)cc21,6.362990856170654,0.6528287613011639
BB-0846 BB-0506,"[846, 506]",[108],Cc1ccc(-c2cccc(Cl)c2)cc1NC(CCl)c1c(N)n(CC(C)C)c(=O)[nH]c1=O,6.365951061248779,0.6525321618257683
BB-1871 BB-1189,"[1871, 1189]",[15],COC(=O)c1cnn(C)c1CCSc1cc(OC)cc2c1CCCC2=O,6.357912063598633,0.6523766244770015
BB-1570 BB-0097,"[1570, 97]",[63],CNCc1cc(OC)ccc1-c1cccc(C2CC(=O)C2)c1,6.357895374298096,0.6521421159018452
BB-0936 BB-0337,"[936, 337]",[33],CC(Br)C(NC1CCCN(CCCO)C1)c1ccc2c(c1)CCC(=O)N2,6.3473429679870605,0.6506020111596565
BB-0316 BB-1863,"[316, 1863]",[78],CC(NC(=O)C[C@@H](N)Cc1ccccc1Br)(C(=O)O)c1ccc(C(F)(F)F)cc1,6.364860534667969,0.6501665647612567
BB-0028 BB-1387,"[28, 1387]",[28],CCn1c(NC(=O)N2C[C@@H](C(=O)OC)[C@H](c3cc(F)cc(F)c3)C2)c(C(=O)CCl)c(=O)[nH]c1=O,6.368100166320801,0.6492712384481054
BB-0028 BB-1387,"[28, 1387]",[50],CCn1c(N)c(C(CCl)(C(=O)O)N2C[C@@H](C(=O)OC)[C@H](c3cc(F)cc(F)c3)C2)c(=O)[nH]c1=O,6.368100166320801,0.6488306507792986
BB-0136 BB-1238,"[136, 1238]",[5],COC(=O)C1CNc2ccc(N3Cc4nccc(O)c4C3)cc21,6.341216564178467,0.6476765040544767
BB-1519 BB-1582,"[1519, 1582]",[50],CN(C1CCOc2ccc(Br)cc21)C1(C(=O)O)CCCc2oc(=O)c(C(N)=O)cc21,6.3467793464660645,0.6474972740935659
BB-1392 BB-0768,"[1392, 768]",[28],CC12CC(NC(=O)NC(CC(=O)O)c3cccc(I)c3)(C1)C(CO)O2,6.343806743621826,0.6468974047848426
BB-0846 BB-1071,"[846, 1071]",[30],COCCC1(C(=O)O)CN(C(=O)C(=O)Nc2c(C(=O)CCl)c(=O)[nH]c(=O)n2CC(C)C)C1,6.365951061248779,0.6465629371015246
BB-1636 BB-1470,"[1636, 1470]",[50],Cc1cc(Cl)c2c(c1)C(OC(=O)/C=C/c1ccc(Cl)c(C(F)(F)F)c1)(C(=O)O)CCCO2,6.355961799621582,0.6459900371577543
BB-1555 BB-0865,"[1555, 865]",[119],CCOC(=O)C1(C)CCC(=O)CC1N(Cc1ccc(-n2cncn2)cc1)C1CC1,6.343062400817871,0.6456443653303975
BB-1636 BB-0792,"[1636, 792]",[141],CCCN1C(=O)C(O)(c2cc(C)cc3c2OCCCC3=O)c2cc(Br)ccc21,6.355961799621582,0.6451291682166247
BB-0698 BB-0164,"[698, 164]",[33],CCOC(=O)C12CCCC1=CC(N1CC3(CCC3)C(F)(C(=O)OCC)C1)C2,6.344512939453125,0.6444788459052917
BB-0097 BB-0372,"[97, 372]",[30],COc1ccc(Br)c(CN(C)C(=O)C(=O)N2CCc3c([nH]c4ccccc34)C2C(=O)O)c1,6.363949775695801,0.6443590613010078
BB-1697 BB-1609,"[1697, 1609]",[5],CCC(c1ccc(Br)cc1)N1CCc2cc(Br)c(OC)cc2C1,6.362819671630859,0.6441710315108685
BB-1171 BB-1364,"[1171, 1364]",[71],COc1ccc(C(Nc2cc(OC)c(S(=O)(=O)Cl)cc2C(=O)O)C(F)(F)F)cc1Br,6.308138847351074,0.6439440783468349
BB-0244 BB-0467,"[244, 467]",[119],COC(=O)c1ccc(Cl)c2c1CCN(C(c1ccc(Cl)c(Cl)c1)C(C(C)=O)C(N)=O)C2C,6.3590617179870605,0.6429913737835076
BB-1798 BB-0846,"[1798, 846]",[28],CC(C)Cn1c(NC(=O)Nc2nc3cc(C(=O)O)cc(Br)c3n2C)c(C(=O)CCl)c(=O)[nH]c1=O,6.36305570602417,0.6426245016892301
BB-1697 BB-1609,"[1697, 1609]",[63],CCC(Br)c1ccc(-c2cc3c(cc2OC)CNCC3)cc1,6.362819671630859,0.6424630361707484
BB-1723 BB-1750,"[1723, 1750]",[71],CC(=O)NC1(c2nc(C)cs2)CCN(c2ccc3c(c2)CCC(C(=O)O)O3)C1,6.307653427124023,0.6423813454136008
BB-1266 BB-0337,"[1266, 337]",[50],Cc1cc2c(cc1Br)OCCC2(C(=O)O)N1C(=O)CCc2cc(C(=O)C(C)Br)ccc21,6.35739803314209,0.6421890662613325
BB-1629 BB-0238,"[1629, 238]",[124],CCn1c(Nc2ncnc3c2ncn3-c2c(F)cc(C)cc2C(=O)O)c(-c2csc(C)n2)c(=O)[nH]c1=O,6.3572916984558105,0.6420990072619406
BB-1131 BB-1253,"[1131, 1253]",[71],CCOC(=O)c1cc(Nc2cc(Cl)ccc2C(=O)C2CCCOC2)cc(CC)c1N,6.366854190826416,0.6419376469177333
BB-0097 BB-0372,"[97, 372]",[4],COc1ccc(Br)c(CN(C)C(=O)C2NCCc3c2[nH]c2ccccc32)c1,6.363949775695801,0.6412723097592796
BB-0846 BB-0351,"[846, 351]",[108],CCc1cc(Br)cc2c1N(C(CCl)c1c(N)n(CC(C)C)c(=O)[nH]c1=O)CCC2,6.365951061248779,0.6411365385037923
BB-1922 BB-1768,"[1922, 1768]",[112],Cc1nc(Br)c(C(=O)C(=O)N2CCCCc3cc(Cl)ccc32)n1C,6.363813877105713,0.6398769665286143
BB-0846 BB-1663,"[846, 1663]",[125],CC(C)Cn1c(N)c(C(=O)CCl)c(=O)n(C2(C(=O)O)CCCc3oc(=O)c(C(=O)O)cc32)c1=O,6.365951061248779,0.6391982060664811
BB-1372 BB-0358,"[1372, 358]",[50],CCOC(=O)C1Cc2c(C)cccc2C(OC(=O)C(C)c2ccc(OC)c(Br)c2)(C(=O)O)C1,6.342898845672607,0.6391218159170663
BB-0538 BB-1400,"[538, 1400]",[57],O=C(O)c1cc2n(c1C1N[C@H](C(=O)O)Cc3ccc([N+](=O)[O-])cc31)CCCC2,6.359602928161621,0.6390891052748514
BB-1398 BB-0857,"[1398, 857]",[108],CCCN(C1CCN(C)C1)C(C)c1c[nH]c2ccc([N+](=O)[O-])cc12,6.349413871765137,0.6370741899983855
BB-0244 BB-0467,"[244, 467]",[71],COC(=O)c1ccc(Cl)c2c1CCN(c1ccc(/C=C(/C(C)=O)C(N)=O)cc1Cl)C2C,6.3590617179870605,0.636679698709506
BB-0846 BB-1663,"[846, 1663]",[50],CC(C)Cn1c(N)c(C(CCl)(OC(=O)c2cc3c(oc2=O)CCCC3=O)C(=O)O)c(=O)[nH]c1=O,6.365951061248779,0.6363926546997721
BB-0238 BB-0374,"[238, 374]",[30],CCn1c(NC(=O)C(=O)NCc2c(C)cc(C)[nH]c2=O)c(-c2csc(C)n2)c(=O)[nH]c1=O,6.342412948608398,0.6363726821904216
BB-0787 BB-0501,"[787, 501]",[33],COc1ccc2[nH]c3c(c2c1)CCCC3NCc1cccc(Br)c1Cl,6.362907409667969,0.636161565911222
BB-0624 BB-1896,"[624, 1896]",[141],COc1cc(C2(O)CCOc3cc(C)c(Br)cc32)c(C2CC2)cc1Cl,6.3028645515441895,0.6359400174261828
BB-0096 BB-1221,"[96, 1221]",[15],COc1ccc(C(=O)CCC(=O)O)c(Sc2cc(C(=O)CN)ccc2OC)c1,6.37112283706665,0.6358115663286794
BB-0233 BB-0679,"[233, 679]",[78],CCOC(=O)c1n[nH]c2c1CN(C(=O)Cc1[nH]c(C(C)=O)c(C)c1C(=O)OC)CC2,6.355764865875244,0.6357791503756993
BB-0840 BB-1691,"[840, 1691]",[103],CC(C)n1c(NC(=O)N2CCC(C(=O)O)(c3cccc(Cl)c3)CC2)nc2ccc(F)cc21,6.363420486450195,0.6356670621938857
BB-0846 BB-1380,"[846, 1380]",[44],CCOC(=O)c1c(C(CC(=O)O)Nc2c(C(=O)CCl)c(=O)[nH]c(=O)n2CC(C)C)c(C)n(CC)c1C,6.365951061248779,0.6350570646676679
BB-1493 BB-0602,"[1493, 602]",[141],Cc1nc2cccc(C3(O)CCCOc4c(C(C)C)cccc43)c2c(=O)[nH]1,6.30175256729126,0.6347125525480578
BB-0316 BB-0745,"[316, 745]",[4],O=C(O)C[C@H](Cc1ccccc1Br)NC(=O)[C@@H]1OCC[C@H]1c1ccc(Br)cc1,6.364860534667969,0.6346449489108184
BB-1917 BB-0358,"[1917, 358]",[4],COc1ccc(C(C)C(=O)N2CC=C(c3cccnc3)CC2)cc1Br,6.343141078948975,0.6345553446979744
BB-0881 BB-1005,"[881, 1005]",[65],Cc1cc(Cl)cc(C(=O)CC(=O)C(C#N)=C2Nc3ccccc3N2C)c1N,6.362527847290039,0.6345538594667565
BB-0269 BB-0393,"[269, 393]",[119],O=C(O)C1CCN(C2CCc3ccc(Br)cc3C(=O)C2F)c2c1cccc2C(F)(F)F,6.356926918029785,0.6338831226096954
BB-0200 BB-1198,"[200, 1198]",[37],COC(=O)[C@@H]1C[C@H]1c1ccccc1NC(=O)c1cc(C(=O)CCC(=O)O)c[nH]1,6.35385274887085,0.6337731230916678
BB-0846 BB-1071,"[846, 1071]",[4],COCCC1(C(=O)Nc2c(C(=O)CCl)c(=O)[nH]c(=O)n2CC(C)C)CNC1,6.365951061248779,0.6330599829136425
BB-0096 BB-1221,"[96, 1221]",[141],COc1ccc(C(O)(CCC(=O)O)c2cc(C(=O)CN)ccc2OC)c(Cl)c1,6.37112283706665,0.6326610925188114
BB-1582 BB-1640,"[1582, 1640]",[5],CN(c1cc(Br)cc2c1OCCNC2)C1CCOc2ccc(Br)cc21,6.3617963790893555,0.6325607921260613
BB-1678 BB-1636,"[1678, 1636]",[141],Cc1cc(Cl)c2c(c1)C(O)(c1ncc(C(F)(F)F)cc1CC(N)C(=O)O)CCCO2,6.362990856170654,0.6315259314820111
BB-1674 BB-1332,"[1674, 1332]",[15],NCc1cc(OC(F)(F)F)cc(Sc2ccc3c(c2)OC(C(=O)O)CC3)c1,6.3054704666137695,0.6305555812137262
BB-1399 BB-1497,"[1399, 1497]",[4],Cc1nc2ccc(Br)cc2c(C)c1C(=O)N(C)c1cc(C(F)F)no1,6.342184066772461,0.6298386261971404
BB-1837 BB-1943,"[1837, 1943]",[33],CCC(c1cccc(Br)c1)N1CCCN(c2ccc(C#N)cc2F)CC1,6.341316223144531,0.6294650309646407
BB-0192 BB-1149,"[192, 1149]",[71],Cc1noc(C(Nc2ccc3c(c2)C2CC(C)(O3)N(C)C(=O)N2)C2CCOCC2)n1,6.303711891174316,0.6284554865461148
BB-0698 BB-0465,"[698, 465]",[5],CCOC(=O)C1(F)CN(c2cccc(F)c2CNCC(=O)O)CC12CCC2,6.344512939453125,0.6283527181614289
BB-1509 BB-0295,"[1509, 295]",[66],COCCn1c(N)c(C(O)(CCl)c2c(C)ccc(C(=O)OC)c2N)c(=O)[nH]c1=O,6.368828296661377,0.6282602665484757
BB-0840 BB-1691,"[840, 1691]",[78],CC(C)n1c(NC(=O)C2(c3cccc(Cl)c3)CCNCC2)nc2ccc(F)cc21,6.363420486450195,0.6280266027726014
BB-1744 BB-0693,"[1744, 693]",[140],O=C(O)Cc1ccc(C(=O)C2(c3cccc(Cl)n3)CCC2)cc1[N+](=O)[O-],6.3078107833862305,0.6279485827835684
BB-1131 BB-1253,"[1131, 1253]",[5],CCOC(=O)c1cc(Br)cc(CC)c1Nc1ccc(C(=O)C2CCCOC2)c(N)c1,6.366854190826416,0.6263977077687092
BB-0846 BB-1663,"[846, 1663]",[33],CC(C)Cn1c(NC2CCCc3oc(=O)c(C(=O)O)cc32)c(C(=O)CCl)c(=O)[nH]c1=O,6.365951061248779,0.6262727226166485
BB-1372 BB-1422,"[1372, 1422]",[50],CCOC(=O)C1Cc2c(C)cccc2C(C(=O)O)(n2c(Cc3ccncc3)noc2=O)C1,6.342898845672607,0.6256581876095682
BB-1744 BB-0693,"[1744, 693]",[111],O=[N+]([O-])c1cc(Br)ccc1Cc1nc(C2(c3cccc(Cl)n3)CCC2)no1,6.3078107833862305,0.6255542492270986
BB-0730 BB-1593,"[730, 1593]",[30],Cc1ccc(C2(NC(=O)C(=O)NC(c3ccccc3F)C(C)O)CCCCC2)c(Br)c1,6.340854644775391,0.6255147424601083
BB-0193 BB-0286,"[193, 286]",[125],COCc1ncc2c(n1)CCN(C(C)(CC(=O)N1CCC(C(=O)OC)CC1)C(=O)O)C2,6.341671466827393,0.6251450267417672
BB-1265 BB-1201,"[1265, 1201]",[5],Cc1nc(C(O)CNc2c(O)cc(O)c(C=O)c2C)cs1,6.343265056610107,0.6250729816209006
BB-0755 BB-0372,"[755, 372]",[4],CCCN(C(=O)C1NCCc2c1[nH]c1ccccc21)c1nc2ccc(C)cc2c(=O)[nH]1,6.340051174163818,0.6241359634080604
BB-1372 BB-0832,"[1372, 832]",[62],Cc1cccc2c1CC(C(=O)C(C)(C)C(=O)c1cnccc1N)CC2=O,6.342898845672607,0.6240291372499355
BB-0223 BB-0673,"[223, 673]",[116],Cc1cc2c(cc1OC1(c3ccccc3Cl)CCNCC1)NCCC2,6.362344741821289,0.6239766856969678
BB-1589 BB-1993,"[1589, 1993]",[5],CCCN(c1ccc(C)c(Cl)c1)c1c(OC)ccc2[nH]c(C(=O)O)cc12,6.366110801696777,0.623820172451609
BB-1786 BB-1345,"[1786, 1345]",[5],CCOC(=O)C(=O)c1sc(C)cc1N1CCCCC1c1nc2ccccc2s1,6.340516090393066,0.6233758260962141
BB-1706 BB-1011,"[1706, 1011]",[116],COC(=O)C1Cc2c(Oc3cccc(C4(C(=O)O)CC(=O)C4)c3)cccc2C1N,6.359709739685059,0.6219652473125626
BB-0098 BB-1899,"[98, 1899]",[30],CC1(C)CN(c2ccccc2NC(=O)C(=O)N2CC(C(=O)O)OC3(CCOCC3)C2)C1=O,6.356269359588623,0.621598881912335
BB-1663 BB-0440,"[1663, 440]",[23],CCOC(=O)C(C)OCCOC(=O)c1cc2c(oc1=O)CCCC2=O,6.354220390319824,0.6215409880605258
BB-0708 BB-1798,"[708, 1798]",[50],COC(=O)C1CC2(CCCCC2)CC1(OC(=O)c1cc(Br)c2c(c1)nc(N)n2C)C(=O)O,6.345536231994629,0.621121997465214
BB-0721 BB-0424,"[721, 424]",[50],CC(=O)N1CC2CCC(OC(=O)CCN3C(=O)C(=O)c4ccc(F)cc43)(C(=O)O)c3cccc1c32,6.344073295593262,0.6206639795246168
BB-1222 BB-0376,"[1222, 376]",[37],[N-]=[N+]=NC1CC2(CCC(C(=O)Nc3ccc4c(c3)CCCC4=O)C2)C1,6.026392936706543,0.6203206121796737
BB-0337 BB-0846,"[337, 846]",[141],CC(C)Cn1c(N)c(C(O)(CCl)C(C)C(=O)c2ccc3c(c2)CCC(=O)N3)c(=O)[nH]c1=O,6.357180118560791,0.6202734894104187
BB-0321 BB-1447,"[321, 1447]",[37],COC(=O)C1(NC(=O)C2=C(B3OC(C)(C)C(C)(C)O3)CCCC2)CC(c2ccccc2Cl)C1,6.0426788330078125,0.6196067039074287
BB-0214 BB-1397,"[214, 1397]",[5],CC(C)Cn1c2c(c(=O)n(C)c1=O)C(=O)CN2c1c(C(=O)O)n(C)c2cc(Cl)ccc12,6.360949516296387,0.6194346704833118
BB-1131 BB-1253,"[1131, 1253]",[141],CCOC(=O)c1cc(C(O)(c2ccc(Cl)cc2N)C2CCCOC2)cc(CC)c1N,6.366854190826416,0.6192434790675272
BB-0337 BB-0679,"[337, 679]",[79],CCOC(=O)c1n[nH]c2c1CN(C(C)C(=O)c1ccc3c(c1)CCC(=O)N3)CC2,6.357180118560791,0.6187630725756788
BB-0730 BB-1593,"[730, 1593]",[49],Cc1ccc(C2(n3cnc4c(NC(c5ccccc5F)C(C)O)ncnc43)CCCCC2)c(Br)c1,6.340854644775391,0.6186247840223258
BB-0750 BB-1636,"[750, 1636]",[33],COc1cc(Cl)ccc1C(CO)NC1CCCOc2c(Cl)cc(C)cc21,6.36480188369751,0.6185772204018786
BB-1709 BB-0721,"[1709, 721]",[33],CC(=O)N1CC2CCC(Nc3cc(C(=O)O)c(C)cc3C)c3cccc1c32,6.356334209442139,0.6180342154130783
BB-1018 BB-1447,"[1018, 1447]",[108],COC(=O)C1(NC(CCCC(=O)O)c2ccc(C)cc2)CC(c2ccccc2Cl)C1,6.353799343109131,0.6172558312171684
BB-0423 BB-1776,"[423, 1776]",[5],Cc1ccc([C@@H]2C[C@H]2C(=O)O)c(N2CCCC(Oc3ncccc3Br)C2)n1,6.364151954650879,0.6167698552322868
BB-1629 BB-0238,"[1629, 238]",[49],CCn1c(-n2cnc3c(Nc4c(F)cc(C)cc4C(=O)O)ncnc32)c(-c2csc(C)n2)c(=O)[nH]c1=O,6.3572916984558105,0.6167097316250224
BB-0113 BB-0847,"[113, 847]",[41],CCCCCC(=O)c1c(O)cc(O)cc1Oc1ccc(C)c2[nH]c(C(=O)OC)cc12,6.352838039398193,0.6166038938708472
BB-1753 BB-0080,"[1753, 80]",[132],COCCCC1Cc2ccccc2C(c2cncc(C)c2Cl)N1,6.318258285522461,0.6163995409586244
BB-1678 BB-1582,"[1678, 1582]",[71],CN(c1ncc(C(F)(F)F)cc1CC(N)C(=O)O)C1CCOc2ccc(Br)cc21,6.362990856170654,0.615769783517112
BB-1919 BB-1636,"[1919, 1636]",[75],Cc1cc(Cl)c2c(c1)C(=O)C(=Cc1nc(N(C)C)n(-c3ccc(Br)cc3)c1Cl)CCO2,6.317211151123047,0.6156246605786153
BB-1798 BB-1636,"[1798, 1636]",[141],Cc1cc(Cl)c2c(c1)C(O)(c1cc(C(=O)O)cc3nc(N)n(C)c13)CCCO2,6.36305570602417,0.615201442331797
BB-1933 BB-1663,"[1933, 1663]",[141],COc1ccc(C2(O)CCCc3oc(=O)c(C(=O)O)cc32)c(CN)c1,6.363797664642334,0.6150921265085769
BB-0223 BB-0673,"[223, 673]",[15],Cc1cc2c(cc1Sc1ccccc1C1(O)CCNCC1)NCCC2,6.362344741821289,0.6148507096768521
BB-0846 BB-0618,"[846, 618]",[50],CCCc1ccc(N)c(C(=O)OC(CCl)(C(=O)O)c2c(N)n(CC(C)C)c(=O)[nH]c2=O)c1,6.365951061248779,0.6141081960511487
BB-1693 BB-1453,"[1693, 1453]",[125],Cn1c(=O)[nH]c(=O)c2c1nc(Br)n2CC(C)(Oc1ncnc2c1c(Br)nn2C(C)(C)C)C(=O)O,6.310648441314697,0.6137272320775812
BB-0337 BB-0846,"[337, 846]",[50],CC(C)Cn1c(N)c(C(=O)CCl)c(=O)n(C(C(=O)O)(c2ccc3c(c2)CCC(=O)N3)C(C)Br)c1=O,6.357180118560791,0.6136301977299455
BB-0806 BB-0847,"[806, 847]",[112],COC(=O)c1c(NC(=O)c2cc3c(Br)ccc(C)c3[nH]2)c(C#N)c2n1CCOC2,6.3495330810546875,0.6128813855233282
BB-1364 BB-0892,"[1364, 892]",[116],COc1ccc(C(N)C(F)(F)F)cc1OCC(C)(C)C(CN)c1ccccc1,6.363093376159668,0.6125282052185581
BB-1798 BB-0846,"[1798, 846]",[23],CC(C)Cn1c(N)c(C(=O)COC(=O)c2cc(Br)c3c(c2)nc(N)n3C)c(=O)[nH]c1=O,6.36305570602417,0.6099565840068267
BB-1555 BB-0865,"[1555, 865]",[37],CC1(C(=O)N(Cc2ccc(-n3cncn3)cc2)C2CC2)C=CC(=O)CC1,6.343062400817871,0.6092089620300595
BB-1896 BB-0337,"[1896, 337]",[50],Cc1cc2c(cc1Br)C(C(=O)O)(N1C(=O)CCc3cc(C(=O)C(C)Br)ccc31)CCO2,6.35692834854126,0.6086489256796208
BB-0730 BB-1593,"[730, 1593]",[124],Cc1ccc(C2(Nc3ncnc4c3ncn4C(c3ccccc3F)C(C)O)CCCCC2)c(Br)c1,6.340854644775391,0.6081593948734906
BB-1678 BB-1582,"[1678, 1582]",[15],CNC1CCOc2ccc(Sc3ncc(C(F)(F)F)cc3CC(N)C(=O)O)cc21,6.362990856170654,0.6080534235050481
BB-0878 BB-0205,"[878, 205]",[63],CNCc1cc2c(cc1-c1cccnc1OC1CCNCC1)OCO2,6.363622188568115,0.6075581014741249
BB-0528 BB-0452,"[528, 452]",[37],CCN(C(=O)c1cc2cc(Br)cnc2s1)C1CCSc2ccc(Br)cc21,6.302861213684082,0.6068830663392358
BB-0915 BB-0324,"[915, 324]",[108],CCOC(=O)c1sc2ncc(C(=O)OC)cc2c1NC1CCCOc2c(C)cc(Cl)cc21,6.359794616699219,0.6067278522686442
BB-1236 BB-1771,"[1236, 1771]",[71],COC(=O)c1c(I)[nH]c2ccc(N3CCN(C4(C(=O)OC)COC4)CC3)cc12,6.301901340484619,0.6063874410853962
BB-0214 BB-1798,"[214, 1798]",[50],CC(C)Cn1c2c(c(=O)n(C)c1=O)C(OC(=O)c1cc(Br)c3c(c1)nc(N)n3C)(C(=O)O)CN2,6.360949516296387,0.6045844675795544
BB-0208 BB-0295,"[208, 295]",[66],COC(=O)c1ccc(C)c(C2(O)CCCc3cc(C)c(C)cc32)c1N,6.344978332519531,0.6034834913980525
BB-1871 BB-1623,"[1871, 1623]",[71],COc1cc(Nc2nc3cc(F)c(Br)cc3cc2C)c2c(c1)C(=O)CCC2,6.357912063598633,0.6030892537793002
BB-1714 BB-0655,"[1714, 655]",[66],COc1ccc(F)cc1CCC(C)(O)CCc1cccc(C(F)(F)F)c1,6.346866607666016,0.6025874492658505
BB-0698 BB-0164,"[698, 164]",[112],CCOC(=O)C1(F)CN(C(=O)C23CCCC2=CC(=O)C3)CC12CCC2,6.344512939453125,0.6019109279541166
BB-1171 BB-1364,"[1171, 1364]",[15],COc1ccc(C(N)C(F)(F)F)cc1Sc1cc(OC)c(S(=O)(=O)Cl)cc1C(=O)O,6.308138847351074,0.6016924729501293
BB-0337 BB-0846,"[337, 846]",[70],CC(C)Cn1c(N)c(C(=O)C=C(c2ccc3c(c2)CCC(=O)N3)C(C)Br)c(=O)[nH]c1=O,6.357180118560791,0.6015835592024088
BB-0244 BB-0351,"[244, 351]",[108],CCc1cc(Br)cc2c1N(C(C)/C(=C/c1ccc(Cl)c(Cl)c1)C(N)=O)CCC2,6.3590617179870605,0.6007419537952743
BB-1674 BB-1332,"[1674, 1332]",[78],O=C(NCc1cc(Br)cc(OC(F)(F)F)c1)C1CCc2ccc(Br)cc2O1,6.3054704666137695,0.5994087513506002
BB-0734 BB-0297,"[734, 297]",[5],N[C@H]1CCc2c(NC3CCOc4ncc(C(=O)O)cc43)cccc21,6.357853889465332,0.5993952031387191
BB-0846 BB-1029,"[846, 1029]",[145],CC(C)Cn1c(N)c(C(=O)C=C2c3cc(Br)ccc3CC2C(F)(F)F)c(=O)[nH]c1=O,6.365951061248779,0.5986591243899472
BB-0244 BB-0351,"[244, 351]",[50],CCc1cc(Br)cc2c1N(C(C)(C(=O)O)/C(=C/c1ccc(Cl)c(Cl)c1)C(N)=O)CCC2,6.3590617179870605,0.5985327125038898
BB-1281 BB-0708,"[1281, 708]",[125],COC(=O)C1CC2(CCCCC2)CC1(OC(=O)c1cc(C=O)n2c1CCCC2)C(=O)O,6.291963577270508,0.5974863268159293
BB-0846 BB-1071,"[846, 1071]",[79],COCCC1(C(=O)O)CN(CC(=O)c2c(N)n(CC(C)C)c(=O)[nH]c2=O)C1,6.365951061248779,0.5974073278340517
BB-1392 BB-0768,"[1392, 768]",[54],CC12CC(N3C(=O)CC(c4cccc(I)c4)NC3=O)(C1)C(CO)O2,6.343806743621826,0.5969255228399253
BB-1862 BB-1798,"[1862, 1798]",[50],CCOC(=O)c1cc2c([nH]1)CCCC2(OC(=O)c1cc(Br)c2c(c1)nc(N)n2C)C(=O)O,6.350019931793213,0.5954076504646897
BB-0322 BB-1693,"[322, 1693]",[66],Cc1ncc(C(O)c2nn(C(C)(C)C)c3ncnc(O)c23)c(N(C)C)n1,6.252577304840088,0.5952902385103152
BB-0096 BB-1221,"[96, 1221]",[5],COc1ccc(C(=O)CCC(=O)O)c(NCC(=O)c2ccc(OC)c(Cl)c2)c1,6.37112283706665,0.594933453863939
BB-0880 BB-1562,"[880, 1562]",[4],Cc1cc(O)c(C(=O)CCC(=O)NC2CCOCc3c(Br)cncc32)cc1Br,6.363696098327637,0.5946596427204648
BB-0846 BB-0618,"[846, 618]",[79],CCCc1ccc(NCC(=O)c2c(N)n(CC(C)C)c(=O)[nH]c2=O)c(C(=O)O)c1,6.365951061248779,0.5945133409421033
BB-1636 BB-0792,"[1636, 792]",[15],CCCN1C(=O)C(=O)c2cc(Sc3cc(C)cc4c3OCCCC4=O)ccc21,6.355961799621582,0.5937752541675844
BB-1798 BB-1640,"[1798, 1640]",[71],Cn1c(N)nc2cc(C(=O)O)cc(N3CCOc4c(Cl)cc(Br)cc4C3)c21,6.36305570602417,0.5933339351969176
BB-0907 BB-0846,"[907, 846]",[15],CC(C)Cn1c(N)c(C(=O)CSc2nc(C3CC3)nc3c2CCC3)c(=O)[nH]c1=O,6.301666259765625,0.5932654208396384
BB-1317 BB-1398,"[1317, 1398]",[33],Cc1ccc2c(c1)[C@@H](NC(C)c1c[nH]c3ccc([N+](=O)[O-])cc13)[C@@H](C(=O)O)C2,6.357731342315674,0.5931216834451138
BB-0214 BB-1798,"[214, 1798]",[30],CC(C)Cn1c2c(c(=O)n(C)c1=O)C(=O)CN2C(=O)C(=O)Nc1nc2cc(C(=O)O)cc(Br)c2n1C,6.360949516296387,0.5929778564937781
BB-1819 BB-0097,"[1819, 97]",[5],CCOC(=O)c1nc(C2CC2)n(Cc2ccccc2)c1Nc1ccc(OC)cc1CNC,6.350314140319824,0.5922818303035726
BB-0846 BB-0351,"[846, 351]",[28],CCc1cc(Br)cc2c1N(C(=O)Nc1c(C(=O)CCl)c(=O)[nH]c(=O)n1CC(C)C)CCC2,6.365951061248779,0.5916633205037121
BB-0193 BB-0286,"[193, 286]",[33],COCc1ncc2c(n1)CCN(C(C)CC(=O)N1CCC(C(=O)OC)CC1)C2,6.341671466827393,0.5915808649358523
BB-1018 BB-1447,"[1018, 1447]",[78],COC(=O)C1(NC(=O)CCCC(=O)c2ccc(C)cc2)CC(c2ccccc2Cl)C1,6.353799343109131,0.5914681894333816
BB-0238 BB-0374,"[238, 374]",[124],CCn1c(-n2cnc3c(NCc4c(C)cc(C)[nH]c4=O)ncnc32)c(-c2csc(C)n2)c(=O)[nH]c1=O,6.342412948608398,0.5905798619002636
BB-0692 BB-1871,"[692, 1871]",[125],COc1cc(Cl)c2c(c1)C(OC(=O)C1CCc3cc(Br)ccc3N1)(C(=O)O)CCC2,6.3635172843933105,0.5904994039527182
BB-1906 BB-1201,"[1906, 1201]",[5],Cc1c(C=O)c(O)cc(O)c1N1CCc2cc(C(F)(F)F)[nH]c2C1,6.343385219573975,0.5901503772391894
BB-0692 BB-1773,"[692, 1773]",[4],COc1ccc(CC(=O)N2c3ccc(Br)cc3CCC2C(=O)O)cc1F,6.3635172843933105,0.5882915367173984
BB-1238 BB-1912,"[1238, 1912]",[15],COC(=O)C1CNc2ccc(Sc3cc4c(cc3NC(C)=O)CCC4=O)cc21,6.360935211181641,0.5881274625569337
BB-0423 BB-1776,"[423, 1776]",[15],Cc1ccc([C@@H]2C[C@H]2C(=O)O)c(Sc2cccnc2OC2CCCNC2)n1,6.364151954650879,0.5877204061877532
BB-1392 BB-0768,"[1392, 768]",[41],CC12CC(N)(C1)C(COc1cccc(C(N)CC(=O)O)c1)O2,6.343806743621826,0.587575036756733
BB-0847 BB-0760,"[847, 760]",[125],COC(=O)c1cc2c(Br)ccc(C)c2n1C(C)(C(=O)O)c1ncc(C)cc1Br,6.302024841308594,0.5872558651679
BB-1387 BB-0719,"[1387, 719]",[37],O=C(C1CCCN1C(=O)[C@@H]1CNC[C@H]1c1cc(F)cc(F)c1)N1CCCCCC1,6.340521812438965,0.5869378032896355
BB-0186 BB-0000,"[186, 0]",[78],Cc1coc(/C=C/C(=O)N2Cc3cc(Br)ccc3NS2(=O)=O)n1,6.164179801940918,0.5868231146340124
BB-1640 BB-0708,"[1640, 708]",[112],O=C1CC2(CCCCC2)CC1C(=O)N1CCOc2c(Cl)cc(Br)cc2C1,6.363193511962891,0.5861435153901801
BB-1398 BB-0857,"[1398, 857]",[50],CCCN(C1CCN(C)C1)C(C)(C(=O)O)c1c[nH]c2ccc([N+](=O)[O-])cc12,6.349413871765137,0.5856834827065199
BB-1786 BB-1345,"[1786, 1345]",[125],CCOC(=O)C(C(=O)O)(c1sc(C)cc1Br)N1CCCCC1c1nc2ccccc2s1,6.340516090393066,0.5846100361488562
BB-0074 BB-0109,"[74, 109]",[37],CN(CC(=O)c1c[nH]c2ccc(F)cc12)C(=O)c1cc2c([nH]1)C(=O)CCC2,6.348252773284912,0.5837639799481855
BB-1171 BB-1364,"[1171, 1364]",[78],COc1ccc(C(NC(=O)c2cc(S(=O)(=O)Cl)c(OC)cc2Br)C(F)(F)F)cc1Br,6.308138847351074,0.5837528638299705
BB-0337 BB-0894,"[337, 894]",[15],CC(Sc1cccc(F)c1C(=O)N1CCNCC1)C(=O)c1ccc2c(c1)CCC(=O)N2,6.357180118560791,0.5834692999410807
BB-1933 BB-1663,"[1933, 1663]",[4],COc1ccc(Cl)c(CNC(=O)c2cc3c(oc2=O)CCCC3=O)c1,6.363797664642334,0.5833913212982557
BB-0208 BB-1556,"[208, 1556]",[108],Cc1cc2c(cc1C)C(N[C@H](CO)C1CCCCC1)CCC2,6.344978332519531,0.5832648565694161
BB-1493 BB-0602,"[1493, 602]",[125],Cc1nc2cccc(Cl)c2c(=O)n1C1(C(=O)O)CCCOc2c(C(C)C)cccc21,6.30175256729126,0.5818958790170784
BB-0846 BB-0506,"[846, 506]",[28],Cc1ccc(-c2cccc(Cl)c2)cc1NC(=O)Nc1c(C(=O)CCl)c(=O)[nH]c(=O)n1CC(C)C,6.365951061248779,0.5818764380823661
BB-1846 BB-0846,"[1846, 846]",[125],CC(C)Cn1c(N)c(C(CCl)(OC(=O)CN(C)c2ccc(C(F)(F)F)cc2C=O)C(=O)O)c(=O)[nH]c1=O,6.288496017456055,0.5818130677737785
BB-1238 BB-0269,"[1238, 269]",[125],COC(=O)C1CN(C2(C(=O)O)C(F)=CCCc3ccc(Br)cc32)c2ccc(Br)cc21,6.360935211181641,0.5811831510378407
BB-0934 BB-1131,"[934, 1131]",[71],CCOC(=O)c1cc(Br)cc(CC)c1Nc1ccc2c(c1OC)NC(=O)C2=O,6.3570356369018555,0.5807883067443391
BB-1131 BB-0376,"[1131, 376]",[33],CCOC(=O)c1cc(Br)cc(CC)c1NC1CCCc2cc(N)ccc21,6.366854190826416,0.5803161100314294
BB-0880 BB-1562,"[880, 1562]",[141],Cc1cc(O)c(C(O)(CCC(=O)O)c2cncc3c2COCCC3N)cc1Br,6.363696098327637,0.5794059115088191
BB-1629 BB-0238,"[1629, 238]",[28],CCn1c(NC(=O)Nc2c(F)cc(C)cc2C(=O)O)c(-c2csc(C)n2)c(=O)[nH]c1=O,6.3572916984558105,0.5794056885366539
BB-1044 BB-0692,"[1044, 692]",[28],CCOC(=O)c1cn[nH]c1CNC(=O)N1c2ccc(Br)cc2CCC1C(=O)O,6.345807075500488,0.5790735727489955
BB-1697 BB-1609,"[1697, 1609]",[15],CCC(Sc1cc2c(cc1OC)CNCC2)c1ccc(Br)cc1,6.362819671630859,0.5786890378004107
BB-0559 BB-1398,"[559, 1398]",[141],CC(O)(c1cnc(C(F)(F)F)cc1N)c1c[nH]c2ccc([N+](=O)[O-])cc12,6.36427116394043,0.57829868033792
BB-1991 BB-1207,"[1991, 1207]",[78],CS(=O)(=O)N(C(=O)c1c(-c2ccccc2)nn2c1CCCC2)c1ccc(I)cc1,6.153657913208008,0.5781144368629842
BB-0355 BB-1709,"[355, 1709]",[30],Cc1cc(C)c(C(=O)O)cc1NC(=O)C(=O)N(C)C1CCCC1c1ccc(C(F)(F)F)cc1,6.340897083282471,0.5778364313067148
BB-0057 BB-0721,"[57, 721]",[125],CC(=O)CC(=O)N(c1ccccc1C)C1(C(=O)O)CCC2CN(C(C)=O)c3cccc1c32,6.350160121917725,0.5771692254305997
BB-0269 BB-0393,"[269, 393]",[50],O=C(OC1(C(=O)O)C(F)=CCCc2ccc(Br)cc21)C1CCNc2c1cccc2C(F)(F)F,6.356926918029785,0.5769969830482092
BB-0921 BB-1682,"[921, 1682]",[5],NCC(=O)c1ccc(NC2CCCN(c3ccccc3F)C2=O)cc1,6.342893123626709,0.5755721808075388
BB-0316 BB-1863,"[316, 1863]",[28],CC(NC(=O)N[C@H](CC(=O)O)Cc1ccccc1Br)(C(=O)O)c1ccc(C(F)(F)F)cc1,6.364860534667969,0.575443877665937
BB-0113 BB-1209,"[113, 1209]",[41],CCCCCC(=O)c1c(O)cc(O)cc1Oc1cc(-c2ncn(C)n2)ccc1C,6.352838039398193,0.574266921014005
BB-0376 BB-1494,"[376, 1494]",[108],Nc1ccc2c(c1)CCCC2NCC(CO)Cc1ccc(F)c(Br)c1,6.363133430480957,0.5726294879432501
BB-0806 BB-0804,"[806, 804]",[27],COC(=O)c1c2n[c]nc(Nc3oc4ccc(F)cc4c(=O)c3C=O)c2c2n1CCOC2,6.3495330810546875,0.5725609686222793
BB-0846 BB-0351,"[846, 351]",[30],CCc1cc(Br)cc2c1N(C(=O)C(=O)Nc1c(C(=O)CCl)c(=O)[nH]c(=O)n1CC(C)C)CCC2,6.365951061248779,0.5723103045309915
BB-0746 BB-0452,"[746, 452]",[50],CCN(C1CCSc2ccc(Br)cc21)C1(C(=O)O)CCC(CC(C)C)C1,6.345064640045166,0.5720159246515963
BB-1447 BB-0295,"[1447, 295]",[71],COC(=O)c1ccc(C)c(Br)c1Nc1ccccc1C1CC(N)(C(=O)OC)C1,6.362763404846191,0.5702207025126778
BB-0846 BB-0351,"[846, 351]",[50],CCc1cc(Br)cc2c1N(C(CCl)(C(=O)O)c1c(N)n(CC(C)C)c(=O)[nH]c1=O)CCC2,6.365951061248779,0.5699418880929933
BB-0959 BB-0208,"[959, 208]",[75],Cc1cc2c(cc1C)C(=O)C(=Cc1c(C)[nH]c(C(=O)O)c1C)CC2,6.290658473968506,0.5697306173734014
BB-1919 BB-1636,"[1919, 1636]",[15],Cc1cc(Sc2c(C=O)nc(N(C)C)n2-c2ccc(Br)cc2)c2c(c1)C(=O)CCCO2,6.317211151123047,0.569618990985554
BB-1570 BB-0097,"[1570, 97]",[50],COc1ccc(Br)c(CN(C)C2(C(=O)O)CC(c3cccc(Br)c3)C2)c1,6.357895374298096,0.5695156573714176
BB-1798 BB-1640,"[1798, 1640]",[15],Cn1c(N)nc2cc(C(=O)O)cc(Sc3cc(Br)cc4c3OCCNC4)c21,6.36305570602417,0.5690513292234113
BB-1669 BB-1576,"[1669, 1576]",[50],CCCc1ccc(C(CCC(=O)O)(OC(=O)c2cnc3c(c2)CCNC3)C(=O)O)cc1,6.354565143585205,0.5678785658914339
BB-0607 BB-0874,"[607, 874]",[5],CCn1cc([C@@H]2NC(=O)CC[C@H]2NCC(=O)N2CCc3[nH]c4ccccc4c3C2)cn1,6.342510223388672,0.5673219563835418
BB-1943 BB-1863,"[1943, 1863]",[50],CCC(OC(=O)C(C)(N)c1ccc(C(F)(F)F)cc1)(C(=O)O)c1cccc(Br)c1,6.359161853790283,0.5669315695518807
BB-0959 BB-0208,"[959, 208]",[125],Cc1cc2c(cc1C)C(C(=O)O)(n1c(C)c(C=O)c(C)c1C(=O)O)CCC2,6.290658473968506,0.5668584844404503
BB-1943 BB-1937,"[1943, 1937]",[50],CCOC(=O)c1cc(C(C)=O)nn1C(CC)(C(=O)O)c1cccc(Br)c1,6.359161853790283,0.5657342117095535
BB-0989 BB-0212,"[989, 212]",[4],COC(=O)c1c(N)nc2n1CC(C(=O)N1CCOC(c3ccc(OC(F)(F)F)cc3)C1)CC2,6.340698719024658,0.565145175331065
BB-1919 BB-0943,"[1919, 943]",[79],CC(C#CC(=O)O)Nc1c(C=O)nc(N(C)C)n1-c1ccc(Br)cc1,6.317211151123047,0.5645451583647729
BB-1798 BB-0846,"[1798, 846]",[141],CC(C)Cn1c(N)c(C(O)(CCl)c2cc(C(=O)O)cc3nc(N)n(C)c23)c(=O)[nH]c1=O,6.36305570602417,0.5635654148680062
BB-1744 BB-0693,"[1744, 693]",[15],N#CC1(c2cccc(Sc3ccc(CC(=O)O)c([N+](=O)[O-])c3)n2)CCC1,6.3078107833862305,0.5632736604722309
BB-1907 BB-0337,"[1907, 337]",[15],CNC(C(=O)O)c1cc(OC)ccc1SC(C)C(=O)c1ccc2c(c1)CCC(=O)N2,6.363224029541016,0.5630525461297414
BB-1582 BB-1640,"[1582, 1640]",[63],CNC1CCOc2ccc(-c3cc(Cl)c4c(c3)CNCCO4)cc21,6.3617963790893555,0.5614305309415605
BB-0098 BB-1899,"[98, 1899]",[103],CC1(C)CN(c2ccccc2NC(=O)N2CC(C(=O)O)OC3(CCOCC3)C2)C1=O,6.356269359588623,0.559735877468711
BB-1798 BB-0846,"[1798, 846]",[125],CC(C)Cn1c(N)c(C(CCl)(OC(=O)c2cc(Br)c3c(c2)nc(N)n3C)C(=O)O)c(=O)[nH]c1=O,6.36305570602417,0.5586086407620245
BB-1570 BB-0097,"[1570, 97]",[15],CNCc1cc(OC)ccc1Sc1cccc(C2CC(=O)C2)c1,6.357895374298096,0.5582236595484307
BB-0764 BB-1016,"[764, 1016]",[112],CCN(Cc1nc2ccccc2c(=O)[nH]1)C(=O)c1cn[nH]c1C(C)(F)F,6.339230060577393,0.5580862406072418
BB-1131 BB-0376,"[1131, 376]",[49],CCOC(=O)c1cc(Br)cc(CC)c1Nc1ncnc2c1ncn2-c1ccc2c(c1)CCCC2=O,6.366854190826416,0.5577525471277262
BB-1392 BB-0768,"[1392, 768]",[49],CC12CC(Nc3ncnc4c3ncn4C(CC(=O)O)c3cccc(I)c3)(C1)C(CO)O2,6.343806743621826,0.5572484478346009
BB-1678 BB-1582,"[1678, 1582]",[28],CN(C(=O)NC(Cc1cc(C(F)(F)F)cnc1Cl)C(=O)O)C1CCOc2ccc(Br)cc21,6.362990856170654,0.5565702108158095
BB-1862 BB-0757,"[1862, 757]",[1],CCOC(=O)c1cc2c([nH]1)CCC(=Cc1cc(C)c(O)c(CC)c1)C2=O,6.350019931793213,0.5562422301475336
BB-0316 BB-0745,"[316, 745]",[63],N[C@H](CC(=O)O)Cc1ccccc1-c1ccc([C@@H]2CCO[C@H]2C(=O)O)cc1,6.364860534667969,0.5560010875289843
BB-1392 BB-0768,"[1392, 768]",[124],CC12CC(n3cnc4c(NC(CC(=O)O)c5cccc(I)c5)ncnc43)(C1)C(CO)O2,6.343806743621826,0.5559385954355938
BB-0096 BB-1221,"[96, 1221]",[66],COc1ccc(C(=O)CCC(=O)O)c(C(O)(CN)c2ccc(OC)c(Cl)c2)c1,6.37112283706665,0.5555221873664564
BB-1509 BB-0295,"[1509, 295]",[15],COCCn1c(N)c(C(=O)CSc2c(C)ccc(C(=O)OC)c2N)c(=O)[nH]c1=O,6.368828296661377,0.5548735501172332
BB-0074 BB-0109,"[74, 109]",[50],COC(=O)c1cc2c([nH]1)C(C(=O)O)(N(C)CC(=O)c1c[nH]c3ccc(F)cc13)CCC2,6.348252773284912,0.5541648969202985
BB-0846 BB-0806,"[846, 806]",[28],COC(=O)c1c(NC(=O)Nc2c(C(=O)CCl)c(=O)[nH]c(=O)n2CC(C)C)c(C#N)c2n1CCOC2,6.365951061248779,0.5541087587611918
BB-1636 BB-1236,"[1636, 1236]",[66],COC(=O)c1c(C2(O)CCCOc3c(Cl)cc(C)cc32)[nH]c2ccc(Br)cc12,6.355961799621582,0.5537445431210285
BB-0698 BB-0164,"[698, 164]",[62],CCOC(=O)C12CCCC1=CC(=O)C2C(=O)C1(F)CNCC12CCC2,6.344512939453125,0.5529400956531978
BB-0214 BB-0517,"[214, 517]",[30],CC(C)Cn1c2c(c(=O)n(C)c1=O)C(=O)CN2C(=O)C(=O)N1CCCC(O)(c2cn(C(C)C)nn2)C1,6.360949516296387,0.5518025275062487
BB-1798 BB-1193,"[1798, 1193]",[5],CCOc1ccc(Nc2nc3cc(C(=O)O)cc(Br)c3n2C)cc1CCN,6.36305570602417,0.550431145959112
BB-1470 BB-0337,"[1470, 337]",[125],CC(Br)C(OC(=O)/C=C/c1ccc(Cl)c(C(F)(F)F)c1)(C(=O)O)c1ccc2c(c1)CCC(=O)N2,6.307144641876221,0.5495649594725003
BB-1798 BB-1193,"[1798, 1193]",[49],CCOc1ccc(Cl)cc1CCn1cnc2c(Nc3nc4cc(C(=O)O)cc(Br)c4n3C)ncnc21,6.36305570602417,0.5494606192902761
BB-0337 BB-0894,"[337, 894]",[66],CC(Br)C(O)(c1ccc2c(c1)CCC(=O)N2)c1cccc(F)c1C(=O)N1CCNCC1,6.357180118560791,0.5490127074984295
BB-0557 BB-1112,"[557, 1112]",[33],CCCCCN1C(=O)C(NC(c2nccc(C)n2)C2CC2)c2ccccc21,6.3431806564331055,0.5488895404536412
BB-0840 BB-1691,"[840, 1691]",[79],CC(C)n1c(Nc2cccc(C3(C(=O)O)CCNCC3)c2)nc2ccc(F)cc21,6.363420486450195,0.5485700032021456
BB-1111 BB-1048,"[1111, 1048]",[28],COC(=O)C(NC(=O)N1CC(CC(=O)O)c2cc(Br)ccc21)c1cc(Cl)cc(Br)c1,6.363544464111328,0.5483045098504352
BB-0223 BB-0673,"[223, 673]",[5],Cc1cc2c(cc1Br)N(c1ccccc1C1(O)CCNCC1)CCC2,6.362344741821289,0.5476063921272332
BB-0692 BB-1871,"[692, 1871]",[15],COc1cc(Sc2ccc3c(c2)CCC(C(=O)O)N3)c2c(c1)C(=O)CCC2,6.3635172843933105,0.5471234698616357
BB-1353 BB-0830,"[1353, 830]",[15],Cn1cnc2ccc(Sc3ccc4c(c3)C(C(=O)O)CCO4)cc2c1=O,6.307182312011719,0.5458018780140352
BB-0214 BB-0517,"[214, 517]",[50],CC(C)Cn1c2c(c(=O)n(C)c1=O)C(OC1(c3cn(C(C)C)nn3)CCCNC1)(C(=O)O)CN2,6.360949516296387,0.5455875985008672
BB-1582 BB-1640,"[1582, 1640]",[15],CNC1CCOc2ccc(Sc3cc(Br)cc4c3OCCNC4)cc21,6.3617963790893555,0.5450048605765943
BB-0734 BB-0297,"[734, 297]",[49],O=C(O)c1cnc2c(c1)C(Nc1ncnc3c1ncn3[C@H]1CCc3c(Cl)cccc31)CCO2,6.357853889465332,0.5447319763676347
BB-0376 BB-1494,"[376, 1494]",[5],NCC(CO)Cc1ccc(F)c(Nc2ccc3c(c2)CCCC3=O)c1,6.363133430480957,0.5440243040206414
BB-0136 BB-1238,"[136, 1238]",[30],COC(=O)C1CN(C(=O)C(=O)N2Cc3nccc(O)c3C2)c2ccc(Br)cc21,6.341216564178467,0.5420535435436179
BB-1522 BB-1587,"[1522, 1587]",[103],CC1(C)CC(NC(=O)N2CCCC(n3ccc(C(=O)O)n3)C2)c2cccc(Br)c2O1,6.357766151428223,0.5378446270505866
BB-0846 BB-0618,"[846, 618]",[28],CCCc1ccc(NC(=O)Nc2c(C(=O)CCl)c(=O)[nH]c(=O)n2CC(C)C)c(C(=O)O)c1,6.365951061248779,0.5371299620588118
BB-1131 BB-1374,"[1131, 1374]",[28],CCOC(=O)c1cc(Br)cc(CC)c1NC(=O)N1CCC(c2ccccc2)OC(C)C1,6.366854190826416,0.5371216969464685
BB-0698 BB-0465,"[698, 465]",[30],CCOC(=O)C1(F)CN(C(=O)C(=O)N(CC(=O)O)Cc2c(F)cccc2Cl)CC12CCC2,6.344512939453125,0.5366737581303113
BB-1392 BB-0768,"[1392, 768]",[5],CC12CC(Nc3cccc(C(N)CC(=O)O)c3)(C1)C(CO)O2,6.343806743621826,0.5365532511663612
BB-1111 BB-1048,"[1111, 1048]",[63],COC(=O)C(N)c1cc(Cl)cc(-c2ccc3c(c2)C(CC(=O)O)CN3)c1,6.363544464111328,0.5364694473930224
BB-0698 BB-0208,"[698, 208]",[62],Cc1cc2c(cc1C)C(=O)C(C(=O)C1(F)CNCC13CCC3)CC2,6.344512939453125,0.5363642536782244
BB-0881 BB-1005,"[881, 1005]",[30],Cc1cc(Cl)cc(C#N)c1NC(=O)C(=O)N1C(=C(C#N)C(=O)CCl)N(C)c2ccccc21,6.362527847290039,0.536151505246221
BB-1522 BB-1587,"[1522, 1587]",[30],CC1(C)CC(NC(=O)C(=O)N2CCCC(n3ccc(C(=O)O)n3)C2)c2cccc(Br)c2O1,6.357766151428223,0.5346850455667538
BB-0337 BB-0393,"[337, 393]",[98],CC(OC(=O)C1CCNc2c1cccc2C(F)(F)F)C(=O)c1ccc2c(c1)CCC(=O)N2,6.357180118560791,0.534440399556849
BB-0734 BB-0297,"[734, 297]",[78],NC1CCOc2ncc(C(=O)N[C@H]3CCc4c(Cl)cccc43)cc21,6.357853889465332,0.5339044577850145
BB-1392 BB-0768,"[1392, 768]",[30],CC12CC(NC(=O)C(=O)NC(CC(=O)O)c3cccc(I)c3)(C1)C(CO)O2,6.343806743621826,0.5327378211361817
BB-1906 BB-1201,"[1906, 1201]",[33],Cc1c(Cl)c(O)cc(O)c1CN1CCc2cc(C(F)(F)F)[nH]c2C1,6.343385219573975,0.5311586617059226
BB-0528 BB-0452,"[528, 452]",[63],CCNC1CCSc2ccc(-c3cnc4sc(C(=O)OC)cc4c3)cc21,6.302861213684082,0.530836844444764
BB-1678 BB-1636,"[1678, 1636]",[24],Cc1cc2c(c(S(=O)(=O)c3ncc(C(F)(F)F)cc3CC(N)C(=O)O)c1)OCCCC2=O,6.362990856170654,0.5298133465141801
BB-1631 BB-0847,"[1631, 847]",[15],COC(=O)c1cc2c(Sc3ccc4[nH]c(C)c(C(=O)O)c4c3)ccc(C)c2[nH]1,6.304007053375244,0.5297777895911933
BB-1714 BB-0732,"[1714, 732]",[1],CNC(=O)c1cc(C)cc(C=CC(=O)CCc2cccc(C(F)(F)F)c2)c1,6.346866607666016,0.5290902967668316
BB-1288 BB-0964,"[1288, 964]",[4],CC(C)(c1nnc2n1CCCCC2)n1cc(NC(=O)C2(C#N)CCOCC2)cn1,6.345833778381348,0.5289760837825328
BB-0390 BB-1347,"[390, 1347]",[4],CCc1nc(C(C)C)ccc1C(=O)Nc1ccc2[nH]c(=O)[nH]c2c1,6.343384742736816,0.5283383961928669
BB-1846 BB-0846,"[1846, 846]",[70],CC(C)Cn1c(N)c(C(=O)C=Cc2cc(C(F)(F)F)ccc2N(C)CC(=O)O)c(=O)[nH]c1=O,6.288496017456055,0.5283035870625905
BB-1238 BB-0269,"[1238, 269]",[15],COC(=O)C1CNc2ccc(Sc3ccc4c(c3)C(=O)C(F)=CCC4)cc21,6.360935211181641,0.5281717962924667
BB-1922 BB-1768,"[1922, 1768]",[33],CCOC(=O)C(c1c(Br)nc(C)n1C)N1CCCCc2cc(Cl)ccc21,6.363813877105713,0.5278815995686286
BB-0251 BB-0244,"[251, 244]",[125],CN1CC(=O)N(C(C)(C(=O)O)/C(=C/c2ccc(Cl)c(Cl)c2)C(N)=O)c2ccc(Br)cc21,6.303483009338379,0.525500578433095
BB-0200 BB-1198,"[200, 1198]",[78],COC(=O)c1cc(C(=O)CCC(=O)Nc2ccccc2[C@@H]2C[C@H]2C(=O)OC)c[nH]1,6.35385274887085,0.5247104446341109
BB-1693 BB-1453,"[1693, 1453]",[41],CC(=O)Cn1c(Oc2ncnc3c2c(Br)nn3C(C)(C)C)nc2c1c(=O)[nH]c(=O)n2C,6.310648441314697,0.5242993190062584
BB-1245 BB-1851,"[1245, 1851]",[15],Cc1ccc2[nH]c(=O)ccc2c1Sc1cc2c(c(CCC(=O)O)c1)OCC2,6.305578231811523,0.5241835437131782
BB-0814 BB-0337,"[814, 337]",[125],COc1ccc(OC(C(=O)O)(c2ccc3c(c2)CCC(=O)N3)C(C)Br)c(C(C)N)c1,6.343062400817871,0.5231626018349017
BB-1629 BB-0238,"[1629, 238]",[30],CCn1c(NC(=O)C(=O)Nc2c(F)cc(C)cc2C(=O)O)c(-c2csc(C)n2)c(=O)[nH]c1=O,6.3572916984558105,0.5231425918466008
BB-0734 BB-0297,"[734, 297]",[28],O=C(NC1CCOc2ncc(C(=O)O)cc21)N[C@H]1CCc2c(Cl)cccc21,6.357853889465332,0.522053496880432
BB-1632 BB-0244,"[1632, 244]",[15],COC(=O)Cc1cc2c(c(Sc3ccc(/C=C(/C(C)=O)C(N)=O)cc3Cl)c1)OCC2,6.303065776824951,0.5220189479382319
BB-0503 BB-0806,"[503, 806]",[37],COC(=O)c1c(NC(=O)c2nocc2OC)c(C#N)c2n1CCOC2,6.009628772735596,0.5212700065437404
BB-1597 BB-1555,"[1597, 1555]",[33],CCOC(=O)C1(C)C=CC(NC(CN(C)C)c2ccc(Cl)cc2)CC1,6.3665266036987305,0.5212612539893593
BB-0214 BB-0411,"[214, 411]",[70],COc1ccc(OCC=C2CNc3c2c(=O)n(C)c(=O)n3CC(C)C)cc1OC,6.360949516296387,0.5183817482098824
BB-1570 BB-0097,"[1570, 97]",[71],COc1ccc(Br)c(CN(C)c2cccc(C3CC(=O)C3)c2)c1,6.357895374298096,0.517866538272551
BB-0698 BB-0164,"[698, 164]",[44],CCOC(=O)C1(F)CN(C23CCCC2(C(=O)OCC)CC(=O)C3)CC12CCC2,6.344512939453125,0.5176795881779687
BB-1753 BB-0080,"[1753, 80]",[108],COCCCC(Cc1ccccc1)NCc1cncc(C)c1Cl,6.318258285522461,0.5176559049399897
BB-0814 BB-0337,"[814, 337]",[41],COc1ccc(OC(C)C(=O)c2ccc3c(c2)CCC(=O)N3)c(C(C)N)c1,6.343062400817871,0.5175279683948377
BB-0881 BB-1005,"[881, 1005]",[33],Cc1cc(Cl)cc(C#N)c1NC(CCl)C(C#N)=C1Nc2ccccc2N1C,6.362527847290039,0.5170107159670122
BB-1245 BB-1851,"[1245, 1851]",[63],Cc1ccc2[nH]c(=O)ccc2c1-c1cc2c(c(CCC(=O)O)c1)OCC2,6.305578231811523,0.5141438735777365
BB-1475 BB-0725,"[1475, 725]",[125],COc1ccc(C(C(=O)O)(C2CCCN2)n2c(C)c(C=O)c3ncccc32)cc1,6.268283843994141,0.5133735993277737
BB-0074 BB-0109,"[74, 109]",[125],CNCC(C(=O)O)(c1c[nH]c2ccc(F)cc12)n1c(C(=O)OC)cc2c1C(=O)CCC2,6.348252773284912,0.5126002898005773
BB-0136 BB-1238,"[136, 1238]",[112],O=C(C1CNc2ccc(Br)cc21)N1Cc2nccc(O)c2C1,6.341216564178467,0.5122320148535684
BB-0538 BB-1400,"[538, 1400]",[4],O=Cc1c(C(=O)N[C@@H](Cc2ccc([N+](=O)[O-])cc2)C(=O)O)cc2n1CCCC2,6.359602928161621,0.5119906819988034
BB-1887 BB-1317,"[1887, 1317]",[50],COC(=O)c1ccc2c(c1)CCC2(OC(=O)[C@H]1Cc2ccc(C)cc2[C@H]1N)C(=O)O,6.344454288482666,0.5115167633982426
BB-1674 BB-1332,"[1674, 1332]",[71],O=C(O)C1CCc2ccc(NCc3cc(Br)cc(OC(F)(F)F)c3)cc2O1,6.3054704666137695,0.5108394942608072
BB-1703 BB-1747,"[1703, 1747]",[4],COc1cc(C2(CNC(=O)c3cnc(O)c(Cl)c3)CCC2)ccn1,6.342270851135254,0.5092868951582844
BB-1871 BB-1641,"[1871, 1641]",[50],COc1cc(Cl)c2c(c1)C(C(=O)O)(N1CCN(c3ccc(C(C)=O)cc3)C1=O)CCC2,6.357912063598633,0.5087393903154076
BB-1238 BB-0089,"[1238, 89]",[15],COC(=O)C1CNc2ccc(Sc3ccc4c(c3F)C3(CNCC(C)C3)OC(=O)N4)cc21,6.360935211181641,0.508089491806977
BB-1755 BB-0894,"[1755, 894]",[78],O=C(c1c(F)cccc1Cl)N1CCN(C(=O)c2cccc[n+]2[O-])CC1,6.154458045959473,0.507623279755036
BB-0316 BB-1863,"[316, 1863]",[124],CC(Nc1ncnc2c1ncn2[C@H](CC(=O)O)Cc1ccccc1Br)(C(=O)O)c1ccc(C(F)(F)F)cc1,6.364860534667969,0.5075384362493756
BB-0692 BB-1871,"[692, 1871]",[5],COc1cc2c(c(N3c4ccc(Br)cc4CCC3C(=O)O)c1)CCCC2=O,6.3635172843933105,0.5068587581896121
BB-1509 BB-0295,"[1509, 295]",[28],COCCn1c(NC(=O)Nc2c(C(=O)OC)ccc(C)c2Br)c(C(=O)CCl)c(=O)[nH]c1=O,6.368828296661377,0.5052135109845038
BB-1570 BB-0097,"[1570, 97]",[108],COc1ccc(Br)c(CN(C)C2CC(c3cccc(Br)c3)C2)c1,6.357895374298096,0.5049927224094842
BB-1907 BB-0337,"[1907, 337]",[125],COc1ccc(Br)c(C(C(=O)O)N(C)C(C(=O)O)(c2ccc3c(c2)CCC(=O)N3)C(C)Br)c1,6.363224029541016,0.5039634695905774
BB-1265 BB-1201,"[1265, 1201]",[41],Cc1nc(C(CN)Oc2c(O)cc(O)c(C=O)c2C)cs1,6.343265056610107,0.50349023021618
BB-0936 BB-0337,"[936, 337]",[125],CC(Br)C(OCCCN1CCCC(N)C1)(C(=O)O)c1ccc2c(c1)CCC(=O)N2,6.3473429679870605,0.5024454534988534
BB-1852 BB-1270,"[1852, 1270]",[24],CCC(Oc1ccccc1S(=O)(=O)c1cc(Cl)c(NN)cc1F)C(=O)O,6.305399417877197,0.5023167513262438
BB-0648 BB-1397,"[648, 1397]",[4],Cn1c(C(=O)NS(=O)(=O)C2c3ccccc3-c3ccccc32)c(Cl)c2ccc(Cl)cc21,6.196527481079102,0.5008249165454944
BB-1919 BB-1636,"[1919, 1636]",[141],Cc1cc(Cl)c2c(c1)C(O)(c1c(C=O)nc(N(C)C)n1-c1ccc(Br)cc1)CCCO2,6.317211151123047,0.5004991133018435
BB-1266 BB-0337,"[1266, 337]",[66],Cc1cc2c(cc1Br)OCCC2(O)C(C)C(=O)c1ccc2c(c1)CCC(=O)N2,6.35739803314209,0.49863296928448053
BB-0000 BB-1266,"[0, 1266]",[125],Cc1cc2c(cc1Br)OCCC2(C(=O)O)N1Cc2cc(Br)ccc2NS1(=O)=O,6.351826190948486,0.49767722528310493
BB-0223 BB-0673,"[223, 673]",[30],Cc1cc2c(cc1Br)N(C(=O)C(=O)N1CCC(O)(c3ccccc3Cl)CC1)CCC2,6.362344741821289,0.4973832236763948
BB-1509 BB-0295,"[1509, 295]",[49],COCCn1c(Nc2ncnc3c2ncn3-c2c(C(=O)OC)ccc(C)c2Br)c(C(=O)CCl)c(=O)[nH]c1=O,6.368828296661377,0.49706520686577943
BB-0881 BB-1005,"[881, 1005]",[79],Cc1cc(N2C(=C(C#N)C(=O)CCl)N(C)c3ccccc32)cc(C#N)c1N,6.362527847290039,0.4958091767017717
BB-1213 BB-1943,"[1213, 1943]",[125],CCC(C(=O)O)(c1cccc(Br)c1)N1C(=O)C(=O)c2c(C)cc(C)cc21,6.338798522949219,0.4955735906853891
BB-1131 BB-1253,"[1131, 1253]",[28],CCOC(=O)c1cc(Br)cc(CC)c1NC(=O)Nc1cc(Cl)ccc1C(=O)C1CCCOC1,6.366854190826416,0.4951195023694402
BB-1636 BB-1862,"[1636, 1862]",[50],CCOC(=O)c1cc2c(n1C1(C(=O)O)CCCOc3c(Cl)cc(C)cc31)CCCC2=O,6.355961799621582,0.4929967051029888
BB-1364 BB-0892,"[1364, 892]",[28],COc1ccc(C(NC(=O)NCC(c2ccccc2)C(C)(C)CO)C(F)(F)F)cc1Br,6.363093376159668,0.4923254179605499
BB-1703 BB-1747,"[1703, 1747]",[5],COc1cc(C2(CNc3cc(C(=O)O)cnc3O)CCC2)ccn1,6.342270851135254,0.49218736759672727
BB-1238 BB-0089,"[1238, 89]",[30],COC(=O)C1CN(C(=O)C(=O)N2CC(C)CC3(C2)OC(=O)Nc2ccc(Cl)c(F)c23)c2ccc(Br)cc21,6.360935211181641,0.48966046226751075
BB-0686 BB-1048,"[686, 1048]",[73],CCCCC1CCC(NC(=O)N2CC(CC(=O)O)c3cc(Br)ccc32)CC1,6.007867336273193,0.4885756756490299
BB-1509 BB-0295,"[1509, 295]",[124],COCCn1c(-n2cnc3c(Nc4c(C(=O)OC)ccc(C)c4Br)ncnc32)c(C(=O)CCl)c(=O)[nH]c1=O,6.368828296661377,0.48843240689205103
BB-1714 BB-0655,"[1714, 655]",[70],COc1ccc(F)cc1CC=C(C)CCc1cccc(C(F)(F)F)c1,6.346866607666016,0.4878652186703735
BB-0244 BB-0467,"[244, 467]",[15],COC(=O)c1ccc(Sc2ccc(/C=C(/C(C)=O)C(N)=O)cc2Cl)c2c1CCNC2C,6.3590617179870605,0.48784129121302144
BB-0692 BB-1871,"[692, 1871]",[33],COc1cc(Cl)c2c(c1)C(N1c3ccc(Br)cc3CCC1C(=O)O)CCC2,6.3635172843933105,0.48735300052467706
BB-1392 BB-0768,"[1392, 768]",[4],CC12CC(NC(=O)CC(N)c3cccc(I)c3)(C1)C(CO)O2,6.343806743621826,0.4808668283972584
BB-1238 BB-0794,"[1238, 794]",[4],COC(=O)C1CN(C(=O)COc2ccc(C)c3c2C(=O)CC3C)c2ccc(Br)cc21,6.360935211181641,0.47879468655761387
BB-0907 BB-0846,"[907, 846]",[24],CC(C)Cn1c(N)c(C(=O)CS(=O)(=O)c2nc(C3CC3)nc3c2CCC3)c(=O)[nH]c1=O,6.301666259765625,0.4786455129513299
BB-0950 BB-1064,"[950, 1064]",[15],COCc1cc(Sc2ccc(C)cc2)cc(C(=O)O)c1,6.305784702301025,0.4775323889240346
BB-1697 BB-1609,"[1697, 1609]",[146],CCC(Br)c1ccc(N2CCc3cc(Br)c(OC)cc3C2)cc1,6.362819671630859,0.4743584291936665
BB-0321 BB-1447,"[321, 1447]",[119],COC(=O)C1CCCCC1(NC1(C(=O)OC)CC(c2ccccc2Cl)C1)B1OC(C)(C)C(C)(C)O1,6.0426788330078125,0.47393304341794434
BB-1131 BB-0376,"[1131, 376]",[71],CCOC(=O)c1cc(Nc2ccc3c(c2)CCCC3=O)cc(CC)c1N,6.366854190826416,0.4735617552778058
BB-1582 BB-1640,"[1582, 1640]",[30],CN(C(=O)C(=O)N1CCOc2c(Cl)cc(Br)cc2C1)C1CCOc2ccc(Br)cc21,6.3617963790893555,0.473440558782986
BB-1131 BB-1374,"[1131, 1374]",[30],CCOC(=O)c1cc(Br)cc(CC)c1NC(=O)C(=O)N1CCC(c2ccccc2)OC(C)C1,6.366854190826416,0.47231846321715926
BB-1372 BB-0832,"[1372, 832]",[8],CCOC(=O)C1Cc2c(C)cccc2-c2nc3ccncc3c(C(C)C)c21,6.342898845672607,0.4690163332012788
BB-1522 BB-1587,"[1522, 1587]",[78],CC1(C)CC(NC(=O)c2ccn(C3CCCNC3)n2)c2cccc(Br)c2O1,6.357766151428223,0.46765706033423293
BB-1798 BB-0846,"[1798, 846]",[30],CC(C)Cn1c(NC(=O)C(=O)Nc2nc3cc(C(=O)O)cc(Br)c3n2C)c(C(=O)CCl)c(=O)[nH]c1=O,6.36305570602417,0.46600340501602305
BB-1663 BB-0440,"[1663, 440]",[66],CCOC(=O)C(C)OCCC1(O)CCCc2oc(=O)c(C(=O)O)cc21,6.354220390319824,0.4659782839907928
BB-1305 BB-1104,"[1305, 1104]",[5],COc1ccc(N2CCCC(CNC(=O)c3ccco3)C2)cc1NCCC(=O)O,6.3423566818237305,0.465505039300811
BB-1863 BB-0358,"[1863, 358]",[5],COc1ccc(C(C)C(=O)O)cc1NC(C)(C(=O)O)c1ccc(C(F)(F)F)cc1,6.356030464172363,0.46540927473053184
BB-1447 BB-0295,"[1447, 295]",[124],COC(=O)c1ccc(C)c(Br)c1Nc1ncnc2c1ncn2C1(C(=O)OC)CC(c2ccccc2Cl)C1,6.362763404846191,0.46239433563783483
BB-1240 BB-1871,"[1240, 1871]",[5],COc1cc(NCc2c(F)ccc3[nH]cnc23)c2c(c1)C(=O)CCC2,6.344388961791992,0.46233398682642785
BB-1943 BB-1871,"[1943, 1871]",[66],CCC(O)(c1cccc(Br)c1)c1cc(OC)cc2c1CCCC2=O,6.359161853790283,0.4622335342810287
BB-1447 BB-0295,"[1447, 295]",[28],COC(=O)c1ccc(C)c(Br)c1NC(=O)NC1(C(=O)OC)CC(c2ccccc2Cl)C1,6.362763404846191,0.4604650178570618
BB-1798 BB-1640,"[1798, 1640]",[28],Cn1c(NC(=O)N2CCOc3c(Cl)cc(Br)cc3C2)nc2cc(C(=O)O)cc(Br)c21,6.36305570602417,0.4594609946734787
BB-1392 BB-0768,"[1392, 768]",[126],CC12CC(N)(C1)C(COC(=O)CC(N)c1cccc(I)c1)O2,6.343806743621826,0.4594163049355368
BB-0140 BB-1639,"[140, 1639]",[28],O=C(NC[C@@]12CCCC[C@]1(C(=O)O)C2)NC1CCc2c(C(=O)O)cc(C(=O)O)cc21,6.356330871582031,0.4593364709947907
BB-0881 BB-1005,"[881, 1005]",[28],Cc1cc(Cl)cc(C#N)c1NC(=O)N1C(=C(C#N)C(=O)CCl)N(C)c2ccccc21,6.362527847290039,0.45779496920035767
BB-1597 BB-1555,"[1597, 1555]",[44],CCOC(=O)C1(C)CCC(=O)CC1NC(CN(C)C)c1ccc(Cl)cc1,6.3665266036987305,0.45737522153647076
BB-0559 BB-1398,"[559, 1398]",[33],CC(Nc1cc(C(F)(F)F)ncc1Br)c1c[nH]c2ccc([N+](=O)[O-])cc12,6.36427116394043,0.4567167675747074
BB-0936 BB-0337,"[936, 337]",[5],CC(NC1CCCN(CCCO)C1)C(=O)c1ccc2c(c1)CCC(=O)N2,6.3473429679870605,0.4557638672048385
BB-1798 BB-0846,"[1798, 846]",[71],CC(C)Cn1c(Nc2cc(C(=O)O)cc3nc(N)n(C)c23)c(C(=O)CCl)c(=O)[nH]c1=O,6.36305570602417,0.45487988269541324
BB-0223 BB-1750,"[223, 1750]",[30],CC(=O)NC1(c2nc(C)cs2)CCN(C(=O)C(=O)N2CCCc3cc(C)c(Br)cc32)C1,6.362344741821289,0.45437353656296464
BB-0618 BB-1364,"[618, 1364]",[28],CCCc1ccc(NC(=O)NC(c2ccc(OC)c(Br)c2)C(F)(F)F)c(C(=O)O)c1,6.354475498199463,0.4541187355025848
BB-1933 BB-1663,"[1933, 1663]",[33],COc1ccc(Cl)c(CNC2CCCc3oc(=O)c(C(=O)O)cc32)c1,6.363797664642334,0.45256323633801343
BB-0527 BB-0208,"[527, 208]",[141],Cc1cc2c(cc1C)C(O)(c1cn([C@@H]3O[C@H](CO)[C@@H](O)[C@H]3O)c(=O)[nH]c1=O)CCC2,6.347207069396973,0.4522016274831691
BB-0846 BB-1380,"[846, 1380]",[4],CCOC(=O)c1c(/C=C/C(=O)Nc2c(C(=O)CCl)c(=O)[nH]c(=O)n2CC(C)C)c(C)n(CC)c1C,6.365951061248779,0.45053560566340395
BB-0806 BB-0804,"[806, 804]",[49],COC(=O)c1c(Nc2ncnc3c2ncn3-c2oc3ccc(F)cc3c(=O)c2C=O)c(C#N)c2n1CCOC2,6.3495330810546875,0.4504558025176251
BB-0721 BB-0337,"[721, 337]",[66],CC(=O)N1CC2CCC(O)(C(C)C(=O)c3ccc4c(c3)CCC(=O)N4)c3cccc1c32,6.344073295593262,0.449386295487548
BB-0101 BB-1150,"[101, 1150]",[66],CCCCO/C=C/C(O)(c1[nH]nc(C(=O)OCC)c1C)C(F)(F)F,6.333353519439697,0.44711509217394685
BB-0878 BB-0205,"[878, 205]",[30],CN(Cc1cc2c(cc1Br)OCO2)C(=O)C(=O)N1CCC(Oc2ncccc2Br)CC1,6.363622188568115,0.44580533911283227
BB-1509 BB-0295,"[1509, 295]",[5],COCCn1c(Nc2c(C)ccc(C(=O)OC)c2N)c(C(=O)CCl)c(=O)[nH]c1=O,6.368828296661377,0.44528148176435756
BB-1837 BB-1943,"[1837, 1943]",[65],CCC(=O)c1cccc(C(=O)c2ccc(N3CCCNCC3)c(F)c2)c1,6.341316223144531,0.44463340212875985
BB-1265 BB-1201,"[1265, 1201]",[33],Cc1nc(C(O)CNCc2c(O)cc(O)c(Cl)c2C)cs1,6.343265056610107,0.4443816478019071
BB-0848 BB-0022,"[848, 22]",[41],COC(=O)CCNc1ncc(C)cc1OC1(c2cccc(C(F)(F)F)c2)CCNCC1,6.341837406158447,0.44373556166959494
BB-0846 BB-0424,"[846, 424]",[98],CC(C)Cn1c(N)c(C(=O)COC(=O)CCN2C(=O)C(=O)c3ccc(F)cc32)c(=O)[nH]c1=O,6.365951061248779,0.4431141251920577
BB-0468 BB-1672,"[468, 1672]",[71],CC(=O)C(C#N)c1cccc(N2CCC3CCCC2C3)c1,6.360671520233154,0.44273078394768894
BB-0846 BB-0618,"[846, 618]",[124],CCCc1ccc(Nc2ncnc3c2ncn3-c2c(C(=O)CCl)c(=O)[nH]c(=O)n2CC(C)C)c(C(=O)O)c1,6.365951061248779,0.44173023527202154
BB-0028 BB-1387,"[28, 1387]",[30],CCn1c(NC(=O)C(=O)N2C[C@@H](C(=O)OC)[C@H](c3cc(F)cc(F)c3)C2)c(C(=O)CCl)c(=O)[nH]c1=O,6.368100166320801,0.4412632232540688
BB-0337 BB-0894,"[337, 894]",[79],CC(C(=O)c1ccc2c(c1)CCC(=O)N2)N1CCN(C(=O)c2c(F)cccc2Cl)CC1,6.357180118560791,0.43864081167483
BB-0337 BB-0393,"[337, 393]",[50],CC(Br)C(OC(=O)C1CCNc2c1cccc2C(F)(F)F)(C(=O)O)c1ccc2c(c1)CCC(=O)N2,6.357180118560791,0.43854145838847247
BB-0915 BB-0324,"[915, 324]",[79],CCOC(=O)c1sc2ncc(C(=O)OC)cc2c1Nc1cc(C)c2c(c1)C(=O)CCCO2,6.359794616699219,0.43728341252794295
BB-0846 BB-0506,"[846, 506]",[30],Cc1ccc(-c2cccc(Cl)c2)cc1NC(=O)C(=O)Nc1c(C(=O)CCl)c(=O)[nH]c(=O)n1CC(C)C,6.365951061248779,0.4372028882564441
BB-0077 BB-0335,"[77, 335]",[36],COc1cccc2c1C(c1nc(-c3ccc(OCC(F)(F)F)cc3)no1)CC2=O,6.043357849121094,0.43621847966913757
BB-1753 BB-0080,"[1753, 80]",[71],COCCCC(Cc1ccccc1)Nc1c(C)cncc1C=O,6.318258285522461,0.43597239948005856
BB-1171 BB-1364,"[1171, 1364]",[81],COc1ccc(C(NS(=O)(=O)c2cc(C(=O)O)c(Br)cc2OC)C(F)(F)F)cc1Br,6.308138847351074,0.43478819284774534
BB-1387 BB-0719,"[1387, 719]",[30],COC(=O)[C@@H]1CN(C(=O)C(=O)N2CCCC2C(=O)N2CCCCCC2)C[C@H]1c1cc(F)cc(F)c1,6.340521812438965,0.4331582147177795
BB-0846 BB-0618,"[846, 618]",[49],CCCc1ccc(-n2cnc3c(Nc4c(C(=O)CCl)c(=O)[nH]c(=O)n4CC(C)C)ncnc32)c(C(=O)O)c1,6.365951061248779,0.4331371723056125
BB-0316 BB-1863,"[316, 1863]",[49],CC(C(=O)O)(c1ccc(C(F)(F)F)cc1)n1cnc2c(N[C@H](CC(=O)O)Cc3ccccc3Br)ncnc21,6.364860534667969,0.4324035350542619
BB-1305 BB-1104,"[1305, 1104]",[30],COc1ccc(Cl)cc1N(CCC(=O)O)C(=O)C(=O)N1CCCC(CNC(=O)c2ccco2)C1,6.3423566818237305,0.43223145498717797
BB-0096 BB-1221,"[96, 1221]",[4],COc1ccc(C(=O)CCC(=O)NCC(=O)c2ccc(OC)c(Cl)c2)c(Cl)c1,6.37112283706665,0.42896964341121213
BB-1131 BB-1253,"[1131, 1253]",[30],CCOC(=O)c1cc(Br)cc(CC)c1NC(=O)C(=O)Nc1cc(Cl)ccc1C(=O)C1CCCOC1,6.366854190826416,0.428634609150249
BB-1896 BB-0337,"[1896, 337]",[15],Cc1cc2c(cc1SC(C)C(=O)c1ccc3c(c1)CCC(=O)N3)C(=O)CCO2,6.35692834854126,0.42649068300915394
BB-0101 BB-1150,"[101, 1150]",[50],CCCCO/C=C/C(C(=O)O)(n1nc(C(=O)OCC)c(C)c1Br)C(F)(F)F,6.333353519439697,0.42619544619796
BB-0207 BB-0811,"[207, 811]",[30],CC(NC(=O)C(=O)N1CCCCC1c1ncc(C(F)(F)F)cn1)C(=O)N1CCc2ccccc21,6.3456902503967285,0.42532339591386265
BB-0698 BB-0465,"[698, 465]",[37],O=C(O)CN(Cc1c(F)cccc1Cl)C(=O)C1(F)CNCC12CCC2,6.344512939453125,0.4243180766768509
BB-1846 BB-0846,"[1846, 846]",[23],CC(C)Cn1c(N)c(C(=O)COC(=O)CN(C)c2ccc(C(F)(F)F)cc2C=O)c(=O)[nH]c1=O,6.288496017456055,0.42173791372621283
BB-0244 BB-0467,"[244, 467]",[24],COC(=O)c1ccc(S(=O)(=O)c2ccc(/C=C(/C(C)=O)C(N)=O)cc2Cl)c2c1CCNC2C,6.3590617179870605,0.4204703439407794
BB-1131 BB-1253,"[1131, 1253]",[33],CCOC(=O)c1cc(Br)cc(CC)c1NC(c1ccc(Cl)cc1N)C1CCCOC1,6.366854190826416,0.4200270267205123
BB-1819 BB-0097,"[1819, 97]",[30],CCOC(=O)c1nc(C2CC2)n(Cc2ccccc2)c1NC(=O)C(=O)N(C)Cc1cc(OC)ccc1Br,6.350314140319824,0.41937632892434124
BB-1597 BB-1555,"[1597, 1555]",[141],CCOC(=O)C1(C)C=CC(O)(c2ccc(C(N)CN(C)C)cc2)CC1,6.3665266036987305,0.4187050522041584
BB-1266 BB-0337,"[1266, 337]",[15],Cc1cc2c(cc1SC(C)C(=O)c1ccc3c(c1)CCC(=O)N3)OCCC2=O,6.35739803314209,0.41636838149484046
BB-1131 BB-0376,"[1131, 376]",[28],CCOC(=O)c1cc(Br)cc(CC)c1NC(=O)Nc1ccc2c(c1)CCCC2=O,6.366854190826416,0.41581507841224025
BB-1798 BB-1640,"[1798, 1640]",[30],Cn1c(NC(=O)C(=O)N2CCOc3c(Cl)cc(Br)cc3C2)nc2cc(C(=O)O)cc(Br)c21,6.36305570602417,0.4133828457586165
BB-1597 BB-1555,"[1597, 1555]",[112],CN(C)CC(NC(=O)C1(C)C=CC(=O)CC1)c1ccc(Cl)cc1,6.3665266036987305,0.41108256171589685
BB-0207 BB-0811,"[207, 811]",[28],CC(NC(=O)N1CCCCC1c1ncc(C(F)(F)F)cn1)C(=O)N1CCc2ccccc21,6.3456902503967285,0.40956800451109954
BB-1364 BB-0892,"[1364, 892]",[30],COc1ccc(C(NC(=O)C(=O)NCC(c2ccccc2)C(C)(C)CO)C(F)(F)F)cc1Br,6.363093376159668,0.4082398615815704
BB-0288 BB-0228,"[288, 228]",[5],CC(=O)c1cc(C)cc(N2CC3CC2(c2ccnn2C)C3)c1O,6.342730522155762,0.40787380103939563
BB-0376 BB-1494,"[376, 1494]",[28],O=C(NCC(CO)Cc1ccc(F)c(Br)c1)Nc1ccc2c(c1)CCCC2=O,6.363133430480957,0.40751292372919545
BB-0113 BB-0847,"[113, 847]",[50],CCCCCC(C(=O)O)(c1c(O)cc(O)cc1O)n1c(C(=O)OC)cc2c(Br)ccc(C)c21,6.352838039398193,0.404689040940189
BB-0269 BB-0393,"[269, 393]",[108],O=C(O)C1CCN(C2C(F)=CCCc3ccc(Br)cc32)c2c1cccc2C(F)(F)F,6.356926918029785,0.4035897245575683
BB-1509 BB-0295,"[1509, 295]",[30],COCCn1c(NC(=O)C(=O)Nc2c(C(=O)OC)ccc(C)c2Br)c(C(=O)CCl)c(=O)[nH]c1=O,6.368828296661377,0.39859759612653406
BB-1819 BB-0097,"[1819, 97]",[28],CCOC(=O)c1nc(C2CC2)n(Cc2ccccc2)c1NC(=O)N(C)Cc1cc(OC)ccc1Br,6.350314140319824,0.39820812463047733
BB-0316 BB-0745,"[316, 745]",[15],N[C@H](CC(=O)O)Cc1ccccc1Sc1ccc([C@@H]2CCO[C@H]2C(=O)O)cc1,6.364860534667969,0.3981584265678812
BB-1815 BB-0707,"[1815, 707]",[112],COc1c(Cl)cc(NC(=O)c2cc3c([nH]2)CNCC3)cc1Cl,6.364068984985352,0.3980745293087817
BB-0337 BB-0846,"[337, 846]",[125],CC(C)Cn1c(N)c(C(CCl)(C(=O)O)N2C(=O)CCc3cc(C(=O)C(C)Br)ccc32)c(=O)[nH]c1=O,6.357180118560791,0.3979853767637147
BB-1922 BB-1768,"[1922, 1768]",[125],CCOC(=O)C(C(=O)O)(c1c(Br)nc(C)n1C)N1CCCCc2cc(Cl)ccc21,6.363813877105713,0.3974824495596132
BB-0746 BB-0452,"[746, 452]",[108],CCN(C1CCC(CC(C)C)C1)C1CCSc2ccc(Br)cc21,6.345064640045166,0.39633487311297977
BB-1678 BB-1582,"[1678, 1582]",[30],CN(C(=O)C(=O)NC(Cc1cc(C(F)(F)F)cnc1Cl)C(=O)O)C1CCOc2ccc(Br)cc21,6.362990856170654,0.39591274864075127
BB-1663 BB-0440,"[1663, 440]",[137],CC(OCCBr)C(=O)C1CCc2oc(=O)c(C(=O)O)cc2C1=O,6.354220390319824,0.39522189680280145
BB-1364 BB-0892,"[1364, 892]",[49],COc1ccc(C(Nc2ncnc3c2ncn3CC(c2ccccc2)C(C)(C)CO)C(F)(F)F)cc1Br,6.363093376159668,0.39390392288880016
BB-1470 BB-0337,"[1470, 337]",[15],CC(Sc1ccc(/C=C/C(=O)O)cc1C(F)(F)F)C(=O)c1ccc2c(c1)CCC(=O)N2,6.307144641876221,0.3932173509902784
BB-1111 BB-1048,"[1111, 1048]",[15],COC(=O)C(N)c1cc(Br)cc(Sc2ccc3c(c2)C(CC(=O)O)CN3)c1,6.363544464111328,0.3931233368150774
BB-1236 BB-1693,"[1236, 1693]",[116],COC(=O)c1c(Oc2ncnc3c2c(Br)nn3C(C)(C)C)[nH]c2ccc(Br)cc12,6.301901340484619,0.38889787286869676
BB-0174 BB-0618,"[174, 618]",[119],CCCc1ccc(NC(CC(=O)O)c2cc(Cl)c3c(c2)OCCCO3)c(C(=O)O)c1,6.304903984069824,0.3878767949534076
BB-0528 BB-0452,"[528, 452]",[15],CCNC1CCSc2ccc(Sc3cnc4sc(C(=O)OC)cc4c3)cc21,6.302861213684082,0.3872089970855525
BB-0881 BB-1005,"[881, 1005]",[15],Cc1cc(SCC(=O)C(C#N)=C2Nc3ccccc3N2C)cc(C#N)c1N,6.362527847290039,0.38571980147433194
BB-0921 BB-1682,"[921, 1682]",[49],O=C(Cn1cnc2c(NC3CCCN(c4ccccc4F)C3=O)ncnc21)c1ccc(Br)cc1,6.342893123626709,0.3848583405751199
BB-1495 BB-0706,"[1495, 706]",[50],COC(=O)CCCCC(OC(=O)[C@H]1C[C@@]12CCCc1ccccc12)(C(=O)O)C(F)(F)F,6.34535026550293,0.3835809161050837
BB-0846 BB-0506,"[846, 506]",[79],Cc1ccc(-c2cccc(Cl)c2)cc1NCC(=O)c1c(N)n(CC(C)C)c(=O)[nH]c1=O,6.365951061248779,0.37947899773652466
BB-0316 BB-1863,"[316, 1863]",[30],CC(NC(=O)C(=O)N[C@H](CC(=O)O)Cc1ccccc1Br)(C(=O)O)c1ccc(C(F)(F)F)cc1,6.364860534667969,0.3784077179552716
BB-1096 BB-0269,"[1096, 269]",[15],CCCOCCSc1ccc2c(c1)C(=O)C(F)=CCC2,6.345754146575928,0.3777367710718547
BB-0846 BB-0506,"[846, 506]",[15],Cc1ccc(-c2cccc(SCC(=O)c3c(N)n(CC(C)C)c(=O)[nH]c3=O)c2)cc1N,6.365951061248779,0.3769900724976255
BB-0734 BB-0297,"[734, 297]",[124],O=C(O)c1cnc2c(c1)C(n1cnc3c(N[C@H]4CCc5c(Cl)cccc54)ncnc31)CCO2,6.357853889465332,0.3754244808134909
BB-1919 BB-1636,"[1919, 1636]",[24],Cc1cc2c(c(S(=O)(=O)c3c(C=O)nc(N(C)C)n3-c3ccc(Br)cc3)c1)OCCCC2=O,6.317211151123047,0.3753988791641708
BB-0208 BB-1556,"[208, 1556]",[50],Cc1cc2c(cc1C)C(OC[C@@H](N)C1CCCCC1)(C(=O)O)CCC2,6.344978332519531,0.3729368221565934
BB-0734 BB-0297,"[734, 297]",[30],O=C(NC1CCOc2ncc(C(=O)O)cc21)C(=O)N[C@H]1CCc2c(Cl)cccc21,6.357853889465332,0.37253136879557663
BB-0881 BB-1005,"[881, 1005]",[24],Cc1cc(S(=O)(=O)CC(=O)C(C#N)=C2Nc3ccccc3N2C)cc(C#N)c1N,6.362527847290039,0.3711480774870203
BB-0846 BB-0806,"[846, 806]",[124],COC(=O)c1c(Nc2ncnc3c2ncn3-c2c(C(=O)CCl)c(=O)[nH]c(=O)n2CC(C)C)c(C#N)c2n1CCOC2,6.365951061248779,0.3694221097925663
BB-0288 BB-0228,"[288, 228]",[33],Cc1cc(Cl)c(O)c(C(C)N2CC3CC2(c2ccnn2C)C3)c1,6.342730522155762,0.36383688105263023
BB-0846 BB-0806,"[846, 806]",[30],COC(=O)c1c(NC(=O)C(=O)Nc2c(C(=O)CCl)c(=O)[nH]c(=O)n2CC(C)C)c(C#N)c2n1CCOC2,6.365951061248779,0.3629944959315653
BB-1364 BB-0892,"[1364, 892]",[71],COc1ccc(C(N)C(F)(F)F)cc1NCC(c1ccccc1)C(C)(C)CO,6.363093376159668,0.36168626766399337
BB-1131 BB-1253,"[1131, 1253]",[15],CCOC(=O)c1cc(Sc2ccc(C(=O)C3CCCOC3)c(N)c2)cc(CC)c1N,6.366854190826416,0.3607991211092213
BB-1111 BB-1048,"[1111, 1048]",[30],COC(=O)C(NC(=O)C(=O)N1CC(CC(=O)O)c2cc(Br)ccc21)c1cc(Cl)cc(Br)c1,6.363544464111328,0.35780063190912675
BB-0846 BB-1029,"[846, 1029]",[33],CC(C)Cn1c(NC2c3cc(Br)ccc3CC2C(F)(F)F)c(C(=O)CCl)c(=O)[nH]c1=O,6.365951061248779,0.3567820321697885
BB-0618 BB-1364,"[618, 1364]",[49],CCCc1ccc(Nc2ncnc3c2ncn3C(c2ccc(OC)c(Br)c2)C(F)(F)F)c(C(=O)O)c1,6.354475498199463,0.3521770106807581
BB-1815 BB-0707,"[1815, 707]",[28],COC(=O)c1cc2c([nH]1)CN(C(=O)Nc1cc(Cl)c(OC)c(Cl)c1)CC2,6.364068984985352,0.34794894035271595
BB-1862 BB-1798,"[1862, 1798]",[37],Cn1c(NC(=O)c2cc3c([nH]2)CCCC3=O)nc2cc(C(=O)O)cc(Br)c21,6.350019931793213,0.3469381214942804
BB-1062 BB-1710,"[1062, 1710]",[70],Cc1ccc(N2CCC(=CC(=O)C(C#N)=C3C=CN(C)C=C3)CC2=O)cc1,6.344877243041992,0.33988284612767256
BB-1447 BB-0295,"[1447, 295]",[49],COC(=O)c1ccc(C)c(Br)c1-n1cnc2c(NC3(C(=O)OC)CC(c4ccccc4Cl)C3)ncnc21,6.362763404846191,0.3397642705240839
BB-0251 BB-0244,"[251, 244]",[15],CC(=O)/C(=C/c1ccc(Sc2ccc3c(c2)N(C)CC(=O)N3)c(Cl)c1)C(N)=O,6.303483009338379,0.33273612007169334
BB-0518 BB-0766,"[518, 766]",[125],CCC(CC(=O)c1ccc(C(F)(F)F)cc1)(C(=O)O)N(C(=O)OC(C)(C)C)c1csc(Cl)c1,6.3066558837890625,0.33241692364712583
BB-1364 BB-0892,"[1364, 892]",[124],COc1ccc(C(n2cnc3c(NCC(c4ccccc4)C(C)(C)CO)ncnc32)C(F)(F)F)cc1Br,6.363093376159668,0.33021843593204375
BB-0244 BB-0351,"[244, 351]",[15],CCc1cc(Sc2ccc(/C=C(/C(C)=O)C(N)=O)cc2Cl)cc2c1NCCC2,6.3590617179870605,0.32992405897103183
BB-0846 BB-0618,"[846, 618]",[98],CCCc1ccc(N)c(C(=O)OCC(=O)c2c(N)n(CC(C)C)c(=O)[nH]c2=O)c1,6.365951061248779,0.32726268838986794
BB-0846 BB-0618,"[846, 618]",[30],CCCc1ccc(NC(=O)C(=O)Nc2c(C(=O)CCl)c(=O)[nH]c(=O)n2CC(C)C)c(C(=O)O)c1,6.365951061248779,0.3265175940709715
BB-0755 BB-0372,"[755, 372]",[30],CCCN(C(=O)C(=O)N1CCc2c([nH]c3ccccc23)C1C(=O)O)c1nc2ccc(C)cc2c(=O)[nH]1,6.340051174163818,0.32601364368059577
BB-1083 BB-1101,"[1083, 1101]",[124],CCOC(=O)c1c(Nc2ncnc3c2ncn3[C@@H](CO)Cc2ccc([N+](=O)[O-])cc2)sc(C(C)=O)c1C,6.342498302459717,0.320954835194278
BB-0806 BB-1238,"[806, 1238]",[28],COC(=O)c1c(NC(=O)N2CC(C(=O)OC)c3cc(Br)ccc32)c(C#N)c2n1CCOC2,6.3495330810546875,0.3205383437390333
BB-0708 BB-1798,"[708, 1798]",[37],Cn1c(NC(=O)C2CC3(CCCCC3)CC2=O)nc2cc(C(=O)O)cc(Br)c21,6.345536231994629,0.3169140710704906
BB-0848 BB-0022,"[848, 22]",[30],COC(=O)CCN(C(=O)C(=O)N1CCC(O)(c2cccc(C(F)(F)F)c2)CC1)c1ncc(C)cc1Br,6.341837406158447,0.31189988945096836
BB-0806 BB-1238,"[806, 1238]",[30],COC(=O)c1c(NC(=O)C(=O)N2CC(C(=O)OC)c3cc(Br)ccc32)c(C#N)c2n1CCOC2,6.3495330810546875,0.3074682123771216
BB-1044 BB-0692,"[1044, 692]",[30],CCOC(=O)c1cn[nH]c1CNC(=O)C(=O)N1c2ccc(Br)cc2CCC1C(=O)O,6.345807075500488,0.3056656585846443
BB-0846 BB-1363,"[846, 1363]",[32],CCn1c2ccccc2c2cc(-n3c(S(=O)CC(=O)c4c(N)n(CC(C)C)c(=O)[nH]c4=O)nc4ccccc4c3=O)ccc21,6.365951061248779,0.30536028812462085
BB-1798 BB-0846,"[1798, 846]",[49],CC(C)Cn1c(-n2cnc3c(Nc4nc5cc(C(=O)O)cc(Br)c5n4C)ncnc32)c(C(=O)CCl)c(=O)[nH]c1=O,6.36305570602417,0.3053249023532685
BB-0846 BB-0506,"[846, 506]",[124],Cc1ccc(-c2cccc(Cl)c2)cc1Nc1ncnc2c1ncn2-c1c(C(=O)CCl)c(=O)[nH]c(=O)n1CC(C)C,6.365951061248779,0.30434355828109855
BB-0554 BB-1144,"[554, 1144]",[71],COc1ccc(N[C@H]2C[C@H]3C[C@@H](NC(=O)OC(C)(C)C)C[C@H]3C2)c2[nH]c(C(=O)O)cc12,6.30582332611084,0.2992571078247811
BB-0900 BB-1910,"[900, 1910]",[126],COc1ccc(C2C(COC(=O)[C@H]3CCN[C@@H](c4ccccc4)C3)CCC(=O)N2C)cc1,6.130789756774902,0.29810945368600844
BB-1943 BB-1863,"[1943, 1863]",[108],CCC(NC(C)(C(=O)O)c1ccc(C(F)(F)F)cc1)c1cccc(Br)c1,6.359161853790283,0.29435545203581587
BB-0846 BB-0506,"[846, 506]",[49],Cc1ccc(-c2cccc(Cl)c2)cc1-n1cnc2c(Nc3c(C(=O)CCl)c(=O)[nH]c(=O)n3CC(C)C)ncnc21,6.365951061248779,0.29119109190156023
BB-0827 BB-0893,"[827, 893]",[51],CC(C)C(CO)C(=O)OCC(F)(F)C(C)(F)F,6.329721927642822,0.29020296108802984
BB-0881 BB-1005,"[881, 1005]",[44],Cc1cc(Cl)cc(C#N)c1NC1(C(C#N)C(=O)CCl)Nc2ccccc2N1C,6.362527847290039,0.2882623811670501
BB-0846 BB-1029,"[846, 1029]",[15],CC(C)Cn1c(N)c(C(=O)CSc2ccc3c(c2)C(=O)C(C(F)(F)F)C3)c(=O)[nH]c1=O,6.365951061248779,0.2783757684003655
BB-1131 BB-0376,"[1131, 376]",[30],CCOC(=O)c1cc(Br)cc(CC)c1NC(=O)C(=O)Nc1ccc2c(c1)CCCC2=O,6.366854190826416,0.2776403060794993
BB-0846 BB-0424,"[846, 424]",[50],CC(C)Cn1c(N)c(C(CCl)(OC(=O)CCN2C(=O)C(=O)c3ccc(F)cc32)C(=O)O)c(=O)[nH]c1=O,6.365951061248779,0.27574823376342805
BB-0140 BB-1639,"[140, 1639]",[49],O=C(O)c1cc(C(=O)O)c2c(c1)C(n1cnc3c(NC[C@@]45CCCC[C@]4(C(=O)O)C5)ncnc31)CC2,6.356330871582031,0.2745728347993344
BB-0846 BB-0806,"[846, 806]",[140],COC(=O)c1c(N)c(C(=O)CC(=O)c2c(N)n(CC(C)C)c(=O)[nH]c2=O)c2n1CCOC2,6.365951061248779,0.27367946366787377
BB-1798 BB-0846,"[1798, 846]",[124],CC(C)Cn1c(Nc2ncnc3c2ncn3-c2nc3cc(C(=O)O)cc(Br)c3n2C)c(C(=O)CCl)c(=O)[nH]c1=O,6.36305570602417,0.2726945011938454
BB-0376 BB-1494,"[376, 1494]",[30],O=C(NCC(CO)Cc1ccc(F)c(Br)c1)C(=O)Nc1ccc2c(c1)CCCC2=O,6.363133430480957,0.271958367387244
BB-0126 BB-1114,"[126, 1114]",[4],CC1(C)CN(C(=O)C(CC(F)(F)F)c2cccc(Cl)c2)c2cnccc21,6.342607498168945,0.2704895391499004
BB-0468 BB-1672,"[468, 1672]",[50],CC(C(=O)O)(C(C#N)c1cccc(Br)c1)N1CCC2CCCC1C2,6.360671520233154,0.26708393844004824
BB-1907 BB-0337,"[1907, 337]",[23],CNC(C(=O)OC(C)C(=O)c1ccc2c(c1)CCC(=O)N2)c1cc(OC)ccc1Br,6.363224029541016,0.26458426483833863
BB-0846 BB-1380,"[846, 1380]",[50],CCOC(=O)c1c(/C=C/C(=O)OC(CCl)(C(=O)O)c2c(N)n(CC(C)C)c(=O)[nH]c2=O)c(C)n(CC)c1C,6.365951061248779,0.26299311309570983
BB-1663 BB-0440,"[1663, 440]",[70],CCOC(=O)C(C)OCC=C1CCCc2oc(=O)c(C(=O)O)cc21,6.354220390319824,0.2620013613093518
BB-1798 BB-1193,"[1798, 1193]",[28],CCOc1ccc(Cl)cc1CCNC(=O)Nc1nc2cc(C(=O)O)cc(Br)c2n1C,6.36305570602417,0.2574143420713666
BB-1815 BB-0707,"[1815, 707]",[30],COC(=O)c1cc2c([nH]1)CN(C(=O)C(=O)Nc1cc(Cl)c(OC)c(Cl)c1)CC2,6.364068984985352,0.2534825633908833
BB-0244 BB-0351,"[244, 351]",[119],CCc1cc(Br)cc2c1N(C(c1ccc(Cl)c(Cl)c1)C(C(C)=O)C(N)=O)CCC2,6.3590617179870605,0.25232371694633027
BB-0518 BB-0766,"[518, 766]",[141],CCC(O)(CC(=O)c1ccc(C(F)(F)F)cc1)c1cc(NC(=O)OC(C)(C)C)cs1,6.3066558837890625,0.25193467114837187
BB-0840 BB-1691,"[840, 1691]",[30],CC(C)n1c(NC(=O)C(=O)N2CCC(C(=O)O)(c3cccc(Cl)c3)CC2)nc2ccc(F)cc21,6.363420486450195,0.25149463566144664
BB-1131 BB-0376,"[1131, 376]",[124],CCOC(=O)c1cc(Br)cc(CC)c1-n1cnc2c(Nc3ccc4c(c3)CCCC4=O)ncnc21,6.366854190826416,0.2459479380461898
BB-1943 BB-1019,"[1943, 1019]",[50],CCC(C(=O)O)(c1cccc(Br)c1)n1c(-c2ccco2)nc(=O)c(C(C)=O)c1C,6.359161853790283,0.2440844107068032
BB-1447 BB-0295,"[1447, 295]",[30],COC(=O)c1ccc(C)c(Br)c1NC(=O)C(=O)NC1(C(=O)OC)CC(c2ccccc2Cl)C1,6.362763404846191,0.24115868521086323
BB-0746 BB-0452,"[746, 452]",[66],CCNC1CCSc2ccc(C3(O)CCC(CC(C)C)C3)cc21,6.345064640045166,0.24073275233932234
BB-0846 BB-1363,"[846, 1363]",[29],CCn1c2ccccc2c2cc(-n3c(S(=O)(=O)CC(=O)c4c(N)n(CC(C)C)c(=O)[nH]c4=O)nc4ccccc4c3=O)ccc21,6.365951061248779,0.23897442057477983
BB-0376 BB-1494,"[376, 1494]",[49],O=C1CCCc2cc(Nc3ncnc4c3ncn4CC(CO)Cc3ccc(F)c(Br)c3)ccc21,6.363133430480957,0.2377043896607227
BB-1131 BB-1253,"[1131, 1253]",[124],CCOC(=O)c1cc(Br)cc(CC)c1-n1cnc2c(Nc3cc(Cl)ccc3C(=O)C3CCCOC3)ncnc21,6.366854190826416,0.2304939544652967
BB-0288 BB-0228,"[288, 228]",[125],Cc1cc(Cl)c(O)c(C(C)(C(=O)O)N2CC3CC2(c2ccnn2C)C3)c1,6.342730522155762,0.22950340717759432
BB-0846 BB-0806,"[846, 806]",[49],COC(=O)c1c(-n2cnc3c(Nc4c(C(=O)CCl)c(=O)[nH]c(=O)n4CC(C)C)ncnc32)c(C#N)c2n1CCOC2,6.365951061248779,0.2282881698304747
BB-1111 BB-1048,"[1111, 1048]",[37],NC(C(=O)N1CC(CC(=O)O)c2cc(Br)ccc21)c1cc(Cl)cc(Br)c1,6.363544464111328,0.22225022488707186
BB-0806 BB-0804,"[806, 804]",[124],COC(=O)c1c(-n2cnc3c(Nc4oc5ccc(F)cc5c(=O)c4C=O)ncnc32)c(C#N)c2n1CCOC2,6.3495330810546875,0.21760506939260923
BB-0936 BB-0337,"[936, 337]",[41],CC(OCCCN1CCCC(N)C1)C(=O)c1ccc2c(c1)CCC(=O)N2,6.3473429679870605,0.21507420211713474
BB-0337 BB-0846,"[337, 846]",[15],CC(C)Cn1c(N)c(C(=O)CSC(C)C(=O)c2ccc3c(c2)CCC(=O)N3)c(=O)[nH]c1=O,6.357180118560791,0.21502328554383646
BB-0989 BB-0212,"[989, 212]",[103],COC(=O)c1c(NC(=O)N2CCOC(c3ccc(OC(F)(F)F)cc3)C2)nc2n1CC(C(=O)O)CC2,6.340698719024658,0.21349571035761944
BB-1222 BB-0376,"[1222, 376]",[48],COC(=O)C1CCC2(C1)CC(n1cc(CNc3ccc4c(c3)CCCC4=O)nn1)C2,6.026392936706543,0.21324165437810877
BB-1096 BB-0269,"[1096, 269]",[145],CCCOCC=C1C(F)=CCCc2ccc(Br)cc21,6.345754146575928,0.20832224626537738
BB-1096 BB-0269,"[1096, 269]",[141],CCCOCCC1(O)C(F)=CCCc2ccc(Br)cc21,6.345754146575928,0.20580323047833676
BB-1131 BB-0376,"[1131, 376]",[37],CCc1cc(Br)cc(C(=O)Nc2ccc3c(c2)CCCC3=O)c1N,6.366854190826416,0.2038176305636087
BB-0468 BB-1672,"[468, 1672]",[108],CC(C(C#N)c1cccc(Br)c1)N1CCC2CCCC1C2,6.360671520233154,0.20242850638470894
BB-0921 BB-1682,"[921, 1682]",[124],O=C(CNc1ncnc2c1ncn2C1CCCN(c2ccccc2F)C1=O)c1ccc(Br)cc1,6.342893123626709,0.19563752867332485
BB-0618 BB-1364,"[618, 1364]",[124],CCCc1ccc(-n2cnc3c(NC(c4ccc(OC)c(Br)c4)C(F)(F)F)ncnc32)c(C(=O)O)c1,6.354475498199463,0.1906067060301015
BB-1131 BB-1253,"[1131, 1253]",[49],CCOC(=O)c1cc(Br)cc(CC)c1Nc1ncnc2c1ncn2-c1cc(Cl)ccc1C(=O)C1CCCOC1,6.366854190826416,0.190304155174811
BB-0618 BB-1364,"[618, 1364]",[30],CCCc1ccc(NC(=O)C(=O)NC(c2ccc(OC)c(Br)c2)C(F)(F)F)c(C(=O)O)c1,6.354475498199463,0.1840222837706295
BB-0140 BB-1639,"[140, 1639]",[124],O=C(O)c1cc(C(=O)O)c2c(c1)C(Nc1ncnc3c1ncn3C[C@@]13CCCC[C@]1(C(=O)O)C3)CC2,6.356330871582031,0.1837621649615154
BB-1044 BB-0692,"[1044, 692]",[37],NCc1[nH]ncc1C(=O)N1c2ccc(Br)cc2CCC1C(=O)O,6.345807075500488,0.16137146121869791
BB-0140 BB-1639,"[140, 1639]",[30],O=C(NC[C@@]12CCCC[C@]1(C(=O)O)C2)C(=O)NC1CCc2c(C(=O)O)cc(C(=O)O)cc21,6.356330871582031,0.15900345043041647
BB-0846 BB-0506,"[846, 506]",[24],Cc1ccc(-c2cccc(S(=O)(=O)CC(=O)c3c(N)n(CC(C)C)c(=O)[nH]c3=O)c2)cc1N,6.365951061248779,0.1570461548870161
BB-1083 BB-1101,"[1083, 1101]",[28],CCOC(=O)c1c(NC(=O)N[C@@H](CO)Cc2ccc([N+](=O)[O-])cc2)sc(C(C)=O)c1C,6.342498302459717,0.15575782794267706
BB-0846 BB-1363,"[846, 1363]",[116],CCn1c2ccccc2c2cc(-n3c(SCC(=O)c4c(N)n(CC(C)C)c(=O)[nH]c4=O)nc4ccccc4c3=O)ccc21,6.365951061248779,0.15483508086206302
BB-0806 BB-0804,"[806, 804]",[28],COC(=O)c1c(NC(=O)Nc2oc3ccc(F)cc3c(=O)c2C=O)c(C#N)c2n1CCOC2,6.3495330810546875,0.15203384531275793
BB-1305 BB-1104,"[1305, 1104]",[4],COc1ccc(Cl)cc1NCCC(=O)N1CCCC(CNC(=O)c2ccco2)C1,6.3423566818237305,0.147947736393169
BB-1470 BB-0337,"[1470, 337]",[23],CC(OC(=O)/C=C/c1ccc(Cl)c(C(F)(F)F)c1)C(=O)c1ccc2c(c1)CCC(=O)N2,6.307144641876221,0.14439738909742425
BB-0554 BB-1144,"[554, 1144]",[78],COc1ccc(Br)c2[nH]c(C(=O)N[C@H]3C[C@H]4C[C@@H](NC(=O)OC(C)(C)C)C[C@H]4C3)cc12,6.30582332611084,0.13987605289051414
BB-0331 BB-1106,"[331, 1106]",[5],CCn1cnnc1C1CCN(c2ccc(C3CCN(C(=O)OC(C)(C)C)CC3)c(F)c2)CC1,6.342157363891602,0.1357110159946826
BB-0989 BB-0212,"[989, 212]",[30],COC(=O)c1c(NC(=O)C(=O)N2CCOC(c3ccc(OC(F)(F)F)cc3)C2)nc2n1CC(C(=O)O)CC2,6.340698719024658,0.13191818072279687
BB-0174 BB-0618,"[174, 618]",[78],CCCc1ccc(NC(=O)/C=C/c2cc(Cl)c3c(c2)OCCCO3)c(C(=O)O)c1,6.304903984069824,0.12465270817059149
BB-1023 BB-0176,"[1023, 176]",[124],Cc1cc(Nc2ncnc3c2ncn3CC(=O)c2ccc([N+](=O)[O-])cc2)cc(C)c1F,6.362845420837402,0.11572649579305666
BB-1798 BB-1193,"[1798, 1193]",[124],CCOc1ccc(Cl)cc1CCNc1ncnc2c1ncn2-c1nc2cc(C(=O)O)cc(Br)c2n1C,6.36305570602417,0.11360978574596145
BB-0846 BB-1380,"[846, 1380]",[98],CCOC(=O)c1c(/C=C/C(=O)OCC(=O)c2c(N)n(CC(C)C)c(=O)[nH]c2=O)c(C)n(CC)c1C,6.365951061248779,0.1107785483919006
BB-1083 BB-1101,"[1083, 1101]",[49],CCOC(=O)c1c(-n2cnc3c(N[C@@H](CO)Cc4ccc([N+](=O)[O-])cc4)ncnc32)sc(C(C)=O)c1C,6.342498302459717,0.10747892805639682
BB-1023 BB-0176,"[1023, 176]",[49],Cc1cc(-n2cnc3c(NCC(=O)c4ccc([N+](=O)[O-])cc4)ncnc32)cc(C)c1F,6.362845420837402,0.10647982682393267
BB-0407 BB-0485,"[407, 485]",[79],CCn1ncc(CN(C)C(=O)c2cc(-c3ccc(N(c4cccc5c4CN(C4CCC(=O)NC4=O)C5=O)C4CN(C)C4)c(C)n3)nc3ccc(Cl)cc23)c1C,6.303242206573486,0.10150777382412873
BB-0806 BB-0804,"[806, 804]",[30],COC(=O)c1c(NC(=O)C(=O)Nc2oc3ccc(F)cc3c(=O)c2C=O)c(C#N)c2n1CCOC2,6.3495330810546875,0.09801414919145464
BB-0376 BB-1494,"[376, 1494]",[124],O=C1CCCc2cc(-n3cnc4c(NCC(CO)Cc5ccc(F)c(Br)c5)ncnc43)ccc21,6.363133430480957,0.08752659502294068
BB-0921 BB-1682,"[921, 1682]",[30],O=C(NCC(=O)c1ccc(Br)cc1)C(=O)NC1CCCN(c2ccccc2F)C1=O,6.342893123626709,0.08520672576319145
BB-1083 BB-1101,"[1083, 1101]",[30],CCOC(=O)c1c(NC(=O)C(=O)N[C@@H](CO)Cc2ccc([N+](=O)[O-])cc2)sc(C(C)=O)c1C,6.342498302459717,0.08039953661812028
BB-0921 BB-1682,"[921, 1682]",[28],O=C(NCC(=O)c1ccc(Br)cc1)NC1CCCN(c2ccccc2F)C1=O,6.342893123626709,0.0770646441776904
BB-1798 BB-1193,"[1798, 1193]",[30],CCOc1ccc(Cl)cc1CCNC(=O)C(=O)Nc1nc2cc(C(=O)O)cc(Br)c2n1C,6.36305570602417,0.06331888366997886
BB-1023 BB-0176,"[1023, 176]",[30],Cc1cc(NC(=O)C(=O)NCC(=O)c2ccc([N+](=O)[O-])cc2)cc(C)c1F,6.362845420837402,0.047129182682500735
BB-1023 BB-0176,"[1023, 176]",[28],Cc1cc(NC(=O)NCC(=O)c2ccc([N+](=O)[O-])cc2)cc(C)c1F,6.362845420837402,0.04350538538744417
BB-1676 BB-0607,"[1676, 607]",[78],CCn1cc([C@@H]2NC(=O)CC[C@H]2NC(=O)c2ncoc2C2CCN(C(=O)OCC3c4ccccc4-c4ccccc43)CC2)cn1,6.160276889801025,0.03827857728092189
BB-0407 BB-0485,"[407, 485]",[15],CCn1ncc(CN(C)C(=O)c2cc(-c3ccc(NC4CN(C)C4)c(C)n3)nc3ccc(Sc4cccc5c4CN(C4CCC(=O)NC4=O)C5=O)cc23)c1C,6.303242206573486,0.015603962108361734
