name,token_ids,reaction_ids,product_smiles,entropy,score,warhead_product_smiles,warhead_status
BB-2002 BB-1025,"[2002, 1025]",[62],CCc1noc(NC(=O)OC(C)(C)C)c1N1CCCC(n2cc(C)cn2)C1,5.070318698883057,0.8870313491509572,C/C=C/C(=O)Nc1onc(CC)c1N1CCCC(n2cc(C)cn2)C1,warhead_installed
BB-2002 BB-1453,"[2002, 1453]",[107],CCc1noc(NC(=O)OC(C)(C)C)c1C(C)(O)Cn1c(Br)nc2c1c(=O)[nH]c(=O)n2C,5.070318698883057,0.8836934906926619,C/C=C/C(=O)Nc1onc(CC)c1C(C)(O)Cn1c(Br)nc2c1c(=O)[nH]c(=O)n2C,warhead_installed
BB-2040 BB-0721,"[2040, 721]",[107],CC(=O)N1CC2CCC(O)(c3cc(NC(=O)OC(C)(C)C)c(C)[nH]c3=O)c3cccc1c32,5.089001655578613,0.8782660787052348,C/C=C/C(=O)Nc1cc(C2(O)CCC3CN(C(C)=O)c4cccc2c43)c(=O)[nH]c1C,warhead_installed
BB-2002 BB-1690,"[2002, 1690]",[62],CCc1noc(NC(=O)OC(C)(C)C)c1N1CC(C)(C)c2cc([N+](=O)[O-])ccc21,5.070318698883057,0.8731335472788423,C/C=C/C(=O)Nc1onc(CC)c1N1CC(C)(C)c2cc([N+](=O)[O-])ccc21,warhead_installed
BB-2002 BB-0840,"[2002, 840]",[62],CCc1noc(NC(=O)OC(C)(C)C)c1N1CCC(C(=O)O)(c2cccc(Cl)c2)CC1,5.070318698883057,0.8690677475830942,C/C=C/C(=O)Nc1onc(CC)c1N1CCC(C(=O)O)(c2cccc(Cl)c2)CC1,warhead_installed
BB-2002 BB-0758,"[2002, 758]",[62],CCc1noc(NC(=O)OC(C)(C)C)c1N1CCC2(CC1)OC(=O)c1ncccc12,5.070318698883057,0.8665348785876829,C/C=C/C(=O)Nc1onc(CC)c1N1CCC2(CC1)OC(=O)c1ncccc12,warhead_installed
BB-1968 BB-0074,"[1968, 74]",[107],COC(=O)c1cc2c([nH]1)C(O)(c1ccc(O)c(NC(=O)OC(C)(C)C)c1C)CCC2,5.096729278564453,0.8655253032542737,C/C=C/C(=O)Nc1c(O)ccc(C2(O)CCCc3cc(C(=O)OC)[nH]c32)c1C,warhead_installed
BB-2058 BB-0566,"[2058, 566]",[107],Cn1c(C(C)(O)c2ccc(NC(=O)OC(C)(C)C)c3c2CCCC3)nc2ccc(Cl)cc21,5.083586692810059,0.8649030718061965,C/C=C/C(=O)Nc1ccc(C(C)(O)c2nc3ccc(Cl)cc3n2C)c2c1CCCC2,warhead_installed
BB-2005 BB-1453,"[2005, 1453]",[47],CC(=O)Cn1c(-c2cn(C)c(=O)c(NC(=O)OC(C)(C)C)c2C)nc2c1c(=O)[nH]c(=O)n2C,5.092567443847656,0.8629893923335082,C/C=C/C(=O)Nc1c(C)c(-c2nc3c(c(=O)[nH]c(=O)n3C)n2CC(C)=O)cn(C)c1=O,warhead_installed
BB-2002 BB-0233,"[2002, 233]",[107],CCc1noc(NC(=O)OC(C)(C)C)c1C(C)(O)c1[nH]c(CC(=O)O)c(C(=O)OC)c1C,5.070318698883057,0.8622999038816909,C/C=C/C(=O)Nc1onc(CC)c1C(C)(O)c1[nH]c(CC(=O)O)c(C(=O)OC)c1C,warhead_installed
BB-2089 BB-0805,"[2089, 805]",[55],Cc1nn2c(c1Br)CN(c1cnccc1C(C)CNC(=O)OC(C)(C)C)CC2,5.0910325050354,0.8595435716523191,C/C=C/C(=O)NCC(C)c1ccncc1N1CCn2nc(C)c(Br)c2C1,warhead_installed
BB-2072 BB-1640,"[2072, 1640]",[55],CC(C)(C)OC(=O)NCCc1cc(F)ccc1N1CCOc2c(Cl)cc(Br)cc2C1,5.078719139099121,0.8590873514536145,C/C=C/C(=O)NCCc1cc(F)ccc1N1CCOc2c(Cl)cc(Br)cc2C1,warhead_installed
BB-2072 BB-1862,"[2072, 1862]",[107],CCOC(=O)c1cc2c([nH]1)CCCC2(O)c1ccc(F)cc1CCNC(=O)OC(C)(C)C,5.078719139099121,0.8563330292204765,C/C=C/C(=O)NCCc1cc(F)ccc1C1(O)CCCc2[nH]c(C(=O)OCC)cc21,warhead_installed
BB-2078 BB-1453,"[2078, 1453]",[107],COCc1ccc(NC(=O)OC(C)(C)C)cc1C(C)(O)Cn1c(Br)nc2c1c(=O)[nH]c(=O)n2C,5.0787506103515625,0.8563015080859204,C/C=C/C(=O)Nc1ccc(COC)c(C(C)(O)Cn2c(Br)nc3c2c(=O)[nH]c(=O)n3C)c1,warhead_installed
BB-2001 BB-1472,"[2001, 1472]",[55],CO[C@@H]1C[C@@H](c2nc(C)n[nH]2)N(c2cccc3c2CC(NC(=O)OC(C)(C)C)CC3)C1,5.086166858673096,0.8552269092485522,C/C=C/C(=O)NC1CCc2cccc(N3C[C@H](OC)C[C@H]3c3nc(C)n[nH]3)c2C1,warhead_installed
BB-2078 BB-0447,"[2078, 447]",[55],COCc1ccc(NC(=O)OC(C)(C)C)cc1N1CCn2ncc(C#N)c2C1,5.0787506103515625,0.8543950410067583,C/C=C/C(=O)Nc1ccc(COC)c(N2CCn3ncc(C#N)c3C2)c1,warhead_installed
BB-2095 BB-1453,"[2095, 1453]",[107],Cc1cc(C(C)(O)Cn2c(Br)nc3c2c(=O)[nH]c(=O)n3C)c(C)cc1NC(=O)OC(C)(C)C,5.086318016052246,0.8534704975448504,C/C=C/C(=O)Nc1cc(C)c(C(C)(O)Cn2c(Br)nc3c2c(=O)[nH]c(=O)n3C)cc1C,warhead_installed
BB-2002 BB-0199,"[2002, 199]",[107],CCc1noc(NC(=O)OC(C)(C)C)c1C1(O)CCN(c2ncnc3c2cnn3C)CC1,5.070318698883057,0.8520085444959199,C/C=C/C(=O)Nc1onc(CC)c1C1(O)CCN(c2ncnc3c2cnn3C)CC1,warhead_installed
BB-2043 BB-1453,"[2043, 1453]",[47],CC(=O)Cn1c(-c2ccc3c(c2)C(NC(=O)OC(C)(C)C)CCC3=O)nc2c1c(=O)[nH]c(=O)n2C,5.261335849761963,0.8513050766788243,C/C=C/C(=O)NC1CCC(=O)c2ccc(-c3nc4c(c(=O)[nH]c(=O)n4C)n3CC(C)=O)cc21,warhead_installed
BB-2003 BB-0202,"[2003, 202]",[39],Cc1cc2n(n1)CCCN2C1(C(=O)O)CCCc2oc(NC(=O)OC(C)(C)C)nc21,5.243650436401367,0.8512051343800163,C/C=C/C(=O)Nc1nc2c(o1)CCCC2(C(=O)O)N1CCCn2nc(C)cc21,warhead_installed
BB-2097 BB-0721,"[2097, 721]",[107],COc1ccc(C2(O)CCC3CN(C(C)=O)c4cccc2c43)c(CCNC(=O)OC(C)(C)C)c1,5.091676712036133,0.8504804455626143,C/C=C/C(=O)NCCc1cc(OC)ccc1C1(O)CCC2CN(C(C)=O)c3cccc1c32,warhead_installed
BB-2022 BB-0074,"[2022, 74]",[107],COC(=O)c1cc2c([nH]1)C(O)(c1cc(F)ccc1C(=O)CNC(=O)OC(C)(C)C)CCC2,5.267487525939941,0.8500407308019284,C/C=C/C(=O)NCC(=O)c1ccc(F)cc1C1(O)CCCc2cc(C(=O)OC)[nH]c21,warhead_installed
BB-2007 BB-1830,"[2007, 1830]",[50],CC1CC(NC(=O)OC(C)(C)C)=CC(O)(c2cc(C(F)(F)F)cnc2N2CCNCC2)C1,5.255328178405762,0.8473596525135154,C/C=C/C(=O)NC1=CC(O)(c2cc(C(F)(F)F)cnc2N2CCNCC2)CC(C)C1,warhead_installed
BB-2003 BB-0202,"[2003, 202]",[82],Cc1cc2n(n1)CCCN2C1CCCc2oc(NC(=O)OC(C)(C)C)nc21,5.243650436401367,0.8469058478441176,C/C=C/C(=O)Nc1nc2c(o1)CCCC2N1CCCn2nc(C)cc21,warhead_installed
BB-2058 BB-1695,"[2058, 1695]",[47],Cc1cc2c(c(-c3ccc(NC(=O)OC(C)(C)C)c4c3CCCC4)c1)CCNC2,5.083586692810059,0.8458386355929983,C/C=C/C(=O)Nc1ccc(-c2cc(C)cc3c2CCNC3)c2c1CCCC2,warhead_installed
BB-2002 BB-0721,"[2002, 721]",[107],CCc1noc(NC(=O)OC(C)(C)C)c1C1(O)CCC2CN(C(C)=O)c3cccc1c32,5.070318698883057,0.8456774022020919,C/C=C/C(=O)Nc1onc(CC)c1C1(O)CCC2CN(C(C)=O)c3cccc1c32,warhead_installed
BB-2092 BB-1636,"[2092, 1636]",[50],CC1=C(NC(=O)OC(C)(C)C)O/C(=C(/C)C#N)C1(O)c1cc(C)cc2c1OCCCC2=O,5.21198844909668,0.8454410425449057,C/C=C/C(=O)NC1=C(C)C(O)(c2cc(C)cc3c2OCCCC3=O)/C(=C(\C)C#N)O1,warhead_installed
BB-1968 BB-0721,"[1968, 721]",[107],CC(=O)N1CC2CCC(O)(c3ccc(O)c(NC(=O)OC(C)(C)C)c3C)c3cccc1c32,5.096729278564453,0.8438023949755477,C/C=C/C(=O)Nc1c(O)ccc(C2(O)CCC3CN(C(C)=O)c4cccc2c43)c1C,warhead_installed
BB-2002 BB-0757,"[2002, 757]",[107],CCc1cc(C(O)c2c(CC)noc2NC(=O)OC(C)(C)C)cc(C)c1O,5.070318698883057,0.8425480525614646,C/C=C/C(=O)Nc1onc(CC)c1C(O)c1cc(C)c(O)c(CC)c1,warhead_installed
BB-2002 BB-0206,"[2002, 206]",[107],CCc1noc(NC(=O)OC(C)(C)C)c1C1(O)CCC(c2cncc(F)c2)C1,5.070318698883057,0.8409994247822598,C/C=C/C(=O)Nc1onc(CC)c1C1(O)CCC(c2cncc(F)c2)C1,warhead_installed
BB-2002 BB-1214,"[2002, 1214]",[47],CCc1noc(NC(=O)OC(C)(C)C)c1-c1cn(C)c2cc(F)ccc2c1=O,5.070318698883057,0.8403021067108774,C/C=C/C(=O)Nc1onc(CC)c1-c1cn(C)c2cc(F)ccc2c1=O,warhead_installed
BB-2072 BB-1646,"[2072, 1646]",[55],CC1(CCO)CCN(c2ccc(F)cc2CCNC(=O)OC(C)(C)C)C1,5.078719139099121,0.839428622700309,C/C=C/C(=O)NCCc1cc(F)ccc1N1CCC(C)(CCO)C1,warhead_installed
BB-2080 BB-0164,"[2080, 164]",[107],CCOC(=O)C12CCCC1=CC(O)(c1cc(C)c(O)cc1CNC(=O)OC(C)(C)C)C2,5.093694686889648,0.8387512920799085,C/C=C/C(=O)NCc1cc(O)c(C)cc1C1(O)C=C2CCCC2(C(=O)OCC)C1,warhead_installed
BB-2001 BB-1117,"[2001, 1117]",[47],CC(C)(C)OC(=O)NC1CCc2cccc(-c3ccc(C(=O)CCl)cc3)c2C1,5.086166858673096,0.8383383351259003,C/C=C/C(=O)NC1CCc2cccc(-c3ccc(C(=O)CCl)cc3)c2C1,warhead_installed
BB-2002 BB-1466,"[2002, 1466]",[88],CCc1noc(NC(=O)OC(C)(C)C)c1OC1(c2cccc(Cl)c2)CCC(=O)CC1,5.070318698883057,0.8355210521691246,C/C=C/C(=O)Nc1onc(CC)c1OC1(c2cccc(Cl)c2)CCC(=O)CC1,warhead_installed
BB-2026 BB-1912,"[2026, 1912]",[50],CC(=O)Nc1cc2c(cc1C1(O)CC(C)(C)CC(NC(=O)OC(C)(C)C)=C1Br)C(=O)CC2,5.263380527496338,0.834849552506359,C/C=C/C(=O)NC1=C(Br)C(O)(c2cc3c(cc2NC(C)=O)CCC3=O)CC(C)(C)C1,warhead_installed
BB-2045 BB-1912,"[2045, 1912]",[47],CC(=O)Nc1cc2c(cc1-c1cccc3nc(NC(=O)OC(C)(C)C)n(C)c13)C(=O)CC2,5.082790374755859,0.8342732445856282,C/C=C/C(=O)Nc1nc2cccc(-c3cc4c(cc3NC(C)=O)CCC4=O)c2n1C,warhead_installed
BB-2002 BB-1624,"[2002, 1624]",[62],CCc1noc(NC(=O)OC(C)(C)C)c1N1CCOC(c2c(Cl)cccc2OC)C1,5.070318698883057,0.8339445784789221,C/C=C/C(=O)Nc1onc(CC)c1N1CCOC(c2c(Cl)cccc2OC)C1,warhead_installed
BB-2056 BB-0721,"[2056, 721]",[107],CC(=O)N1CC2CCC(O)(c3cnccc3CCNC(=O)OC(C)(C)C)c3cccc1c32,5.081582069396973,0.833687312874346,C/C=C/C(=O)NCCc1ccncc1C1(O)CCC2CN(C(C)=O)c3cccc1c32,warhead_installed
BB-2002 BB-1914,"[2002, 1914]",[62],CCc1noc(NC(=O)OC(C)(C)C)c1N1CCCC(c2ocnc2C(=O)OC)C1,5.070318698883057,0.8334839586433759,C/C=C/C(=O)Nc1onc(CC)c1N1CCCC(c2ocnc2C(=O)OC)C1,warhead_installed
BB-2002 BB-1922,"[2002, 1922]",[62],CCc1noc(NC(=O)OC(C)(C)C)c1N1CCCCc2cc(Cl)ccc21,5.070318698883057,0.8332935822237146,C/C=C/C(=O)Nc1onc(CC)c1N1CCCCc2cc(Cl)ccc21,warhead_installed
BB-2043 BB-0178,"[2043, 178]",[50],CNCc1cc([N+](=O)[O-])cc(C2(O)CCC(NC(=O)OC(C)(C)C)c3cc(Br)ccc32)c1,5.261335849761963,0.8328339600944994,C/C=C/C(=O)NC1CCC(O)(c2cc(CNC)cc([N+](=O)[O-])c2)c2ccc(Br)cc21,warhead_installed
BB-2002 BB-0164,"[2002, 164]",[107],CCOC(=O)C12CCCC1=CC(O)(c1c(CC)noc1NC(=O)OC(C)(C)C)C2,5.070318698883057,0.8321603605706317,C/C=C/C(=O)Nc1onc(CC)c1C1(O)C=C2CCCC2(C(=O)OCC)C1,warhead_installed
BB-2001 BB-0233,"[2001, 233]",[107],COC(=O)c1c(CC(=O)O)[nH]c(C(C)(O)c2cccc3c2CC(NC(=O)OC(C)(C)C)CC3)c1C,5.086166858673096,0.8321222961952159,C/C=C/C(=O)NC1CCc2cccc(C(C)(O)c3[nH]c(CC(=O)O)c(C(=O)OC)c3C)c2C1,warhead_installed
BB-2001 BB-0721,"[2001, 721]",[107],CC(=O)N1CC2CCC(O)(c3cccc4c3CC(NC(=O)OC(C)(C)C)CC4)c3cccc1c32,5.086166858673096,0.8316275367351715,C/C=C/C(=O)NC1CCc2cccc(C3(O)CCC4CN(C(C)=O)c5cccc3c54)c2C1,warhead_installed
BB-2072 BB-1238,"[2072, 1238]",[62],COC(=O)C1CN(c2ccc(F)cc2CCNC(=O)OC(C)(C)C)c2ccc(Br)cc21,5.078719139099121,0.8315814098212359,C/C=C/C(=O)NCCc1cc(F)ccc1N1CC(C(=O)OC)c2cc(Br)ccc21,warhead_installed
BB-2001 BB-0681,"[2001, 681]",[55],COC(=O)C1(F)CCN(c2cccc3c2CC(NC(=O)OC(C)(C)C)CC3)CC1,5.086166858673096,0.8313684334683277,C/C=C/C(=O)NC1CCc2cccc(N3CCC(F)(C(=O)OC)CC3)c2C1,warhead_installed
BB-2058 BB-1453,"[2058, 1453]",[47],CC(=O)Cn1c(-c2ccc(NC(=O)OC(C)(C)C)c3c2CCCC3)nc2c1c(=O)[nH]c(=O)n2C,5.083586692810059,0.8313240889487135,C/C=C/C(=O)Nc1ccc(-c2nc3c(c(=O)[nH]c(=O)n3C)n2CC(C)=O)c2c1CCCC2,warhead_installed
BB-2021 BB-0206,"[2021, 206]",[107],CC(C)(C)OC(=O)NCCc1cc2c(cc1C1(O)CCC(c3cncc(F)c3)C1)OCO2,5.079010009765625,0.8295237676420619,C/C=C/C(=O)NCCc1cc2c(cc1C1(O)CCC(c3cncc(F)c3)C1)OCO2,warhead_installed
BB-2002 BB-0335,"[2002, 335]",[107],CCc1noc(NC(=O)OC(C)(C)C)c1C1(O)CC(C(=O)O)c2c(OC)cccc21,5.070318698883057,0.8291111815685831,C/C=C/C(=O)Nc1onc(CC)c1C1(O)CC(C(=O)O)c2c(OC)cccc21,warhead_installed
BB-2002 BB-1640,"[2002, 1640]",[62],CCc1noc(NC(=O)OC(C)(C)C)c1N1CCOc2c(Cl)cc(Br)cc2C1,5.070318698883057,0.8289782187820497,C/C=C/C(=O)Nc1onc(CC)c1N1CCOc2c(Cl)cc(Br)cc2C1,warhead_installed
BB-2072 BB-0867,"[2072, 867]",[55],CC1SCCN(c2ccc(F)cc2CCNC(=O)OC(C)(C)C)C1C,5.078719139099121,0.8288411501306843,C/C=C/C(=O)NCCc1cc(F)ccc1N1CCSC(C)C1C,warhead_installed
BB-2078 BB-1868,"[2078, 1868]",[107],COCc1ccc(NC(=O)OC(C)(C)C)cc1C(O)c1c(C(=O)O)[nH]c2cc(Br)ccc12,5.0787506103515625,0.828795758569402,C/C=C/C(=O)Nc1ccc(COC)c(C(O)c2c(C(=O)O)[nH]c3cc(Br)ccc23)c1,warhead_installed
BB-2002 BB-0465,"[2002, 465]",[62],CCc1noc(NC(=O)OC(C)(C)C)c1N(CC(=O)O)Cc1c(F)cccc1Cl,5.070318698883057,0.8287144279788049,C/C=C/C(=O)Nc1onc(CC)c1N(CC(=O)O)Cc1c(F)cccc1Cl,warhead_installed
BB-2078 BB-1522,"[2078, 1522]",[55],COCc1ccc(NC(=O)OC(C)(C)C)cc1N1CCCC(n2ccc(C(=O)O)n2)C1,5.0787506103515625,0.8284768183791148,C/C=C/C(=O)Nc1ccc(COC)c(N2CCCC(n3ccc(C(=O)O)n3)C2)c1,warhead_installed
BB-2002 BB-1466,"[2002, 1466]",[107],CCc1noc(NC(=O)OC(C)(C)C)c1C1(O)CCC(O)(c2cccc(Cl)c2)CC1,5.070318698883057,0.8282597724320157,C/C=C/C(=O)Nc1onc(CC)c1C1(O)CCC(O)(c2cccc(Cl)c2)CC1,warhead_installed
BB-2053 BB-0721,"[2053, 721]",[107],CC(=O)N1CC2CCC(O)(c3sc(NC(=O)OC(C)(C)C)nc3C(C)(C)C)c3cccc1c32,5.094944000244141,0.8282544362290343,C/C=C/C(=O)Nc1nc(C(C)(C)C)c(C2(O)CCC3CN(C(C)=O)c4cccc2c43)s1,warhead_installed
BB-2095 BB-1453,"[2095, 1453]",[47],CC(=O)Cn1c(-c2cc(C)c(NC(=O)OC(C)(C)C)cc2C)nc2c1c(=O)[nH]c(=O)n2C,5.086318016052246,0.8281173418839005,C/C=C/C(=O)Nc1cc(C)c(-c2nc3c(c(=O)[nH]c(=O)n3C)n2CC(C)=O)cc1C,warhead_installed
BB-2002 BB-1296,"[2002, 1296]",[62],CCc1noc(NC(=O)OC(C)(C)C)c1N1CCCn2cc(-c3ccccc3)nc21,5.070318698883057,0.8278343734270711,C/C=C/C(=O)Nc1onc(CC)c1N1CCCn2cc(-c3ccccc3)nc21,warhead_installed
BB-2072 BB-0861,"[2072, 861]",[55],CCc1csc(C2CCCN(c3ccc(F)cc3CCNC(=O)OC(C)(C)C)C2)n1,5.078719139099121,0.826196550933157,C/C=C/C(=O)NCCc1cc(F)ccc1N1CCCC(c2nc(CC)cs2)C1,warhead_installed
BB-2001 BB-1862,"[2001, 1862]",[107],CCOC(=O)c1cc2c([nH]1)CCCC2(O)c1cccc2c1CC(NC(=O)OC(C)(C)C)CC2,5.086166858673096,0.8254300771662174,C/C=C/C(=O)NC1CCc2cccc(C3(O)CCCc4[nH]c(C(=O)OCC)cc43)c2C1,warhead_installed
BB-2038 BB-1466,"[2038, 1466]",[107],CC(C)(C)OC(=O)Nc1n[nH]c2ccc(F)c(C3(O)CCC(O)(c4cccc(Cl)c4)CC3)c12,5.089232921600342,0.8246022579818059,C/C=C/C(=O)Nc1n[nH]c2ccc(F)c(C3(O)CCC(O)(c4cccc(Cl)c4)CC3)c12,warhead_installed
BB-2021 BB-1230,"[2021, 1230]",[55],C[C@@H]1C[C@H](C(=O)O)C[C@H](C)N1c1cc2c(cc1CCNC(=O)OC(C)(C)C)OCO2,5.079010009765625,0.8244521180524225,C/C=C/C(=O)NCCc1cc2c(cc1N1[C@H](C)C[C@H](C(=O)O)C[C@@H]1C)OCO2,warhead_installed
BB-2036 BB-1640,"[2036, 1640]",[50],CC1(C)Cc2oc(NC(=O)OC(C)(C)C)nc2C(O)(c2cc(Br)cc3c2OCCNC3)C1,5.248382091522217,0.8238070348010118,C/C=C/C(=O)Nc1nc2c(o1)CC(C)(C)CC2(O)c1cc(Br)cc2c1OCCNC2,warhead_installed
BB-2080 BB-0840,"[2080, 840]",[55],Cc1cc(N2CCC(C(=O)O)(c3cccc(Cl)c3)CC2)c(CNC(=O)OC(C)(C)C)cc1O,5.093694686889648,0.8237716169964017,C/C=C/C(=O)NCc1cc(O)c(C)cc1N1CCC(C(=O)O)(c2cccc(Cl)c2)CC1,warhead_installed
BB-2013 BB-0087,"[2013, 87]",[107],CC(C)(C)OC(=O)NC1CCN(c2ccccc2C2(O)CCN(Cc3cccs3)CC2)C1,5.089014053344727,0.8234937917912906,C/C=C/C(=O)NC1CCN(c2ccccc2C2(O)CCN(Cc3cccs3)CC2)C1,warhead_installed
BB-2036 BB-1640,"[2036, 1640]",[82],CC1(C)Cc2oc(NC(=O)OC(C)(C)C)nc2C(N2CCOc3c(Cl)cc(Br)cc3C2)C1,5.248382091522217,0.8232497746117858,C/C=C/C(=O)Nc1nc2c(o1)CC(C)(C)CC2N1CCOc2c(Cl)cc(Br)cc2C1,warhead_installed
BB-2078 BB-1230,"[2078, 1230]",[55],COCc1ccc(NC(=O)OC(C)(C)C)cc1N1[C@H](C)C[C@H](C(=O)O)C[C@@H]1C,5.0787506103515625,0.8231047203945546,C/C=C/C(=O)Nc1ccc(COC)c(N2[C@H](C)C[C@H](C(=O)O)C[C@@H]2C)c1,warhead_installed
BB-2089 BB-0805,"[2089, 805]",[47],Cc1nn2c(c1-c1cnccc1C(C)CNC(=O)OC(C)(C)C)CNCC2,5.0910325050354,0.8224117471720378,C/C=C/C(=O)NCC(C)c1ccncc1-c1c(C)nn2c1CNCC2,warhead_installed
BB-2063 BB-0233,"[2063, 233]",[107],COC(=O)c1c(CC(=O)O)[nH]c(C(C)(O)c2cc(C)c(Br)nc2CNC(=O)OC(C)(C)C)c1C,5.093749046325684,0.8219275969043891,C/C=C/C(=O)NCc1nc(Br)c(C)cc1C(C)(O)c1[nH]c(CC(=O)O)c(C(=O)OC)c1C,warhead_installed
BB-2002 BB-1453,"[2002, 1453]",[47],CCc1noc(NC(=O)OC(C)(C)C)c1-c1nc2c(c(=O)[nH]c(=O)n2C)n1CC(C)=O,5.070318698883057,0.8210402801385257,C/C=C/C(=O)Nc1onc(CC)c1-c1nc2c(c(=O)[nH]c(=O)n2C)n1CC(C)=O,warhead_installed
BB-2030 BB-0659,"[2030, 659]",[55],Cc1noc(C2CN(c3cc(NC(=O)OC(C)(C)C)ccc3CS(C)(=O)=O)CC23COC3)n1,5.083686351776123,0.8209639958744255,C/C=C/C(=O)Nc1ccc(CS(C)(=O)=O)c(N2CC(c3nc(C)no3)C3(COC3)C2)c1,warhead_installed
BB-2006 BB-0089,"[2006, 89]",[62],CC1CN(c2nn(C)cc2NC(=O)OC(C)(C)C)CC2(C1)OC(=O)Nc1ccc(Cl)c(F)c12,5.085646152496338,0.8208450815912605,C/C=C/C(=O)Nc1cn(C)nc1N1CC(C)CC2(C1)OC(=O)Nc1ccc(Cl)c(F)c12,warhead_installed
BB-2006 BB-0566,"[2006, 566]",[107],Cn1cc(NC(=O)OC(C)(C)C)c(C(C)(O)c2nc3ccc(Cl)cc3n2C)n1,5.085646152496338,0.8193977442521909,C/C=C/C(=O)Nc1cn(C)nc1C(C)(O)c1nc2ccc(Cl)cc2n1C,warhead_installed
BB-2058 BB-1695,"[2058, 1695]",[10],Cc1cc2c(c(Sc3ccc(NC(=O)OC(C)(C)C)c4c3CCCC4)c1)CCNC2,5.083586692810059,0.8189301843247685,C/C=C/C(=O)Nc1ccc(Sc2cc(C)cc3c2CCNC3)c2c1CCCC2,warhead_installed
BB-2022 BB-1302,"[2022, 1302]",[55],CC(C)(C)OC(=O)NCC(=O)c1ccc(F)cc1N1CCCC1Cc1cc(F)ccc1F,5.267487525939941,0.8181173225362804,C/C=C/C(=O)NCC(=O)c1ccc(F)cc1N1CCCC1Cc1cc(F)ccc1F,warhead_installed
BB-2002 BB-0432,"[2002, 432]",[107],CCc1noc(NC(=O)OC(C)(C)C)c1C(O)c1sccc1B(O)O,5.070318698883057,0.8179511856230549,C/C=C/C(=O)Nc1onc(CC)c1C(O)c1sccc1B(O)O,warhead_installed
BB-1825 BB-0760,"[1825, 760]",[96],Cc1cnc(C(C)(C(=O)O)n2nc(C(C)C)c(NC(=O)OC(C)(C)C)c2C(N)=O)c(Br)c1,4.271042346954346,0.8174231198804707,C/C=C/C(=O)Nc1c(C(C)C)nn(C(C)(C(=O)O)c2ncc(C)cc2Br)c1C(N)=O,warhead_installed
BB-2007 BB-1007,"[2007, 1007]",[39],Cc1noc(C2CC3CCC2N3C2(C(=O)O)C=C(NC(=O)OC(C)(C)C)CC(C)C2)n1,5.255328178405762,0.8155690669579974,C/C=C/C(=O)NC1=CC(C(=O)O)(N2C3CCC2C(c2nc(C)no2)C3)CC(C)C1,warhead_installed
BB-2056 BB-0646,"[2056, 646]",[47],Cc1cc(Cl)cc(-c2cnccc2CCNC(=O)OC(C)(C)C)c1C(N)=O,5.081582069396973,0.8143403590713524,C/C=C/C(=O)NCCc1ccncc1-c1cc(Cl)cc(C)c1C(N)=O,warhead_installed
BB-2007 BB-0760,"[2007, 760]",[50],CC(=O)c1ncc(C)cc1C1(O)C=C(NC(=O)OC(C)(C)C)CC(C)C1,5.255328178405762,0.8131284907039543,C/C=C/C(=O)NC1=CC(O)(c2cc(C)cnc2C(C)=O)CC(C)C1,warhead_installed
BB-2030 BB-0233,"[2030, 233]",[107],COC(=O)c1c(CC(=O)O)[nH]c(C(C)(O)c2cc(NC(=O)OC(C)(C)C)ccc2CS(C)(=O)=O)c1C,5.083686351776123,0.8130734751489166,C/C=C/C(=O)Nc1ccc(CS(C)(=O)=O)c(C(C)(O)c2[nH]c(CC(=O)O)c(C(=O)OC)c2C)c1,warhead_installed
BB-2005 BB-1453,"[2005, 1453]",[107],Cc1c(C(C)(O)Cn2c(Br)nc3c2c(=O)[nH]c(=O)n3C)cn(C)c(=O)c1NC(=O)OC(C)(C)C,5.092567443847656,0.8129522300681559,C/C=C/C(=O)Nc1c(C)c(C(C)(O)Cn2c(Br)nc3c2c(=O)[nH]c(=O)n3C)cn(C)c1=O,warhead_installed
BB-2002 BB-1727,"[2002, 1727]",[107],CCc1noc(NC(=O)OC(C)(C)C)c1C(C)(O)c1ccc(C(F)(F)F)s1,5.070318698883057,0.8126369649220515,C/C=C/C(=O)Nc1onc(CC)c1C(C)(O)c1ccc(C(F)(F)F)s1,warhead_installed
BB-2056 BB-1640,"[2056, 1640]",[55],CC(C)(C)OC(=O)NCCc1ccncc1N1CCOc2c(Cl)cc(Br)cc2C1,5.081582069396973,0.8124521686303179,C/C=C/C(=O)NCCc1ccncc1N1CCOc2c(Cl)cc(Br)cc2C1,warhead_installed
BB-2001 BB-1912,"[2001, 1912]",[47],CC(=O)Nc1cc2c(cc1-c1cccc3c1CC(NC(=O)OC(C)(C)C)CC3)C(=O)CC2,5.086166858673096,0.8124006720082779,C/C=C/C(=O)NC1CCc2cccc(-c3cc4c(cc3NC(C)=O)CCC4=O)c2C1,warhead_installed
BB-2078 BB-1466,"[2078, 1466]",[107],COCc1ccc(NC(=O)OC(C)(C)C)cc1C1(O)CCC(O)(c2cccc(Cl)c2)CC1,5.0787506103515625,0.8118827320349266,C/C=C/C(=O)Nc1ccc(COC)c(C2(O)CCC(O)(c3cccc(Cl)c3)CC2)c1,warhead_installed
BB-2056 BB-0760,"[2056, 760]",[107],Cc1cnc(C(C)(O)c2cnccc2CCNC(=O)OC(C)(C)C)c(Br)c1,5.081582069396973,0.8112323268839046,C/C=C/C(=O)NCCc1ccncc1C(C)(O)c1ncc(C)cc1Br,warhead_installed
BB-1211 BB-1706,"[1211, 1706]",[107],COc1cc(C)c(C2(O)CC(C(=O)O)(c3cccc(Br)c3)C2)cc1NC(=O)OC(C)(C)C,5.084362983703613,0.8111947271116007,C/C=C/C(=O)Nc1cc(C2(O)CC(C(=O)O)(c3cccc(Br)c3)C2)c(C)cc1OC,warhead_installed
BB-2002 BB-0229,"[2002, 229]",[47],CCOC(=O)c1[nH]c(C)c(C)c1-c1c(CC)noc1NC(=O)OC(C)(C)C,5.070318698883057,0.8110594605648841,C/C=C/C(=O)Nc1onc(CC)c1-c1c(C(=O)OCC)[nH]c(C)c1C,warhead_installed
BB-2078 BB-0164,"[2078, 164]",[107],CCOC(=O)C12CCCC1=CC(O)(c1cc(NC(=O)OC(C)(C)C)ccc1COC)C2,5.0787506103515625,0.8109081497155658,C/C=C/C(=O)Nc1ccc(COC)c(C2(O)C=C3CCCC3(C(=O)OCC)C2)c1,warhead_installed
BB-2007 BB-0011,"[2007, 11]",[39],CC1CC(NC(=O)OC(C)(C)C)=CC(C(=O)O)(N2CCOCC2CC(=O)c2ccccc2)C1,5.255328178405762,0.8106981991786345,C/C=C/C(=O)NC1=CC(C(=O)O)(N2CCOCC2CC(=O)c2ccccc2)CC(C)C1,warhead_installed
BB-2078 BB-1765,"[2078, 1765]",[55],COCc1ccc(NC(=O)OC(C)(C)C)cc1N1Cc2cc(F)c(Br)cc2C1,5.0787506103515625,0.8105859339954562,C/C=C/C(=O)Nc1ccc(COC)c(N2Cc3cc(F)c(Br)cc3C2)c1,warhead_installed
BB-2047 BB-1032,"[2047, 1032]",[50],COc1c(C=O)cc(C(O)(CNC(=O)OC(C)(C)C)c2cn(C)nc2C(F)F)cc1C=O,5.235725402832031,0.8095260637782518,C/C=C/C(=O)NCC(O)(c1cc(C=O)c(OC)c(C=O)c1)c1cn(C)nc1C(F)F,warhead_installed
BB-2054 BB-1453,"[2054, 1453]",[4],COCCN(CCCNC(=O)OC(C)(C)C)c1nc2c(c(=O)[nH]c(=O)n2C)n1CC(C)=O,5.165851593017578,0.8092169265813892,C/C=C/C(=O)NCCCN(CCOC)c1nc2c(c(=O)[nH]c(=O)n2C)n1CC(C)=O,warhead_installed
BB-2056 BB-0760,"[2056, 760]",[47],CC(=O)c1ncc(C)cc1-c1cnccc1CCNC(=O)OC(C)(C)C,5.081582069396973,0.8090470781760412,C/C=C/C(=O)NCCc1ccncc1-c1cc(C)cnc1C(C)=O,warhead_installed
BB-2066 BB-1453,"[2066, 1453]",[10],CC(=O)Cn1c(Sc2cc(NC(=O)OC(C)(C)C)ccc2CO)nc2c1c(=O)[nH]c(=O)n2C,5.156902313232422,0.8090193243548677,C/C=C/C(=O)Nc1ccc(CO)c(Sc2nc3c(c(=O)[nH]c(=O)n3C)n2CC(C)=O)c1,warhead_installed
BB-2095 BB-1241,"[2095, 1241]",[107],CCCCC(O)(c1cc(C)c(NC(=O)OC(C)(C)C)cc1C)c1ccc(C)cc1O,5.086318016052246,0.8089432093593043,C/C=C/C(=O)Nc1cc(C)c(C(O)(CCCC)c2ccc(C)cc2O)cc1C,warhead_installed
BB-2078 BB-0546,"[2078, 546]",[107],COCc1cc(C(C)(O)c2cc(NC(=O)OC(C)(C)C)ccc2COC)ccc1OC,5.0787506103515625,0.8085195590946898,C/C=C/C(=O)Nc1ccc(COC)c(C(C)(O)c2ccc(OC)c(COC)c2)c1,warhead_installed
BB-2002 BB-0760,"[2002, 760]",[47],CCc1noc(NC(=O)OC(C)(C)C)c1-c1cc(C)cnc1C(C)=O,5.070318698883057,0.8085146248715105,C/C=C/C(=O)Nc1onc(CC)c1-c1cc(C)cnc1C(C)=O,warhead_installed
BB-2078 BB-1912,"[2078, 1912]",[107],COCc1ccc(NC(=O)OC(C)(C)C)cc1C1(O)CCc2cc(NC(C)=O)c(Br)cc21,5.0787506103515625,0.8085135860753188,C/C=C/C(=O)Nc1ccc(COC)c(C2(O)CCc3cc(NC(C)=O)c(Br)cc32)c1,warhead_installed
BB-2001 BB-1912,"[2001, 1912]",[107],CC(=O)Nc1cc2c(cc1Br)C(O)(c1cccc3c1CC(NC(=O)OC(C)(C)C)CC3)CC2,5.086166858673096,0.8081722505969651,C/C=C/C(=O)NC1CCc2cccc(C3(O)CCc4cc(NC(C)=O)c(Br)cc43)c2C1,warhead_installed
BB-2002 BB-0692,"[2002, 692]",[62],CCc1noc(NC(=O)OC(C)(C)C)c1N1c2ccc(Br)cc2CCC1C(=O)O,5.070318698883057,0.8080528817460735,C/C=C/C(=O)Nc1onc(CC)c1N1c2ccc(Br)cc2CCC1C(=O)O,warhead_installed
BB-2078 BB-1708,"[2078, 1708]",[107],COCc1ccc(NC(=O)OC(C)(C)C)cc1C(O)c1cccc(CBr)c1,5.0787506103515625,0.8079099098981263,C/C=C/C(=O)Nc1ccc(COC)c(C(O)c2cccc(CBr)c2)c1,warhead_installed
BB-2080 BB-1640,"[2080, 1640]",[55],Cc1cc(N2CCOc3c(Cl)cc(Br)cc3C2)c(CNC(=O)OC(C)(C)C)cc1O,5.093694686889648,0.806986203291643,C/C=C/C(=O)NCc1cc(O)c(C)cc1N1CCOc2c(Cl)cc(Br)cc2C1,warhead_installed
BB-2056 BB-1880,"[2056, 1880]",[62],Cc1cc2c(cc1Br)N(c1cnccc1CCNC(=O)OC(C)(C)C)CC(C)O2,5.081582069396973,0.8069774147463903,C/C=C/C(=O)NCCc1ccncc1N1CC(C)Oc2cc(C)c(Br)cc21,warhead_installed
BB-0004 BB-1204,"[4, 1204]",[25],CC(C)(C)OC(=O)NCCN(Cc1ccc(I)cc1)c1ccc(C(F)(F)F)cc1C#N,5.16454029083252,0.806662726961271,C/C=C/C(=O)NCCN(Cc1ccc(I)cc1)c1ccc(C(F)(F)F)cc1C#N,warhead_installed
BB-2056 BB-1922,"[2056, 1922]",[62],CC(C)(C)OC(=O)NCCc1ccncc1N1CCCCc2cc(Cl)ccc21,5.081582069396973,0.8066592546657255,C/C=C/C(=O)NCCc1ccncc1N1CCCCc2cc(Cl)ccc21,warhead_installed
BB-2006 BB-0404,"[2006, 404]",[47],COc1ccc(-c2nn(C)cc2NC(=O)OC(C)(C)C)cc1C1CCCCN1,5.085646152496338,0.8065631055740726,C/C=C/C(=O)Nc1cn(C)nc1-c1ccc(OC)c(C2CCCCN2)c1,warhead_installed
BB-2043 BB-1453,"[2043, 1453]",[39],CC(=O)Cn1c(Br)nc2c1c(=O)n(C1(C(=O)O)CCC(NC(=O)OC(C)(C)C)c3cc(Br)ccc31)c(=O)n2C,5.261335849761963,0.805723914616232,C/C=C/C(=O)NC1CCC(C(=O)O)(n2c(=O)c3c(nc(Br)n3CC(C)=O)n(C)c2=O)c2ccc(Br)cc21,warhead_installed
BB-2002 BB-0588,"[2002, 588]",[62],CCc1noc(NC(=O)OC(C)(C)C)c1N1CCC(O)(c2ccc(C)nc2)C1,5.070318698883057,0.80504186775716,C/C=C/C(=O)Nc1onc(CC)c1N1CCC(O)(c2ccc(C)nc2)C1,warhead_installed
BB-2002 BB-0560,"[2002, 560]",[107],CCc1noc(NC(=O)OC(C)(C)C)c1C1(O)C=C(c2cccc(CO)n2)CCC1,5.070318698883057,0.8049542787849593,C/C=C/C(=O)Nc1onc(CC)c1C1(O)C=C(c2cccc(CO)n2)CCC1,warhead_installed
BB-2078 BB-1841,"[2078, 1841]",[62],COCc1ccc(NC(=O)OC(C)(C)C)cc1N1CC2(CCC2)c2cc(Br)ccc21,5.0787506103515625,0.8048864660334815,C/C=C/C(=O)Nc1ccc(COC)c(N2CC3(CCC3)c3cc(Br)ccc32)c1,warhead_installed
BB-1825 BB-1015,"[1825, 1015]",[96],CC(=O)c1cc(C(C)(C(=O)O)n2nc(C(C)C)c(NC(=O)OC(C)(C)C)c2C(N)=O)ccc1O,4.271042346954346,0.8046752989161436,C/C=C/C(=O)Nc1c(C(C)C)nn(C(C)(C(=O)O)c2ccc(O)c(C(C)=O)c2)c1C(N)=O,warhead_installed
BB-2078 BB-1570,"[2078, 1570]",[107],COCc1ccc(NC(=O)OC(C)(C)C)cc1C1(O)CC(c2cccc(Br)c2)C1,5.0787506103515625,0.8045876331833441,C/C=C/C(=O)Nc1ccc(COC)c(C2(O)CC(c3cccc(Br)c3)C2)c1,warhead_installed
BB-2002 BB-1368,"[2002, 1368]",[62],CCc1noc(NC(=O)OC(C)(C)C)c1N1CCNc2ccncc21,5.070318698883057,0.8044906316058662,C/C=C/C(=O)Nc1onc(CC)c1N1CCNc2ccncc21,warhead_installed
BB-2080 BB-0721,"[2080, 721]",[107],CC(=O)N1CC2CCC(O)(c3cc(C)c(O)cc3CNC(=O)OC(C)(C)C)c3cccc1c32,5.093694686889648,0.804403598941009,C/C=C/C(=O)NCc1cc(O)c(C)cc1C1(O)CCC2CN(C(C)=O)c3cccc1c32,warhead_installed
BB-2078 BB-0233,"[2078, 233]",[107],COCc1ccc(NC(=O)OC(C)(C)C)cc1C(C)(O)c1[nH]c(CC(=O)O)c(C(=O)OC)c1C,5.0787506103515625,0.8042561426849335,C/C=C/C(=O)Nc1ccc(COC)c(C(C)(O)c2[nH]c(CC(=O)O)c(C(=O)OC)c2C)c1,warhead_installed
BB-2002 BB-0345,"[2002, 345]",[62],CCc1noc(NC(=O)OC(C)(C)C)c1N1CC(CC)Cc2ccccc21,5.070318698883057,0.8039038661916845,C/C=C/C(=O)Nc1onc(CC)c1N1CC(CC)Cc2ccccc21,warhead_installed
BB-1265 BB-1453,"[1265, 1453]",[31],CC(=O)Cn1c(OC(CNC(=O)OC(C)(C)C)c2csc(C)n2)nc2c1c(=O)[nH]c(=O)n2C,4.939051628112793,0.803787007637608,C/C=C/C(=O)NCC(Oc1nc2c(c(=O)[nH]c(=O)n2C)n1CC(C)=O)c1csc(C)n1,warhead_installed
BB-2002 BB-1570,"[2002, 1570]",[47],CCc1noc(NC(=O)OC(C)(C)C)c1-c1cccc(C2CC(=O)C2)c1,5.070318698883057,0.803132567334013,C/C=C/C(=O)Nc1onc(CC)c1-c1cccc(C2CC(=O)C2)c1,warhead_installed
BB-2079 BB-1274,"[2079, 1274]",[55],Cc1nc2c(n1C)CN(c1cccc3c1nc(NC(=O)OC(C)(C)C)n3CC(F)(F)F)CC2,5.076350212097168,0.8030509631015657,C/C=C/C(=O)Nc1nc2c(N3CCc4nc(C)n(C)c4C3)cccc2n1CC(F)(F)F,warhead_installed
BB-2066 BB-1453,"[2066, 1453]",[107],Cn1c(=O)[nH]c(=O)c2c1nc(Br)n2CC(C)(O)c1cc(NC(=O)OC(C)(C)C)ccc1CO,5.156902313232422,0.8029703466332974,C/C=C/C(=O)Nc1ccc(CO)c(C(C)(O)Cn2c(Br)nc3c2c(=O)[nH]c(=O)n3C)c1,warhead_installed
BB-2002 BB-1073,"[2002, 1073]",[107],CCc1ccc2c(c1)C(O)(c1c(CC)noc1NC(=O)OC(C)(C)C)C(=O)N2C,5.070318698883057,0.8028982483493983,C/C=C/C(=O)Nc1onc(CC)c1C1(O)C(=O)N(C)c2ccc(CC)cc21,warhead_installed
BB-2002 BB-1989,"[2002, 1989]",[107],CCc1noc(NC(=O)OC(C)(C)C)c1C(C)(O)c1cc2cccc(F)c2o1,5.070318698883057,0.8028715321851587,C/C=C/C(=O)Nc1onc(CC)c1C(C)(O)c1cc2cccc(F)c2o1,warhead_installed
BB-2078 BB-1002,"[2078, 1002]",[55],COCc1ccc(NC(=O)OC(C)(C)C)cc1N(C)C1CCOC(c2ccc(F)cc2)C1,5.0787506103515625,0.8028680808463519,C/C=C/C(=O)Nc1ccc(COC)c(N(C)C2CCOC(c3ccc(F)cc3)C2)c1,warhead_installed
BB-2072 BB-0991,"[2072, 991]",[55],Cc1c(O)ccc2c1OCCN(c1ccc(F)cc1CCNC(=O)OC(C)(C)C)C2,5.078719139099121,0.8023168273164827,C/C=C/C(=O)NCCc1cc(F)ccc1N1CCOc2c(ccc(O)c2C)C1,warhead_installed
BB-2002 BB-1037,"[2002, 1037]",[107],CCc1noc(NC(=O)OC(C)(C)C)c1C(C)(O)c1oc2cc(C)ccc2c1CC(=O)O,5.070318698883057,0.8022017721971575,C/C=C/C(=O)Nc1onc(CC)c1C(C)(O)c1oc2cc(C)ccc2c1CC(=O)O,warhead_installed
BB-2078 BB-1849,"[2078, 1849]",[55],COCc1ccc(NC(=O)OC(C)(C)C)cc1N1CCCC1c1nc2ccccc2s1,5.0787506103515625,0.8017465737392643,C/C=C/C(=O)Nc1ccc(COC)c(N2CCCC2c2nc3ccccc3s2)c1,warhead_installed
BB-2029 BB-1037,"[2029, 1037]",[107],Cc1ccc2c(CC(=O)O)c(C(C)(O)c3nn(C)nc3CNC(=O)OC(C)(C)C)oc2c1,5.0907883644104,0.8016544501972762,C/C=C/C(=O)NCc1nn(C)nc1C(C)(O)c1oc2cc(C)ccc2c1CC(=O)O,warhead_installed
BB-2022 BB-1302,"[2022, 1302]",[82],CC(C)(C)OC(=O)NCC(c1ccc(F)cc1Br)N1CCCC1Cc1cc(F)ccc1F,5.267487525939941,0.8015537320231112,C/C=C/C(=O)NCC(c1ccc(F)cc1Br)N1CCCC1Cc1cc(F)ccc1F,warhead_installed
BB-2002 BB-0132,"[2002, 132]",[47],CCc1noc(NC(=O)OC(C)(C)C)c1-c1ccc(C#N)c(C2(C(=O)OC)CC2)c1,5.070318698883057,0.8012253368270192,C/C=C/C(=O)Nc1onc(CC)c1-c1ccc(C#N)c(C2(C(=O)OC)CC2)c1,warhead_installed
BB-2026 BB-1912,"[2026, 1912]",[39],CC(=O)N(c1cc2c(cc1Br)C(=O)CC2)C1(C(=O)O)CC(C)(C)CC(NC(=O)OC(C)(C)C)=C1Br,5.263380527496338,0.8010972175994501,C/C=C/C(=O)NC1=C(Br)C(C(=O)O)(N(C(C)=O)c2cc3c(cc2Br)C(=O)CC3)CC(C)(C)C1,warhead_installed
BB-2040 BB-0721,"[2040, 721]",[96],CC(=O)N1CC2CCC(C(=O)O)(n3c(C)c(NC(=O)OC(C)(C)C)cc(Br)c3=O)c3cccc1c32,5.089001655578613,0.8010765630730968,C/C=C/C(=O)Nc1cc(Br)c(=O)n(C2(C(=O)O)CCC3CN(C(C)=O)c4cccc2c43)c1C,warhead_installed
BB-2095 BB-1230,"[2095, 1230]",[55],Cc1cc(N2[C@H](C)C[C@H](C(=O)O)C[C@@H]2C)c(C)cc1NC(=O)OC(C)(C)C,5.086318016052246,0.8009513864674741,C/C=C/C(=O)Nc1cc(C)c(N2[C@H](C)C[C@H](C(=O)O)C[C@@H]2C)cc1C,warhead_installed
BB-2072 BB-0206,"[2072, 206]",[107],CC(C)(C)OC(=O)NCCc1cc(F)ccc1C1(O)CCC(c2cncc(F)c2)C1,5.078719139099121,0.8007195198854289,C/C=C/C(=O)NCCc1cc(F)ccc1C1(O)CCC(c2cncc(F)c2)C1,warhead_installed
BB-2056 BB-1453,"[2056, 1453]",[47],CC(=O)Cn1c(-c2cnccc2CCNC(=O)OC(C)(C)C)nc2c1c(=O)[nH]c(=O)n2C,5.081582069396973,0.8001626807361187,C/C=C/C(=O)NCCc1ccncc1-c1nc2c(c(=O)[nH]c(=O)n2C)n1CC(C)=O,warhead_installed
BB-1265 BB-1453,"[1265, 1453]",[96],Cc1nc(C(CNC(=O)OC(C)(C)C)OC(C)(Cn2c(Br)nc3c2c(=O)[nH]c(=O)n3C)C(=O)O)cs1,4.939051628112793,0.8001059814821666,C/C=C/C(=O)NCC(OC(C)(Cn1c(Br)nc2c1c(=O)[nH]c(=O)n2C)C(=O)O)c1csc(C)n1,warhead_installed
BB-1968 BB-1922,"[1968, 1922]",[62],Cc1c(N2CCCCc3cc(Cl)ccc32)ccc(O)c1NC(=O)OC(C)(C)C,5.096729278564453,0.7998179582366238,C/C=C/C(=O)Nc1c(O)ccc(N2CCCCc3cc(Cl)ccc32)c1C,warhead_installed
BB-2002 BB-0386,"[2002, 386]",[47],CCc1noc(NC(=O)OC(C)(C)C)c1-c1ccc(=O)n(CC(=O)O)c1,5.070318698883057,0.7990129583276688,C/C=C/C(=O)Nc1onc(CC)c1-c1ccc(=O)n(CC(=O)O)c1,warhead_installed
BB-2072 BB-1803,"[2072, 1803]",[62],CCc1cccc2c1CCCN2c1ccc(F)cc1CCNC(=O)OC(C)(C)C,5.078719139099121,0.7987420933946772,C/C=C/C(=O)NCCc1cc(F)ccc1N1CCCc2c(CC)cccc21,warhead_installed
BB-2056 BB-0011,"[2056, 11]",[107],CC(C)(C)OC(=O)NCCc1ccncc1C(O)(CC1COCCN1)c1ccccc1,5.081582069396973,0.7981502169695976,C/C=C/C(=O)NCCc1ccncc1C(O)(CC1COCCN1)c1ccccc1,warhead_installed
BB-2002 BB-1005,"[2002, 1005]",[107],CCc1noc(NC(=O)OC(C)(C)C)c1C(O)(CCl)C(C#N)=C1Nc2ccccc2N1C,5.070318698883057,0.7976147481566752,C/C=C/C(=O)Nc1onc(CC)c1C(O)(CCl)C(C#N)=C1Nc2ccccc2N1C,warhead_installed
BB-0942 BB-0133,"[942, 133]",[48],CN(C)c1ncc(C2=C(CCNC(=O)OC(C)(C)C)CCCC2)c2c1CNCC2,4.653831958770752,0.797308814933434,C/C=C/C(=O)NCCC1=C(c2cnc(N(C)C)c3c2CCNC3)CCCC1,warhead_installed
BB-2058 BB-1453,"[2058, 1453]",[10],CC(=O)Cn1c(Sc2ccc(NC(=O)OC(C)(C)C)c3c2CCCC3)nc2c1c(=O)[nH]c(=O)n2C,5.083586692810059,0.7972424646520598,C/C=C/C(=O)Nc1ccc(Sc2nc3c(c(=O)[nH]c(=O)n3C)n2CC(C)=O)c2c1CCCC2,warhead_installed
BB-2095 BB-1453,"[2095, 1453]",[10],CC(=O)Cn1c(Sc2cc(C)c(NC(=O)OC(C)(C)C)cc2C)nc2c1c(=O)[nH]c(=O)n2C,5.086318016052246,0.7966409517665176,C/C=C/C(=O)Nc1cc(C)c(Sc2nc3c(c(=O)[nH]c(=O)n3C)n2CC(C)=O)cc1C,warhead_installed
BB-2056 BB-1880,"[2056, 1880]",[47],Cc1cc2c(cc1-c1cnccc1CCNC(=O)OC(C)(C)C)NCC(C)O2,5.081582069396973,0.7958030456926278,C/C=C/C(=O)NCCc1ccncc1-c1cc2c(cc1C)OC(C)CN2,warhead_installed
BB-2021 BB-1330,"[2021, 1330]",[107],CC(C)(C)OC(=O)NCCc1cc2c(cc1C(C)(O)c1nc3c(s1)CCC3)OCO2,5.079010009765625,0.7945647909563552,C/C=C/C(=O)NCCc1cc2c(cc1C(C)(O)c1nc3c(s1)CCC3)OCO2,warhead_installed
BB-2095 BB-1727,"[2095, 1727]",[107],Cc1cc(C(C)(O)c2ccc(C(F)(F)F)s2)c(C)cc1NC(=O)OC(C)(C)C,5.086318016052246,0.7940669053274666,C/C=C/C(=O)Nc1cc(C)c(C(C)(O)c2ccc(C(F)(F)F)s2)cc1C,warhead_installed
BB-2072 BB-1555,"[2072, 1555]",[107],CCOC(=O)C1(C)C=CC(O)(c2ccc(F)cc2CCNC(=O)OC(C)(C)C)CC1,5.078719139099121,0.7939179443146991,C/C=C/C(=O)NCCc1cc(F)ccc1C1(O)C=CC(C)(C(=O)OCC)CC1,warhead_installed
BB-2044 BB-1987,"[2044, 1987]",[47],CC(C)(C)OC(=O)NC1CCc2ncc(-c3cncc(C4(C#N)CCC4)c3)n2C1,5.090499877929688,0.7934642601329502,C/C=C/C(=O)NC1CCc2ncc(-c3cncc(C4(C#N)CCC4)c3)n2C1,warhead_installed
BB-2002 BB-0199,"[2002, 199]",[96],CCc1noc(N(C(=O)OC(C)(C)C)C2(C(=O)O)CCN(c3ncnc4c3cnn4C)CC2)c1Br,5.070318698883057,0.7933743796421716,,warhead_site_consumed
BB-2058 BB-1002,"[2058, 1002]",[55],CN(c1ccc(NC(=O)OC(C)(C)C)c2c1CCCC2)C1CCOC(c2ccc(F)cc2)C1,5.083586692810059,0.7929116730711075,C/C=C/C(=O)Nc1ccc(N(C)C2CCOC(c3ccc(F)cc3)C2)c2c1CCCC2,warhead_installed
BB-2002 BB-1670,"[2002, 1670]",[107],CCc1noc(NC(=O)OC(C)(C)C)c1C(C)(O)/C=C/c1ccc([N+](=O)[O-])cc1,5.070318698883057,0.7926120601687533,C/C=C/C(=O)Nc1onc(CC)c1C(C)(O)/C=C/c1ccc([N+](=O)[O-])cc1,warhead_installed
BB-2072 BB-1670,"[2072, 1670]",[107],CC(C)(C)OC(=O)NCCc1cc(F)ccc1C(C)(O)/C=C/c1ccc([N+](=O)[O-])cc1,5.078719139099121,0.7923280110492421,C/C=C/C(=O)NCCc1cc(F)ccc1C(C)(O)/C=C/c1ccc([N+](=O)[O-])cc1,warhead_installed
BB-2002 BB-2094,"[2002, 2094]",[47],CCc1noc(NC(=O)OC(C)(C)C)c1-c1nocc1CCNC(=O)OC(C)(C)C,5.070318698883057,0.7920527924214604,C/C=C/C(=O)NCCc1conc1-c1c(CC)noc1N,warhead_installed
BB-2043 BB-0233,"[2043, 233]",[107],COC(=O)c1c(CC(=O)O)[nH]c(C(C)(O)c2ccc3c(c2)C(NC(=O)OC(C)(C)C)CCC3=O)c1C,5.261335849761963,0.7916960120191561,C/C=C/C(=O)NC1CCC(=O)c2ccc(C(C)(O)c3[nH]c(CC(=O)O)c(C(=O)OC)c3C)cc21,warhead_installed
BB-2036 BB-1157,"[2036, 1157]",[39],CC[C@H](OC1(C(=O)O)CC(C)(C)Cc2oc(NC(=O)OC(C)(C)C)nc21)C(=O)O,5.248382091522217,0.7916752638771842,C/C=C/C(=O)Nc1nc2c(o1)CC(C)(C)CC2(O[C@@H](CC)C(=O)O)C(=O)O,warhead_installed
BB-2003 BB-1871,"[2003, 1871]",[50],COc1cc2c(c(C3(O)CCCc4oc(NC(=O)OC(C)(C)C)nc43)c1)CCCC2=O,5.243650436401367,0.7915268388400836,C/C=C/C(=O)Nc1nc2c(o1)CCCC2(O)c1cc(OC)cc2c1CCCC2=O,warhead_installed
BB-2002 BB-1995,"[2002, 1995]",[107],CCc1noc(NC(=O)OC(C)(C)C)c1C1(O)CC(Oc2ccccc2)C1(C)C,5.070318698883057,0.7909486742700571,C/C=C/C(=O)Nc1onc(CC)c1C1(O)CC(Oc2ccccc2)C1(C)C,warhead_installed
BB-2011 BB-0423,"[2011, 423]",[55],CC(C)(C)OC(=O)NCCc1c(F)ccc(F)c1N1CCCC(Oc2ncccc2Br)C1,5.089879989624023,0.7901975708440222,C/C=C/C(=O)NCCc1c(F)ccc(F)c1N1CCCC(Oc2ncccc2Br)C1,warhead_installed
BB-2070 BB-0721,"[2070, 721]",[107],CC(=O)N1CC2CCC(O)(c3cc(NC(=O)OC(C)(C)C)ccc3C(C)(C)C)c3cccc1c32,5.084181785583496,0.7897941759926821,C/C=C/C(=O)Nc1ccc(C(C)(C)C)c(C2(O)CCC3CN(C(C)=O)c4cccc2c43)c1,warhead_installed
BB-2002 BB-0760,"[2002, 760]",[107],CCc1noc(NC(=O)OC(C)(C)C)c1C(C)(O)c1ncc(C)cc1Br,5.070318698883057,0.7893616383728201,C/C=C/C(=O)Nc1onc(CC)c1C(C)(O)c1ncc(C)cc1Br,warhead_installed
BB-0374 BB-0335,"[374, 335]",[96],COc1cccc2c1C(C(=O)O)CC2(C(=O)O)n1c(C)cc(C)c(CNC(=O)OC(C)(C)C)c1=O,4.21885871887207,0.7889190274848967,C/C=C/C(=O)NCc1c(C)cc(C)n(C2(C(=O)O)CC(C(=O)O)c3c(OC)cccc32)c1=O,warhead_installed
BB-2002 BB-1711,"[2002, 1711]",[62],CCc1noc(NC(=O)OC(C)(C)C)c1N(Cc1ccccc1[N+](=O)[O-])C1CC1,5.070318698883057,0.7885631366239765,C/C=C/C(=O)Nc1onc(CC)c1N(Cc1ccccc1[N+](=O)[O-])C1CC1,warhead_installed
BB-2056 BB-0379,"[2056, 379]",[107],CC(C)(C)OC(=O)NCCc1ccncc1C1(O)CCNc2ccc(C(=O)O)cc21,5.081582069396973,0.7879330923129824,C/C=C/C(=O)NCCc1ccncc1C1(O)CCNc2ccc(C(=O)O)cc21,warhead_installed
BB-2080 BB-1140,"[2080, 1140]",[107],CCn1cc(N2CCC(O)(c3cc(C)c(O)cc3CNC(=O)OC(C)(C)C)CC2=O)cn1,5.093694686889648,0.7871771352191453,C/C=C/C(=O)NCc1cc(O)c(C)cc1C1(O)CCN(c2cnn(CC)c2)C(=O)C1,warhead_installed
BB-2002 BB-1746,"[2002, 1746]",[62],CCc1noc(NC(=O)OC(C)(C)C)c1N1CCC=C2OC(=O)C=C21,5.070318698883057,0.7866409431564613,C/C=C/C(=O)Nc1onc(CC)c1N1CCC=C2OC(=O)C=C21,warhead_installed
BB-2002 BB-1453,"[2002, 1453]",[10],CCc1noc(NC(=O)OC(C)(C)C)c1Sc1nc2c(c(=O)[nH]c(=O)n2C)n1CC(C)=O,5.070318698883057,0.7865555229802793,C/C=C/C(=O)Nc1onc(CC)c1Sc1nc2c(c(=O)[nH]c(=O)n2C)n1CC(C)=O,warhead_installed
BB-2002 BB-0692,"[2002, 692]",[47],CCc1noc(NC(=O)OC(C)(C)C)c1-c1ccc2c(c1)CCC(C(=O)O)N2,5.070318698883057,0.7860709704995921,C/C=C/C(=O)Nc1onc(CC)c1-c1ccc2c(c1)CCC(C(=O)O)N2,warhead_installed
BB-1968 BB-0377,"[1968, 377]",[47],COc1ccc(C2(C(=O)O)CC2)cc1-c1ccc(O)c(NC(=O)OC(C)(C)C)c1C,5.096729278564453,0.7853340422603191,C/C=C/C(=O)Nc1c(O)ccc(-c2cc(C3(C(=O)O)CC3)ccc2OC)c1C,warhead_installed
BB-2039 BB-0206,"[2039, 206]",[107],CC(C)(C)OC(=O)Nc1cccc(C2(O)CCC(c3cncc(F)c3)C2)c1O,5.096623420715332,0.7849696875630043,C/C=C/C(=O)Nc1cccc(C2(O)CCC(c3cncc(F)c3)C2)c1O,warhead_installed
BB-2078 BB-0501,"[2078, 501]",[107],COCc1ccc(NC(=O)OC(C)(C)C)cc1C1(O)CCCc2c1[nH]c1ccc(OC)cc21,5.0787506103515625,0.7849131317338385,C/C=C/C(=O)Nc1ccc(COC)c(C2(O)CCCc3c2[nH]c2ccc(OC)cc32)c1,warhead_installed
BB-2027 BB-0447,"[2027, 447]",[55],CC(C)(C)OC(=O)Nc1ccc(N2CCn3ncc(C#N)c3C2)c2c1CCC2,5.083529472351074,0.7837149779862632,C/C=C/C(=O)Nc1ccc(N2CCn3ncc(C#N)c3C2)c2c1CCC2,warhead_installed
BB-2076 BB-1983,"[2076, 1983]",[107],Cc1ccc(CCNC(=O)OC(C)(C)C)c(C(C)(O)c2ccc(OCC(F)(F)F)cc2)c1,5.08514404296875,0.783615547534202,C/C=C/C(=O)NCCc1ccc(C)cc1C(C)(O)c1ccc(OCC(F)(F)F)cc1,warhead_installed
BB-2040 BB-1911,"[2040, 1911]",[62],Cc1cc2c(c(C(=O)O)c1)N(c1cc(NC(=O)OC(C)(C)C)c(C)[nH]c1=O)CCC2,5.089001655578613,0.7835995414662636,C/C=C/C(=O)Nc1cc(N2CCCc3cc(C)cc(C(=O)O)c32)c(=O)[nH]c1C,warhead_installed
BB-2026 BB-1466,"[2026, 1466]",[50],CC1(C)CC(NC(=O)OC(C)(C)C)=C(Br)C(O)(c2cccc(C3(O)CCC(=O)CC3)c2)C1,5.263380527496338,0.7833032099218623,C/C=C/C(=O)NC1=C(Br)C(O)(c2cccc(C3(O)CCC(=O)CC3)c2)CC(C)(C)C1,warhead_installed
BB-2002 BB-1636,"[2002, 1636]",[10],CCc1noc(NC(=O)OC(C)(C)C)c1Sc1cc(C)cc2c1OCCCC2=O,5.070318698883057,0.782613274895564,C/C=C/C(=O)Nc1onc(CC)c1Sc1cc(C)cc2c1OCCCC2=O,warhead_installed
BB-2011 BB-0423,"[2011, 423]",[47],CC(C)(C)OC(=O)NCCc1c(F)ccc(F)c1-c1cccnc1OC1CCCNC1,5.089879989624023,0.7825361860097133,C/C=C/C(=O)NCCc1c(F)ccc(F)c1-c1cccnc1OC1CCCNC1,warhead_installed
BB-2002 BB-1133,"[2002, 1133]",[88],CCc1noc(NC(=O)OC(C)(C)C)c1O[C@H]1CCN(CC(F)F)C1,5.070318698883057,0.7825283748262012,C/C=C/C(=O)Nc1onc(CC)c1O[C@H]1CCN(CC(F)F)C1,warhead_installed
BB-2027 BB-1640,"[2027, 1640]",[55],CC(C)(C)OC(=O)Nc1ccc(N2CCOc3c(Cl)cc(Br)cc3C2)c2c1CCC2,5.083529472351074,0.7821680099548524,C/C=C/C(=O)Nc1ccc(N2CCOc3c(Cl)cc(Br)cc3C2)c2c1CCC2,warhead_installed
BB-2036 BB-1640,"[2036, 1640]",[39],CC1(C)Cc2oc(NC(=O)OC(C)(C)C)nc2C(C(=O)O)(N2CCOc3c(Cl)cc(Br)cc3C2)C1,5.248382091522217,0.7819404765902879,C/C=C/C(=O)Nc1nc2c(o1)CC(C)(C)CC2(C(=O)O)N1CCOc2c(Cl)cc(Br)cc2C1,warhead_installed
BB-2056 BB-1046,"[2056, 1046]",[107],Cc1ccc(CC(O)(c2cnccc2CCNC(=O)OC(C)(C)C)C2CC2)cc1,5.081582069396973,0.7819130435339847,C/C=C/C(=O)NCCc1ccncc1C(O)(Cc1ccc(C)cc1)C1CC1,warhead_installed
BB-2007 BB-1007,"[2007, 1007]",[82],Cc1noc(C2CC3CCC2N3C2C=C(NC(=O)OC(C)(C)C)CC(C)C2)n1,5.255328178405762,0.78127454301905,C/C=C/C(=O)NC1=CC(N2C3CCC2C(c2nc(C)no2)C3)CC(C)C1,warhead_installed
BB-2097 BB-0827,"[2097, 827]",[88],COc1ccc(OCC(C(=O)O)C(C)C)c(CCNC(=O)OC(C)(C)C)c1,5.091676712036133,0.7803974404335617,C/C=C/C(=O)NCCc1cc(OC)ccc1OCC(C(=O)O)C(C)C,warhead_installed
BB-0942 BB-1258,"[942, 1258]",[48],CC(C)(C)OC(=O)NCCC1=C(c2ccc(N)nc2N)CCCC1,4.653831958770752,0.7798592595711092,C/C=C/C(=O)NCCC1=C(c2ccc(N)nc2N)CCCC1,warhead_installed
BB-2021 BB-0501,"[2021, 501]",[107],COc1ccc2[nH]c3c(c2c1)CCCC3(O)c1cc2c(cc1CCNC(=O)OC(C)(C)C)OCO2,5.079010009765625,0.7797691870881658,C/C=C/C(=O)NCCc1cc2c(cc1C1(O)CCCc3c1[nH]c1ccc(OC)cc31)OCO2,warhead_installed
BB-2072 BB-1238,"[2072, 1238]",[47],COC(=O)C1CNc2ccc(-c3ccc(F)cc3CCNC(=O)OC(C)(C)C)cc21,5.078719139099121,0.7795956445086063,C/C=C/C(=O)NCCc1cc(F)ccc1-c1ccc2c(c1)C(C(=O)OC)CN2,warhead_installed
BB-2007 BB-1830,"[2007, 1830]",[91],CC1CC(=O)CC(NC(=O)OC(C)(C)C)(N2CCN(c3ncc(C(F)(F)F)cc3Cl)CC2)C1,5.255328178405762,0.7795470350122697,C/C=C/C(=O)NC1(N2CCN(c3ncc(C(F)(F)F)cc3Cl)CC2)CC(=O)CC(C)C1,warhead_installed
BB-0374 BB-1453,"[374, 1453]",[96],Cc1cc(C)n(C(C)(Cn2c(Br)nc3c2c(=O)[nH]c(=O)n3C)C(=O)O)c(=O)c1CNC(=O)OC(C)(C)C,4.21885871887207,0.7792583905790562,C/C=C/C(=O)NCc1c(C)cc(C)n(C(C)(Cn2c(Br)nc3c2c(=O)[nH]c(=O)n3C)C(=O)O)c1=O,warhead_installed
BB-2130 BB-0721,"[2130, 721]",[96],CC(=O)N1CC2CCC(C(=O)O)(N(CCNC(=O)C3CCCC3)C(=O)OC(C)(C)C)c3cccc1c32,4.263988018035889,0.7788116899479709,,warhead_site_consumed
BB-2001 BB-1937,"[2001, 1937]",[107],CCOC(=O)c1cc(C(C)(O)c2cccc3c2CC(NC(=O)OC(C)(C)C)CC3)n[nH]1,5.086166858673096,0.7780994466232453,C/C=C/C(=O)NC1CCc2cccc(C(C)(O)c3cc(C(=O)OCC)[nH]n3)c2C1,warhead_installed
BB-2002 BB-1005,"[2002, 1005]",[106],CCc1noc(NC(=O)OC(C)(C)C)c1C(=O)C(C(=O)CCl)=C1Nc2ccccc2N1C,5.070318698883057,0.7779402424677534,C/C=C/C(=O)Nc1onc(CC)c1C(=O)C(C(=O)CCl)=C1Nc2ccccc2N1C,warhead_installed
BB-2072 BB-0421,"[2072, 421]",[55],COCCN(CCC(F)(F)F)c1ccc(F)cc1CCNC(=O)OC(C)(C)C,5.078719139099121,0.7778694500889494,C/C=C/C(=O)NCCc1cc(F)ccc1N(CCOC)CCC(F)(F)F,warhead_installed
BB-2002 BB-0229,"[2002, 229]",[10],CCOC(=O)c1[nH]c(C)c(C)c1Sc1c(CC)noc1NC(=O)OC(C)(C)C,5.070318698883057,0.7775635957841968,C/C=C/C(=O)Nc1onc(CC)c1Sc1c(C(=O)OCC)[nH]c(C)c1C,warhead_installed
BB-2154 BB-1128,"[2154, 1128]",[82],CC(C)(C)OC(=O)Nc1ccccc1C(CC1CCC1)N1CCC(c2ccc(O)c(Cl)c2)C1,5.230906963348389,0.77750849320755,C/C=C/C(=O)Nc1ccccc1C(CC1CCC1)N1CCC(c2ccc(O)c(Cl)c2)C1,warhead_installed
BB-2020 BB-0655,"[2020, 655]",[50],COc1ccc(F)cc1CCC(O)(CNC(=O)OC(C)(C)C)c1ccc(F)cc1Cl,5.262912750244141,0.7772617706804997,C/C=C/C(=O)NCC(O)(CCc1cc(F)ccc1OC)c1ccc(F)cc1Cl,warhead_installed
BB-2002 BB-1139,"[2002, 1139]",[62],CCc1noc(NC(=O)OC(C)(C)C)c1N1CCCC1CN=[N+]=[N-],5.070318698883057,0.7772283456120374,C/C=C/C(=O)Nc1onc(CC)c1N1CCCC1CN=[N+]=[N-],warhead_installed
BB-2027 BB-0758,"[2027, 758]",[55],CC(C)(C)OC(=O)Nc1ccc(N2CCC3(CC2)OC(=O)c2ncccc23)c2c1CCC2,5.083529472351074,0.7765651786610553,C/C=C/C(=O)Nc1ccc(N2CCC3(CC2)OC(=O)c2ncccc23)c2c1CCC2,warhead_installed
BB-2030 BB-1911,"[2030, 1911]",[62],Cc1cc2c(c(C(=O)O)c1)N(c1cc(NC(=O)OC(C)(C)C)ccc1CS(C)(=O)=O)CCC2,5.083686351776123,0.7764815818837966,C/C=C/C(=O)Nc1ccc(CS(C)(=O)=O)c(N2CCCc3cc(C)cc(C(=O)O)c32)c1,warhead_installed
BB-2002 BB-1701,"[2002, 1701]",[107],CCc1noc(NC(=O)OC(C)(C)C)c1C1(O)CC(NC(=O)OC(C)(C)C)C12CC(C(F)F)C2,5.070318698883057,0.7760996753423656,C/C=C/C(=O)NC1CC(O)(c2c(CC)noc2N)C12CC(C(F)F)C2,warhead_installed
BB-2056 BB-0379,"[2056, 379]",[62],CC(C)(C)OC(=O)NCCc1ccncc1N1CCC(=O)c2cc(C(=O)O)ccc21,5.081582069396973,0.7756839005371173,C/C=C/C(=O)NCCc1ccncc1N1CCC(=O)c2cc(C(=O)O)ccc21,warhead_installed
BB-2007 BB-1566,"[2007, 1566]",[82],CC1CC(NC(=O)OC(C)(C)C)=CC(N(c2cccc(Br)c2)C2CCCNC2)C1,5.255328178405762,0.7755465320031162,C/C=C/C(=O)NC1=CC(N(c2cccc(Br)c2)C2CCCNC2)CC(C)C1,warhead_installed
BB-2072 BB-0199,"[2072, 199]",[107],Cn1ncc2c(N3CCC(O)(c4ccc(F)cc4CCNC(=O)OC(C)(C)C)CC3)ncnc21,5.078719139099121,0.7753811115592099,C/C=C/C(=O)NCCc1cc(F)ccc1C1(O)CCN(c2ncnc3c2cnn3C)CC1,warhead_installed
BB-2072 BB-0296,"[2072, 296]",[62],CC(C)(C)OC(=O)NCCc1cc(F)ccc1N1CCNS(=O)(=O)c2c1ccnc2Cl,5.078719139099121,0.7750685681115073,C/C=C/C(=O)NCCc1cc(F)ccc1N1CCNS(=O)(=O)c2c1ccnc2Cl,warhead_installed
BB-2002 BB-1411,"[2002, 1411]",[107],CCc1noc(NC(=O)OC(C)(C)C)c1C(C)(O)c1ccc(OCOC)c(C)c1O,5.070318698883057,0.7741996320500613,C/C=C/C(=O)Nc1onc(CC)c1C(C)(O)c1ccc(OCOC)c(C)c1O,warhead_installed
BB-2072 BB-0074,"[2072, 74]",[107],COC(=O)c1cc2c([nH]1)C(O)(c1ccc(F)cc1CCNC(=O)OC(C)(C)C)CCC2,5.078719139099121,0.7738278267784694,C/C=C/C(=O)NCCc1cc(F)ccc1C1(O)CCCc2cc(C(=O)OC)[nH]c21,warhead_installed
BB-2028 BB-1912,"[2028, 1912]",[107],CC(=O)Nc1cc2c(cc1Br)C(O)(c1cc(NC(=O)OC(C)(C)C)cc3cn[nH]c13)CC2,5.085320949554443,0.7734834565392205,C/C=C/C(=O)Nc1cc(C2(O)CCc3cc(NC(C)=O)c(Br)cc32)c2[nH]ncc2c1,warhead_installed
BB-2026 BB-1912,"[2026, 1912]",[107],CC(=O)Nc1cc2c(cc1Br)C(O)(C1=C(NC(=O)OC(C)(C)C)CC(C)(C)CC1=O)CC2,5.263380527496338,0.7734831092047978,C/C=C/C(=O)NC1=C(C2(O)CCc3cc(NC(C)=O)c(Br)cc32)C(=O)CC(C)(C)C1,warhead_installed
BB-2083 BB-1165,"[2083, 1165]",[47],CC(C)(C)OC(=O)Nc1ccc(-c2cccc3c2OC(C)(C)CC3O)c2c1CCO2,5.080852031707764,0.7734805709802769,C/C=C/C(=O)Nc1ccc(-c2cccc3c2OC(C)(C)CC3O)c2c1CCO2,warhead_installed
BB-2014 BB-0721,"[2014, 721]",[96],CC(=O)N1CC2CCC(C(=O)O)(N(CCc3cn(C)nc3Br)C(=O)OC(C)(C)C)c3cccc1c32,5.09501838684082,0.7734279584089662,,warhead_site_consumed
BB-2002 BB-0132,"[2002, 132]",[106],CCc1noc(NC(=O)OC(C)(C)C)c1C(=O)c1ccc(Br)cc1C1(C(=O)OC)CC1,5.070318698883057,0.7734152916241299,C/C=C/C(=O)Nc1onc(CC)c1C(=O)c1ccc(Br)cc1C1(C(=O)OC)CC1,warhead_installed
BB-2028 BB-0404,"[2028, 404]",[55],COc1ccc(Br)cc1C1CCCCN1c1cc(NC(=O)OC(C)(C)C)cc2cn[nH]c12,5.085320949554443,0.7732783568519055,C/C=C/C(=O)Nc1cc(N2CCCCC2c2cc(Br)ccc2OC)c2[nH]ncc2c1,warhead_installed
BB-2002 BB-0501,"[2002, 501]",[107],CCc1noc(NC(=O)OC(C)(C)C)c1C1(O)CCCc2c1[nH]c1ccc(OC)cc21,5.070318698883057,0.7730668391076314,C/C=C/C(=O)Nc1onc(CC)c1C1(O)CCCc2c1[nH]c1ccc(OC)cc21,warhead_installed
BB-2080 BB-1912,"[2080, 1912]",[107],CC(=O)Nc1cc2c(cc1Br)C(O)(c1cc(C)c(O)cc1CNC(=O)OC(C)(C)C)CC2,5.093694686889648,0.7726746723722158,C/C=C/C(=O)NCc1cc(O)c(C)cc1C1(O)CCc2cc(NC(C)=O)c(Br)cc21,warhead_installed
BB-2002 BB-0326,"[2002, 326]",[47],CCc1noc(NC(=O)OC(C)(C)C)c1-c1c(C)nn(CCCO)c1C,5.070318698883057,0.7724639900839264,C/C=C/C(=O)Nc1onc(CC)c1-c1c(C)nn(CCCO)c1C,warhead_installed
BB-2081 BB-0728,"[2081, 728]",[39],CC(C)(C)OC(=O)NCC(CC1CCOCC1)(C(=O)O)n1ccc2c(OCC3CO3)cccc21,5.251799583435059,0.7723034812503553,C/C=C/C(=O)NCC(CC1CCOCC1)(C(=O)O)n1ccc2c(OCC3CO3)cccc21,warhead_installed
BB-2056 BB-0840,"[2056, 840]",[55],CC(C)(C)OC(=O)NCCc1ccncc1N1CCC(C(=O)O)(c2cccc(Cl)c2)CC1,5.081582069396973,0.7722064992153116,C/C=C/C(=O)NCCc1ccncc1N1CCC(C(=O)O)(c2cccc(Cl)c2)CC1,warhead_installed
BB-1968 BB-0167,"[1968, 167]",[55],Cc1ccc2c(c1)CC(N(C)c1ccc(O)c(NC(=O)OC(C)(C)C)c1C)C2,5.096729278564453,0.7721584801874506,C/C=C/C(=O)Nc1c(O)ccc(N(C)C2Cc3ccc(C)cc3C2)c1C,warhead_installed
BB-2007 BB-1566,"[2007, 1566]",[39],CC1CC(NC(=O)OC(C)(C)C)=CC(C(=O)O)(N(c2cccc(Br)c2)C2CCCNC2)C1,5.255328178405762,0.7719421451900819,C/C=C/C(=O)NC1=CC(C(=O)O)(N(c2cccc(Br)c2)C2CCCNC2)CC(C)C1,warhead_installed
BB-2001 BB-1005,"[2001, 1005]",[62],CN1C(=C(C#N)C(=O)CCl)N(c2cccc3c2CC(NC(=O)OC(C)(C)C)CC3)c2ccccc21,5.086166858673096,0.7719279700779728,C/C=C/C(=O)NC1CCc2cccc(N3C(=C(C#N)C(=O)CCl)N(C)c4ccccc43)c2C1,warhead_installed
BB-2003 BB-1796,"[2003, 1796]",[54],CC(C)(C)OC(=O)Nc1nc2c(o1)CCCC2=CC1CN(c2ccc(Br)cc2)C(=O)O1,5.243650436401367,0.7715276161669853,C/C=C/C(=O)Nc1nc2c(o1)CCCC2=CC1CN(c2ccc(Br)cc2)C(=O)O1,warhead_installed
BB-2058 BB-1453,"[2058, 1453]",[107],Cn1c(=O)[nH]c(=O)c2c1nc(Br)n2CC(C)(O)c1ccc(NC(=O)OC(C)(C)C)c2c1CCCC2,5.083586692810059,0.7713810302168354,C/C=C/C(=O)Nc1ccc(C(C)(O)Cn2c(Br)nc3c2c(=O)[nH]c(=O)n3C)c2c1CCCC2,warhead_installed
BB-2002 BB-1862,"[2002, 1862]",[107],CCOC(=O)c1cc2c([nH]1)CCCC2(O)c1c(CC)noc1NC(=O)OC(C)(C)C,5.070318698883057,0.7713263258488804,C/C=C/C(=O)Nc1onc(CC)c1C1(O)CCCc2[nH]c(C(=O)OCC)cc21,warhead_installed
BB-2003 BB-0501,"[2003, 501]",[39],COc1ccc2c(c1)c1c(n2C2(C(=O)O)CCCc3oc(NC(=O)OC(C)(C)C)nc32)C(=O)CCC1,5.243650436401367,0.7712320373750782,C/C=C/C(=O)Nc1nc2c(o1)CCCC2(C(=O)O)n1c2c(c3cc(OC)ccc31)CCCC2=O,warhead_installed
BB-2002 BB-1421,"[2002, 1421]",[88],CCc1noc(NC(=O)OC(C)(C)C)c1OCC1CCCc2c1cnn2C,5.070318698883057,0.7700573489912048,C/C=C/C(=O)Nc1onc(CC)c1OCC1CCCc2c1cnn2C,warhead_installed
BB-2002 BB-0927,"[2002, 927]",[47],CCc1noc(NC(=O)OC(C)(C)C)c1-c1ccc2c(c1)nc(C)n2C,5.070318698883057,0.7699712553228248,C/C=C/C(=O)Nc1onc(CC)c1-c1ccc2c(c1)nc(C)n2C,warhead_installed
BB-1798 BB-0530,"[1798, 530]",[55],Cc1cn2c(n1)CCC(CN(C)c1cc(C(=O)O)cc3nc(NC(=O)OC(C)(C)C)n(C)c13)C2,5.085039138793945,0.7697569492879999,C/C=C/C(=O)Nc1nc2cc(C(=O)O)cc(N(C)CC3CCc4nc(C)cn4C3)c2n1C,warhead_installed
BB-2072 BB-1983,"[2072, 1983]",[107],CC(C)(C)OC(=O)NCCc1cc(F)ccc1C(C)(O)c1ccc(OCC(F)(F)F)cc1,5.078719139099121,0.7696022930035231,C/C=C/C(=O)NCCc1cc(F)ccc1C(C)(O)c1ccc(OCC(F)(F)F)cc1,warhead_installed
BB-2078 BB-1466,"[2078, 1466]",[88],COCc1ccc(NC(=O)OC(C)(C)C)cc1OC1(c2cccc(Cl)c2)CCC(=O)CC1,5.0787506103515625,0.7695279261202583,C/C=C/C(=O)Nc1ccc(COC)c(OC2(c3cccc(Cl)c3)CCC(=O)CC2)c1,warhead_installed
BB-2072 BB-1032,"[2072, 1032]",[107],COc1c(C=O)cc(Cl)cc1C(O)c1ccc(F)cc1CCNC(=O)OC(C)(C)C,5.078719139099121,0.7691736822079893,C/C=C/C(=O)NCCc1cc(F)ccc1C(O)c1cc(Cl)cc(C=O)c1OC,warhead_installed
BB-2080 BB-1912,"[2080, 1912]",[31],CC(=O)Nc1cc2c(cc1Oc1cc(CNC(=O)OC(C)(C)C)c(Br)cc1C)C(=O)CC2,5.093694686889648,0.769127652073008,C/C=C/C(=O)NCc1cc(Oc2cc3c(cc2NC(C)=O)CCC3=O)c(C)cc1Br,warhead_installed
BB-2089 BB-0805,"[2089, 805]",[10],Cc1nn2c(c1Sc1cnccc1C(C)CNC(=O)OC(C)(C)C)CNCC2,5.0910325050354,0.7688774608147998,C/C=C/C(=O)NCC(C)c1ccncc1Sc1c(C)nn2c1CNCC2,warhead_installed
BB-2019 BB-0426,"[2019, 426]",[49],CC(=O)c1c(C)oc(NC(=O)OC(C)(C)C)c1C(=O)CC(=O)C1CC(F)(F)C1,5.252781867980957,0.7685231689274366,C/C=C/C(=O)Nc1oc(C)c(C(C)=O)c1C(=O)CC(=O)C1CC(F)(F)C1,warhead_installed
BB-2026 BB-0966,"[2026, 966]",[82],CC(C)N(Cc1nc2ccccc2c(=O)[nH]1)C1CC(C)(C)CC(NC(=O)OC(C)(C)C)=C1Br,5.263380527496338,0.7682073299727599,C/C=C/C(=O)NC1=C(Br)C(N(Cc2nc3ccccc3c(=O)[nH]2)C(C)C)CC(C)(C)C1,warhead_installed
BB-2002 BB-1012,"[2002, 1012]",[106],CCc1noc(NC(=O)OC(C)(C)C)c1C(=O)[C@H]1CC[C@@H](C#N)CC1,5.070318698883057,0.7681118433040282,C/C=C/C(=O)Nc1onc(CC)c1C(=O)[C@H]1CC[C@@H](C#N)CC1,warhead_installed
BB-2030 BB-0202,"[2030, 202]",[62],Cc1cc2n(n1)CCCN2c1cc(NC(=O)OC(C)(C)C)ccc1CS(C)(=O)=O,5.083686351776123,0.7679320116236381,C/C=C/C(=O)Nc1ccc(CS(C)(=O)=O)c(N2CCCn3nc(C)cc32)c1,warhead_installed
BB-2002 BB-1411,"[2002, 1411]",[88],CCc1noc(NC(=O)OC(C)(C)C)c1Oc1c(C(C)=O)ccc(OCOC)c1C,5.070318698883057,0.7676922569475363,C/C=C/C(=O)Nc1onc(CC)c1Oc1c(C(C)=O)ccc(OCOC)c1C,warhead_installed
BB-2043 BB-0178,"[2043, 178]",[47],CNCc1cc(-c2ccc3c(c2)C(NC(=O)OC(C)(C)C)CCC3=O)cc([N+](=O)[O-])c1,5.261335849761963,0.766728129648934,C/C=C/C(=O)NC1CCC(=O)c2ccc(-c3cc(CNC)cc([N+](=O)[O-])c3)cc21,warhead_installed
BB-2014 BB-0588,"[2014, 588]",[88],Cc1ccc(C2(Oc3nn(C)cc3CCNC(=O)OC(C)(C)C)CCNC2)cn1,5.09501838684082,0.7666355198808846,C/C=C/C(=O)NCCc1cn(C)nc1OC1(c2ccc(C)nc2)CCNC1,warhead_installed
BB-2098 BB-1466,"[2098, 1466]",[50],CC(C)(C)OC(=O)Nc1cc(C(C)(O)c2cccc(C3(O)CCC(=O)CC3)c2)ccc1Br,5.259499549865723,0.7657268100378495,C/C=C/C(=O)Nc1cc(C(C)(O)c2cccc(C3(O)CCC(=O)CC3)c2)ccc1Br,warhead_installed
BB-2002 BB-0841,"[2002, 841]",[62],CCc1noc(NC(=O)OC(C)(C)C)c1N1c2ccnn2C(C(F)(F)F)CC1c1ccc(C)s1,5.070318698883057,0.7657032558556107,C/C=C/C(=O)Nc1onc(CC)c1N1c2ccnn2C(C(F)(F)F)CC1c1ccc(C)s1,warhead_installed
BB-2028 BB-1912,"[2028, 1912]",[47],CC(=O)Nc1cc2c(cc1-c1cc(NC(=O)OC(C)(C)C)cc3cn[nH]c13)C(=O)CC2,5.085320949554443,0.7654279796953871,C/C=C/C(=O)Nc1cc(-c2cc3c(cc2NC(C)=O)CCC3=O)c2[nH]ncc2c1,warhead_installed
BB-2078 BB-1912,"[2078, 1912]",[10],COCc1ccc(NC(=O)OC(C)(C)C)cc1Sc1cc2c(cc1NC(C)=O)CCC2=O,5.0787506103515625,0.7654106476961102,C/C=C/C(=O)Nc1ccc(COC)c(Sc2cc3c(cc2NC(C)=O)CCC3=O)c1,warhead_installed
BB-2085 BB-1466,"[2085, 1466]",[88],CN1C(=O)C(NC(=O)OC(C)(C)C)c2cc(OC3(c4cccc(Cl)c4)CCC(=O)CC3)ccc21,5.087517738342285,0.7651954982119198,C/C=C/C(=O)NC1C(=O)N(C)c2ccc(OC3(c4cccc(Cl)c4)CCC(=O)CC3)cc21,warhead_installed
BB-0960 BB-1880,"[960, 1880]",[47],COc1ccc(-c2cc3c(cc2C)OC(C)CN3)cc1C(CO)NC(=O)OC(C)(C)C,5.162042617797852,0.7650705912996465,C/C=C/C(=O)NC(CO)c1cc(-c2cc3c(cc2C)OC(C)CN3)ccc1OC,warhead_installed
BB-2040 BB-0897,"[2040, 897]",[47],COc1cc(C)c(-c2cc(NC(=O)OC(C)(C)C)c(C)[nH]c2=O)cc1OC,5.089001655578613,0.7643285338941026,C/C=C/C(=O)Nc1cc(-c2cc(OC)c(OC)cc2C)c(=O)[nH]c1C,warhead_installed
BB-2058 BB-0025,"[2058, 25]",[10],COC(=O)C(Sc1ccc(NC(=O)OC(C)(C)C)c2c1CCCC2)C(C)c1ccccc1,5.083586692810059,0.7641873972327209,C/C=C/C(=O)Nc1ccc(SC(C(=O)OC)C(C)c2ccccc2)c2c1CCCC2,warhead_installed
BB-2002 BB-0721,"[2002, 721]",[96],CCc1noc(N(C(=O)OC(C)(C)C)C2(C(=O)O)CCC3CN(C(C)=O)c4cccc2c43)c1Br,5.070318698883057,0.7637961570947496,,warhead_site_consumed
BB-2002 BB-1912,"[2002, 1912]",[10],CCc1noc(NC(=O)OC(C)(C)C)c1Sc1cc2c(cc1NC(C)=O)CCC2=O,5.070318698883057,0.763527867710958,C/C=C/C(=O)Nc1onc(CC)c1Sc1cc2c(cc1NC(C)=O)CCC2=O,warhead_installed
BB-2072 BB-1912,"[2072, 1912]",[10],CC(=O)Nc1cc2c(cc1Sc1ccc(F)cc1CCNC(=O)OC(C)(C)C)C(=O)CC2,5.078719139099121,0.7634658846638794,C/C=C/C(=O)NCCc1cc(F)ccc1Sc1cc2c(cc1NC(C)=O)CCC2=O,warhead_installed
BB-2014 BB-0721,"[2014, 721]",[107],CC(=O)N1CC2CCC(O)(c3nn(C)cc3CCNC(=O)OC(C)(C)C)c3cccc1c32,5.09501838684082,0.7631944426533505,C/C=C/C(=O)NCCc1cn(C)nc1C1(O)CCC2CN(C(C)=O)c3cccc1c32,warhead_installed
BB-2078 BB-0200,"[2078, 200]",[107],COCc1ccc(NC(=O)OC(C)(C)C)cc1C(O)(CCC(=O)O)c1c[nH]c(C(=O)OC)c1,5.0787506103515625,0.7631514738102099,C/C=C/C(=O)Nc1ccc(COC)c(C(O)(CCC(=O)O)c2c[nH]c(C(=O)OC)c2)c1,warhead_installed
BB-2021 BB-0467,"[2021, 467]",[55],COC(=O)c1ccc(Cl)c2c1CCN(c1cc3c(cc1CCNC(=O)OC(C)(C)C)OCO3)C2C,5.079010009765625,0.7630329853586229,C/C=C/C(=O)NCCc1cc2c(cc1N1CCc3c(C(=O)OC)ccc(Cl)c3C1C)OCO2,warhead_installed
BB-2034 BB-0192,"[2034, 192]",[50],COC(=O)c1cc(C(C)(O)c2ccc3c(c2)C2CC(C)(O3)N(C)C(=O)N2)c(NC(=O)OC(C)(C)C)[nH]1,5.255531311035156,0.7626410045131358,C/C=C/C(=O)Nc1[nH]c(C(=O)OC)cc1C(C)(O)c1ccc2c(c1)C1CC(C)(O2)N(C)C(=O)N1,warhead_installed
BB-2038 BB-1670,"[2038, 1670]",[107],CC(C)(C)OC(=O)Nc1n[nH]c2ccc(F)c(C(C)(O)/C=C/c3ccc([N+](=O)[O-])cc3)c12,5.089232921600342,0.7625047772329192,C/C=C/C(=O)Nc1n[nH]c2ccc(F)c(C(C)(O)/C=C/c3ccc([N+](=O)[O-])cc3)c12,warhead_installed
BB-2074 BB-0501,"[2074, 501]",[39],COc1ccc2c(c1)c1c(n2C(CNC(=O)OC(C)(C)C)(C(=O)O)c2ccn(C)n2)C(=O)CCC1,5.243196964263916,0.7623902649433785,C/C=C/C(=O)NCC(C(=O)O)(c1ccn(C)n1)n1c2c(c3cc(OC)ccc31)CCCC2=O,warhead_installed
BB-2074 BB-1640,"[2074, 1640]",[82],Cn1ccc(C(CNC(=O)OC(C)(C)C)N2CCOc3c(Cl)cc(Br)cc3C2)n1,5.243196964263916,0.7619930722643389,C/C=C/C(=O)NCC(c1ccn(C)n1)N1CCOc2c(Cl)cc(Br)cc2C1,warhead_installed
BB-1968 BB-1078,"[1968, 1078]",[55],Cc1c(N(CC(F)(F)F)C2CCCOC2)ccc(O)c1NC(=O)OC(C)(C)C,5.096729278564453,0.7618937996110073,C/C=C/C(=O)Nc1c(O)ccc(N(CC(F)(F)F)C2CCCOC2)c1C,warhead_installed
BB-2038 BB-0074,"[2038, 74]",[107],COC(=O)c1cc2c([nH]1)C(O)(c1c(F)ccc3[nH]nc(NC(=O)OC(C)(C)C)c13)CCC2,5.089232921600342,0.7617796935786848,C/C=C/C(=O)Nc1n[nH]c2ccc(F)c(C3(O)CCCc4cc(C(=O)OC)[nH]c43)c12,warhead_installed
BB-2078 BB-0447,"[2078, 447]",[106],COCc1ccc(NC(=O)OC(C)(C)C)cc1C(=O)c1cnn2c1CNCC2,5.0787506103515625,0.760973603056369,C/C=C/C(=O)Nc1ccc(COC)c(C(=O)c2cnn3c2CNCC3)c1,warhead_installed
BB-2043 BB-0233,"[2043, 233]",[39],COC(=O)c1c(C)c(C(C)=O)n(C2(C(=O)O)CCC(NC(=O)OC(C)(C)C)c3cc(Br)ccc32)c1CC(=O)O,5.261335849761963,0.7607595140877287,C/C=C/C(=O)NC1CCC(C(=O)O)(n2c(CC(=O)O)c(C(=O)OC)c(C)c2C(C)=O)c2ccc(Br)cc21,warhead_installed
BB-0768 BB-0840,"[768, 840]",[61],CC(C)(C)OC(=O)NC(CC(=O)N1CCC(C(=O)O)(c2cccc(Cl)c2)CC1)c1cccc(I)c1,5.100085258483887,0.7607062211408404,C/C=C/C(=O)NC(CC(=O)N1CCC(C(=O)O)(c2cccc(Cl)c2)CC1)c1cccc(I)c1,warhead_installed
BB-2054 BB-1453,"[2054, 1453]",[96],COCCN(CCCNC(=O)OC(C)(C)C)C(C)(Cn1c(Br)nc2c1c(=O)[nH]c(=O)n2C)C(=O)O,5.165851593017578,0.7603844032708755,C/C=C/C(=O)NCCCN(CCOC)C(C)(Cn1c(Br)nc2c1c(=O)[nH]c(=O)n2C)C(=O)O,warhead_installed
BB-2056 BB-1453,"[2056, 1453]",[107],Cn1c(=O)[nH]c(=O)c2c1nc(Br)n2CC(C)(O)c1cnccc1CCNC(=O)OC(C)(C)C,5.081582069396973,0.759895333766356,C/C=C/C(=O)NCCc1ccncc1C(C)(O)Cn1c(Br)nc2c1c(=O)[nH]c(=O)n2C,warhead_installed
BB-2062 BB-0166,"[2062, 166]",[50],CC(C)(C)OC(=O)NCCCC(O)(c1ccc2c(c1)OCO2)c1ccc(CO)cc1C(F)(F)F,5.254188060760498,0.759600756954273,C/C=C/C(=O)NCCCC(O)(c1ccc2c(c1)OCO2)c1ccc(CO)cc1C(F)(F)F,warhead_installed
BB-2026 BB-1466,"[2026, 1466]",[107],CC1(C)CC(=O)C(C2(O)CCC(O)(c3cccc(Cl)c3)CC2)=C(NC(=O)OC(C)(C)C)C1,5.263380527496338,0.7594154170465583,C/C=C/C(=O)NC1=C(C2(O)CCC(O)(c3cccc(Cl)c3)CC2)C(=O)CC(C)(C)C1,warhead_installed
BB-2054 BB-1714,"[2054, 1714]",[96],COCCN(CCCNC(=O)OC(C)(C)C)C(C)(CCc1cccc(C(F)(F)F)c1)C(=O)O,5.165851593017578,0.759154734433738,C/C=C/C(=O)NCCCN(CCOC)C(C)(CCc1cccc(C(F)(F)F)c1)C(=O)O,warhead_installed
BB-2074 BB-1640,"[2074, 1640]",[50],Cn1ccc(C(O)(CNC(=O)OC(C)(C)C)c2cc(Br)cc3c2OCCNC3)n1,5.243196964263916,0.7588682715511813,C/C=C/C(=O)NCC(O)(c1ccn(C)n1)c1cc(Br)cc2c1OCCNC2,warhead_installed
BB-2014 BB-0588,"[2014, 588]",[62],Cc1ccc(C2(O)CCN(c3nn(C)cc3CCNC(=O)OC(C)(C)C)C2)cn1,5.09501838684082,0.757431016092632,C/C=C/C(=O)NCCc1cn(C)nc1N1CCC(O)(c2ccc(C)nc2)C1,warhead_installed
BB-2056 BB-0721,"[2056, 721]",[96],CC(=O)N1CC2CCC(C(=O)O)(N(CCc3ccncc3Br)C(=O)OC(C)(C)C)c3cccc1c32,5.081582069396973,0.7571073777484665,,warhead_site_consumed
BB-2002 BB-1214,"[2002, 1214]",[10],CCc1noc(NC(=O)OC(C)(C)C)c1Sc1cn(C)c2cc(F)ccc2c1=O,5.070318698883057,0.7566125811173688,C/C=C/C(=O)Nc1onc(CC)c1Sc1cn(C)c2cc(F)ccc2c1=O,warhead_installed
BB-1968 BB-0468,"[1968, 468]",[47],CC(=O)C(C#N)c1cccc(-c2ccc(O)c(NC(=O)OC(C)(C)C)c2C)c1,5.096729278564453,0.7564977362579111,C/C=C/C(=O)Nc1c(O)ccc(-c2cccc(C(C#N)C(C)=O)c2)c1C,warhead_installed
BB-2072 BB-0199,"[2072, 199]",[96],Cn1ncc2c(N3CCC(C(=O)O)(N(CCc4cc(F)ccc4Br)C(=O)OC(C)(C)C)CC3)ncnc21,5.078719139099121,0.7558939518470081,,warhead_site_consumed
BB-0730 BB-0721,"[730, 721]",[96],CC(=O)N1CC2CCC(OC(C)C(NC(=O)OC(C)(C)C)c3ccccc3F)(C(=O)O)c3cccc1c32,4.956474781036377,0.7553165494838839,C/C=C/C(=O)NC(c1ccccc1F)C(C)OC1(C(=O)O)CCC2CN(C(C)=O)c3cccc1c32,warhead_installed
BB-2044 BB-1987,"[2044, 1987]",[106],CC(C)(C)OC(=O)NC1CCc2ncc(C(=O)C3(c4cncc(Br)c4)CCC3)n2C1,5.090499877929688,0.7548767691248676,C/C=C/C(=O)NC1CCc2ncc(C(=O)C3(c4cncc(Br)c4)CCC3)n2C1,warhead_installed
BB-2072 BB-1987,"[2072, 1987]",[47],CC(C)(C)OC(=O)NCCc1cc(F)ccc1-c1cncc(C2(C#N)CCC2)c1,5.078719139099121,0.7546430555800876,C/C=C/C(=O)NCCc1cc(F)ccc1-c1cncc(C2(C#N)CCC2)c1,warhead_installed
BB-2002 BB-1201,"[2002, 1201]",[10],CCc1noc(NC(=O)OC(C)(C)C)c1Sc1c(O)cc(O)c(C=O)c1C,5.070318698883057,0.7543001168291241,C/C=C/C(=O)Nc1onc(CC)c1Sc1c(O)cc(O)c(C=O)c1C,warhead_installed
BB-0185 BB-1453,"[185, 1453]",[96],CN(C)c1nc(CCN(C(=O)OC(C)(C)C)C(C)(Cn2c(Br)nc3c2c(=O)[nH]c(=O)n3C)C(=O)O)cs1,4.219985008239746,0.754275923781017,,warhead_site_consumed
BB-1968 BB-0468,"[1968, 468]",[106],CC(=O)C(C(=O)c1ccc(O)c(NC(=O)OC(C)(C)C)c1C)c1cccc(Br)c1,5.096729278564453,0.753932582625867,C/C=C/C(=O)Nc1c(O)ccc(C(=O)C(C(C)=O)c2cccc(Br)c2)c1C,warhead_installed
BB-2056 BB-0760,"[2056, 760]",[10],CC(=O)c1ncc(C)cc1Sc1cnccc1CCNC(=O)OC(C)(C)C,5.081582069396973,0.753830411514857,C/C=C/C(=O)NCCc1ccncc1Sc1cc(C)cnc1C(C)=O,warhead_installed
BB-2044 BB-1987,"[2044, 1987]",[10],CC(C)(C)OC(=O)NC1CCc2ncc(Sc3cncc(C4(C#N)CCC4)c3)n2C1,5.090499877929688,0.753798914078227,C/C=C/C(=O)NC1CCc2ncc(Sc3cncc(C4(C#N)CCC4)c3)n2C1,warhead_installed
BB-1968 BB-0468,"[1968, 468]",[107],Cc1c(C(C)(O)C(C#N)c2cccc(Br)c2)ccc(O)c1NC(=O)OC(C)(C)C,5.096729278564453,0.7534579853277011,C/C=C/C(=O)Nc1c(O)ccc(C(C)(O)C(C#N)c2cccc(Br)c2)c1C,warhead_installed
BB-2020 BB-1002,"[2020, 1002]",[39],CN(C1CCOC(c2ccc(F)cc2)C1)C(CNC(=O)OC(C)(C)C)(C(=O)O)c1ccc(F)cc1Cl,5.262912750244141,0.7533592801610942,C/C=C/C(=O)NCC(C(=O)O)(c1ccc(F)cc1Cl)N(C)C1CCOC(c2ccc(F)cc2)C1,warhead_installed
BB-2074 BB-1640,"[2074, 1640]",[39],Cn1ccc(C(CNC(=O)OC(C)(C)C)(C(=O)O)N2CCOc3c(Cl)cc(Br)cc3C2)n1,5.243196964263916,0.7532425788767221,C/C=C/C(=O)NCC(C(=O)O)(c1ccn(C)n1)N1CCOc2c(Cl)cc(Br)cc2C1,warhead_installed
BB-2007 BB-1323,"[2007, 1323]",[39],CCS(=O)(=O)N(C1CCCNC1)C1(C(=O)O)C=C(NC(=O)OC(C)(C)C)CC(C)C1,5.255328178405762,0.7524723228110858,C/C=C/C(=O)NC1=CC(C(=O)O)(N(C2CCCNC2)S(=O)(=O)CC)CC(C)C1,warhead_installed
BB-1591 BB-1912,"[1591, 1912]",[47],CC(=O)Nc1cc2c(cc1-c1c(F)ccc(NC(=O)OC(C)(C)C)c1F)C(=O)CC2,5.086057662963867,0.7522846150034918,C/C=C/C(=O)Nc1ccc(F)c(-c2cc3c(cc2NC(C)=O)CCC3=O)c1F,warhead_installed
BB-2001 BB-1005,"[2001, 1005]",[106],CN1C(=C(C(=O)CCl)C(=O)c2cccc3c2CC(NC(=O)OC(C)(C)C)CC3)Nc2ccccc21,5.086166858673096,0.7519492196382561,C/C=C/C(=O)NC1CCc2cccc(C(=O)C(C(=O)CCl)=C3Nc4ccccc4N3C)c2C1,warhead_installed
BB-2070 BB-0721,"[2070, 721]",[96],CC(=O)N1CC2CCC(C(=O)O)(N(C(=O)OC(C)(C)C)c3ccc(C(C)(C)C)c(Cl)c3)c3cccc1c32,5.084181785583496,0.7517056066470921,,warhead_site_consumed
BB-2060 BB-1461,"[2060, 1461]",[106],CC(C)(C)OC(=O)NCC1(CC(=O)C2(C)Cc3cccc(Br)c32)CCOCC1,5.165180206298828,0.7515957548704012,C/C=C/C(=O)NCC1(CC(=O)C2(C)Cc3cccc(Br)c32)CCOCC1,warhead_installed
BB-0559 BB-0447,"[559, 447]",[106],CC(C)(C)OC(=O)Nc1cc(C(F)(F)F)ncc1C(=O)c1cnn2c1CNCC2,5.08818244934082,0.7515460133989847,C/C=C/C(=O)Nc1cc(C(F)(F)F)ncc1C(=O)c1cnn2c1CNCC2,warhead_installed
BB-2072 BB-0234,"[2072, 234]",[107],CC(C)(C)OC(=O)NCCc1cc(F)ccc1C1(O)CCC(CC(=O)O)c2ccccc21,5.078719139099121,0.7514635992909491,C/C=C/C(=O)NCCc1cc(F)ccc1C1(O)CCC(CC(=O)O)c2ccccc21,warhead_installed
BB-2058 BB-1695,"[2058, 1695]",[55],Cc1cc(Br)c2c(c1)CN(c1ccc(NC(=O)OC(C)(C)C)c3c1CCCC3)CC2,5.083586692810059,0.7514567068884311,C/C=C/C(=O)Nc1ccc(N2CCc3c(Br)cc(C)cc3C2)c2c1CCCC2,warhead_installed
BB-2072 BB-0296,"[2072, 296]",[10],CC(C)(C)OC(=O)NCCc1cc(F)ccc1Sc1nccc2c1S(=O)(=O)NCCN2,5.078719139099121,0.7513539892410098,C/C=C/C(=O)NCCc1cc(F)ccc1Sc1nccc2c1S(=O)(=O)NCCN2,warhead_installed
BB-0576 BB-1453,"[576, 1453]",[96],CN(C(=O)C(CC1CCCCC1)NC(=O)OC(C)(C)C)C(C)(Cn1c(Br)nc2c1c(=O)[nH]c(=O)n2C)C(=O)O,4.218019485473633,0.7508839919846791,C/C=C/C(=O)NC(CC1CCCCC1)C(=O)N(C)C(C)(Cn1c(Br)nc2c1c(=O)[nH]c(=O)n2C)C(=O)O,warhead_installed
BB-2002 BB-1314,"[2002, 1314]",[47],CCc1noc(NC(=O)OC(C)(C)C)c1-c1ccc(F)cc1CS,5.070318698883057,0.7508145553318569,C/C=C/C(=O)Nc1onc(CC)c1-c1ccc(F)cc1CS,warhead_installed
BB-1277 BB-1912,"[1277, 1912]",[96],CC(=O)Nc1cc2c(cc1Br)C(C(=O)O)(n1c(C)nc3c(CNC(=O)OC(C)(C)C)c(F)ccc31)CC2,4.234013557434082,0.7506566914841959,C/C=C/C(=O)NCc1c(F)ccc2c1nc(C)n2C1(C(=O)O)CCc2cc(NC(C)=O)c(Br)cc21,warhead_installed
BB-2080 BB-1969,"[2080, 1969]",[107],Cc1cc(C(C)(O)CCCN2C(=O)c3ccccc3C2=O)c(CNC(=O)OC(C)(C)C)cc1O,5.093694686889648,0.7505821880671011,C/C=C/C(=O)NCc1cc(O)c(C)cc1C(C)(O)CCCN1C(=O)c2ccccc2C1=O,warhead_installed
BB-2072 BB-1624,"[2072, 1624]",[10],COc1cccc(Sc2ccc(F)cc2CCNC(=O)OC(C)(C)C)c1C1CNCCO1,5.078719139099121,0.7492762315284184,C/C=C/C(=O)NCCc1cc(F)ccc1Sc1cccc(OC)c1C1CNCCO1,warhead_installed
BB-2001 BB-0164,"[2001, 164]",[107],CCOC(=O)C12CCCC1=CC(O)(c1cccc3c1CC(NC(=O)OC(C)(C)C)CC3)C2,5.086166858673096,0.7485052208071228,C/C=C/C(=O)NC1CCc2cccc(C3(O)C=C4CCCC4(C(=O)OCC)C3)c2C1,warhead_installed
BB-2078 BB-1862,"[2078, 1862]",[107],CCOC(=O)c1cc2c([nH]1)CCCC2(O)c1cc(NC(=O)OC(C)(C)C)ccc1COC,5.0787506103515625,0.7482034837241489,C/C=C/C(=O)Nc1ccc(COC)c(C2(O)CCCc3[nH]c(C(=O)OCC)cc32)c1,warhead_installed
BB-2067 BB-0789,"[2067, 789]",[10],Cc1cc(SCC23CC(CC(=O)N2)C3)c(C)c([N+](=O)[O-])c1NC(=O)OC(C)(C)C,5.093190670013428,0.7479785828309388,C/C=C/C(=O)Nc1c(C)cc(SCC23CC(CC(=O)N2)C3)c(C)c1[N+](=O)[O-],warhead_installed
BB-2082 BB-1466,"[2082, 1466]",[50],Cc1noc(NC(=O)OC(C)(C)C)c1C(O)c1cccc(C2(O)CCC(=O)CC2)c1,5.036779403686523,0.746764165567167,C/C=C/C(=O)Nc1onc(C)c1C(O)c1cccc(C2(O)CCC(=O)CC2)c1,warhead_installed
BB-2045 BB-1983,"[2045, 1983]",[107],Cn1c(NC(=O)OC(C)(C)C)nc2cccc(C(C)(O)c3ccc(OCC(F)(F)F)cc3)c21,5.082790374755859,0.7458593239732327,C/C=C/C(=O)Nc1nc2cccc(C(C)(O)c3ccc(OCC(F)(F)F)cc3)c2n1C,warhead_installed
BB-2028 BB-1706,"[2028, 1706]",[107],CC(C)(C)OC(=O)Nc1cc(C2(O)CC(C(=O)O)(c3cccc(Br)c3)C2)c2[nH]ncc2c1,5.085320949554443,0.745806654081558,C/C=C/C(=O)Nc1cc(C2(O)CC(C(=O)O)(c3cccc(Br)c3)C2)c2[nH]ncc2c1,warhead_installed
BB-2001 BB-1466,"[2001, 1466]",[88],CC(C)(C)OC(=O)NC1CCc2cccc(OC3(c4cccc(Cl)c4)CCC(=O)CC3)c2C1,5.086166858673096,0.7457933842969848,C/C=C/C(=O)NC1CCc2cccc(OC3(c4cccc(Cl)c4)CCC(=O)CC3)c2C1,warhead_installed
BB-2005 BB-1453,"[2005, 1453]",[10],CC(=O)Cn1c(Sc2cn(C)c(=O)c(NC(=O)OC(C)(C)C)c2C)nc2c1c(=O)[nH]c(=O)n2C,5.092567443847656,0.7457734353957038,C/C=C/C(=O)Nc1c(C)c(Sc2nc3c(c(=O)[nH]c(=O)n3C)n2CC(C)=O)cn(C)c1=O,warhead_installed
BB-2056 BB-1453,"[2056, 1453]",[96],Cn1c(=O)[nH]c(=O)c2c1nc(Br)n2CC(C)(C(=O)O)N(CCc1ccncc1Br)C(=O)OC(C)(C)C,5.081582069396973,0.7456130839383537,,warhead_site_consumed
BB-2078 BB-1453,"[2078, 1453]",[10],COCc1ccc(NC(=O)OC(C)(C)C)cc1Sc1nc2c(c(=O)[nH]c(=O)n2C)n1CC(C)=O,5.0787506103515625,0.7455883529429854,C/C=C/C(=O)Nc1ccc(COC)c(Sc2nc3c(c(=O)[nH]c(=O)n3C)n2CC(C)=O)c1,warhead_installed
BB-2020 BB-1002,"[2020, 1002]",[55],CN(c1cc(F)ccc1C(=O)CNC(=O)OC(C)(C)C)C1CCOC(c2ccc(F)cc2)C1,5.262912750244141,0.7445633323377956,C/C=C/C(=O)NCC(=O)c1ccc(F)cc1N(C)C1CCOC(c2ccc(F)cc2)C1,warhead_installed
BB-2078 BB-0199,"[2078, 199]",[96],COCc1ccc(N(C(=O)OC(C)(C)C)C2(C(=O)O)CCN(c3ncnc4c3cnn4C)CC2)cc1Cl,5.0787506103515625,0.7444821743646386,,warhead_site_consumed
BB-2078 BB-0203,"[2078, 203]",[96],COCc1ccc(N(C(=O)OC(C)(C)C)C2(C(=O)O)CC3(CCCC3NC(=O)OC(C)(C)C)C2)cc1Cl,5.0787506103515625,0.744298157472351,,warhead_site_consumed
BB-0787 BB-1803,"[787, 1803]",[62],CCc1cccc2c1CCCN2c1cccc(CNC(=O)OC(C)(C)C)c1Cl,5.089550018310547,0.7441182928627017,C/C=C/C(=O)NCc1cccc(N2CCCc3c(CC)cccc32)c1Cl,warhead_installed
BB-2098 BB-1466,"[2098, 1466]",[107],CC(=O)c1ccc(C2(O)CCC(O)(c3cccc(Cl)c3)CC2)c(NC(=O)OC(C)(C)C)c1,5.259499549865723,0.7439867382947244,C/C=C/C(=O)Nc1cc(C(C)=O)ccc1C1(O)CCC(O)(c2cccc(Cl)c2)CC1,warhead_installed
BB-2002 BB-0206,"[2002, 206]",[96],CCc1noc(N(C(=O)OC(C)(C)C)C2(C(=O)O)CCC(c3cncc(F)c3)C2)c1Br,5.070318698883057,0.7437770305727451,,warhead_site_consumed
BB-2002 BB-1466,"[2002, 1466]",[96],CCc1noc(N(C(=O)OC(C)(C)C)C2(C(=O)O)CCC(O)(c3cccc(Cl)c3)CC2)c1Br,5.070318698883057,0.7435707576377474,,warhead_site_consumed
BB-2089 BB-0233,"[2089, 233]",[107],COC(=O)c1c(CC(=O)O)[nH]c(C(C)(O)c2cnccc2C(C)CNC(=O)OC(C)(C)C)c1C,5.0910325050354,0.7434962273014252,C/C=C/C(=O)NCC(C)c1ccncc1C(C)(O)c1[nH]c(CC(=O)O)c(C(=O)OC)c1C,warhead_installed
BB-2007 BB-1323,"[2007, 1323]",[82],CCS(=O)(=O)NC1CCCN(C2C=C(NC(=O)OC(C)(C)C)CC(C)C2)C1,5.255328178405762,0.7433241106936028,C/C=C/C(=O)NC1=CC(N2CCCC(NS(=O)(=O)CC)C2)CC(C)C1,warhead_installed
BB-2072 BB-1912,"[2072, 1912]",[47],CC(=O)Nc1cc2c(cc1-c1ccc(F)cc1CCNC(=O)OC(C)(C)C)C(=O)CC2,5.078719139099121,0.7410405119748478,C/C=C/C(=O)NCCc1cc(F)ccc1-c1cc2c(cc1NC(C)=O)CCC2=O,warhead_installed
BB-1282 BB-0501,"[1282, 501]",[96],COCC(=O)N(c1cccc(CNC(=O)OC(C)(C)C)c1)C1(C(=O)O)CCCc2c1[nH]c1ccc(OC)cc21,4.217952728271484,0.7409839707745629,C/C=C/C(=O)NCc1cccc(N(C(=O)COC)C2(C(=O)O)CCCc3c2[nH]c2ccc(OC)cc32)c1,warhead_installed
BB-2007 BB-1453,"[2007, 1453]",[39],CC(=O)Cn1c(Br)nc2c1c(=O)n(C1(C(=O)O)C=C(NC(=O)OC(C)(C)C)CC(C)C1)c(=O)n2C,5.255328178405762,0.7408192766000384,C/C=C/C(=O)NC1=CC(C(=O)O)(n2c(=O)c3c(nc(Br)n3CC(C)=O)n(C)c2=O)CC(C)C1,warhead_installed
BB-2056 BB-0199,"[2056, 199]",[96],Cn1ncc2c(N3CCC(C(=O)O)(N(CCc4ccncc4Br)C(=O)OC(C)(C)C)CC3)ncnc21,5.081582069396973,0.7407748566537207,,warhead_site_consumed
BB-2026 BB-1466,"[2026, 1466]",[39],CC1(C)CC(NC(=O)OC(C)(C)C)=C(Br)C(OC2(c3cccc(Cl)c3)CCC(=O)CC2)(C(=O)O)C1,5.263380527496338,0.7405803110597735,C/C=C/C(=O)NC1=C(Br)C(OC2(c3cccc(Cl)c3)CCC(=O)CC2)(C(=O)O)CC(C)(C)C1,warhead_installed
BB-2028 BB-1983,"[2028, 1983]",[107],CC(C)(C)OC(=O)Nc1cc(C(C)(O)c2ccc(OCC(F)(F)F)cc2)c2[nH]ncc2c1,5.085320949554443,0.7403940829795307,C/C=C/C(=O)Nc1cc(C(C)(O)c2ccc(OCC(F)(F)F)cc2)c2[nH]ncc2c1,warhead_installed
BB-2023 BB-0067,"[2023, 67]",[50],Cc1nn(-c2ccccc2C2(O)CC(CNC(=O)OC(C)(C)C)Oc3ccccc32)c2sc(C(=O)O)cc12,5.2504167556762695,0.7402521045495278,C/C=C/C(=O)NCC1CC(O)(c2ccccc2-n2nc(C)c3cc(C(=O)O)sc32)c2ccccc2O1,warhead_installed
BB-2027 BB-0206,"[2027, 206]",[107],CC(C)(C)OC(=O)Nc1ccc(C2(O)CCC(c3cncc(F)c3)C2)c2c1CCC2,5.083529472351074,0.740021806550882,C/C=C/C(=O)Nc1ccc(C2(O)CCC(c3cncc(F)c3)C2)c2c1CCC2,warhead_installed
BB-2002 BB-1461,"[2002, 1461]",[106],CCc1noc(NC(=O)OC(C)(C)C)c1C(=O)C1(C)Cc2cccc(Br)c21,5.070318698883057,0.7394864365866668,C/C=C/C(=O)Nc1onc(CC)c1C(=O)C1(C)Cc2cccc(Br)c21,warhead_installed
BB-2002 BB-1619,"[2002, 1619]",[10],CCc1noc(NC(=O)OC(C)(C)C)c1Sc1c(C2CC2)nc2onc(C)c2c1C(=O)O,5.070318698883057,0.7393875693789781,C/C=C/C(=O)Nc1onc(CC)c1Sc1c(C2CC2)nc2onc(C)c2c1C(=O)O,warhead_installed
BB-2067 BB-0789,"[2067, 789]",[47],Cc1cc(CC23CC(CC(=O)N2)C3)c(C)c([N+](=O)[O-])c1NC(=O)OC(C)(C)C,5.093190670013428,0.7393831910419829,C/C=C/C(=O)Nc1c(C)cc(CC23CC(CC(=O)N2)C3)c(C)c1[N+](=O)[O-],warhead_installed
BB-2072 BB-1925,"[2072, 1925]",[55],CC(C)(C)OC(=O)NCCc1cc(F)ccc1N1CCCN(c2cnccn2)CC1,5.078719139099121,0.739307605798606,C/C=C/C(=O)NCCc1cc(F)ccc1N1CCCN(c2cnccn2)CC1,warhead_installed
BB-2002 BB-0501,"[2002, 501]",[96],CCc1noc(N(C(=O)OC(C)(C)C)C2(C(=O)O)CCCc3c2[nH]c2ccc(OC)cc32)c1Br,5.070318698883057,0.73929893551089,,warhead_site_consumed
BB-0820 BB-0206,"[820, 206]",[96],CC(C)(C)OC(=O)N(Cc1ccc(C2CCOCC2)cc1)C1(C(=O)O)CCC(c2cncc(F)c2)C1,4.220047950744629,0.7389970344083083,,warhead_site_consumed
BB-2002 BB-0909,"[2002, 909]",[10],CCc1noc(NC(=O)OC(C)(C)C)c1Sc1cc(C#N)c2cn[nH]c2c1,5.070318698883057,0.7385882202074937,C/C=C/C(=O)Nc1onc(CC)c1Sc1cc(C#N)c2cn[nH]c2c1,warhead_installed
BB-2026 BB-0087,"[2026, 87]",[107],CC1(C)CC(=O)C(C2(O)CCN(Cc3cccs3)CC2)=C(NC(=O)OC(C)(C)C)C1,5.263380527496338,0.7381353411687249,C/C=C/C(=O)NC1=C(C2(O)CCN(Cc3cccs3)CC2)C(=O)CC(C)(C)C1,warhead_installed
BB-0185 BB-1466,"[185, 1466]",[96],CN(C)c1nc(CCN(C(=O)OC(C)(C)C)C2(C(=O)O)CCC(O)(c3cccc(Cl)c3)CC2)cs1,4.219985008239746,0.7374920527213537,,warhead_site_consumed
BB-2053 BB-0345,"[2053, 345]",[62],CCC1Cc2ccccc2N(c2sc(NC(=O)OC(C)(C)C)nc2C(C)(C)C)C1,5.094944000244141,0.7374853805824707,C/C=C/C(=O)Nc1nc(C(C)(C)C)c(N2CC(CC)Cc3ccccc32)s1,warhead_installed
BB-2001 BB-1912,"[2001, 1912]",[10],CC(=O)Nc1cc2c(cc1Sc1cccc3c1CC(NC(=O)OC(C)(C)C)CC3)C(=O)CC2,5.086166858673096,0.7371857303834923,C/C=C/C(=O)NC1CCc2cccc(Sc3cc4c(cc3NC(C)=O)CCC4=O)c2C1,warhead_installed
BB-2078 BB-0721,"[2078, 721]",[107],COCc1ccc(NC(=O)OC(C)(C)C)cc1C1(O)CCC2CN(C(C)=O)c3cccc1c32,5.0787506103515625,0.7366622183798623,C/C=C/C(=O)Nc1ccc(COC)c(C2(O)CCC3CN(C(C)=O)c4cccc2c43)c1,warhead_installed
BB-1044 BB-0011,"[1044, 11]",[96],CCOC(=O)c1cnn(C(CC2COCCN2)(C(=O)O)c2ccccc2)c1CNC(=O)OC(C)(C)C,4.711490631103516,0.7365042469902815,C/C=C/C(=O)NCc1c(C(=O)OCC)cnn1C(CC1COCCN1)(C(=O)O)c1ccccc1,warhead_installed
BB-2134 BB-1555,"[2134, 1555]",[96],CCOC(=O)C1(C)C=CC(C(=O)O)(N(CCCCc2ccccc2)C(=O)OC(C)(C)C)CC1,4.212559223175049,0.7364729058563589,,warhead_site_consumed
BB-0951 BB-1466,"[951, 1466]",[96],COCCn1nc(C)c(N(C(=O)OC(C)(C)C)C2(C(=O)O)CCC(O)(c3cccc(Cl)c3)CC2)c1C,4.2038092613220215,0.7359609878711709,,warhead_site_consumed
BB-2072 BB-0205,"[2072, 205]",[47],CC(C)(C)OC(=O)NCCc1cc(F)ccc1-c1cccnc1OC1CCNCC1,5.078719139099121,0.7349730854418597,C/C=C/C(=O)NCCc1cc(F)ccc1-c1cccnc1OC1CCNCC1,warhead_installed
BB-2076 BB-1983,"[2076, 1983]",[96],Cc1ccc(CCN(C(=O)OC(C)(C)C)C(C)(C(=O)O)c2ccc(OCC(F)(F)F)cc2)c(Cl)c1,5.08514404296875,0.7348045404912394,,warhead_site_consumed
BB-2067 BB-1708,"[2067, 1708]",[10],Cc1cc(SCc2cccc(C=O)c2)c(C)c([N+](=O)[O-])c1NC(=O)OC(C)(C)C,5.093190670013428,0.7347525638508962,C/C=C/C(=O)Nc1c(C)cc(SCc2cccc(C=O)c2)c(C)c1[N+](=O)[O-],warhead_installed
BB-2003 BB-0233,"[2003, 233]",[39],COC(=O)c1c(C)c(C(C)=O)n(C2(C(=O)O)CCCc3oc(NC(=O)OC(C)(C)C)nc32)c1CC(=O)O,5.243650436401367,0.7346726693958089,C/C=C/C(=O)Nc1nc2c(o1)CCCC2(C(=O)O)n1c(CC(=O)O)c(C(=O)OC)c(C)c1C(C)=O,warhead_installed
BB-2156 BB-0949,"[2156, 949]",[96],CC(C)(C)OC(=O)N(C1CCN(C(=O)c2ccco2)CC1)C1(C(=O)O)CCc2c(C(=O)O)cccc21,4.207554340362549,0.7344196581164738,,warhead_site_consumed
BB-0960 BB-1880,"[960, 1880]",[62],COc1ccc(N2CC(C)Oc3cc(C)c(Br)cc32)cc1C(CO)NC(=O)OC(C)(C)C,5.162042617797852,0.7340620162517164,C/C=C/C(=O)NC(CO)c1cc(N2CC(C)Oc3cc(C)c(Br)cc32)ccc1OC,warhead_installed
BB-2080 BB-0164,"[2080, 164]",[12],CCOC(=O)C12CCCC1(Oc1cc(CNC(=O)OC(C)(C)C)c(Br)cc1C)CC(=O)C2,5.093694686889648,0.7331455213096717,C/C=C/C(=O)NCc1cc(OC23CCCC2(C(=O)OCC)CC(=O)C3)c(C)cc1Br,warhead_installed
BB-2050 BB-1862,"[2050, 1862]",[96],CCOC(=O)c1cc2c([nH]1)CCCC2(C(=O)O)N(CCc1ccc(C)cc1Br)C(=O)OC(C)(C)C,5.091926574707031,0.7330557697018266,,warhead_site_consumed
BB-2001 BB-1650,"[2001, 1650]",[107],C#Cc1cccc(C(C)(O)c2cccc3c2CC(NC(=O)OC(C)(C)C)CC3)c1F,5.086166858673096,0.7329647154706544,C#Cc1cccc(C(C)(O)c2cccc3c2CC(NC(=O)/C=C/C)CC3)c1F,warhead_installed
BB-2078 BB-1453,"[2078, 1453]",[96],COCc1ccc(N(C(=O)OC(C)(C)C)C(C)(Cn2c(Br)nc3c2c(=O)[nH]c(=O)n3C)C(=O)O)cc1Cl,5.0787506103515625,0.7328485635870067,,warhead_site_consumed
BB-2056 BB-0603,"[2056, 603]",[55],CC(CO)N(Cc1ccccc1)c1cnccc1CCNC(=O)OC(C)(C)C,5.081582069396973,0.7323508162397003,C/C=C/C(=O)NCCc1ccncc1N(Cc1ccccc1)C(C)CO,warhead_installed
BB-2016 BB-1328,"[2016, 1328]",[107],COc1ccc(/C=C/C(C)(O)c2cccc3c2nc(NC(=O)OC(C)(C)C)n3C)cc1O,5.08442497253418,0.7321231359524224,C/C=C/C(=O)Nc1nc2c(C(C)(O)/C=C/c3ccc(OC)c(O)c3)cccc2n1C,warhead_installed
BB-2084 BB-1862,"[2084, 1862]",[107],CCOC(=O)c1cc2c([nH]1)CCCC2(O)c1c(F)cc(C(=O)O)c(NC(=O)OC(C)(C)C)c1C,5.089547157287598,0.7316173158354853,C/C=C/C(=O)Nc1c(C(=O)O)cc(F)c(C2(O)CCCc3[nH]c(C(=O)OCC)cc32)c1C,warhead_installed
BB-2002 BB-0132,"[2002, 132]",[10],CCc1noc(NC(=O)OC(C)(C)C)c1Sc1ccc(C#N)c(C2(C(=O)OC)CC2)c1,5.070318698883057,0.7314390291426688,C/C=C/C(=O)Nc1onc(CC)c1Sc1ccc(C#N)c(C2(C(=O)OC)CC2)c1,warhead_installed
BB-2072 BB-1862,"[2072, 1862]",[96],CCOC(=O)c1cc2c([nH]1)CCCC2(C(=O)O)N(CCc1cc(F)ccc1Br)C(=O)OC(C)(C)C,5.078719139099121,0.73134528852097,,warhead_site_consumed
BB-0024 BB-0423,"[24, 423]",[4],Cc1ccc(C2CCCCN2c2cccnc2OC2CCCNC2)cc1NC(=O)OC(C)(C)C,5.1625823974609375,0.7311254007311956,C/C=C/C(=O)Nc1cc(C2CCCCN2c2cccnc2OC2CCCNC2)ccc1C,warhead_installed
BB-2056 BB-0603,"[2056, 603]",[88],CC(COc1cnccc1CCNC(=O)OC(C)(C)C)NCc1ccccc1,5.081582069396973,0.7300357673534246,C/C=C/C(=O)NCCc1ccncc1OCC(C)NCc1ccccc1,warhead_installed
BB-2043 BB-0178,"[2043, 178]",[82],CN(Cc1cc(Br)cc([N+](=O)[O-])c1)C1CCC(NC(=O)OC(C)(C)C)c2cc(Br)ccc21,5.261335849761963,0.7296279196991673,C/C=C/C(=O)NC1CCC(N(C)Cc2cc(Br)cc([N+](=O)[O-])c2)c2ccc(Br)cc21,warhead_installed
BB-2002 BB-1670,"[2002, 1670]",[96],CCc1noc(N(C(=O)OC(C)(C)C)C(C)(/C=C/c2ccc([N+](=O)[O-])cc2)C(=O)O)c1Br,5.070318698883057,0.7294479875881209,,warhead_site_consumed
BB-2130 BB-0949,"[2130, 949]",[96],CC(C)(C)OC(=O)N(CCNC(=O)C1CCCC1)C1(C(=O)O)CCc2c(C(=O)O)cccc21,4.263988018035889,0.7291582531044414,,warhead_site_consumed
BB-2001 BB-0451,"[2001, 451]",[96],CC(C)(C)OC(=O)NC1CC(C(=O)O)(N(C(=O)OC(C)(C)C)C2CCc3cccc(Br)c3C2)C12CCC(F)CC2,5.086166858673096,0.7290745237644803,,warhead_site_consumed
BB-0004 BB-1204,"[4, 1204]",[4],CC(C)(C)OC(=O)NCCN(c1ccc(C=O)cc1)c1ccc(C(F)(F)F)cc1C#N,5.16454029083252,0.7286855717029083,C/C=C/C(=O)NCCN(c1ccc(C=O)cc1)c1ccc(C(F)(F)F)cc1C#N,warhead_installed
BB-2078 BB-1765,"[2078, 1765]",[10],COCc1ccc(NC(=O)OC(C)(C)C)cc1Sc1cc2c(cc1F)CNC2,5.0787506103515625,0.7285280168602014,C/C=C/C(=O)Nc1ccc(COC)c(Sc2cc3c(cc2F)CNC3)c1,warhead_installed
BB-2026 BB-1912,"[2026, 1912]",[10],CC(=O)Nc1cc2c(cc1SC1=C(NC(=O)OC(C)(C)C)CC(C)(C)CC1=O)C(=O)CC2,5.263380527496338,0.7277069005103418,C/C=C/C(=O)NC1=C(Sc2cc3c(cc2NC(C)=O)CCC3=O)C(=O)CC(C)(C)C1,warhead_installed
BB-2080 BB-0165,"[2080, 165]",[55],Cc1cc(N2CCN(c3ccc(Br)cc3C(F)(F)F)CC2)c(CNC(=O)OC(C)(C)C)cc1O,5.093694686889648,0.7275485061945338,C/C=C/C(=O)NCc1cc(O)c(C)cc1N1CCN(c2ccc(Br)cc2C(F)(F)F)CC1,warhead_installed
BB-2002 BB-0025,"[2002, 25]",[10],CCc1noc(NC(=O)OC(C)(C)C)c1SC(C(=O)OC)C(C)c1ccccc1,5.070318698883057,0.727477253789293,C/C=C/C(=O)Nc1onc(CC)c1SC(C(=O)OC)C(C)c1ccccc1,warhead_installed
BB-0768 BB-0888,"[768, 888]",[107],CCn1c(C(=O)O)c(C(O)c2cccc(C(CC(=O)O)NC(=O)OC(C)(C)C)c2)c2cc(Br)ccc21,5.100085258483887,0.7270822675022137,C/C=C/C(=O)NC(CC(=O)O)c1cccc(C(O)c2c(C(=O)O)n(CC)c3ccc(Br)cc23)c1,warhead_installed
BB-2054 BB-0783,"[2054, 783]",[4],COCCN(CCCNC(=O)OC(C)(C)C)c1cc([N+](=O)[O-])c(C=O)cc1F,5.165851593017578,0.7269792201331501,C/C=C/C(=O)NCCCN(CCOC)c1cc([N+](=O)[O-])c(C=O)cc1F,warhead_installed
BB-2097 BB-0721,"[2097, 721]",[96],COc1ccc(Br)c(CCN(C(=O)OC(C)(C)C)C2(C(=O)O)CCC3CN(C(C)=O)c4cccc2c43)c1,5.091676712036133,0.7268620101703362,,warhead_site_consumed
BB-2002 BB-1640,"[2002, 1640]",[10],CCc1noc(NC(=O)OC(C)(C)C)c1Sc1cc(Br)cc2c1OCCNC2,5.070318698883057,0.7264483764493629,C/C=C/C(=O)Nc1onc(CC)c1Sc1cc(Br)cc2c1OCCNC2,warhead_installed
BB-2080 BB-1140,"[2080, 1140]",[96],CCn1cc(N2CCC(C(=O)O)(N(Cc3cc(O)c(C)cc3Br)C(=O)OC(C)(C)C)CC2=O)cn1,5.093694686889648,0.7264173745492514,,warhead_site_consumed
BB-2062 BB-0166,"[2062, 166]",[39],CC(C)(C)OC(=O)NCCCC(OCc1ccc(Br)c(C(F)(F)F)c1)(C(=O)O)c1ccc2c(c1)OCO2,5.254188060760498,0.7262554805806758,C/C=C/C(=O)NCCCC(OCc1ccc(Br)c(C(F)(F)F)c1)(C(=O)O)c1ccc2c(c1)OCO2,warhead_installed
BB-2021 BB-0206,"[2021, 206]",[96],CC(C)(C)OC(=O)N(CCc1cc2c(cc1Br)OCO2)C1(C(=O)O)CCC(c2cncc(F)c2)C1,5.079010009765625,0.7259885784800931,,warhead_site_consumed
BB-1052 BB-0501,"[1052, 501]",[96],COc1ccc2[nH]c3c(c2c1)CCCC3(C(=O)O)N(C/C=C/C(F)F)C(=O)OC(C)(C)C,4.636077880859375,0.7257006911355625,,warhead_site_consumed
BB-2003 BB-1117,"[2003, 1117]",[50],CC(C)(C)OC(=O)Nc1nc2c(o1)CCCC2(O)CC(=O)c1ccc(Br)cc1,5.243650436401367,0.7256684221965322,C/C=C/C(=O)Nc1nc2c(o1)CCCC2(O)CC(=O)c1ccc(Br)cc1,warhead_installed
BB-2026 BB-1157,"[2026, 1157]",[39],CC[C@H](OC1(C(=O)O)CC(C)(C)CC(NC(=O)OC(C)(C)C)=C1Br)C(=O)O,5.263380527496338,0.7256037557876192,C/C=C/C(=O)NC1=C(Br)C(O[C@@H](CC)C(=O)O)(C(=O)O)CC(C)(C)C1,warhead_installed
BB-2026 BB-0689,"[2026, 689]",[107],Cc1cc(C(O)C2=C(NC(=O)OC(C)(C)C)CC(C)(C)CC2=O)c(C)n1-c1cc(C(F)(F)F)ccc1Cl,5.263380527496338,0.7255927645917534,C/C=C/C(=O)NC1=C(C(O)c2cc(C)n(-c3cc(C(F)(F)F)ccc3Cl)c2C)C(=O)CC(C)(C)C1,warhead_installed
BB-2045 BB-0205,"[2045, 205]",[47],Cn1c(NC(=O)OC(C)(C)C)nc2cccc(-c3cccnc3OC3CCNCC3)c21,5.082790374755859,0.7251780570605704,C/C=C/C(=O)Nc1nc2cccc(-c3cccnc3OC3CCNCC3)c2n1C,warhead_installed
BB-0559 BB-0447,"[559, 447]",[55],CC(C)(C)OC(=O)Nc1cc(C(F)(F)F)ncc1N1CCn2ncc(C#N)c2C1,5.08818244934082,0.7250649565679751,C/C=C/C(=O)Nc1cc(C(F)(F)F)ncc1N1CCn2ncc(C#N)c2C1,warhead_installed
BB-2002 BB-0692,"[2002, 692]",[10],CCc1noc(NC(=O)OC(C)(C)C)c1Sc1ccc2c(c1)CCC(C(=O)O)N2,5.070318698883057,0.724504469219986,C/C=C/C(=O)Nc1onc(CC)c1Sc1ccc2c(c1)CCC(C(=O)O)N2,warhead_installed
BB-2002 BB-1912,"[2002, 1912]",[96],CCc1noc(N(C(=O)OC(C)(C)C)C2(C(=O)O)CCc3cc(NC(C)=O)c(Br)cc32)c1Br,5.070318698883057,0.7242247520199281,,warhead_site_consumed
BB-0858 BB-1453,"[858, 1453]",[96],Cn1c(=O)[nH]c(=O)c2c1nc(Br)n2CC(C)(C(=O)O)N(C(=O)OC(C)(C)C)c1nnc(C(C)(F)F)o1,4.206237316131592,0.72393437524289,,warhead_site_consumed
BB-2080 BB-1969,"[2080, 1969]",[96],Cc1cc(Br)c(CN(C(=O)OC(C)(C)C)C(C)(CCCN2C(=O)c3ccccc3C2=O)C(=O)O)cc1O,5.093694686889648,0.7237097375521403,,warhead_site_consumed
BB-2081 BB-0844,"[2081, 844]",[39],CC(=O)c1ccc(C)c(C)c1OC(CNC(=O)OC(C)(C)C)(CC1CCOCC1)C(=O)O,5.251799583435059,0.7236954366620283,C/C=C/C(=O)NCC(CC1CCOCC1)(Oc1c(C(C)=O)ccc(C)c1C)C(=O)O,warhead_installed
BB-2019 BB-0426,"[2019, 426]",[50],Cc1oc(NC(=O)OC(C)(C)C)c(C#N)c1C(C)(O)CC(=O)C1CC(F)(F)C1,5.252781867980957,0.7230806153189112,C/C=C/C(=O)Nc1oc(C)c(C(C)(O)CC(=O)C2CC(F)(F)C2)c1C#N,warhead_installed
BB-2002 BB-1570,"[2002, 1570]",[107],CCc1noc(NC(=O)OC(C)(C)C)c1C1(O)CC(c2cccc(Br)c2)C1,5.070318698883057,0.7230625994966613,C/C=C/C(=O)Nc1onc(CC)c1C1(O)CC(c2cccc(Br)c2)C1,warhead_installed
BB-0319 BB-1937,"[319, 1937]",[96],CCOC(=O)c1cc(C(C)(C(=O)O)N(CCc2nnc3ccccn23)C(=O)OC(C)(C)C)n[nH]1,4.206182479858398,0.7224081358186759,,warhead_site_consumed
BB-2038 BB-1876,"[2038, 1876]",[96],CC(C)(C)OC(=O)N(c1n[nH]c2ccc(F)c(Br)c12)C1(C(=O)O)CCN(Cc2ccccc2)CC1,5.089232921600342,0.7218167525115319,,warhead_site_consumed
BB-2045 BB-1944,"[2045, 1944]",[47],CCC1(Cc2cccc3nc(NC(=O)OC(C)(C)C)n(C)c23)COC1,5.082790374755859,0.7216967657884343,C/C=C/C(=O)Nc1nc2cccc(CC3(CC)COC3)c2n1C,warhead_installed
BB-2002 BB-1937,"[2002, 1937]",[96],CCOC(=O)c1cc(C(C)(C(=O)O)N(C(=O)OC(C)(C)C)c2onc(CC)c2Br)n[nH]1,5.070318698883057,0.7216845754654818,,warhead_site_consumed
BB-2003 BB-0721,"[2003, 721]",[96],CC(=O)N1CC2CCC(C(=O)O)(N(C(=O)OC(C)(C)C)c3nc4c(o3)CCCC4=O)c3cccc1c32,5.243650436401367,0.7212020288667516,,warhead_site_consumed
BB-1703 BB-0721,"[1703, 721]",[96],COc1cc(C2(CN(C(=O)OC(C)(C)C)C3(C(=O)O)CCC4CN(C(C)=O)c5cccc3c54)CCC2)ccn1,4.202297210693359,0.7211748615633392,,warhead_site_consumed
BB-2001 BB-1466,"[2001, 1466]",[107],CC(C)(C)OC(=O)NC1CCc2cccc(C3(O)CCC(O)(c4cccc(Cl)c4)CC3)c2C1,5.086166858673096,0.7205604354064544,C/C=C/C(=O)NC1CCc2cccc(C3(O)CCC(O)(c4cccc(Cl)c4)CC3)c2C1,warhead_installed
BB-2072 BB-1912,"[2072, 1912]",[96],CC(=O)Nc1cc2c(cc1Br)C(C(=O)O)(N(CCc1cc(F)ccc1Br)C(=O)OC(C)(C)C)CC2,5.078719139099121,0.720328736793731,,warhead_site_consumed
BB-2080 BB-1640,"[2080, 1640]",[10],Cc1cc(Sc2cc(Br)cc3c2OCCNC3)c(CNC(=O)OC(C)(C)C)cc1O,5.093694686889648,0.7202927306524982,C/C=C/C(=O)NCc1cc(O)c(C)cc1Sc1cc(Br)cc2c1OCCNC2,warhead_installed
BB-0145 BB-1716,"[145, 1716]",[106],Cn1ncc([N+](=O)[O-])c1C(=O)c1ccc(NC(=O)OC(C)(C)C)c(CO)c1F,5.151305675506592,0.7200063625334051,C/C=C/C(=O)Nc1ccc(C(=O)c2c([N+](=O)[O-])cnn2C)c(F)c1CO,warhead_installed
BB-2002 BB-1937,"[2002, 1937]",[107],CCOC(=O)c1cc(C(C)(O)c2c(CC)noc2NC(=O)OC(C)(C)C)n[nH]1,5.070318698883057,0.7194870754932626,C/C=C/C(=O)Nc1onc(CC)c1C(C)(O)c1cc(C(=O)OCC)[nH]n1,warhead_installed
BB-2027 BB-0560,"[2027, 560]",[107],CC(C)(C)OC(=O)Nc1ccc(C2(O)C=C(c3cccc(CO)n3)CCC2)c2c1CCC2,5.083529472351074,0.7187491859726053,C/C=C/C(=O)Nc1ccc(C2(O)C=C(c3cccc(CO)n3)CCC2)c2c1CCC2,warhead_installed
BB-2144 BB-0199,"[2144, 199]",[96],Cn1ncc2c(N3CCC(C(=O)O)(N(Cc4ccc5c(c4)CCO5)C(=O)OC(C)(C)C)CC3)ncnc21,4.220280647277832,0.7184453216625427,,warhead_site_consumed
BB-2072 BB-1555,"[2072, 1555]",[96],CCOC(=O)C1(C)C=CC(C(=O)O)(N(CCc2cc(F)ccc2Br)C(=O)OC(C)(C)C)CC1,5.078719139099121,0.7181165017897045,,warhead_site_consumed
BB-1968 BB-1876,"[1968, 1876]",[96],Cc1c(Br)ccc(OC2(C(=O)O)CCN(Cc3ccccc3)CC2)c1NC(=O)OC(C)(C)C,5.096729278564453,0.7176732633035205,C/C=C/C(=O)Nc1c(OC2(C(=O)O)CCN(Cc3ccccc3)CC2)ccc(Br)c1C,warhead_installed
BB-0607 BB-1789,"[607, 1789]",[96],CCCCC(C)(C(=O)O)N1C(=O)CC[C@@H](NC(=O)OC(C)(C)C)[C@@H]1c1cnn(CC)c1,4.386412143707275,0.7175862460644533,C/C=C/C(=O)N[C@@H]1CCC(=O)N(C(C)(CCCC)C(=O)O)[C@H]1c1cnn(CC)c1,warhead_installed
BB-2002 BB-0560,"[2002, 560]",[96],CCc1noc(N(C(=O)OC(C)(C)C)C2(C(=O)O)C=C(c3cccc(CO)n3)CCC2)c1Br,5.070318698883057,0.7174514237619107,,warhead_site_consumed
BB-2002 BB-1201,"[2002, 1201]",[107],CCc1noc(NC(=O)OC(C)(C)C)c1C(O)c1c(O)cc(O)c(Cl)c1C,5.070318698883057,0.7162528812897597,C/C=C/C(=O)Nc1onc(CC)c1C(O)c1c(O)cc(O)c(Cl)c1C,warhead_installed
BB-0607 BB-1062,"[607, 1062]",[96],CCn1cc([C@H]2[C@H](NC(=O)OC(C)(C)C)CCC(=O)N2C2(C(=O)O)CCN(c3ccc(C)cc3)C(=O)C2)cn1,4.386412143707275,0.715668006760337,C/C=C/C(=O)N[C@@H]1CCC(=O)N(C2(C(=O)O)CCN(c3ccc(C)cc3)C(=O)C2)[C@H]1c1cnn(CC)c1,warhead_installed
BB-1968 BB-0377,"[1968, 377]",[10],COc1ccc(C2(C(=O)O)CC2)cc1Sc1ccc(O)c(NC(=O)OC(C)(C)C)c1C,5.096729278564453,0.7152416396375083,C/C=C/C(=O)Nc1c(O)ccc(Sc2cc(C3(C(=O)O)CC3)ccc2OC)c1C,warhead_installed
BB-2002 BB-0882,"[2002, 882]",[106],CCCc1ccc(NC(=O)OC(C)(C)C)c(C(=O)c2c(CC)noc2NC(=O)OC(C)(C)C)c1,5.070318698883057,0.7152057344772941,C/C=C/C(=O)Nc1ccc(CCC)cc1C(=O)c1c(CC)noc1N,warhead_installed
BB-2002 BB-0560,"[2002, 560]",[88],CCc1noc(NC(=O)OC(C)(C)C)c1OCc1cccc(C2=CC(=O)CCC2)n1,5.070318698883057,0.7142873658110765,C/C=C/C(=O)Nc1onc(CC)c1OCc1cccc(C2=CC(=O)CCC2)n1,warhead_installed
BB-2078 BB-1328,"[2078, 1328]",[107],COCc1ccc(NC(=O)OC(C)(C)C)cc1C(C)(O)/C=C/c1ccc(OC)c(O)c1,5.0787506103515625,0.7140808633247103,C/C=C/C(=O)Nc1ccc(COC)c(C(C)(O)/C=C/c2ccc(OC)c(O)c2)c1,warhead_installed
BB-2095 BB-1241,"[2095, 1241]",[88],CCCCC(=O)c1ccc(C)cc1Oc1cc(C)c(NC(=O)OC(C)(C)C)cc1C,5.086318016052246,0.7139398648205052,C/C=C/C(=O)Nc1cc(C)c(Oc2cc(C)ccc2C(=O)CCCC)cc1C,warhead_installed
BB-2078 BB-0205,"[2078, 205]",[10],COCc1ccc(NC(=O)OC(C)(C)C)cc1Sc1cccnc1OC1CCNCC1,5.0787506103515625,0.7136128047700304,C/C=C/C(=O)Nc1ccc(COC)c(Sc2cccnc2OC2CCNCC2)c1,warhead_installed
BB-1759 BB-0206,"[1759, 206]",[96],COC(=O)c1cc(F)c(N(C(=O)OC(C)(C)C)C2(C(=O)O)CCC(c3cncc(F)c3)C2)cc1F,4.686107635498047,0.7134951729567456,,warhead_site_consumed
BB-2045 BB-0205,"[2045, 205]",[55],Cn1c(NC(=O)OC(C)(C)C)nc2cccc(N3CCC(Oc4ncccc4Br)CC3)c21,5.082790374755859,0.7131812844199628,C/C=C/C(=O)Nc1nc2cccc(N3CCC(Oc4ncccc4Br)CC3)c2n1C,warhead_installed
BB-1044 BB-0011,"[1044, 11]",[28],CC(C)(C)OC(=O)NCc1[nH]ncc1C(=O)N1CCOCC1CC(=O)c1ccccc1,4.711490631103516,0.7129884713758231,C/C=C/C(=O)NCc1[nH]ncc1C(=O)N1CCOCC1CC(=O)c1ccccc1,warhead_installed
BB-2081 BB-0844,"[2081, 844]",[96],Cc1ccc(C(C)(C(=O)O)N(CC(=O)CC2CCOCC2)C(=O)OC(C)(C)C)c(O)c1C,5.251799583435059,0.7129143831268396,,warhead_site_consumed
BB-2036 BB-1453,"[2036, 1453]",[39],CC(=O)Cn1c(Br)nc2c1c(=O)n(C1(C(=O)O)CC(C)(C)Cc3oc(NC(=O)OC(C)(C)C)nc31)c(=O)n2C,5.248382091522217,0.7128437795687325,C/C=C/C(=O)Nc1nc2c(o1)CC(C)(C)CC2(C(=O)O)n1c(=O)c2c(nc(Br)n2CC(C)=O)n(C)c1=O,warhead_installed
BB-2080 BB-1236,"[2080, 1236]",[10],COC(=O)c1c(Sc2cc(C)c(O)cc2CNC(=O)OC(C)(C)C)[nH]c2ccc(Br)cc12,5.093694686889648,0.7128057579736501,C/C=C/C(=O)NCc1cc(O)c(C)cc1Sc1[nH]c2ccc(Br)cc2c1C(=O)OC,warhead_installed
BB-0185 BB-0233,"[185, 233]",[96],COC(=O)c1c(CC(=O)O)[nH]c(C(C)(C(=O)O)N(CCc2csc(N(C)C)n2)C(=O)OC(C)(C)C)c1C,4.219985008239746,0.712734514020492,,warhead_site_consumed
BB-2002 BB-0214,"[2002, 214]",[96],CCc1noc(N(C(=O)OC(C)(C)C)C2(C(=O)O)CNc3c2c(=O)n(C)c(=O)n3CC(C)C)c1Br,5.070318698883057,0.7123242660205891,,warhead_site_consumed
BB-2002 BB-1862,"[2002, 1862]",[96],CCOC(=O)c1cc2c([nH]1)CCCC2(C(=O)O)N(C(=O)OC(C)(C)C)c1onc(CC)c1Br,5.070318698883057,0.7118638133511567,,warhead_site_consumed
BB-1968 BB-1876,"[1968, 1876]",[107],Cc1c(C2(O)CCN(Cc3ccccc3)CC2)ccc(O)c1NC(=O)OC(C)(C)C,5.096729278564453,0.7117261051529981,C/C=C/C(=O)Nc1c(O)ccc(C2(O)CCN(Cc3ccccc3)CC2)c1C,warhead_installed
BB-1729 BB-0744,"[1729, 744]",[61],CC(C)(C)OC(=O)Nc1cc(C(=O)N(Cc2ccccc2Cl)C2CC2)ccc1I,5.097131729125977,0.7116266631316865,C/C=C/C(=O)Nc1cc(C(=O)N(Cc2ccccc2Cl)C2CC2)ccc1I,warhead_installed
BB-2001 BB-1983,"[2001, 1983]",[96],CC(C)(C)OC(=O)N(C1CCc2cccc(Br)c2C1)C(C)(C(=O)O)c1ccc(OCC(F)(F)F)cc1,5.086166858673096,0.7114522618063923,,warhead_site_consumed
BB-2002 BB-1868,"[2002, 1868]",[47],CCc1noc(NC(=O)OC(C)(C)C)c1-c1ccc2c(C=O)c(C(=O)O)[nH]c2c1,5.070318698883057,0.7114403030660996,C/C=C/C(=O)Nc1onc(CC)c1-c1ccc2c(C=O)c(C(=O)O)[nH]c2c1,warhead_installed
BB-2080 BB-0721,"[2080, 721]",[96],CC(=O)N1CC2CCC(C(=O)O)(N(Cc3cc(O)c(C)cc3Br)C(=O)OC(C)(C)C)c3cccc1c32,5.093694686889648,0.7109986880265444,,warhead_site_consumed
BB-0236 BB-0230,"[236, 230]",[96],CC(C)(C)OC(=O)N(C1CCCN(c2ccc3c(c2)OCO3)C1)C1(C(=O)O)CCN(c2cnccn2)CC1,4.202314376831055,0.709923045855254,,warhead_site_consumed
BB-2002 BB-0909,"[2002, 909]",[106],CCc1noc(NC(=O)OC(C)(C)C)c1C(=O)c1cc(Cl)cc2[nH]ncc12,5.070318698883057,0.709524373858199,C/C=C/C(=O)Nc1onc(CC)c1C(=O)c1cc(Cl)cc2[nH]ncc12,warhead_installed
BB-2003 BB-0233,"[2003, 233]",[96],COC(=O)c1c(CC(=O)O)[nH]c(C(C)(C(=O)O)N(C(=O)OC(C)(C)C)c2nc3c(o2)CCCC3=O)c1C,5.243650436401367,0.7094754679327426,,warhead_site_consumed
BB-1968 BB-0468,"[1968, 468]",[31],CC(=O)C(C#N)c1cccc(Oc2ccc(Br)c(C)c2NC(=O)OC(C)(C)C)c1,5.096729278564453,0.7094430289303013,C/C=C/C(=O)Nc1c(Oc2cccc(C(C#N)C(C)=O)c2)ccc(Br)c1C,warhead_installed
BB-2021 BB-1619,"[2021, 1619]",[10],Cc1noc2nc(C3CC3)c(Sc3cc4c(cc3CCNC(=O)OC(C)(C)C)OCO4)c(C(=O)O)c12,5.079010009765625,0.70921860062464,C/C=C/C(=O)NCCc1cc2c(cc1Sc1c(C3CC3)nc3onc(C)c3c1C(=O)O)OCO2,warhead_installed
BB-1968 BB-0233,"[1968, 233]",[107],COC(=O)c1c(CC(=O)O)[nH]c(C(C)(O)c2ccc(O)c(NC(=O)OC(C)(C)C)c2C)c1C,5.096729278564453,0.7090602005042365,C/C=C/C(=O)Nc1c(O)ccc(C(C)(O)c2[nH]c(CC(=O)O)c(C(=O)OC)c2C)c1C,warhead_installed
BB-2002 BB-1701,"[2002, 1701]",[96],CCc1noc(N(C(=O)OC(C)(C)C)C2(C(=O)O)CC(NC(=O)OC(C)(C)C)C23CC(C(F)F)C3)c1Br,5.070318698883057,0.7089197492869477,,warhead_site_consumed
BB-2002 BB-0386,"[2002, 386]",[10],CCc1noc(NC(=O)OC(C)(C)C)c1Sc1ccc(=O)n(CC(=O)O)c1,5.070318698883057,0.7088532853241106,C/C=C/C(=O)Nc1onc(CC)c1Sc1ccc(=O)n(CC(=O)O)c1,warhead_installed
BB-0969 BB-1453,"[969, 1453]",[96],Cn1c(=O)[nH]c(=O)c2c1nc(Br)n2CC(C)(C(=O)O)N(C[C@@H]1C[C@H]1NC(=O)OC(C)(C)C)C(=O)OC(C)(C)C,4.21858024597168,0.7070868421626693,,warhead_site_consumed
BB-2021 BB-0467,"[2021, 467]",[10],COC(=O)c1ccc(Sc2cc3c(cc2CCNC(=O)OC(C)(C)C)OCO3)c2c1CCNC2C,5.079010009765625,0.7060553904658609,C/C=C/C(=O)NCCc1cc2c(cc1Sc1ccc(C(=O)OC)c3c1C(C)NCC3)OCO2,warhead_installed
BB-2003 BB-0501,"[2003, 501]",[96],COc1ccc2[nH]c3c(c2c1)CCCC3(C(=O)O)N(C(=O)OC(C)(C)C)c1nc2c(o1)CCCC2=O,5.243650436401367,0.7059071888819246,,warhead_site_consumed
BB-2002 BB-1648,"[2002, 1648]",[106],CCOC(=O)C1(C(=O)c2c(CC)noc2NC(=O)OC(C)(C)C)CC(OCc2ccccc2)C1,5.070318698883057,0.7046526045990485,C/C=C/C(=O)Nc1onc(CC)c1C(=O)C1(C(=O)OCC)CC(OCc2ccccc2)C1,warhead_installed
BB-2097 BB-1176,"[2097, 1176]",[55],COc1ccc(N(Cc2ccccc2)C2=CC(=O)CC(C)(C)C2)c(CCNC(=O)OC(C)(C)C)c1,5.091676712036133,0.704508499660891,C/C=C/C(=O)NCCc1cc(OC)ccc1N(Cc1ccccc1)C1=CC(=O)CC(C)(C)C1,warhead_installed
BB-2002 BB-0209,"[2002, 209]",[107],CCc1noc(NC(=O)OC(C)(C)C)c1C(O)c1c(C(=O)O)n(CC)c2ccccc12,5.070318698883057,0.7028516761033204,C/C=C/C(=O)Nc1onc(CC)c1C(O)c1c(C(=O)O)n(CC)c2ccccc12,warhead_installed
BB-1277 BB-0721,"[1277, 721]",[96],CC(=O)N1CC2CCC(C(=O)O)(n3c(C)nc4c(CNC(=O)OC(C)(C)C)c(F)ccc43)c3cccc1c32,4.234013557434082,0.7026834880703962,C/C=C/C(=O)NCc1c(F)ccc2c1nc(C)n2C1(C(=O)O)CCC2CN(C(C)=O)c3cccc1c32,warhead_installed
BB-1939 BB-0233,"[1939, 233]",[107],COC(=O)c1c(CC(=O)O)[nH]c(C(C)(O)c2cc(F)c(Br)c(F)c2NC(=O)OC(C)(C)C)c1C,5.085888862609863,0.70239138582361,C/C=C/C(=O)Nc1c(C(C)(O)c2[nH]c(CC(=O)O)c(C(=O)OC)c2C)cc(F)c(Br)c1F,warhead_installed
BB-2026 BB-0966,"[2026, 966]",[39],CC(C)N(Cc1nc2ccccc2c(=O)[nH]1)C1(C(=O)O)CC(C)(C)CC(NC(=O)OC(C)(C)C)=C1Br,5.263380527496338,0.7023843090727286,C/C=C/C(=O)NC1=C(Br)C(C(=O)O)(N(Cc2nc3ccccc3c(=O)[nH]2)C(C)C)CC(C)(C)C1,warhead_installed
BB-1825 BB-1670,"[1825, 1670]",[96],CC(C)c1nn(C(C)(/C=C/c2ccc([N+](=O)[O-])cc2)C(=O)O)c(C(N)=O)c1NC(=O)OC(C)(C)C,4.271042346954346,0.701901012004389,C/C=C/C(=O)Nc1c(C(C)C)nn(C(C)(/C=C/c2ccc([N+](=O)[O-])cc2)C(=O)O)c1C(N)=O,warhead_installed
BB-2002 BB-1005,"[2002, 1005]",[10],CCc1noc(NC(=O)OC(C)(C)C)c1SCC(=O)C(C#N)=C1Nc2ccccc2N1C,5.070318698883057,0.7018796336922004,C/C=C/C(=O)Nc1onc(CC)c1SCC(=O)C(C#N)=C1Nc2ccccc2N1C,warhead_installed
BB-0919 BB-1912,"[919, 1912]",[107],CC(=O)Nc1cc2c(cc1Br)C(O)(c1nc3ccccc3cc1NC(=O)OC(C)(C)C)CC2,5.068068504333496,0.7016260899029839,C/C=C/C(=O)Nc1cc2ccccc2nc1C1(O)CCc2cc(NC(C)=O)c(Br)cc21,warhead_installed
BB-1591 BB-1912,"[1591, 1912]",[107],CC(=O)Nc1cc2c(cc1Br)C(O)(c1c(F)ccc(NC(=O)OC(C)(C)C)c1F)CC2,5.086057662963867,0.7012471393354068,C/C=C/C(=O)Nc1ccc(F)c(C2(O)CCc3cc(NC(C)=O)c(Br)cc32)c1F,warhead_installed
BB-0979 BB-1453,"[979, 1453]",[10],CCC(CNC(=O)OC(C)(C)C)Cc1cccc(Sc2nc3c(c(=O)[nH]c(=O)n3C)n2CC(C)=O)c1,5.080632209777832,0.7011958930726572,C/C=C/C(=O)NCC(CC)Cc1cccc(Sc2nc3c(c(=O)[nH]c(=O)n3C)n2CC(C)=O)c1,warhead_installed
BB-2028 BB-1706,"[2028, 1706]",[47],CC(C)(C)OC(=O)Nc1cc(-c2cccc(C3(C(=O)O)CC(=O)C3)c2)c2[nH]ncc2c1,5.085320949554443,0.7004436807814759,C/C=C/C(=O)Nc1cc(-c2cccc(C3(C(=O)O)CC(=O)C3)c2)c2[nH]ncc2c1,warhead_installed
BB-2002 BB-0074,"[2002, 74]",[107],CCc1noc(NC(=O)OC(C)(C)C)c1C1(O)CCCc2cc(C(=O)OC)[nH]c21,5.070318698883057,0.6999587066312382,C/C=C/C(=O)Nc1onc(CC)c1C1(O)CCCc2cc(C(=O)OC)[nH]c21,warhead_installed
BB-2054 BB-0783,"[2054, 783]",[25],COCCN(CCCNC(=O)OC(C)(C)C)Cc1cc(F)c(Br)cc1[N+](=O)[O-],5.165851593017578,0.6997392806816664,C/C=C/C(=O)NCCCN(CCOC)Cc1cc(F)c(Br)cc1[N+](=O)[O-],warhead_installed
BB-0979 BB-1453,"[979, 1453]",[47],CCC(CNC(=O)OC(C)(C)C)Cc1cccc(-c2nc3c(c(=O)[nH]c(=O)n3C)n2CC(C)=O)c1,5.080632209777832,0.6991520507115283,C/C=C/C(=O)NCC(CC)Cc1cccc(-c2nc3c(c(=O)[nH]c(=O)n3C)n2CC(C)=O)c1,warhead_installed
BB-2016 BB-1328,"[2016, 1328]",[96],COc1ccc(/C=C/C(C)(C(=O)O)N(C(=O)OC(C)(C)C)c2nc3c(Cl)cccc3n2C)cc1O,5.08442497253418,0.6981770235051483,,warhead_site_consumed
BB-2078 BB-1570,"[2078, 1570]",[10],COCc1ccc(NC(=O)OC(C)(C)C)cc1Sc1cccc(C2CC(=O)C2)c1,5.0787506103515625,0.6976326444131541,C/C=C/C(=O)Nc1ccc(COC)c(Sc2cccc(C3CC(=O)C3)c2)c1,warhead_installed
BB-2034 BB-1912,"[2034, 1912]",[96],COC(=O)c1cc(C(C)=O)c(NC(=O)OC(C)(C)C)n1C1(C(=O)O)CCc2cc(NC(C)=O)c(Br)cc21,5.255531311035156,0.697205806500269,C/C=C/C(=O)Nc1c(C(C)=O)cc(C(=O)OC)n1C1(C(=O)O)CCc2cc(NC(C)=O)c(Br)cc21,warhead_installed
BB-1972 BB-1922,"[1972, 1922]",[82],CCOc1ccc(C(C)N2CCCCc3cc(Cl)ccc32)cc1S(=O)(=O)NC(=O)OC(C)(C)C,5.21530818939209,0.6970998165628182,C/C=C/C(=O)NS(=O)(=O)c1cc(C(C)N2CCCCc3cc(Cl)ccc32)ccc1OCC,warhead_installed
BB-2072 BB-0205,"[2072, 205]",[55],CC(C)(C)OC(=O)NCCc1cc(F)ccc1N1CCC(Oc2ncccc2Br)CC1,5.078719139099121,0.6962312114442022,C/C=C/C(=O)NCCc1cc(F)ccc1N1CCC(Oc2ncccc2Br)CC1,warhead_installed
BB-2002 BB-0214,"[2002, 214]",[107],CCc1noc(NC(=O)OC(C)(C)C)c1C1(O)CNc2c1c(=O)n(C)c(=O)n2CC(C)C,5.070318698883057,0.6951664438289771,C/C=C/C(=O)Nc1onc(CC)c1C1(O)CNc2c1c(=O)n(C)c(=O)n2CC(C)C,warhead_installed
BB-2002 BB-0760,"[2002, 760]",[10],CCc1noc(NC(=O)OC(C)(C)C)c1Sc1cc(C)cnc1C(C)=O,5.070318698883057,0.6950294107220252,C/C=C/C(=O)Nc1onc(CC)c1Sc1cc(C)cnc1C(C)=O,warhead_installed
BB-2078 BB-1661,"[2078, 1661]",[55],COCc1ccc(NC(=O)OC(C)(C)C)cc1NC[C@H]1C[C@@H](OC)CN1c1cc(N)ncn1,5.0787506103515625,0.694596301328044,C/C=C/C(=O)Nc1ccc(COC)c(NC[C@H]2C[C@@H](OC)CN2c2cc(N)ncn2)c1,warhead_installed
BB-2085 BB-1466,"[2085, 1466]",[107],CN1C(=O)C(NC(=O)OC(C)(C)C)c2cc(C3(O)CCC(O)(c4cccc(Cl)c4)CC3)ccc21,5.087517738342285,0.6939978414736551,C/C=C/C(=O)NC1C(=O)N(C)c2ccc(C3(O)CCC(O)(c4cccc(Cl)c4)CC3)cc21,warhead_installed
BB-2053 BB-0199,"[2053, 199]",[96],Cn1ncc2c(N3CCC(C(=O)O)(N(C(=O)OC(C)(C)C)c4nc(C(C)(C)C)c(Br)s4)CC3)ncnc21,5.094944000244141,0.693948744517258,,warhead_site_consumed
BB-0607 BB-1912,"[607, 1912]",[96],CCn1cc([C@H]2[C@H](NC(=O)OC(C)(C)C)CCC(=O)N2C2(C(=O)O)CCc3cc(NC(C)=O)c(Br)cc32)cn1,4.386412143707275,0.6934376289249284,C/C=C/C(=O)N[C@@H]1CCC(=O)N(C2(C(=O)O)CCc3cc(NC(C)=O)c(Br)cc32)[C@H]1c1cnn(CC)c1,warhead_installed
BB-2002 BB-1201,"[2002, 1201]",[88],CCc1noc(NC(=O)OC(C)(C)C)c1Oc1cc(O)c(C=O)c(C)c1Cl,5.070318698883057,0.6933828406170579,C/C=C/C(=O)Nc1onc(CC)c1Oc1cc(O)c(C=O)c(C)c1Cl,warhead_installed
BB-2080 BB-1912,"[2080, 1912]",[10],CC(=O)Nc1cc2c(cc1Sc1cc(C)c(O)cc1CNC(=O)OC(C)(C)C)C(=O)CC2,5.093694686889648,0.6931252299963802,C/C=C/C(=O)NCc1cc(O)c(C)cc1Sc1cc2c(cc1NC(C)=O)CCC2=O,warhead_installed
BB-2078 BB-1328,"[2078, 1328]",[96],COCc1ccc(N(C(=O)OC(C)(C)C)C(C)(/C=C/c2ccc(OC)c(O)c2)C(=O)O)cc1Cl,5.0787506103515625,0.6930166238414199,,warhead_site_consumed
BB-2028 BB-1912,"[2028, 1912]",[96],CC(=O)Nc1cc2c(cc1Br)C(C(=O)O)(N(C(=O)OC(C)(C)C)c1cc(Br)c3[nH]ncc3c1)CC2,5.085320949554443,0.6927759142414857,,warhead_site_consumed
BB-1089 BB-1495,"[1089, 1495]",[107],CCCCn1c(NC(=O)OC(C)(C)C)c(C(O)(CCCCC(=O)OC)C(F)(F)F)c(=O)[nH]c1=O,5.086926460266113,0.6927680597191405,C/C=C/C(=O)Nc1c(C(O)(CCCCC(=O)OC)C(F)(F)F)c(=O)[nH]c(=O)n1CCCC,warhead_installed
BB-2038 BB-1876,"[2038, 1876]",[107],CC(C)(C)OC(=O)Nc1n[nH]c2ccc(F)c(C3(O)CCN(Cc4ccccc4)CC3)c12,5.089232921600342,0.6925829592627616,C/C=C/C(=O)Nc1n[nH]c2ccc(F)c(C3(O)CCN(Cc4ccccc4)CC3)c12,warhead_installed
BB-2082 BB-0197,"[2082, 197]",[50],Cc1noc(NC(=O)OC(C)(C)C)c1C(O)c1nccn(C(F)F)c1=O,5.036779403686523,0.6919500597056543,C/C=C/C(=O)Nc1onc(C)c1C(O)c1nccn(C(F)F)c1=O,warhead_installed
BB-2019 BB-1670,"[2019, 1670]",[96],CC(=O)c1c(C)oc(N(C(=O)OC(C)(C)C)C(C)(/C=C/c2ccc([N+](=O)[O-])cc2)C(=O)O)c1C#N,5.252781867980957,0.691668040426093,,warhead_site_consumed
BB-0007 BB-2026,"[7, 2026]",[96],Cc1nnc2cc(N(C(=O)OC(C)(C)C)C3(C(=O)O)CC(C)(C)CC(NC(=O)OC(C)(C)C)=C3Br)ccn12,4.218610763549805,0.6916454050554962,,warhead_site_consumed
BB-2027 BB-1640,"[2027, 1640]",[10],CC(C)(C)OC(=O)Nc1ccc(Sc2cc(Br)cc3c2OCCNC3)c2c1CCC2,5.083529472351074,0.691429347057515,C/C=C/C(=O)Nc1ccc(Sc2cc(Br)cc3c2OCCNC3)c2c1CCC2,warhead_installed
BB-2053 BB-0199,"[2053, 199]",[107],Cn1ncc2c(N3CCC(O)(c4sc(NC(=O)OC(C)(C)C)nc4C(C)(C)C)CC3)ncnc21,5.094944000244141,0.691407547935201,C/C=C/C(=O)Nc1nc(C(C)(C)C)c(C2(O)CCN(c3ncnc4c3cnn4C)CC2)s1,warhead_installed
BB-1709 BB-1453,"[1709, 1453]",[96],Cc1cc(C)c(C(=O)OC(C)(Cn2c(Br)nc3c2c(=O)[nH]c(=O)n3C)C(=O)O)cc1NC(=O)OC(C)(C)C,4.842021465301514,0.6912172411941306,C/C=C/C(=O)Nc1cc(C(=O)OC(C)(Cn2c(Br)nc3c2c(=O)[nH]c(=O)n3C)C(=O)O)c(C)cc1C,warhead_installed
BB-2078 BB-0203,"[2078, 203]",[107],COCc1ccc(NC(=O)OC(C)(C)C)cc1C1(O)CC2(CCCC2NC(=O)OC(C)(C)C)C1,5.0787506103515625,0.6910254369471146,C/C=C/C(=O)NC1CCCC12CC(O)(c1cc(N)ccc1COC)C2,warhead_installed
BB-2072 BB-0070,"[2072, 70]",[10],Cc1nn(C)c2nc(Sc3ccc(F)cc3CCNC(=O)OC(C)(C)C)c(C=O)cc12,5.078719139099121,0.6906895233488839,C/C=C/C(=O)NCCc1cc(F)ccc1Sc1nc2c(cc1C=O)c(C)nn2C,warhead_installed
BB-2040 BB-0840,"[2040, 840]",[55],Cc1[nH]c(=O)c(N2CCC(C(=O)O)(c3cccc(Cl)c3)CC2)cc1NC(=O)OC(C)(C)C,5.089001655578613,0.6906269691803616,C/C=C/C(=O)Nc1cc(N2CCC(C(=O)O)(c3cccc(Cl)c3)CC2)c(=O)[nH]c1C,warhead_installed
BB-2066 BB-1453,"[2066, 1453]",[31],CC(=O)Cn1c(OCc2ccc(NC(=O)OC(C)(C)C)cc2Cl)nc2c1c(=O)[nH]c(=O)n2C,5.156902313232422,0.690254105884507,C/C=C/C(=O)Nc1ccc(COc2nc3c(c(=O)[nH]c(=O)n3C)n2CC(C)=O)c(Cl)c1,warhead_installed
BB-2007 BB-1323,"[2007, 1323]",[91],CCS(=O)(=O)NC1CCCN(C2(NC(=O)OC(C)(C)C)CC(=O)CC(C)C2)C1,5.255328178405762,0.6900523175345843,C/C=C/C(=O)NC1(N2CCCC(NS(=O)(=O)CC)C2)CC(=O)CC(C)C1,warhead_installed
BB-0535 BB-0233,"[535, 233]",[96],COC(=O)c1c(CC(=O)O)[nH]c(C(C)(C(=O)O)N(CCc2cc(OC)c(C)c(OC)c2)C(=O)OC(C)(C)C)c1C,4.221870422363281,0.6898590050476041,,warhead_site_consumed
BB-2007 BB-1830,"[2007, 1830]",[39],CC1CC(NC(=O)OC(C)(C)C)=CC(C(=O)O)(N2CCN(c3ncc(C(F)(F)F)cc3Cl)CC2)C1,5.255328178405762,0.6897529583824292,C/C=C/C(=O)NC1=CC(C(=O)O)(N2CCN(c3ncc(C(F)(F)F)cc3Cl)CC2)CC(C)C1,warhead_installed
BB-1929 BB-1680,"[1929, 1680]",[106],CC(C)n1ncc(NC(=O)OC(C)(C)C)c1C(=O)[C@]1(c2ccccc2)C[C@@H](N=[N+]=[N-])C1,5.088459968566895,0.6895946017509025,C/C=C/C(=O)Nc1cnn(C(C)C)c1C(=O)[C@]1(c2ccccc2)C[C@@H](N=[N+]=[N-])C1,warhead_installed
BB-2028 BB-1912,"[2028, 1912]",[10],CC(=O)Nc1cc2c(cc1Sc1cc(NC(=O)OC(C)(C)C)cc3cn[nH]c13)C(=O)CC2,5.085320949554443,0.6895594778952978,C/C=C/C(=O)Nc1cc(Sc2cc3c(cc2NC(C)=O)CCC3=O)c2[nH]ncc2c1,warhead_installed
BB-2015 BB-0378,"[2015, 378]",[54],CC(C)(C)OC(=O)NC1CCC(=CC(=O)C2COc3ccccc3O2)c2cc(Br)ccc21,5.270456314086914,0.6889192931855314,C/C=C/C(=O)NC1CCC(=CC(=O)C2COc3ccccc3O2)c2cc(Br)ccc21,warhead_installed
BB-2001 BB-1005,"[2001, 1005]",[107],CN1C(=C(C#N)C(O)(CCl)c2cccc3c2CC(NC(=O)OC(C)(C)C)CC3)Nc2ccccc21,5.086166858673096,0.6886564120922644,C/C=C/C(=O)NC1CCc2cccc(C(O)(CCl)C(C#N)=C3Nc4ccccc4N3C)c2C1,warhead_installed
BB-2016 BB-1328,"[2016, 1328]",[88],COc1ccc(/C=C/C(C)=O)cc1Oc1cccc2c1nc(NC(=O)OC(C)(C)C)n2C,5.08442497253418,0.6885982754728946,C/C=C/C(=O)Nc1nc2c(Oc3cc(/C=C/C(C)=O)ccc3OC)cccc2n1C,warhead_installed
BB-2002 BB-0757,"[2002, 757]",[88],CCc1cc(C=O)cc(C)c1Oc1c(CC)noc1NC(=O)OC(C)(C)C,5.070318698883057,0.6879829975690184,C/C=C/C(=O)Nc1onc(CC)c1Oc1c(C)cc(C=O)cc1CC,warhead_installed
BB-2013 BB-0087,"[2013, 87]",[96],CC(C)(C)OC(=O)N(C1CCN(c2ccccc2Br)C1)C1(C(=O)O)CCN(Cc2cccs2)CC1,5.089014053344727,0.6879391312968693,,warhead_site_consumed
BB-2006 BB-1978,"[2006, 1978]",[62],Cn1cc(NC(=O)OC(C)(C)C)c(N2CCC(C#N)C23CC3)n1,5.085646152496338,0.6877157539101658,C/C=C/C(=O)Nc1cn(C)nc1N1CCC(C#N)C12CC2,warhead_installed
BB-2002 BB-1411,"[2002, 1411]",[96],CCc1noc(N(C(=O)OC(C)(C)C)C(C)(C(=O)O)c2ccc(OCOC)c(C)c2O)c1Br,5.070318698883057,0.6876046548622389,,warhead_site_consumed
BB-2098 BB-1466,"[2098, 1466]",[39],CC(C)(C)OC(=O)Nc1cc(C(C)(OC2(c3cccc(Cl)c3)CCC(=O)CC2)C(=O)O)ccc1Br,5.259499549865723,0.687127194765058,C/C=C/C(=O)Nc1cc(C(C)(OC2(c3cccc(Cl)c3)CCC(=O)CC2)C(=O)O)ccc1Br,warhead_installed
BB-2072 BB-1640,"[2072, 1640]",[10],CC(C)(C)OC(=O)NCCc1cc(F)ccc1Sc1cc(Br)cc2c1OCCNC2,5.078719139099121,0.6870741482565796,C/C=C/C(=O)NCCc1cc(F)ccc1Sc1cc(Br)cc2c1OCCNC2,warhead_installed
BB-2072 BB-0991,"[2072, 991]",[88],Cc1c(Oc2ccc(F)cc2CCNC(=O)OC(C)(C)C)ccc2c1OCCNC2,5.078719139099121,0.686799985700113,C/C=C/C(=O)NCCc1cc(F)ccc1Oc1ccc2c(c1C)OCCNC2,warhead_installed
BB-0211 BB-0087,"[211, 87]",[96],CC(C)(C)OC(=O)N(C1CCC(C(F)(F)F)CC1)C1(C(=O)O)CCN(Cc2cccs2)CC1,4.205877304077148,0.6866952709889858,,warhead_site_consumed
BB-0919 BB-1912,"[919, 1912]",[10],CC(=O)Nc1cc2c(cc1Sc1nc3ccccc3cc1NC(=O)OC(C)(C)C)C(=O)CC2,5.068068504333496,0.6856801423341298,C/C=C/C(=O)Nc1cc2ccccc2nc1Sc1cc2c(cc1NC(C)=O)CCC2=O,warhead_installed
BB-2001 BB-1862,"[2001, 1862]",[96],CCOC(=O)c1cc2c([nH]1)CCCC2(C(=O)O)N(C(=O)OC(C)(C)C)C1CCc2cccc(Br)c2C1,5.086166858673096,0.685198916523255,,warhead_site_consumed
BB-2019 BB-0426,"[2019, 426]",[54],CC(=CC(=O)C1CC(F)(F)C1)c1c(C)oc(NC(=O)OC(C)(C)C)c1C#N,5.252781867980957,0.6851412847798132,C/C=C/C(=O)Nc1oc(C)c(C(C)=CC(=O)C2CC(F)(F)C2)c1C#N,warhead_installed
BB-2095 BB-0221,"[2095, 221]",[55],Cc1cc(N2CCCC2c2nncn2CC(C)C)c(C)cc1NC(=O)OC(C)(C)C,5.086318016052246,0.6849546661968152,C/C=C/C(=O)Nc1cc(C)c(N2CCCC2c2nncn2CC(C)C)cc1C,warhead_installed
BB-0185 BB-1912,"[185, 1912]",[96],CC(=O)Nc1cc2c(cc1Br)C(C(=O)O)(N(CCc1csc(N(C)C)n1)C(=O)OC(C)(C)C)CC2,4.219985008239746,0.6847639719446061,,warhead_site_consumed
BB-1367 BB-1453,"[1367, 1453]",[96],COc1ccc(-c2cc(N(C(=O)OC(C)(C)C)C(C)(Cn3c(Br)nc4c3c(=O)[nH]c(=O)n4C)C(=O)O)[nH]n2)cc1C,4.235759258270264,0.684701754100109,,warhead_site_consumed
BB-2098 BB-1466,"[2098, 1466]",[96],CC(=O)c1ccc(Br)c(N(C(=O)OC(C)(C)C)C2(C(=O)O)CCC(O)(c3cccc(Cl)c3)CC2)c1,5.259499549865723,0.6841102555320804,,warhead_site_consumed
BB-2007 BB-1566,"[2007, 1566]",[50],CC1CC(NC(=O)OC(C)(C)C)=CC(O)(c2cccc(NC3CCCNC3)c2)C1,5.255328178405762,0.6840174482846996,C/C=C/C(=O)NC1=CC(O)(c2cccc(NC3CCCNC3)c2)CC(C)C1,warhead_installed
BB-2002 BB-2001,"[2002, 2001]",[47],CCc1noc(NC(=O)OC(C)(C)C)c1-c1cccc2c1CC(NC(=O)OC(C)(C)C)CC2,5.070318698883057,0.6838505824675658,C/C=C/C(=O)NC1CCc2cccc(-c3c(CC)noc3N)c2C1,warhead_installed
BB-2083 BB-1165,"[2083, 1165]",[88],CC(C)(C)OC(=O)Nc1ccc(OC2CC(C)(C)Oc3c(Br)cccc32)c2c1CCO2,5.080852031707764,0.6837081387745034,C/C=C/C(=O)Nc1ccc(OC2CC(C)(C)Oc3c(Br)cccc32)c2c1CCO2,warhead_installed
BB-2002 BB-1624,"[2002, 1624]",[10],CCc1noc(NC(=O)OC(C)(C)C)c1Sc1cccc(OC)c1C1CNCCO1,5.070318698883057,0.6834895261894232,C/C=C/C(=O)Nc1onc(CC)c1Sc1cccc(OC)c1C1CNCCO1,warhead_installed
BB-2001 BB-1466,"[2001, 1466]",[96],CC(C)(C)OC(=O)N(C1CCc2cccc(Br)c2C1)C1(C(=O)O)CCC(O)(c2cccc(Cl)c2)CC1,5.086166858673096,0.6822504037144328,,warhead_site_consumed
BB-2078 BB-0501,"[2078, 501]",[96],COCc1ccc(N(C(=O)OC(C)(C)C)C2(C(=O)O)CCCc3c2[nH]c2ccc(OC)cc32)cc1Cl,5.0787506103515625,0.6822345354611864,,warhead_site_consumed
BB-1972 BB-1922,"[1972, 1922]",[39],CCOc1ccc(C(C)(C(=O)O)N2CCCCc3cc(Cl)ccc32)cc1S(=O)(=O)NC(=O)OC(C)(C)C,5.21530818939209,0.6819774107968161,C/C=C/C(=O)NS(=O)(=O)c1cc(C(C)(C(=O)O)N2CCCCc3cc(Cl)ccc32)ccc1OCC,warhead_installed
BB-2003 BB-1117,"[2003, 1117]",[54],CC(C)(C)OC(=O)Nc1nc2c(o1)CCCC2=CC(=O)c1ccc(Br)cc1,5.243650436401367,0.681838022424061,C/C=C/C(=O)Nc1nc2c(o1)CCCC2=CC(=O)c1ccc(Br)cc1,warhead_installed
BB-2082 BB-0890,"[2082, 890]",[50],Cc1cc(C(O)c2c(C)noc2NC(=O)OC(C)(C)C)cc(C2(C(=O)O)CC2)c1,5.036779403686523,0.6817702018717515,C/C=C/C(=O)Nc1onc(C)c1C(O)c1cc(C)cc(C2(C(=O)O)CC2)c1,warhead_installed
BB-2002 BB-1189,"[2002, 1189]",[10],CCc1noc(NC(=O)OC(C)(C)C)c1SCCc1c(C(=O)OC)cnn1C,5.070318698883057,0.6809069187948655,C/C=C/C(=O)Nc1onc(CC)c1SCCc1c(C(=O)OC)cnn1C,warhead_installed
BB-2002 BB-1868,"[2002, 1868]",[107],CCc1noc(NC(=O)OC(C)(C)C)c1C(O)c1c(C(=O)O)[nH]c2cc(Br)ccc12,5.070318698883057,0.680668116236196,C/C=C/C(=O)Nc1onc(CC)c1C(O)c1c(C(=O)O)[nH]c2cc(Br)ccc12,warhead_installed
BB-2128 BB-1453,"[2128, 1453]",[96],CC(C)Oc1ccc(CN(C(=O)OC(C)(C)C)C(C)(Cn2c(Br)nc3c2c(=O)[nH]c(=O)n3C)C(=O)O)cc1,4.216085910797119,0.6806358974727199,,warhead_site_consumed
BB-2006 BB-1978,"[2006, 1978]",[106],Cn1cc(NC(=O)OC(C)(C)C)c(C(=O)C2CCNC23CC3)n1,5.085646152496338,0.6806033454884299,C/C=C/C(=O)Nc1cn(C)nc1C(=O)C1CCNC12CC2,warhead_installed
BB-2043 BB-0178,"[2043, 178]",[55],CN(Cc1cc(Br)cc([N+](=O)[O-])c1)c1ccc2c(c1)C(NC(=O)OC(C)(C)C)CCC2=O,5.261335849761963,0.6802909956828413,C/C=C/C(=O)NC1CCC(=O)c2ccc(N(C)Cc3cc(Br)cc([N+](=O)[O-])c3)cc21,warhead_installed
BB-2129 BB-1555,"[2129, 1555]",[96],CCOC(=O)C1(C)C=CC(C(=O)O)(N(C(=O)OC(C)(C)C)c2sc(CC)nc2C)CC1,4.201333045959473,0.6799090593088682,,warhead_site_consumed
BB-2067 BB-1708,"[2067, 1708]",[107],Cc1cc(C(O)c2cccc(CBr)c2)c(C)c([N+](=O)[O-])c1NC(=O)OC(C)(C)C,5.093190670013428,0.6798862257225085,C/C=C/C(=O)Nc1c(C)cc(C(O)c2cccc(CBr)c2)c(C)c1[N+](=O)[O-],warhead_installed
BB-1211 BB-1706,"[1211, 1706]",[10],COc1cc(C)c(Sc2cccc(C3(C(=O)O)CC(=O)C3)c2)cc1NC(=O)OC(C)(C)C,5.084362983703613,0.6798414189421617,C/C=C/C(=O)Nc1cc(Sc2cccc(C3(C(=O)O)CC(=O)C3)c2)c(C)cc1OC,warhead_installed
BB-2007 BB-1830,"[2007, 1830]",[82],CC1CC(NC(=O)OC(C)(C)C)=CC(N2CCN(c3ncc(C(F)(F)F)cc3Cl)CC2)C1,5.255328178405762,0.6791463902382967,C/C=C/C(=O)NC1=CC(N2CCN(c3ncc(C(F)(F)F)cc3Cl)CC2)CC(C)C1,warhead_installed
BB-2002 BB-1922,"[2002, 1922]",[10],CCc1noc(NC(=O)OC(C)(C)C)c1Sc1ccc2c(c1)CCCCN2,5.070318698883057,0.6791414057951309,C/C=C/C(=O)Nc1onc(CC)c1Sc1ccc2c(c1)CCCCN2,warhead_installed
BB-0858 BB-0233,"[858, 233]",[96],COC(=O)c1c(CC(=O)O)[nH]c(C(C)(C(=O)O)N(C(=O)OC(C)(C)C)c2nnc(C(C)(F)F)o2)c1C,4.206237316131592,0.6787917283313538,,warhead_site_consumed
BB-2053 BB-0721,"[2053, 721]",[96],CC(=O)N1CC2CCC(C(=O)O)(N(C(=O)OC(C)(C)C)c3nc(C(C)(C)C)c(Br)s3)c3cccc1c32,5.094944000244141,0.6782755546271473,,warhead_site_consumed
BB-2001 BB-0451,"[2001, 451]",[107],CC(C)(C)OC(=O)NC1CCc2cccc(C3(O)CC(NC(=O)OC(C)(C)C)C34CCC(F)CC4)c2C1,5.086166858673096,0.6781322473112211,C/C=C/C(=O)NC1CC(O)(c2cccc3c2CC(N)CC3)C12CCC(F)CC2,warhead_installed
BB-1968 BB-0074,"[1968, 74]",[96],COC(=O)c1cc2c([nH]1)C(Oc1ccc(Br)c(C)c1NC(=O)OC(C)(C)C)(C(=O)O)CCC2,5.096729278564453,0.6778402706415279,C/C=C/C(=O)Nc1c(OC2(C(=O)O)CCCc3cc(C(=O)OC)[nH]c32)ccc(Br)c1C,warhead_installed
BB-2028 BB-1983,"[2028, 1983]",[96],CC(C)(C)OC(=O)N(c1cc(Br)c2[nH]ncc2c1)C(C)(C(=O)O)c1ccc(OCC(F)(F)F)cc1,5.085320949554443,0.6772293010101686,,warhead_site_consumed
BB-2002 BB-1995,"[2002, 1995]",[96],CCc1noc(N(C(=O)OC(C)(C)C)C2(C(=O)O)CC(Oc3ccccc3)C2(C)C)c1Br,5.070318698883057,0.6770301335251278,,warhead_site_consumed
BB-2002 BB-1314,"[2002, 1314]",[88],CCc1noc(NC(=O)OC(C)(C)C)c1SCc1cc(F)ccc1Br,5.070318698883057,0.676646820525434,C/C=C/C(=O)Nc1onc(CC)c1SCc1cc(F)ccc1Br,warhead_installed
BB-2043 BB-1453,"[2043, 1453]",[10],CC(=O)Cn1c(Sc2ccc3c(c2)C(NC(=O)OC(C)(C)C)CCC3=O)nc2c1c(=O)[nH]c(=O)n2C,5.261335849761963,0.6758714651318259,C/C=C/C(=O)NC1CCC(=O)c2ccc(Sc3nc4c(c(=O)[nH]c(=O)n4C)n3CC(C)=O)cc21,warhead_installed
BB-2078 BB-0205,"[2078, 205]",[55],COCc1ccc(NC(=O)OC(C)(C)C)cc1N1CCC(Oc2ncccc2Br)CC1,5.0787506103515625,0.6756645091517613,C/C=C/C(=O)Nc1ccc(COC)c(N2CCC(Oc3ncccc3Br)CC2)c1,warhead_installed
BB-2072 BB-0070,"[2072, 70]",[107],Cc1nn(C)c2nc(Cl)c(C(O)c3ccc(F)cc3CCNC(=O)OC(C)(C)C)cc12,5.078719139099121,0.675657090338798,C/C=C/C(=O)NCCc1cc(F)ccc1C(O)c1cc2c(C)nn(C)c2nc1Cl,warhead_installed
BB-2043 BB-0178,"[2043, 178]",[39],CN(Cc1cc(Br)cc([N+](=O)[O-])c1)C1(C(=O)O)CCC(NC(=O)OC(C)(C)C)c2cc(Br)ccc21,5.261335849761963,0.6756242727294193,C/C=C/C(=O)NC1CCC(C(=O)O)(N(C)Cc2cc(Br)cc([N+](=O)[O-])c2)c2ccc(Br)cc21,warhead_installed
BB-1988 BB-1145,"[1988, 1145]",[96],CC(C)(C)OC(=O)N1CC(C2CCCC(C(=O)O)(N(Cc3cc(C(=O)O)c4n3CCCC4)C(=O)OC(C)(C)C)C2)C1,4.839343070983887,0.6753789883476708,,warhead_site_consumed
BB-1950 BB-1453,"[1950, 1453]",[96],Cn1c(=O)[nH]c(=O)c2c1nc(Br)n2CC(C)(C(=O)O)N(C(=O)OC(C)(C)C)c1ncc2c(c1C#N)CCOC2,4.950775146484375,0.675374107086929,,warhead_site_consumed
BB-0979 BB-1453,"[979, 1453]",[96],CCC(Cc1cccc(Br)c1)CN(C(=O)OC(C)(C)C)C(C)(Cn1c(Br)nc2c1c(=O)[nH]c(=O)n2C)C(=O)O,5.080632209777832,0.6753160639696724,,warhead_site_consumed
BB-2015 BB-0378,"[2015, 378]",[50],CC(C)(C)OC(=O)NC1CCC(O)(CC(=O)C2COc3ccccc3O2)c2cc(Br)ccc21,5.270456314086914,0.6749504290757522,C/C=C/C(=O)NC1CCC(O)(CC(=O)C2COc3ccccc3O2)c2cc(Br)ccc21,warhead_installed
BB-2001 BB-1912,"[2001, 1912]",[96],CC(=O)Nc1cc2c(cc1Br)C(C(=O)O)(N(C(=O)OC(C)(C)C)C1CCc3cccc(Br)c3C1)CC2,5.086166858673096,0.6742402239950706,,warhead_site_consumed
BB-2034 BB-0192,"[2034, 192]",[39],COC(=O)c1cc(C(C)(C(=O)O)N2C(=O)N(C)C3(C)CC2c2cc(Br)ccc2O3)c(NC(=O)OC(C)(C)C)[nH]1,5.255531311035156,0.6735876941265097,C/C=C/C(=O)Nc1[nH]c(C(=O)OC)cc1C(C)(C(=O)O)N1C(=O)N(C)C2(C)CC1c1cc(Br)ccc1O2,warhead_installed
BB-2002 BB-1600,"[2002, 1600]",[109],CCc1noc(NC(=O)OC(C)(C)C)c1C#CCNc1ccc(C(=O)O)cc1,5.070318698883057,0.6729283827283524,C/C=C/C(=O)Nc1onc(CC)c1C#CCNc1ccc(C(=O)O)cc1,warhead_installed
BB-2027 BB-0447,"[2027, 447]",[106],CC(C)(C)OC(=O)Nc1ccc(C(=O)c2cnn3c2CNCC3)c2c1CCC2,5.083529472351074,0.6725170320766606,C/C=C/C(=O)Nc1ccc(C(=O)c2cnn3c2CNCC3)c2c1CCC2,warhead_installed
BB-0960 BB-1880,"[960, 1880]",[10],COc1ccc(Sc2cc3c(cc2C)OC(C)CN3)cc1C(CO)NC(=O)OC(C)(C)C,5.162042617797852,0.6723762954387853,C/C=C/C(=O)NC(CO)c1cc(Sc2cc3c(cc2C)OC(C)CN3)ccc1OC,warhead_installed
BB-2027 BB-1640,"[2027, 1640]",[47],CC(C)(C)OC(=O)Nc1ccc(-c2cc(Cl)c3c(c2)CNCCO3)c2c1CCC2,5.083529472351074,0.6715162230072687,C/C=C/C(=O)Nc1ccc(-c2cc(Cl)c3c(c2)CNCCO3)c2c1CCC2,warhead_installed
BB-2014 BB-1002,"[2014, 1002]",[62],CN(c1nn(C)cc1CCNC(=O)OC(C)(C)C)C1CCOC(c2ccc(F)cc2)C1,5.09501838684082,0.6703116162509761,C/C=C/C(=O)NCCc1cn(C)nc1N(C)C1CCOC(c2ccc(F)cc2)C1,warhead_installed
BB-2054 BB-1453,"[2054, 1453]",[25],COCCN(CCCNC(=O)OC(C)(C)C)C(C)Cn1c(Br)nc2c1c(=O)[nH]c(=O)n2C,5.165851593017578,0.6691924785222997,C/C=C/C(=O)NCCCN(CCOC)C(C)Cn1c(Br)nc2c1c(=O)[nH]c(=O)n2C,warhead_installed
BB-1968 BB-1162,"[1968, 1162]",[55],CCOC(=O)/C=C/CN(C)c1ccc(O)c(NC(=O)OC(C)(C)C)c1C,5.096729278564453,0.6683782646214413,C/C=C/C(=O)Nc1c(O)ccc(N(C)C/C=C/C(=O)OCC)c1C,warhead_installed
BB-2043 BB-1453,"[2043, 1453]",[107],Cn1c(=O)[nH]c(=O)c2c1nc(Br)n2CC(C)(O)c1ccc2c(c1)C(NC(=O)OC(C)(C)C)CCC2=O,5.261335849761963,0.6680902920259151,C/C=C/C(=O)NC1CCC(=O)c2ccc(C(C)(O)Cn3c(Br)nc4c3c(=O)[nH]c(=O)n4C)cc21,warhead_installed
BB-2080 BB-0165,"[2080, 165]",[47],Cc1cc(-c2ccc(N3CCNCC3)c(C(F)(F)F)c2)c(CNC(=O)OC(C)(C)C)cc1O,5.093694686889648,0.6680689882805717,C/C=C/C(=O)NCc1cc(O)c(C)cc1-c1ccc(N2CCNCC2)c(C(F)(F)F)c1,warhead_installed
BB-2002 BB-0326,"[2002, 326]",[88],CCc1noc(NC(=O)OC(C)(C)C)c1OCCCn1nc(C)c(Br)c1C,5.070318698883057,0.6678879124999066,C/C=C/C(=O)Nc1onc(CC)c1OCCCn1nc(C)c(Br)c1C,warhead_installed
BB-2151 BB-0760,"[2151, 760]",[107],Cc1cnc(C(C)(O)c2nnc(C(N)=O)c(NC(=O)OC(C)(C)C)c2Cl)c(Br)c1,5.083898067474365,0.6672680104920354,C/C=C/C(=O)Nc1c(C(N)=O)nnc(C(C)(O)c2ncc(C)cc2Br)c1Cl,warhead_installed
BB-1277 BB-1453,"[1277, 1453]",[96],Cc1nc2c(CNC(=O)OC(C)(C)C)c(F)ccc2n1C(C)(Cn1c(Br)nc2c1c(=O)[nH]c(=O)n2C)C(=O)O,4.234013557434082,0.6670267695932213,C/C=C/C(=O)NCc1c(F)ccc2c1nc(C)n2C(C)(Cn1c(Br)nc2c1c(=O)[nH]c(=O)n2C)C(=O)O,warhead_installed
BB-0185 BB-0164,"[185, 164]",[96],CCOC(=O)C12CCCC1=CC(C(=O)O)(N(CCc1csc(N(C)C)n1)C(=O)OC(C)(C)C)C2,4.219985008239746,0.6664847083642753,,warhead_site_consumed
BB-2002 BB-1005,"[2002, 1005]",[62],CCc1noc(NC(=O)OC(C)(C)C)c1N1C(=C(C#N)C(=O)CCl)N(C)c2ccccc21,5.070318698883057,0.666046346270932,C/C=C/C(=O)Nc1onc(CC)c1N1C(=C(C#N)C(=O)CCl)N(C)c2ccccc21,warhead_installed
BB-2034 BB-1912,"[2034, 1912]",[39],COC(=O)c1cc(C(C)(C(=O)O)N(C(C)=O)c2cc3c(cc2Br)C(=O)CC3)c(NC(=O)OC(C)(C)C)[nH]1,5.255531311035156,0.6660122228176061,C/C=C/C(=O)Nc1[nH]c(C(=O)OC)cc1C(C)(C(=O)O)N(C(C)=O)c1cc2c(cc1Br)C(=O)CC2,warhead_installed
BB-2078 BB-1862,"[2078, 1862]",[96],CCOC(=O)c1cc2c([nH]1)CCCC2(C(=O)O)N(C(=O)OC(C)(C)C)c1ccc(COC)c(Cl)c1,5.0787506103515625,0.6657039475898769,,warhead_site_consumed
BB-1496 BB-1266,"[1496, 1266]",[107],CCOC(=O)c1c(NC(=O)OC(C)(C)C)c(C2(O)CCOc3cc(Br)c(C)cc32)cn1C,5.088921546936035,0.6656876579242933,C/C=C/C(=O)Nc1c(C2(O)CCOc3cc(Br)c(C)cc32)cn(C)c1C(=O)OCC,warhead_installed
BB-0768 BB-0888,"[768, 888]",[0],CCn1c(C(=O)O)c(C=C(C(=O)O)C(NC(=O)OC(C)(C)C)c2cccc(I)c2)c2cc(Br)ccc21,5.100085258483887,0.6654487653477276,C/C=C/C(=O)NC(C(=Cc1c(C(=O)O)n(CC)c2ccc(Br)cc12)C(=O)O)c1cccc(I)c1,warhead_installed
BB-2022 BB-0074,"[2022, 74]",[39],COC(=O)c1cc2c(n1C(CNC(=O)OC(C)(C)C)(C(=O)O)c1ccc(F)cc1Br)C(=O)CCC2,5.267487525939941,0.6649627079612739,C/C=C/C(=O)NCC(C(=O)O)(c1ccc(F)cc1Br)n1c(C(=O)OC)cc2c1C(=O)CCC2,warhead_installed
BB-2078 BB-0233,"[2078, 233]",[96],COCc1ccc(N(C(=O)OC(C)(C)C)C(C)(C(=O)O)c2[nH]c(CC(=O)O)c(C(=O)OC)c2C)cc1Cl,5.0787506103515625,0.6647154695939361,,warhead_site_consumed
BB-2002 BB-0432,"[2002, 432]",[86],CCc1noc(NC(=O)OC(C)(C)C)c1-c1ccsc1C=O,5.070318698883057,0.664612891473565,C/C=C/C(=O)Nc1onc(CC)c1-c1ccsc1C=O,warhead_installed
BB-2198 BB-1996,"[2198, 1996]",[96],Cc1nc(C)c2c(C)c(C(C)(C(=O)O)N(C(=O)OC(C)(C)C)c3ccc(-c4ccnn4C)c(F)c3)sc2n1,4.213780403137207,0.6643306365037163,,warhead_site_consumed
BB-0024 BB-0395,"[24, 395]",[25],Cc1ccc(C2CCCCN2C(C)c2ccc(S(=O)(=O)N(C)C)cc2)cc1NC(=O)OC(C)(C)C,5.1625823974609375,0.6643147217392489,C/C=C/C(=O)Nc1cc(C2CCCCN2C(C)c2ccc(S(=O)(=O)N(C)C)cc2)ccc1C,warhead_installed
BB-1248 BB-1983,"[1248, 1983]",[46],CCCC(CNC(=O)OC(C)(C)C)C(=O)CC(=O)c1ccc(OCC(F)(F)F)cc1,4.79771614074707,0.6640282602193203,C/C=C/C(=O)NCC(CCC)C(=O)CC(=O)c1ccc(OCC(F)(F)F)cc1,warhead_installed
BB-2045 BB-1983,"[2045, 1983]",[96],Cn1c(N(C(=O)OC(C)(C)C)C(C)(C(=O)O)c2ccc(OCC(F)(F)F)cc2)nc2cccc(Br)c21,5.082790374755859,0.6640018596832719,,warhead_site_consumed
BB-2043 BB-0178,"[2043, 178]",[10],CNCc1cc(Sc2ccc3c(c2)C(NC(=O)OC(C)(C)C)CCC3=O)cc([N+](=O)[O-])c1,5.261335849761963,0.6628411318544852,C/C=C/C(=O)NC1CCC(=O)c2ccc(Sc3cc(CNC)cc([N+](=O)[O-])c3)cc21,warhead_installed
BB-2056 BB-1640,"[2056, 1640]",[10],CC(C)(C)OC(=O)NCCc1ccncc1Sc1cc(Br)cc2c1OCCNC2,5.081582069396973,0.6622045668793637,C/C=C/C(=O)NCCc1ccncc1Sc1cc(Br)cc2c1OCCNC2,warhead_installed
BB-2002 BB-1461,"[2002, 1461]",[47],CCc1noc(NC(=O)OC(C)(C)C)c1-c1cccc2c1C(C)(C#N)C2,5.070318698883057,0.6613046689535024,C/C=C/C(=O)Nc1onc(CC)c1-c1cccc2c1C(C)(C#N)C2,warhead_installed
BB-2072 BB-1983,"[2072, 1983]",[96],CC(C)(C)OC(=O)N(CCc1cc(F)ccc1Br)C(C)(C(=O)O)c1ccc(OCC(F)(F)F)cc1,5.078719139099121,0.6611561437853004,,warhead_site_consumed
BB-2007 BB-0011,"[2007, 11]",[82],CC1CC(NC(=O)OC(C)(C)C)=CC(N2CCOCC2CC(=O)c2ccccc2)C1,5.255328178405762,0.6610266536790796,C/C=C/C(=O)NC1=CC(N2CCOCC2CC(=O)c2ccccc2)CC(C)C1,warhead_installed
BB-0960 BB-1880,"[960, 1880]",[31],COc1ccc(Br)cc1C(COc1cc2c(cc1C)OC(C)CN2)NC(=O)OC(C)(C)C,5.162042617797852,0.6599557821858218,C/C=C/C(=O)NC(COc1cc2c(cc1C)OC(C)CN2)c1cc(Br)ccc1OC,warhead_installed
BB-2026 BB-0966,"[2026, 966]",[91],CC(C)N(Cc1nc2ccccc2c(=O)[nH]1)C1(NC(=O)OC(C)(C)C)CC(C)(C)CC(=O)C1Br,5.263380527496338,0.6592627903093554,C/C=C/C(=O)NC1(N(Cc2nc3ccccc3c(=O)[nH]2)C(C)C)CC(C)(C)CC(=O)C1Br,warhead_installed
BB-2001 BB-1117,"[2001, 1117]",[10],CC(C)(C)OC(=O)NC1CCc2cccc(SCC(=O)c3ccc(Br)cc3)c2C1,5.086166858673096,0.6586346061626182,C/C=C/C(=O)NC1CCc2cccc(SCC(=O)c3ccc(Br)cc3)c2C1,warhead_installed
BB-2038 BB-1670,"[2038, 1670]",[96],CC(C)(C)OC(=O)N(c1n[nH]c2ccc(F)c(Br)c12)C(C)(/C=C/c1ccc([N+](=O)[O-])cc1)C(=O)O,5.089232921600342,0.6583709660894999,,warhead_site_consumed
BB-0155 BB-1117,"[155, 1117]",[16],CC(C)(C)OC(=O)NC(CC(=O)OCC(=O)c1ccc(Br)cc1)c1ccc(F)cc1,4.905429840087891,0.657519366731333,C/C=C/C(=O)NC(CC(=O)OCC(=O)c1ccc(Br)cc1)c1ccc(F)cc1,warhead_installed
BB-2002 BB-0907,"[2002, 907]",[10],CCc1noc(NC(=O)OC(C)(C)C)c1Sc1nc(C2CC2)nc2c1CCC2,5.070318698883057,0.6567419037652077,C/C=C/C(=O)Nc1onc(CC)c1Sc1nc(C2CC2)nc2c1CCC2,warhead_installed
BB-2002 BB-1453,"[2002, 1453]",[96],CCc1noc(N(C(=O)OC(C)(C)C)C(C)(Cn2c(Br)nc3c2c(=O)[nH]c(=O)n3C)C(=O)O)c1Br,5.070318698883057,0.6565282529635709,,warhead_site_consumed
BB-1585 BB-0206,"[1585, 206]",[96],CC(C)(C)OC(=O)N(Cc1ccc(-c2ccc(C(F)(F)F)cc2)cc1)C1(C(=O)O)CCC(c2cncc(F)c2)C1,4.206623077392578,0.656002348676383,,warhead_site_consumed
BB-2122 BB-1701,"[2122, 1701]",[96],CCN1CCC(C#N)(N(C(=O)OC(C)(C)C)C2(C(=O)O)CC(NC(=O)OC(C)(C)C)C23CC(C(F)F)C3)CC1,4.947348594665527,0.654859096368021,,warhead_site_consumed
BB-0316 BB-1398,"[316, 1398]",[107],CC(C)(C)OC(=O)N[C@H](CC(=O)O)Cc1ccccc1C(C)(O)c1c[nH]c2ccc([N+](=O)[O-])cc12,5.103292465209961,0.6545851739426631,C/C=C/C(=O)N[C@H](CC(=O)O)Cc1ccccc1C(C)(O)c1c[nH]c2ccc([N+](=O)[O-])cc12,warhead_installed
BB-2002 BB-0840,"[2002, 840]",[10],CCc1noc(NC(=O)OC(C)(C)C)c1Sc1cccc(C2(C(=O)O)CCNCC2)c1,5.070318698883057,0.6539734598915361,C/C=C/C(=O)Nc1onc(CC)c1Sc1cccc(C2(C(=O)O)CCNCC2)c1,warhead_installed
BB-2003 BB-1871,"[2003, 1871]",[96],COc1cc(Cl)c2c(c1)C(C(=O)O)(N(C(=O)OC(C)(C)C)c1nc3c(o1)CCCC3=O)CCC2,5.243650436401367,0.6531081752928092,,warhead_site_consumed
BB-2056 BB-1453,"[2056, 1453]",[10],CC(=O)Cn1c(Sc2cnccc2CCNC(=O)OC(C)(C)C)nc2c1c(=O)[nH]c(=O)n2C,5.081582069396973,0.6526557939109969,C/C=C/C(=O)NCCc1ccncc1Sc1nc2c(c(=O)[nH]c(=O)n2C)n1CC(C)=O,warhead_installed
BB-0308 BB-0566,"[308, 566]",[96],CC(C)c1nc2cc(CN(C(=O)OC(C)(C)C)C(C)(C(=O)O)c3nc4ccc(Cl)cc4n3C)ccc2o1,4.217799186706543,0.6522355822977831,,warhead_site_consumed
BB-0741 BB-1002,"[741, 1002]",[55],Cc1cc(C)c(S(=O)(=O)NC(=O)OC(C)(C)C)cc1N(C)C1CCOC(c2ccc(F)cc2)C1,5.093545436859131,0.6518502953271507,C/C=C/C(=O)NS(=O)(=O)c1cc(N(C)C2CCOC(c3ccc(F)cc3)C2)c(C)cc1C,warhead_installed
BB-2001 BB-0164,"[2001, 164]",[96],CCOC(=O)C12CCCC1=CC(C(=O)O)(N(C(=O)OC(C)(C)C)C1CCc3cccc(Br)c3C1)C2,5.086166858673096,0.6513141753390752,,warhead_site_consumed
BB-1968 BB-1162,"[1968, 1162]",[12],CCOC(=O)CC(CNC)Oc1ccc(Br)c(C)c1NC(=O)OC(C)(C)C,5.096729278564453,0.6509903652145365,C/C=C/C(=O)Nc1c(OC(CNC)CC(=O)OCC)ccc(Br)c1C,warhead_installed
BB-2006 BB-0089,"[2006, 89]",[10],CC1CNCC2(C1)OC(=O)Nc1ccc(Sc3nn(C)cc3NC(=O)OC(C)(C)C)c(F)c12,5.085646152496338,0.6489546829265782,C/C=C/C(=O)Nc1cn(C)nc1Sc1ccc2c(c1F)C1(CNCC(C)C1)OC(=O)N2,warhead_installed
BB-2038 BB-1466,"[2038, 1466]",[96],CC(C)(C)OC(=O)N(c1n[nH]c2ccc(F)c(Br)c12)C1(C(=O)O)CCC(O)(c2cccc(Cl)c2)CC1,5.089232921600342,0.6487963212438821,,warhead_site_consumed
BB-2045 BB-1912,"[2045, 1912]",[96],CC(=O)Nc1cc2c(cc1Br)C(C(=O)O)(N(C(=O)OC(C)(C)C)c1nc3cccc(Br)c3n1C)CC2,5.082790374755859,0.6484991744595217,,warhead_site_consumed
BB-2002 BB-0588,"[2002, 588]",[88],CCc1noc(NC(=O)OC(C)(C)C)c1OC1(c2ccc(C)nc2)CCNC1,5.070318698883057,0.6481109379202213,C/C=C/C(=O)Nc1onc(CC)c1OC1(c2ccc(C)nc2)CCNC1,warhead_installed
BB-2062 BB-1504,"[2062, 1504]",[96],CC(C)(C)OC(=O)N(CCCC(=O)c1ccc2c(c1)OCO2)C1(C(=O)O)CCOc2ccc(C(C)(C)C)cc21,5.254188060760498,0.6474190959424256,,warhead_site_consumed
BB-2072 BB-1912,"[2072, 1912]",[107],CC(=O)Nc1cc2c(cc1Br)C(O)(c1ccc(F)cc1CCNC(=O)OC(C)(C)C)CC2,5.078719139099121,0.6472049880349827,C/C=C/C(=O)NCCc1cc(F)ccc1C1(O)CCc2cc(NC(C)=O)c(Br)cc21,warhead_installed
BB-0535 BB-1062,"[535, 1062]",[96],COc1cc(CCN(C(=O)OC(C)(C)C)C2(C(=O)O)CCN(c3ccc(C)cc3)C(=O)C2)cc(OC)c1C,4.221870422363281,0.6458614134134816,,warhead_site_consumed
BB-2021 BB-1330,"[2021, 1330]",[96],CC(C)(C)OC(=O)N(CCc1cc2c(cc1Br)OCO2)C(C)(C(=O)O)c1nc2c(s1)CCC2,5.079010009765625,0.6457922101298164,,warhead_site_consumed
BB-2060 BB-1461,"[2060, 1461]",[10],CC(C)(C)OC(=O)NCC1(CSc2cccc3c2C(C)(C#N)C3)CCOCC1,5.165180206298828,0.6451870495935854,C/C=C/C(=O)NCC1(CSc2cccc3c2C(C)(C#N)C3)CCOCC1,warhead_installed
BB-2036 BB-0566,"[2036, 566]",[96],Cn1c(C(C)(C(=O)O)N(C(=O)OC(C)(C)C)c2nc3c(o2)CC(C)(C)CC3=O)nc2ccc(Cl)cc21,5.248382091522217,0.6450147195562039,,warhead_site_consumed
BB-2007 BB-1007,"[2007, 1007]",[91],Cc1noc(C2CC3CCC2N3C2(NC(=O)OC(C)(C)C)CC(=O)CC(C)C2)n1,5.255328178405762,0.6446468213633544,C/C=C/C(=O)NC1(N2C3CCC2C(c2nc(C)no2)C3)CC(=O)CC(C)C1,warhead_installed
BB-2002 BB-0827,"[2002, 827]",[88],CCc1noc(NC(=O)OC(C)(C)C)c1OCC(C(=O)O)C(C)C,5.070318698883057,0.6445902279530762,C/C=C/C(=O)Nc1onc(CC)c1OCC(C(=O)O)C(C)C,warhead_installed
BB-1968 BB-1015,"[1968, 1015]",[88],CC(=O)c1ccc(Oc2ccc(O)c(NC(=O)OC(C)(C)C)c2C)c(C(C)=O)c1,5.096729278564453,0.6445170697396537,C/C=C/C(=O)Nc1c(O)ccc(Oc2ccc(C(C)=O)cc2C(C)=O)c1C,warhead_installed
BB-2138 BB-0766,"[2138, 766]",[96],CCC(CC(=O)c1ccc(C(F)(F)F)cc1)(C(=O)O)N(C(=O)OC(C)(C)C)[C@@H]1CCCN(S(=O)(=O)c2cccs2)C1,4.214827060699463,0.6443843615395172,,warhead_site_consumed
BB-2151 BB-0760,"[2151, 760]",[10],CC(=O)c1ncc(C)cc1Sc1nnc(C(N)=O)c(NC(=O)OC(C)(C)C)c1Cl,5.083898067474365,0.6443099961092299,C/C=C/C(=O)Nc1c(C(N)=O)nnc(Sc2cc(C)cnc2C(C)=O)c1Cl,warhead_installed
BB-2056 BB-0011,"[2056, 11]",[55],CC(C)(C)OC(=O)NCCc1ccncc1N1CCOCC1CC(=O)c1ccccc1,5.081582069396973,0.6437174102286692,C/C=C/C(=O)NCCc1ccncc1N1CCOCC1CC(=O)c1ccccc1,warhead_installed
BB-2034 BB-1912,"[2034, 1912]",[50],COC(=O)c1cc(C(C)(O)c2cc3c(cc2NC(C)=O)CCC3=O)c(NC(=O)OC(C)(C)C)[nH]1,5.255531311035156,0.6437022314440206,C/C=C/C(=O)Nc1[nH]c(C(=O)OC)cc1C(C)(O)c1cc2c(cc1NC(C)=O)CCC2=O,warhead_installed
BB-2045 BB-1912,"[2045, 1912]",[10],CC(=O)Nc1cc2c(cc1Sc1cccc3nc(NC(=O)OC(C)(C)C)n(C)c13)C(=O)CC2,5.082790374755859,0.6436199672025155,C/C=C/C(=O)Nc1nc2cccc(Sc3cc4c(cc3NC(C)=O)CCC4=O)c2n1C,warhead_installed
BB-2002 BB-1073,"[2002, 1073]",[96],CCc1ccc2c(c1)C(C(=O)O)(N(C(=O)OC(C)(C)C)c1onc(CC)c1Br)C(=O)N2C,5.070318698883057,0.6434771738566146,,warhead_site_consumed
BB-2002 BB-0233,"[2002, 233]",[96],CCc1noc(N(C(=O)OC(C)(C)C)C(C)(C(=O)O)c2[nH]c(CC(=O)O)c(C(=O)OC)c2C)c1Br,5.070318698883057,0.6428670943966892,,warhead_site_consumed
BB-2078 BB-0199,"[2078, 199]",[107],COCc1ccc(NC(=O)OC(C)(C)C)cc1C1(O)CCN(c2ncnc3c2cnn3C)CC1,5.0787506103515625,0.6424479036875802,C/C=C/C(=O)Nc1ccc(COC)c(C2(O)CCN(c3ncnc4c3cnn4C)CC2)c1,warhead_installed
BB-2030 BB-0233,"[2030, 233]",[96],COC(=O)c1c(CC(=O)O)[nH]c(C(C)(C(=O)O)N(C(=O)OC(C)(C)C)c2ccc(CS(C)(=O)=O)c(Cl)c2)c1C,5.083686351776123,0.6424322805018976,,warhead_site_consumed
BB-1968 BB-1922,"[1968, 1922]",[31],Cc1c(Br)ccc(Oc2ccc3c(c2)CCCCN3)c1NC(=O)OC(C)(C)C,5.096729278564453,0.6418932005820025,C/C=C/C(=O)Nc1c(Oc2ccc3c(c2)CCCCN3)ccc(Br)c1C,warhead_installed
BB-2002 BB-0478,"[2002, 478]",[47],CCc1noc(NC(=O)OC(C)(C)C)c1CC12CCC(C1)C(=O)N2,5.070318698883057,0.6416603432695644,C/C=C/C(=O)Nc1onc(CC)c1CC12CCC(C1)C(=O)N2,warhead_installed
BB-0979 BB-1466,"[979, 1466]",[88],CCC(CNC(=O)OC(C)(C)C)Cc1cccc(OC2(c3cccc(Cl)c3)CCC(=O)CC2)c1,5.080632209777832,0.6411683959100676,C/C=C/C(=O)NCC(CC)Cc1cccc(OC2(c3cccc(Cl)c3)CCC(=O)CC2)c1,warhead_installed
BB-2002 BB-0164,"[2002, 164]",[96],CCOC(=O)C12CCCC1=CC(C(=O)O)(N(C(=O)OC(C)(C)C)c1onc(CC)c1Br)C2,5.070318698883057,0.6404347990936838,,warhead_site_consumed
BB-2097 BB-1176,"[2097, 1176]",[96],COc1ccc(Br)c(CCN(C(=O)OC(C)(C)C)C2(C(=O)O)C=C(NCc3ccccc3)CC(C)(C)C2)c1,5.091676712036133,0.6396347466739873,,warhead_site_consumed
BB-2020 BB-1002,"[2020, 1002]",[82],CN(C1CCOC(c2ccc(F)cc2)C1)C(CNC(=O)OC(C)(C)C)c1ccc(F)cc1Cl,5.262912750244141,0.639483305572377,C/C=C/C(=O)NCC(c1ccc(F)cc1Cl)N(C)C1CCOC(c2ccc(F)cc2)C1,warhead_installed
BB-2072 BB-0234,"[2072, 234]",[96],CC(C)(C)OC(=O)N(CCc1cc(F)ccc1Br)C1(C(=O)O)CCC(CC(=O)O)c2ccccc21,5.078719139099121,0.6389411526452543,,warhead_site_consumed
BB-2085 BB-1466,"[2085, 1466]",[96],CN1C(=O)C(N(C(=O)OC(C)(C)C)C2(C(=O)O)CCC(O)(c3cccc(Cl)c3)CC2)c2cc(Br)ccc21,5.087517738342285,0.6378029451611136,,warhead_site_consumed
BB-2026 BB-0689,"[2026, 689]",[50],Cc1cc(C=O)c(C)n1-c1cc(C(F)(F)F)ccc1C1(O)CC(C)(C)CC(NC(=O)OC(C)(C)C)=C1Br,5.263380527496338,0.6378028747056409,C/C=C/C(=O)NC1=C(Br)C(O)(c2ccc(C(F)(F)F)cc2-n2c(C)cc(C=O)c2C)CC(C)(C)C1,warhead_installed
BB-2020 BB-0655,"[2020, 655]",[54],COc1ccc(F)cc1CC=C(CNC(=O)OC(C)(C)C)c1ccc(F)cc1Cl,5.262912750244141,0.6374809018625441,C/C=C/C(=O)NCC(=CCc1cc(F)ccc1OC)c1ccc(F)cc1Cl,warhead_installed
BB-2001 BB-0233,"[2001, 233]",[96],COC(=O)c1c(CC(=O)O)[nH]c(C(C)(C(=O)O)N(C(=O)OC(C)(C)C)C2CCc3cccc(Br)c3C2)c1C,5.086166858673096,0.6365000606234901,,warhead_site_consumed
BB-2038 BB-1466,"[2038, 1466]",[88],CC(C)(C)OC(=O)Nc1n[nH]c2ccc(F)c(OC3(c4cccc(Cl)c4)CCC(=O)CC3)c12,5.089232921600342,0.6361302928067619,C/C=C/C(=O)Nc1n[nH]c2ccc(F)c(OC3(c4cccc(Cl)c4)CCC(=O)CC3)c12,warhead_installed
BB-1968 BB-1670,"[1968, 1670]",[96],Cc1c(Br)ccc(OC(C)(/C=C/c2ccc([N+](=O)[O-])cc2)C(=O)O)c1NC(=O)OC(C)(C)C,5.096729278564453,0.6355384286952135,C/C=C/C(=O)Nc1c(OC(C)(/C=C/c2ccc([N+](=O)[O-])cc2)C(=O)O)ccc(Br)c1C,warhead_installed
BB-2080 BB-1587,"[2080, 1587]",[47],Cc1cc(-c2cccc3c2OC(C)(C)CC3NC(=O)OC(C)(C)C)c(CNC(=O)OC(C)(C)C)cc1O,5.093694686889648,0.6354620588455945,C/C=C/C(=O)NC1CC(C)(C)Oc2c(-c3cc(C)c(O)cc3CN)cccc21,warhead_installed
BB-2026 BB-1466,"[2026, 1466]",[96],CC1(C)CC(=O)C(Br)=C(N(C(=O)OC(C)(C)C)C2(C(=O)O)CCC(O)(c3cccc(Cl)c3)CC2)C1,5.263380527496338,0.6353881551612209,,warhead_site_consumed
BB-2080 BB-1912,"[2080, 1912]",[96],CC(=O)Nc1cc2c(cc1Br)C(C(=O)O)(N(Cc1cc(O)c(C)cc1Br)C(=O)OC(C)(C)C)CC2,5.093694686889648,0.6351941806267073,,warhead_site_consumed
BB-2078 BB-1912,"[2078, 1912]",[96],COCc1ccc(N(C(=O)OC(C)(C)C)C2(C(=O)O)CCc3cc(NC(C)=O)c(Br)cc32)cc1Cl,5.0787506103515625,0.6349267842068895,,warhead_site_consumed
BB-1968 BB-0468,"[1968, 468]",[10],CC(=O)C(C#N)c1cccc(Sc2ccc(O)c(NC(=O)OC(C)(C)C)c2C)c1,5.096729278564453,0.6344556163473506,C/C=C/C(=O)Nc1c(O)ccc(Sc2cccc(C(C#N)C(C)=O)c2)c1C,warhead_installed
BB-2074 BB-0501,"[2074, 501]",[96],COc1ccc2[nH]c3c(c2c1)CCCC3(C(=O)O)N(CC(=O)c1ccn(C)n1)C(=O)OC(C)(C)C,5.243196964263916,0.6333676184117027,,warhead_site_consumed
BB-1361 BB-1411,"[1361, 1411]",[96],COCOc1ccc(C(C)(C(=O)O)N(C(=O)OC(C)(C)C)c2snc(C(C)(C)C)c2C(=O)OC)c(O)c1C,4.701028347015381,0.6331477582864316,,warhead_site_consumed
BB-0185 BB-1871,"[185, 1871]",[96],COc1cc(Cl)c2c(c1)C(C(=O)O)(N(CCc1csc(N(C)C)n1)C(=O)OC(C)(C)C)CCC2,4.219985008239746,0.6326429471500172,,warhead_site_consumed
BB-2028 BB-0404,"[2028, 404]",[47],COc1ccc(-c2cc(NC(=O)OC(C)(C)C)cc3cn[nH]c23)cc1C1CCCCN1,5.085320949554443,0.6322029488265838,C/C=C/C(=O)Nc1cc(-c2ccc(OC)c(C3CCCCN3)c2)c2[nH]ncc2c1,warhead_installed
BB-2082 BB-0975,"[2082, 975]",[82],Cc1noc(NC(=O)OC(C)(C)C)c1CN1CC(C)C(=O)Nc2ccccc21,5.036779403686523,0.6319288133943759,C/C=C/C(=O)Nc1onc(C)c1CN1CC(C)C(=O)Nc2ccccc21,warhead_installed
BB-1496 BB-1266,"[1496, 1266]",[10],CCOC(=O)c1c(NC(=O)OC(C)(C)C)c(Sc2cc3c(cc2C)C(=O)CCO3)cn1C,5.088921546936035,0.6311929435561309,C/C=C/C(=O)Nc1c(Sc2cc3c(cc2C)C(=O)CCO3)cn(C)c1C(=O)OCC,warhead_installed
BB-0619 BB-0206,"[619, 206]",[96],CC(C)(C)OC(=O)N(CCN1Cc2ncsc2C1)C1(C(=O)O)CCC(c2cncc(F)c2)C1,4.210596084594727,0.6297400684587862,,warhead_site_consumed
BB-2028 BB-1474,"[2028, 1474]",[10],COC(=O)c1c(Cl)nc(C2CC2)nc1Sc1cc(NC(=O)OC(C)(C)C)cc2cn[nH]c12,5.085320949554443,0.6296478296720023,C/C=C/C(=O)Nc1cc(Sc2nc(C3CC3)nc(Cl)c2C(=O)OC)c2[nH]ncc2c1,warhead_installed
BB-2045 BB-1944,"[2045, 1944]",[10],CCC1(CSc2cccc3nc(NC(=O)OC(C)(C)C)n(C)c23)COC1,5.082790374755859,0.6295123345793242,C/C=C/C(=O)Nc1nc2cccc(SCC3(CC)COC3)c2n1C,warhead_installed
BB-0145 BB-0165,"[145, 165]",[55],CC(C)(C)OC(=O)Nc1ccc(N2CCN(c3ccc(Br)cc3C(F)(F)F)CC2)c(F)c1CO,5.151305675506592,0.6293888420264269,C/C=C/C(=O)Nc1ccc(N2CCN(c3ccc(Br)cc3C(F)(F)F)CC2)c(F)c1CO,warhead_installed
BB-2056 BB-1880,"[2056, 1880]",[10],Cc1cc2c(cc1Sc1cnccc1CCNC(=O)OC(C)(C)C)NCC(C)O2,5.081582069396973,0.6293836487083834,C/C=C/C(=O)NCCc1ccncc1Sc1cc2c(cc1C)OC(C)CN2,warhead_installed
BB-2056 BB-0199,"[2056, 199]",[107],Cn1ncc2c(N3CCC(O)(c4cnccc4CCNC(=O)OC(C)(C)C)CC3)ncnc21,5.081582069396973,0.6288186792429384,C/C=C/C(=O)NCCc1ccncc1C1(O)CCN(c2ncnc3c2cnn3C)CC1,warhead_installed
BB-2026 BB-0203,"[2026, 203]",[96],CC1(C)CC(=O)C(Br)=C(N(C(=O)OC(C)(C)C)C2(C(=O)O)CC3(CCCC3NC(=O)OC(C)(C)C)C2)C1,5.263380527496338,0.6287570300363329,,warhead_site_consumed
BB-1591 BB-1912,"[1591, 1912]",[10],CC(=O)Nc1cc2c(cc1Sc1c(F)ccc(NC(=O)OC(C)(C)C)c1F)C(=O)CC2,5.086057662963867,0.6285402278931839,C/C=C/C(=O)Nc1ccc(F)c(Sc2cc3c(cc2NC(C)=O)CCC3=O)c1F,warhead_installed
BB-2072 BB-0559,"[2072, 559]",[10],CC(C)(C)OC(=O)NCCc1cc(F)ccc1Sc1cnc(C(F)(F)F)cc1NC(=O)OC(C)(C)C,5.078719139099121,0.6283042142875412,C/C=C/C(=O)Nc1cc(C(F)(F)F)ncc1Sc1ccc(F)cc1CCN,warhead_installed
BB-2002 BB-2095,"[2002, 2095]",[47],CCc1noc(NC(=O)OC(C)(C)C)c1-c1cc(C)c(NC(=O)OC(C)(C)C)cc1C,5.070318698883057,0.628210902944131,C/C=C/C(=O)Nc1cc(C)c(-c2c(CC)noc2N)cc1C,warhead_installed
BB-2058 BB-0566,"[2058, 566]",[10],CC(=O)c1nc2ccc(Sc3ccc(NC(=O)OC(C)(C)C)c4c3CCCC4)cc2n1C,5.083586692810059,0.6278212426929425,C/C=C/C(=O)Nc1ccc(Sc2ccc3nc(C(C)=O)n(C)c3c2)c2c1CCCC2,warhead_installed
BB-2047 BB-1808,"[2047, 1808]",[50],COc1ccc(C(O)(CNC(=O)OC(C)(C)C)c2cn(C)nc2C(F)F)cc1CC(NC(=O)OC(C)(C)C)C(=O)O,5.235725402832031,0.6270434211493485,C/C=C/C(=O)NC(Cc1cc(C(O)(CN)c2cn(C)nc2C(F)F)ccc1OC)C(=O)O,warhead_installed
BB-2084 BB-1862,"[2084, 1862]",[96],CCOC(=O)c1cc2c([nH]1)CCCC2(OC(=O)c1cc(F)c(Br)c(C)c1NC(=O)OC(C)(C)C)C(=O)O,5.089547157287598,0.6268400523452228,C/C=C/C(=O)Nc1c(C(=O)OC2(C(=O)O)CCCc3[nH]c(C(=O)OCC)cc32)cc(F)c(Br)c1C,warhead_installed
BB-2078 BB-1841,"[2078, 1841]",[10],COCc1ccc(NC(=O)OC(C)(C)C)cc1Sc1ccc2c(c1)C1(CCC1)CN2,5.0787506103515625,0.6257886835130344,C/C=C/C(=O)Nc1ccc(COC)c(Sc2ccc3c(c2)C2(CCC2)CN3)c1,warhead_installed
BB-1972 BB-1922,"[1972, 1922]",[50],CCOc1ccc(C(C)(O)c2ccc3c(c2)CCCCN3)cc1S(=O)(=O)NC(=O)OC(C)(C)C,5.21530818939209,0.6256544731728905,C/C=C/C(=O)NS(=O)(=O)c1cc(C(C)(O)c2ccc3c(c2)CCCCN3)ccc1OCC,warhead_installed
BB-2002 BB-0074,"[2002, 74]",[96],CCc1noc(N(C(=O)OC(C)(C)C)C2(C(=O)O)CCCc3cc(C(=O)OC)[nH]c32)c1Br,5.070318698883057,0.6254162897500433,,warhead_site_consumed
BB-0768 BB-1062,"[768, 1062]",[107],Cc1ccc(N2CCC(O)(c3cccc(C(CC(=O)O)NC(=O)OC(C)(C)C)c3)CC2=O)cc1,5.100085258483887,0.6254124314498769,C/C=C/C(=O)NC(CC(=O)O)c1cccc(C2(O)CCN(c3ccc(C)cc3)C(=O)C2)c1,warhead_installed
BB-2028 BB-2002,"[2028, 2002]",[47],CCc1noc(NC(=O)OC(C)(C)C)c1-c1cc(NC(=O)OC(C)(C)C)cc2cn[nH]c12,5.085320949554443,0.6251737574760542,C/C=C/C(=O)Nc1onc(CC)c1-c1cc(N)cc2cn[nH]c12,warhead_installed
BB-2098 BB-1466,"[2098, 1466]",[88],CC(=O)c1ccc(OC2(c3cccc(Cl)c3)CCC(=O)CC2)c(NC(=O)OC(C)(C)C)c1,5.259499549865723,0.6242520775417024,C/C=C/C(=O)Nc1cc(C(C)=O)ccc1OC1(c2cccc(Cl)c2)CCC(=O)CC1,warhead_installed
BB-2036 BB-2082,"[2036, 2082]",[39],Cc1noc(N(C(=O)OC(C)(C)C)C2(C(=O)O)CC(C)(C)Cc3oc(NC(=O)OC(C)(C)C)nc32)c1C=O,5.248382091522217,0.623704076883793,C/C=C/C(=O)Nc1nc2c(o1)CC(C)(C)CC2(Nc1onc(C)c1C=O)C(=O)O,warhead_installed
BB-2154 BB-1128,"[2154, 1128]",[39],CC(C)(C)OC(=O)Nc1ccccc1C(CC1CCC1)(Oc1ccc(C2CCNC2)cc1Cl)C(=O)O,5.230906963348389,0.6236349281349381,C/C=C/C(=O)Nc1ccccc1C(CC1CCC1)(Oc1ccc(C2CCNC2)cc1Cl)C(=O)O,warhead_installed
BB-2001 BB-1937,"[2001, 1937]",[96],CCOC(=O)c1cc(C(C)(C(=O)O)N(C(=O)OC(C)(C)C)C2CCc3cccc(Br)c3C2)n[nH]1,5.086166858673096,0.6234365449297974,,warhead_site_consumed
BB-2030 BB-1830,"[2030, 1830]",[10],CC(C)(C)OC(=O)Nc1ccc(CS(C)(=O)=O)c(Sc2cc(C(F)(F)F)cnc2N2CCNCC2)c1,5.083686351776123,0.6233517666184832,C/C=C/C(=O)Nc1ccc(CS(C)(=O)=O)c(Sc2cc(C(F)(F)F)cnc2N2CCNCC2)c1,warhead_installed
BB-1630 BB-1453,"[1630, 1453]",[96],Cc1cc(N=[N+]=[N-])ccc1N(C(=O)OC(C)(C)C)C(C)(Cn1c(Br)nc2c1c(=O)[nH]c(=O)n2C)C(=O)O,4.229439735412598,0.6232848838037133,,warhead_site_consumed
BB-2078 BB-0164,"[2078, 164]",[96],CCOC(=O)C12CCCC1=CC(C(=O)O)(N(C(=O)OC(C)(C)C)c1ccc(COC)c(Cl)c1)C2,5.0787506103515625,0.6231994474232417,,warhead_site_consumed
BB-2063 BB-1472,"[2063, 1472]",[55],CO[C@@H]1C[C@@H](c2nc(C)n[nH]2)N(c2cc(C)c(Br)nc2CNC(=O)OC(C)(C)C)C1,5.093749046325684,0.62304925275837,C/C=C/C(=O)NCc1nc(Br)c(C)cc1N1C[C@H](OC)C[C@H]1c1nc(C)n[nH]1,warhead_installed
BB-2072 BB-1987,"[2072, 1987]",[10],CC(C)(C)OC(=O)NCCc1cc(F)ccc1Sc1cncc(C2(C#N)CCC2)c1,5.078719139099121,0.6208141872037224,C/C=C/C(=O)NCCc1cc(F)ccc1Sc1cncc(C2(C#N)CCC2)c1,warhead_installed
BB-2007 BB-1663,"[2007, 1663]",[39],CC1CC(NC(=O)OC(C)(C)C)=CC(OC(=O)c2cc3c(oc2=O)CCCC3=O)(C(=O)O)C1,5.255328178405762,0.6207929355153231,C/C=C/C(=O)NC1=CC(OC(=O)c2cc3c(oc2=O)CCCC3=O)(C(=O)O)CC(C)C1,warhead_installed
BB-0979 BB-1466,"[979, 1466]",[96],CCC(Cc1cccc(Br)c1)CN(C(=O)OC(C)(C)C)C1(C(=O)O)CCC(O)(c2cccc(Cl)c2)CC1,5.080632209777832,0.6201630724562456,,warhead_site_consumed
BB-2072 BB-0206,"[2072, 206]",[96],CC(C)(C)OC(=O)N(CCc1cc(F)ccc1Br)C1(C(=O)O)CCC(c2cncc(F)c2)C1,5.078719139099121,0.6196064882554021,,warhead_site_consumed
BB-2007 BB-1453,"[2007, 1453]",[96],CC1CC(=O)C=C(N(C(=O)OC(C)(C)C)C(C)(Cn2c(Br)nc3c2c(=O)[nH]c(=O)n3C)C(=O)O)C1,5.255328178405762,0.6189747851080304,,warhead_site_consumed
BB-0919 BB-1912,"[919, 1912]",[96],CC(=O)Nc1cc2c(cc1Br)C(C(=O)O)(N(C(=O)OC(C)(C)C)c1cc3ccccc3nc1Cl)CC2,5.068068504333496,0.6184897146708155,,warhead_site_consumed
BB-2026 BB-0087,"[2026, 87]",[96],CC1(C)CC(=O)C(Br)=C(N(C(=O)OC(C)(C)C)C2(C(=O)O)CCN(Cc3cccs3)CC2)C1,5.263380527496338,0.6182758113959863,,warhead_site_consumed
BB-2015 BB-0378,"[2015, 378]",[107],CC(C)(C)OC(=O)NC1CCC(=O)c2cc(C(O)(CBr)C3COc4ccccc4O3)ccc21,5.270456314086914,0.6180580464576166,C/C=C/C(=O)NC1CCC(=O)c2cc(C(O)(CBr)C3COc4ccccc4O3)ccc21,warhead_installed
BB-0024 BB-0395,"[24, 395]",[96],Cc1ccc(C2CCCCN2C(C)(C(=O)O)c2ccc(S(=O)(=O)N(C)C)cc2)cc1NC(=O)OC(C)(C)C,5.1625823974609375,0.617368012780101,C/C=C/C(=O)Nc1cc(C2CCCCN2C(C)(C(=O)O)c2ccc(S(=O)(=O)N(C)C)cc2)ccc1C,warhead_installed
BB-0780 BB-1912,"[780, 1912]",[96],CC(=O)Nc1cc2c(cc1Br)C(C(=O)O)(N(C(=O)OC(C)(C)C)S(=O)(=O)c1cc(F)cc(F)c1)CC2,4.200751304626465,0.6170043319892982,,warhead_site_consumed
BB-0887 BB-1167,"[887, 1167]",[96],CCCC1CC(C(=O)O)(N(C(=O)OC(C)(C)C)c2ncn(-c3ccncc3)n2)CCO1,4.202423095703125,0.6164088437316555,,warhead_site_consumed
BB-2056 BB-1986,"[2056, 1986]",[88],CN1CCC(F)(F)C(COc2cnccc2CCNC(=O)OC(C)(C)C)C1,5.081582069396973,0.6164083389322046,C/C=C/C(=O)NCCc1ccncc1OCC1CN(C)CCC1(F)F,warhead_installed
BB-2002 BB-1034,"[2002, 1034]",[10],CCc1noc(NC(=O)OC(C)(C)C)c1Sc1c(C2CCCN2)c(C)nn1CC(C)C,5.070318698883057,0.6163110521843559,C/C=C/C(=O)Nc1onc(CC)c1Sc1c(C2CCCN2)c(C)nn1CC(C)C,warhead_installed
BB-2011 BB-2001,"[2011, 2001]",[47],CC(C)(C)OC(=O)NCCc1c(F)ccc(F)c1-c1cccc2c1CC(NC(=O)OC(C)(C)C)CC2,5.089879989624023,0.616217578903408,C/C=C/C(=O)NC1CCc2cccc(-c3c(F)ccc(F)c3CCN)c2C1,warhead_installed
BB-2011 BB-2022,"[2011, 2022]",[107],CC(C)(C)OC(=O)NCCc1c(F)ccc(F)c1C(O)(CNC(=O)OC(C)(C)C)c1ccc(F)cc1Br,5.089879989624023,0.6158717397208867,C/C=C/C(=O)NCC(O)(c1ccc(F)cc1Br)c1c(F)ccc(F)c1CCN,warhead_installed
BB-2054 BB-1714,"[2054, 1714]",[25],COCCN(CCCNC(=O)OC(C)(C)C)C(C)CCc1cccc(C(F)(F)F)c1,5.165851593017578,0.6146010730355154,C/C=C/C(=O)NCCCN(CCOC)C(C)CCc1cccc(C(F)(F)F)c1,warhead_installed
BB-2026 BB-0317,"[2026, 317]",[10],Cc1c(SC2=C(NC(=O)OC(C)(C)C)CC(C)(C)CC2=O)c(C(=O)NNC(=O)OC(C)(C)C)nn1C,5.263380527496338,0.6145970275004361,C/C=C/C(=O)NNC(=O)c1nn(C)c(C)c1SC1=C(N)CC(C)(C)CC1=O,warhead_installed
BB-2011 BB-2022,"[2011, 2022]",[47],CC(C)(C)OC(=O)NCCc1c(F)ccc(F)c1-c1cc(F)ccc1C(=O)CNC(=O)OC(C)(C)C,5.089879989624023,0.6141592938807515,C/C=C/C(=O)NCC(=O)c1ccc(F)cc1-c1c(F)ccc(F)c1CCN,warhead_installed
BB-2028 BB-1706,"[2028, 1706]",[10],CC(C)(C)OC(=O)Nc1cc(Sc2cccc(C3(C(=O)O)CC(=O)C3)c2)c2[nH]ncc2c1,5.085320949554443,0.6141455620378963,C/C=C/C(=O)Nc1cc(Sc2cccc(C3(C(=O)O)CC(=O)C3)c2)c2[nH]ncc2c1,warhead_installed
BB-2030 BB-1830,"[2030, 1830]",[55],CC(C)(C)OC(=O)Nc1ccc(CS(C)(=O)=O)c(N2CCN(c3ncc(C(F)(F)F)cc3Cl)CC2)c1,5.083686351776123,0.6133547358958672,C/C=C/C(=O)Nc1ccc(CS(C)(=O)=O)c(N2CCN(c3ncc(C(F)(F)F)cc3Cl)CC2)c1,warhead_installed
BB-2022 BB-1302,"[2022, 1302]",[39],CC(C)(C)OC(=O)NCC(C(=O)O)(c1ccc(F)cc1Br)N1CCCC1Cc1cc(F)ccc1F,5.267487525939941,0.6131180512498463,C/C=C/C(=O)NCC(C(=O)O)(c1ccc(F)cc1Br)N1CCCC1Cc1cc(F)ccc1F,warhead_installed
BB-0535 BB-1628,"[535, 1628]",[96],COc1cc(CCN(C(=O)OC(C)(C)C)C(CBr)(C(=O)O)c2cn(C)c3ccccc23)cc(OC)c1C,4.221870422363281,0.6120157388560686,,warhead_site_consumed
BB-2089 BB-1107,"[2089, 1107]",[107],Cc1ccc(C(O)c2cnccc2C(C)CNC(=O)OC(C)(C)C)c(F)c1,5.0910325050354,0.6117496335101332,C/C=C/C(=O)NCC(C)c1ccncc1C(O)c1ccc(C)cc1F,warhead_installed
BB-2005 BB-1453,"[2005, 1453]",[96],Cc1c(Br)cn(C)c(=O)c1N(C(=O)OC(C)(C)C)C(C)(Cn1c(Br)nc2c1c(=O)[nH]c(=O)n2C)C(=O)O,5.092567443847656,0.6115791722833421,,warhead_site_consumed
BB-2002 BB-2001,"[2002, 2001]",[10],CCc1noc(NC(=O)OC(C)(C)C)c1Sc1cccc2c1CC(NC(=O)OC(C)(C)C)CC2,5.070318698883057,0.611338031346701,C/C=C/C(=O)NC1CCc2cccc(Sc3c(CC)noc3N)c2C1,warhead_installed
BB-2050 BB-1862,"[2050, 1862]",[107],CCOC(=O)c1cc2c([nH]1)CCCC2(O)c1cc(C)ccc1CCNC(=O)OC(C)(C)C,5.091926574707031,0.6109207607668907,C/C=C/C(=O)NCCc1ccc(C)cc1C1(O)CCCc2[nH]c(C(=O)OCC)cc21,warhead_installed
BB-2028 BB-2002,"[2028, 2002]",[10],CCc1noc(NC(=O)OC(C)(C)C)c1Sc1cc(NC(=O)OC(C)(C)C)cc2cn[nH]c12,5.085320949554443,0.6104686611260552,C/C=C/C(=O)Nc1onc(CC)c1Sc1cc(N)cc2cn[nH]c12,warhead_installed
BB-2085 BB-1466,"[2085, 1466]",[10],CN1C(=O)C(NC(=O)OC(C)(C)C)c2cc(Sc3cccc(C4(O)CCC(=O)CC4)c3)ccc21,5.087517738342285,0.6102559236469188,C/C=C/C(=O)NC1C(=O)N(C)c2ccc(Sc3cccc(C4(O)CCC(=O)CC4)c3)cc21,warhead_installed
BB-2002 BB-1989,"[2002, 1989]",[96],CCc1noc(N(C(=O)OC(C)(C)C)C(C)(C(=O)O)c2cc3cccc(F)c3o2)c1Br,5.070318698883057,0.6091484039259141,,warhead_site_consumed
BB-1367 BB-0451,"[1367, 451]",[96],COc1ccc(-c2cc(N(C(=O)OC(C)(C)C)C3(C(=O)O)CC(NC(=O)OC(C)(C)C)C34CCC(F)CC4)[nH]n2)cc1C,4.235759258270264,0.6084229707690276,,warhead_site_consumed
BB-2023 BB-0230,"[2023, 230]",[96],CC(C)(C)OC(=O)N(CC1CC(=O)c2ccccc2O1)C1(C(=O)O)CCN(c2cnccn2)CC1,5.2504167556762695,0.6073425421257777,,warhead_site_consumed
BB-2002 BB-0326,"[2002, 326]",[10],CCc1noc(NC(=O)OC(C)(C)C)c1Sc1c(C)nn(CCCO)c1C,5.070318698883057,0.6069255590687226,C/C=C/C(=O)Nc1onc(CC)c1Sc1c(C)nn(CCCO)c1C,warhead_installed
BB-2002 BB-1868,"[2002, 1868]",[10],CCc1noc(NC(=O)OC(C)(C)C)c1Sc1ccc2c(C=O)c(C(=O)O)[nH]c2c1,5.070318698883057,0.6068590543211554,C/C=C/C(=O)Nc1onc(CC)c1Sc1ccc2c(C=O)c(C(=O)O)[nH]c2c1,warhead_installed
BB-2002 BB-1799,"[2002, 1799]",[62],CCc1noc(NC(=O)OC(C)(C)C)c1N1C[C@@H](c2ccc(C(=O)O)cc2)[C@@H]1C(=O)OC(C)(C)C,5.070318698883057,0.606208714772432,C/C=C/C(=O)Nc1onc(CC)c1N1C[C@@H](c2ccc(C(=O)O)cc2)[C@@H]1C(=O)OC(C)(C)C,warhead_installed
BB-1950 BB-0233,"[1950, 233]",[96],COC(=O)c1c(CC(=O)O)[nH]c(C(C)(C(=O)O)N(C(=O)OC(C)(C)C)c2ncc3c(c2C#N)CCOC3)c1C,4.950775146484375,0.6058777594907817,,warhead_site_consumed
BB-2078 BB-0721,"[2078, 721]",[96],COCc1ccc(N(C(=O)OC(C)(C)C)C2(C(=O)O)CCC3CN(C(C)=O)c4cccc2c43)cc1Cl,5.0787506103515625,0.6046573764103265,,warhead_site_consumed
BB-0787 BB-1706,"[787, 1706]",[107],CC(C)(C)OC(=O)NCc1cccc(C2(O)CC(C(=O)O)(c3cccc(Br)c3)C2)c1Cl,5.089550018310547,0.6041434159428534,C/C=C/C(=O)NCc1cccc(C2(O)CC(C(=O)O)(c3cccc(Br)c3)C2)c1Cl,warhead_installed
BB-2072 BB-1458,"[2072, 1458]",[47],CC(C)(C)OC(=O)NCCc1cc(F)ccc1CCC=C(F)F,5.078719139099121,0.6039920570615533,C/C=C/C(=O)NCCc1cc(F)ccc1CCC=C(F)F,warhead_installed
BB-2002 BB-1037,"[2002, 1037]",[96],CCc1noc(N(C(=O)OC(C)(C)C)C(C)(C(=O)O)c2oc3cc(C)ccc3c2CC(=O)O)c1Br,5.070318698883057,0.6032289055875898,,warhead_site_consumed
BB-2022 BB-1742,"[2022, 1742]",[39],CC(C)(C)OC(=O)NCC(OC(=O)[C@@H]1C[C@H](O)C[C@H](C(=O)O)C1)(C(=O)O)c1ccc(F)cc1Br,5.267487525939941,0.602834873519018,C/C=C/C(=O)NCC(OC(=O)[C@@H]1C[C@H](O)C[C@H](C(=O)O)C1)(C(=O)O)c1ccc(F)cc1Br,warhead_installed
BB-2002 BB-2002,"[2002, 2002]",[10],CCc1noc(NC(=O)OC(C)(C)C)c1Sc1c(CC)noc1NC(=O)OC(C)(C)C,5.070318698883057,0.6026803490620867,C/C=C/C(=O)Nc1onc(CC)c1Sc1c(CC)noc1N,warhead_installed
BB-2026 BB-1466,"[2026, 1466]",[10],CC1(C)CC(=O)C(Sc2cccc(C3(O)CCC(=O)CC3)c2)=C(NC(=O)OC(C)(C)C)C1,5.263380527496338,0.6024383705426679,C/C=C/C(=O)NC1=C(Sc2cccc(C3(O)CCC(=O)CC3)c2)C(=O)CC(C)(C)C1,warhead_installed
BB-2080 BB-1236,"[2080, 1236]",[31],COC(=O)c1c(Oc2cc(CNC(=O)OC(C)(C)C)c(Br)cc2C)[nH]c2ccc(Br)cc12,5.093694686889648,0.6018411349289804,C/C=C/C(=O)NCc1cc(Oc2[nH]c3ccc(Br)cc3c2C(=O)OC)c(C)cc1Br,warhead_installed
BB-2083 BB-1165,"[2083, 1165]",[10],CC(C)(C)OC(=O)Nc1ccc(Sc2cccc3c2OC(C)(C)CC3O)c2c1CCO2,5.080852031707764,0.6016937155321448,C/C=C/C(=O)Nc1ccc(Sc2cccc3c2OC(C)(C)CC3O)c2c1CCO2,warhead_installed
BB-2026 BB-1912,"[2026, 1912]",[96],CC(=O)Nc1cc2c(cc1Br)C(C(=O)O)(N(C(=O)OC(C)(C)C)C1=C(Br)C(=O)CC(C)(C)C1)CC2,5.263380527496338,0.6015744216857,,warhead_site_consumed
BB-1968 BB-0233,"[1968, 233]",[96],COC(=O)c1c(CC(=O)O)[nH]c(C(C)(Oc2ccc(Br)c(C)c2NC(=O)OC(C)(C)C)C(=O)O)c1C,5.096729278564453,0.601316860832313,C/C=C/C(=O)Nc1c(OC(C)(C(=O)O)c2[nH]c(CC(=O)O)c(C(=O)OC)c2C)ccc(Br)c1C,warhead_installed
BB-2080 BB-1841,"[2080, 1841]",[47],Cc1cc(-c2ccc3c(c2)C2(CCC2)CN3)c(CNC(=O)OC(C)(C)C)cc1O,5.093694686889648,0.6012090824186066,C/C=C/C(=O)NCc1cc(O)c(C)cc1-c1ccc2c(c1)C1(CCC1)CN2,warhead_installed
BB-2072 BB-0074,"[2072, 74]",[96],COC(=O)c1cc2c([nH]1)C(C(=O)O)(N(CCc1cc(F)ccc1Br)C(=O)OC(C)(C)C)CCC2,5.078719139099121,0.6009636561885076,,warhead_site_consumed
BB-2154 BB-1128,"[2154, 1128]",[50],CC(C)(C)OC(=O)Nc1ccccc1C(O)(CC1CCC1)c1cc(C2CCNC2)ccc1O,5.230906963348389,0.6009534899428672,C/C=C/C(=O)Nc1ccccc1C(O)(CC1CCC1)c1cc(C2CCNC2)ccc1O,warhead_installed
BB-2036 BB-1453,"[2036, 1453]",[96],Cn1c(=O)[nH]c(=O)c2c1nc(Br)n2CC(C)(C(=O)O)N(C(=O)OC(C)(C)C)c1nc2c(o1)CC(C)(C)CC2=O,5.248382091522217,0.6009523928607975,,warhead_site_consumed
BB-2002 BB-1736,"[2002, 1736]",[88],CCc1noc(NC(=O)OC(C)(C)C)c1OCC(NC(=O)OC(C)(C)C)C1CCC(F)(F)CC1,5.070318698883057,0.6001914327508827,C/C=C/C(=O)NC(COc1c(CC)noc1N)C1CCC(F)(F)CC1,warhead_installed
BB-2095 BB-1453,"[2095, 1453]",[96],Cc1cc(N(C(=O)OC(C)(C)C)C(C)(Cn2c(Br)nc3c2c(=O)[nH]c(=O)n3C)C(=O)O)c(C)cc1Br,5.086318016052246,0.5990806954977742,,warhead_site_consumed
BB-2139 BB-0164,"[2139, 164]",[96],CCOC(=O)C12CCCC1=CC(C(=O)O)(N(C(=O)OC(C)(C)C)c1ccc(OCC)c(C)c1)C2,4.202484130859375,0.5978906313363244,,warhead_site_consumed
BB-1758 BB-0566,"[1758, 566]",[96],CCC1(C)C(=O)N(CCCNC(=O)OC(C)(C)C)C(=O)N1C(C)(C(=O)O)c1nc2ccc(Cl)cc2n1C,4.219895839691162,0.597665724460862,C/C=C/C(=O)NCCCN1C(=O)N(C(C)(C(=O)O)c2nc3ccc(Cl)cc3n2C)C(C)(CC)C1=O,warhead_installed
BB-2002 BB-2002,"[2002, 2002]",[47],CCc1noc(NC(=O)OC(C)(C)C)c1-c1c(CC)noc1NC(=O)OC(C)(C)C,5.070318698883057,0.597229066440613,C/C=C/C(=O)Nc1onc(CC)c1-c1c(CC)noc1N,warhead_installed
BB-2078 BB-1708,"[2078, 1708]",[10],COCc1ccc(NC(=O)OC(C)(C)C)cc1SCc1cccc(C=O)c1,5.0787506103515625,0.5966194827914967,C/C=C/C(=O)Nc1ccc(COC)c(SCc2cccc(C=O)c2)c1,warhead_installed
BB-0664 BB-1466,"[664, 1466]",[96],COC(=O)Cc1nnc(CN(C(=O)OC(C)(C)C)C2(C(=O)O)CCC(O)(c3cccc(Cl)c3)CC2)s1,4.756008625030518,0.5965861587788118,,warhead_site_consumed
BB-2080 BB-1841,"[2080, 1841]",[31],Cc1cc(Br)c(CNC(=O)OC(C)(C)C)cc1Oc1ccc2c(c1)C1(CCC1)CN2,5.093694686889648,0.5961690929462058,C/C=C/C(=O)NCc1cc(Oc2ccc3c(c2)C2(CCC2)CN3)c(C)cc1Br,warhead_installed
BB-0881 BB-0605,"[881, 605]",[10],Cc1cc(Sc2cc(F)ncc2I)cc(C#N)c1NC(=O)OC(C)(C)C,5.168187141418457,0.5950353185949008,C/C=C/C(=O)Nc1c(C)cc(Sc2cc(F)ncc2I)cc1C#N,warhead_installed
BB-0741 BB-1968,"[741, 1968]",[47],Cc1cc(C)c(S(=O)(=O)NC(=O)OC(C)(C)C)cc1-c1ccc(O)c(NC(=O)OC(C)(C)C)c1C,5.093545436859131,0.5943326093459781,C/C=C/C(=O)Nc1c(O)ccc(-c2cc(S(N)(=O)=O)c(C)cc2C)c1C,warhead_installed
BB-2040 BB-0897,"[2040, 897]",[10],COc1cc(C)c(Sc2cc(NC(=O)OC(C)(C)C)c(C)[nH]c2=O)cc1OC,5.089001655578613,0.5940964727325291,C/C=C/C(=O)Nc1cc(Sc2cc(OC)c(OC)cc2C)c(=O)[nH]c1C,warhead_installed
BB-2078 BB-0200,"[2078, 200]",[96],COCc1ccc(N(C(=O)OC(C)(C)C)C(CCC(=O)O)(C(=O)O)c2c[nH]c(C(=O)OC)c2)cc1Cl,5.0787506103515625,0.592467856542172,,warhead_site_consumed
BB-2006 BB-0566,"[2006, 566]",[10],CC(=O)c1nc2ccc(Sc3nn(C)cc3NC(=O)OC(C)(C)C)cc2n1C,5.085646152496338,0.591629425184025,C/C=C/C(=O)Nc1cn(C)nc1Sc1ccc2nc(C(C)=O)n(C)c2c1,warhead_installed
BB-1968 BB-1922,"[1968, 1922]",[10],Cc1c(Sc2ccc3c(c2)CCCCN3)ccc(O)c1NC(=O)OC(C)(C)C,5.096729278564453,0.5915877180079158,C/C=C/C(=O)Nc1c(O)ccc(Sc2ccc3c(c2)CCCCN3)c1C,warhead_installed
BB-2002 BB-0173,"[2002, 173]",[62],CCc1noc(NC(=O)OC(C)(C)C)c1N(CC(=O)Nc1ccccc1)c1cc(C)cc(C)c1,5.070318698883057,0.5900397200407278,C/C=C/C(=O)Nc1onc(CC)c1N(CC(=O)Nc1ccccc1)c1cc(C)cc(C)c1,warhead_installed
BB-2006 BB-0404,"[2006, 404]",[62],COc1ccc(Br)cc1C1CCCCN1c1nn(C)cc1NC(=O)OC(C)(C)C,5.085646152496338,0.5899845355771718,C/C=C/C(=O)Nc1cn(C)nc1N1CCCCC1c1cc(Br)ccc1OC,warhead_installed
BB-2026 BB-1466,"[2026, 1466]",[88],CC1(C)CC(=O)C(OC2(c3cccc(Cl)c3)CCC(=O)CC2)=C(NC(=O)OC(C)(C)C)C1,5.263380527496338,0.5886154165672479,C/C=C/C(=O)NC1=C(OC2(c3cccc(Cl)c3)CCC(=O)CC2)C(=O)CC(C)(C)C1,warhead_installed
BB-2002 BB-1461,"[2002, 1461]",[10],CCc1noc(NC(=O)OC(C)(C)C)c1Sc1cccc2c1C(C)(C#N)C2,5.070318698883057,0.5884571423282675,C/C=C/C(=O)Nc1onc(CC)c1Sc1cccc2c1C(C)(C#N)C2,warhead_installed
BB-2072 BB-1646,"[2072, 1646]",[88],CC1(CCOc2ccc(F)cc2CCNC(=O)OC(C)(C)C)CCNC1,5.078719139099121,0.5882769843314553,C/C=C/C(=O)NCCc1cc(F)ccc1OCCC1(C)CCNC1,warhead_installed
BB-2002 BB-0061,"[2002, 61]",[10],CCc1noc(NC(=O)OC(C)(C)C)c1Sc1ccc(-c2cc(C=O)no2)cc1,5.070318698883057,0.5880272058915791,C/C=C/C(=O)Nc1onc(CC)c1Sc1ccc(-c2cc(C=O)no2)cc1,warhead_installed
BB-2056 BB-0395,"[2056, 395]",[107],CN(C)S(=O)(=O)c1ccc(C(C)(O)c2cnccc2CCNC(=O)OC(C)(C)C)cc1,5.081582069396973,0.5874555962456667,C/C=C/C(=O)NCCc1ccncc1C(C)(O)c1ccc(S(=O)(=O)N(C)C)cc1,warhead_installed
BB-2092 BB-1636,"[2092, 1636]",[49],CC1=C(NC(=O)OC(C)(C)C)O/C(=C(/C)C(=O)c2cc(C)cc3c2OCCCC3=O)C1=O,5.21198844909668,0.5872975582630731,C/C=C/C(=O)NC1=C(C)C(=O)/C(=C(\C)C(=O)c2cc(C)cc3c2OCCCC3=O)O1,warhead_installed
BB-2043 BB-1670,"[2043, 1670]",[107],CC(C)(C)OC(=O)NC1CCC(=O)c2ccc(C(C)(O)/C=C/c3ccc([N+](=O)[O-])cc3)cc21,5.261335849761963,0.5860266900251564,C/C=C/C(=O)NC1CCC(=O)c2ccc(C(C)(O)/C=C/c3ccc([N+](=O)[O-])cc3)cc21,warhead_installed
BB-2002 BB-1727,"[2002, 1727]",[96],CCc1noc(N(C(=O)OC(C)(C)C)C(C)(C(=O)O)c2ccc(C(F)(F)F)s2)c1Br,5.070318698883057,0.5854079242475514,,warhead_site_consumed
BB-0880 BB-0840,"[880, 840]",[55],CC(C)(C)OC(=O)NC1CCOCc2c1cncc2N1CCC(C(=O)O)(c2cccc(Cl)c2)CC1,5.065484523773193,0.5853668412490636,C/C=C/C(=O)NC1CCOCc2c1cncc2N1CCC(C(=O)O)(c2cccc(Cl)c2)CC1,warhead_installed
BB-2072 BB-2095,"[2072, 2095]",[47],Cc1cc(-c2ccc(F)cc2CCNC(=O)OC(C)(C)C)c(C)cc1NC(=O)OC(C)(C)C,5.078719139099121,0.5850498330838876,C/C=C/C(=O)Nc1cc(C)c(-c2ccc(F)cc2CCN)cc1C,warhead_installed
BB-2082 BB-1466,"[2082, 1466]",[96],Cc1noc(N(C(=O)OC(C)(C)C)C2(C(=O)O)CCC(O)(c3cccc(Cl)c3)CC2)c1C=O,5.036779403686523,0.584704390230116,,warhead_site_consumed
BB-2029 BB-1037,"[2029, 1037]",[96],Cc1ccc2c(CC(=O)O)c(C(C)(C(=O)O)N(Cc3nn(C)nc3Br)C(=O)OC(C)(C)C)oc2c1,5.0907883644104,0.5837338180160973,,warhead_site_consumed
BB-2010 BB-2023,"[2010, 2023]",[96],CC(C)(C)OC(=O)NCC1CC(C(=O)O)(N(C(=O)OC(C)(C)C)c2c3c(cc4c2CCC4=O)CCC3)c2ccccc2O1,5.252103805541992,0.5833506995915232,,warhead_site_consumed
BB-0007 BB-1331,"[7, 1331]",[96],Cc1nnc2cc(N(C(=O)OC(C)(C)C)C3(C(=O)O)CC(C)Cc4ncc(NC(=O)OC(C)(C)C)cc43)ccn12,4.218610763549805,0.5830871499249184,,warhead_site_consumed
BB-2001 BB-1983,"[2001, 1983]",[107],CC(C)(C)OC(=O)NC1CCc2cccc(C(C)(O)c3ccc(OCC(F)(F)F)cc3)c2C1,5.086166858673096,0.5813900352805388,C/C=C/C(=O)NC1CCc2cccc(C(C)(O)c3ccc(OCC(F)(F)F)cc3)c2C1,warhead_installed
BB-2149 BB-1887,"[2149, 1887]",[96],COC(=O)c1ccc2c(c1)CCC2(C(=O)O)N(C(=O)OC(C)(C)C)c1ccc(F)c(OC)c1F,4.203251838684082,0.5811307387967135,,warhead_site_consumed
BB-2072 BB-1670,"[2072, 1670]",[96],CC(C)(C)OC(=O)N(CCc1cc(F)ccc1Br)C(C)(/C=C/c1ccc([N+](=O)[O-])cc1)C(=O)O,5.078719139099121,0.5808248405040689,,warhead_site_consumed
BB-1369 BB-0451,"[1369, 451]",[96],COC(=O)C(c1cc(C)cc(Br)c1)N(C(=O)OC(C)(C)C)C1(C(=O)O)CC(NC(=O)OC(C)(C)C)C12CCC(F)CC2,5.087890625,0.5795057254597874,,warhead_site_consumed
BB-2097 BB-1176,"[2097, 1176]",[107],COc1ccc(C2(O)C=C(NCc3ccccc3)CC(C)(C)C2)c(CCNC(=O)OC(C)(C)C)c1,5.091676712036133,0.5793224433317427,C/C=C/C(=O)NCCc1cc(OC)ccc1C1(O)C=C(NCc2ccccc2)CC(C)(C)C1,warhead_installed
BB-1494 BB-1328,"[1494, 1328]",[96],COc1ccc(/C=C/C(C)(C(=O)O)N(CC(CO)Cc2ccc(F)c(Br)c2)C(=O)OC(C)(C)C)cc1O,5.151869773864746,0.5787540258666569,,warhead_site_consumed
BB-2072 BB-1032,"[2072, 1032]",[10],COc1c(C=O)cc(Sc2ccc(F)cc2CCNC(=O)OC(C)(C)C)cc1C=O,5.078719139099121,0.5782454996567463,C/C=C/C(=O)NCCc1cc(F)ccc1Sc1cc(C=O)c(OC)c(C=O)c1,warhead_installed
BB-2002 BB-1034,"[2002, 1034]",[62],CCc1noc(NC(=O)OC(C)(C)C)c1N1CCCC1c1c(C)nn(CC(C)C)c1Cl,5.070318698883057,0.5778550310256743,C/C=C/C(=O)Nc1onc(CC)c1N1CCCC1c1c(C)nn(CC(C)C)c1Cl,warhead_installed
BB-2078 BB-1466,"[2078, 1466]",[10],COCc1ccc(NC(=O)OC(C)(C)C)cc1Sc1cccc(C2(O)CCC(=O)CC2)c1,5.0787506103515625,0.5776555561360528,C/C=C/C(=O)Nc1ccc(COC)c(Sc2cccc(C3(O)CCC(=O)CC3)c2)c1,warhead_installed
BB-2045 BB-1912,"[2045, 1912]",[107],CC(=O)Nc1cc2c(cc1Br)C(O)(c1cccc3nc(NC(=O)OC(C)(C)C)n(C)c13)CC2,5.082790374755859,0.5775472889195336,C/C=C/C(=O)Nc1nc2cccc(C3(O)CCc4cc(NC(C)=O)c(Br)cc43)c2n1C,warhead_installed
BB-0413 BB-1912,"[413, 1912]",[96],COc1ccc(N(C(=O)OC(C)(C)C)C2(C(=O)O)CCc3cc(NC(C)=O)c(Br)cc32)cc1-n1nnnc1C,4.204351425170898,0.5772392633177931,,warhead_site_consumed
BB-2043 BB-1453,"[2043, 1453]",[96],Cn1c(=O)[nH]c(=O)c2c1nc(Br)n2CC(C)(C(=O)O)N(C(=O)OC(C)(C)C)C1CCC(=O)c2ccc(Br)cc21,5.261335849761963,0.5755263594252195,,warhead_site_consumed
BB-2089 BB-0233,"[2089, 233]",[96],COC(=O)c1c(CC(=O)O)[nH]c(C(C)(C(=O)O)N(CC(C)c2ccncc2Br)C(=O)OC(C)(C)C)c1C,5.0910325050354,0.5753954446836824,,warhead_site_consumed
BB-2072 BB-1624,"[2072, 1624]",[55],COc1cccc(Cl)c1C1CN(c2ccc(F)cc2CCNC(=O)OC(C)(C)C)CCO1,5.078719139099121,0.5752142925038994,C/C=C/C(=O)NCCc1cc(F)ccc1N1CCOC(c2c(Cl)cccc2OC)C1,warhead_installed
BB-2002 BB-1466,"[2002, 1466]",[10],CCc1noc(NC(=O)OC(C)(C)C)c1Sc1cccc(C2(O)CCC(=O)CC2)c1,5.070318698883057,0.5751692062404719,C/C=C/C(=O)Nc1onc(CC)c1Sc1cccc(C2(O)CCC(=O)CC2)c1,warhead_installed
BB-1211 BB-1706,"[1211, 1706]",[96],COc1cc(C)c(Cl)cc1N(C(=O)OC(C)(C)C)C1(C(=O)O)CC(C(=O)O)(c2cccc(Br)c2)C1,5.084362983703613,0.5734015924749806,,warhead_site_consumed
BB-2043 BB-1670,"[2043, 1670]",[96],CC(C)(C)OC(=O)N(C1CCC(=O)c2ccc(Br)cc21)C(C)(/C=C/c1ccc([N+](=O)[O-])cc1)C(=O)O,5.261335849761963,0.5732981882930955,,warhead_site_consumed
BB-2002 BB-0214,"[2002, 214]",[62],CCc1noc(NC(=O)OC(C)(C)C)c1N1CC(=O)c2c1n(CC(C)C)c(=O)n(C)c2=O,5.070318698883057,0.5712328789690007,C/C=C/C(=O)Nc1onc(CC)c1N1CC(=O)c2c1n(CC(C)C)c(=O)n(C)c2=O,warhead_installed
BB-1591 BB-1912,"[1591, 1912]",[96],CC(=O)Nc1cc2c(cc1Br)C(C(=O)O)(N(C(=O)OC(C)(C)C)c1ccc(F)c(I)c1F)CC2,5.086057662963867,0.5710926622109532,,warhead_site_consumed
BB-2030 BB-1830,"[2030, 1830]",[17],CC(C)(C)OC(=O)Nc1ccc(CS(C)(=O)=O)c(S(=O)(=O)c2cc(C(F)(F)F)cnc2N2CCNCC2)c1,5.083686351776123,0.5710541883817195,C/C=C/C(=O)Nc1ccc(CS(C)(=O)=O)c(S(=O)(=O)c2cc(C(F)(F)F)cnc2N2CCNCC2)c1,warhead_installed
BB-0787 BB-1706,"[787, 1706]",[47],CC(C)(C)OC(=O)NCc1cccc(-c2cccc(C3(C(=O)O)CC(=O)C3)c2)c1Cl,5.089550018310547,0.5699152003084593,C/C=C/C(=O)NCc1cccc(-c2cccc(C3(C(=O)O)CC(=O)C3)c2)c1Cl,warhead_installed
BB-0434 BB-1466,"[434, 1466]",[96],CC(C)(C)CC1CC1N(C(=O)OC(C)(C)C)C1(C(=O)O)CCC(O)(c2cccc(Cl)c2)CC1,4.202672958374023,0.5698280323334924,,warhead_site_consumed
BB-2002 BB-1912,"[2002, 1912]",[107],CCc1noc(NC(=O)OC(C)(C)C)c1C1(O)CCc2cc(NC(C)=O)c(Br)cc21,5.070318698883057,0.5693423244467551,C/C=C/C(=O)Nc1onc(CC)c1C1(O)CCc2cc(NC(C)=O)c(Br)cc21,warhead_installed
BB-0951 BB-1453,"[951, 1453]",[96],COCCn1nc(C)c(N(C(=O)OC(C)(C)C)C(C)(Cn2c(Br)nc3c2c(=O)[nH]c(=O)n3C)C(=O)O)c1C,4.2038092613220215,0.5690069764907733,,warhead_site_consumed
BB-2026 BB-1157,"[2026, 1157]",[88],CC[C@H](OC1=C(NC(=O)OC(C)(C)C)CC(C)(C)CC1=O)C(=O)O,5.263380527496338,0.5677848614567529,C/C=C/C(=O)NC1=C(O[C@@H](CC)C(=O)O)C(=O)CC(C)(C)C1,warhead_installed
BB-2072 BB-1593,"[2072, 1593]",[10],Cc1ccc(C2(NC(=O)OC(C)(C)C)CCCCC2)c(Sc2ccc(F)cc2CCNC(=O)OC(C)(C)C)c1,5.078719139099121,0.5670424646547056,C/C=C/C(=O)NC1(c2ccc(C)cc2Sc2ccc(F)cc2CCN)CCCCC1,warhead_installed
BB-1968 BB-0721,"[1968, 721]",[96],CC(=O)N1CC2CCC(Oc3ccc(Br)c(C)c3NC(=O)OC(C)(C)C)(C(=O)O)c3cccc1c32,5.096729278564453,0.5667355211638889,C/C=C/C(=O)Nc1c(OC2(C(=O)O)CCC3CN(C(C)=O)c4cccc2c43)ccc(Br)c1C,warhead_installed
BB-2107 BB-2090,"[2107, 2090]",[10],CC(NC(=O)OC(C)(C)C)c1cc(Sc2cnn(C)c2NC(=O)OC(C)(C)C)cc2c1OCC2,5.057988166809082,0.5662463576321662,C/C=C/C(=O)NC(C)c1cc(Sc2cnn(C)c2N)cc2c1OCC2,warhead_installed
BB-1968 BB-1015,"[1968, 1015]",[96],CC(=O)c1cc(C(C)(Oc2ccc(Br)c(C)c2NC(=O)OC(C)(C)C)C(=O)O)ccc1O,5.096729278564453,0.5656375504889333,C/C=C/C(=O)Nc1c(OC(C)(C(=O)O)c2ccc(O)c(C(C)=O)c2)ccc(Br)c1C,warhead_installed
BB-0145 BB-0165,"[145, 165]",[31],CC(C)(C)OC(=O)Nc1ccc(Br)c(F)c1COc1ccc(N2CCNCC2)c(C(F)(F)F)c1,5.151305675506592,0.5654939731380884,C/C=C/C(=O)Nc1ccc(Br)c(F)c1COc1ccc(N2CCNCC2)c(C(F)(F)F)c1,warhead_installed
BB-2056 BB-1640,"[2056, 1640]",[47],CC(C)(C)OC(=O)NCCc1ccncc1-c1cc(Cl)c2c(c1)CNCCO2,5.081582069396973,0.5654929239937977,C/C=C/C(=O)NCCc1ccncc1-c1cc(Cl)c2c(c1)CNCCO2,warhead_installed
BB-2001 BB-1650,"[2001, 1650]",[109],CC(=O)c1cccc(C#Cc2cccc3c2CC(NC(=O)OC(C)(C)C)CC3)c1F,5.086166858673096,0.5653003960929665,C/C=C/C(=O)NC1CCc2cccc(C#Cc3cccc(C(C)=O)c3F)c2C1,warhead_installed
BB-1188 BB-0501,"[1188, 501]",[96],COc1ccc2[nH]c3c(c2c1)CCCC3(C(=O)O)N(C(=O)OC(C)(C)C)C(Cn1cnc2ccccc21)C(=O)O,4.831552982330322,0.5643355125798144,,warhead_site_consumed
BB-1968 BB-1015,"[1968, 1015]",[107],CC(=O)c1cc(C(C)(O)c2ccc(O)c(NC(=O)OC(C)(C)C)c2C)ccc1O,5.096729278564453,0.5635514620708286,C/C=C/C(=O)Nc1c(O)ccc(C(C)(O)c2ccc(O)c(C(C)=O)c2)c1C,warhead_installed
BB-1968 BB-1670,"[1968, 1670]",[107],Cc1c(C(C)(O)/C=C/c2ccc([N+](=O)[O-])cc2)ccc(O)c1NC(=O)OC(C)(C)C,5.096729278564453,0.5627347488733754,C/C=C/C(=O)Nc1c(O)ccc(C(C)(O)/C=C/c2ccc([N+](=O)[O-])cc2)c1C,warhead_installed
BB-2001 BB-1117,"[2001, 1117]",[107],CC(C)(C)OC(=O)NC1CCc2cccc(C(O)(CCl)c3ccc(Br)cc3)c2C1,5.086166858673096,0.5618944962328686,C/C=C/C(=O)NC1CCc2cccc(C(O)(CCl)c3ccc(Br)cc3)c2C1,warhead_installed
BB-2043 BB-0233,"[2043, 233]",[96],COC(=O)c1c(CC(=O)O)[nH]c(C(C)(C(=O)O)N(C(=O)OC(C)(C)C)C2CCC(=O)c3ccc(Br)cc32)c1C,5.261335849761963,0.5615178658657116,,warhead_site_consumed
BB-1089 BB-1495,"[1089, 1495]",[96],CCCCn1c(N(C(=O)OC(C)(C)C)C(CCCCC(=O)OC)(C(=O)O)C(F)(F)F)c(Br)c(=O)[nH]c1=O,5.086926460266113,0.5610475040304087,,warhead_site_consumed
BB-2002 BB-0061,"[2002, 61]",[107],CCc1noc(NC(=O)OC(C)(C)C)c1C(O)c1cc(-c2ccc(Cl)cc2)on1,5.070318698883057,0.5609969540558783,C/C=C/C(=O)Nc1onc(CC)c1C(O)c1cc(-c2ccc(Cl)cc2)on1,warhead_installed
BB-2039 BB-0206,"[2039, 206]",[96],CC(C)(C)OC(=O)N(c1cccc(Br)c1O)C1(C(=O)O)CCC(c2cncc(F)c2)C1,5.096623420715332,0.5581640146542142,,warhead_site_consumed
BB-1968 BB-1670,"[1968, 1670]",[12],CC(=O)CC(Oc1ccc(Br)c(C)c1NC(=O)OC(C)(C)C)c1ccc([N+](=O)[O-])cc1,5.096729278564453,0.5577667655215692,C/C=C/C(=O)Nc1c(OC(CC(C)=O)c2ccc([N+](=O)[O-])cc2)ccc(Br)c1C,warhead_installed
BB-2080 BB-1841,"[2080, 1841]",[10],Cc1cc(Sc2ccc3c(c2)C2(CCC2)CN3)c(CNC(=O)OC(C)(C)C)cc1O,5.093694686889648,0.5576415802215445,C/C=C/C(=O)NCc1cc(O)c(C)cc1Sc1ccc2c(c1)C1(CCC1)CN2,warhead_installed
BB-2078 BB-1466,"[2078, 1466]",[96],COCc1ccc(N(C(=O)OC(C)(C)C)C2(C(=O)O)CCC(O)(c3cccc(Cl)c3)CC2)cc1Cl,5.0787506103515625,0.5574387404215001,,warhead_site_consumed
BB-2078 BB-0546,"[2078, 546]",[96],COCc1ccc(N(C(=O)OC(C)(C)C)C(C)(C(=O)O)c2ccc(OC)c(COC)c2)cc1Cl,5.0787506103515625,0.5551941263560345,,warhead_site_consumed
BB-2019 BB-0721,"[2019, 721]",[96],CC(=O)c1c(C)oc(N(C(=O)OC(C)(C)C)C2(C(=O)O)CCC3CN(C(C)=O)c4cccc2c43)c1C#N,5.252781867980957,0.5541830567538921,,warhead_site_consumed
BB-2080 BB-1334,"[2080, 1334]",[31],Cc1nc2cc(Oc3cc(CNC(=O)OC(C)(C)C)c(Br)cc3C)c(Cl)cc2[nH]1,5.093694686889648,0.5536724919617254,C/C=C/C(=O)NCc1cc(Oc2cc3nc(C)[nH]c3cc2Cl)c(C)cc1Br,warhead_installed
BB-2058 BB-1453,"[2058, 1453]",[96],Cn1c(=O)[nH]c(=O)c2c1nc(Br)n2CC(C)(C(=O)O)N(C(=O)OC(C)(C)C)c1ccc(Br)c2c1CCCC2,5.083586692810059,0.5530566492617525,,warhead_site_consumed
BB-2027 BB-0560,"[2027, 560]",[96],CC(C)(C)OC(=O)N(c1ccc(Br)c2c1CCC2)C1(C(=O)O)C=C(c2cccc(CO)n2)CCC1,5.083529472351074,0.551788648593264,,warhead_site_consumed
BB-2072 BB-1987,"[2072, 1987]",[106],CC(C)(C)OC(=O)NCCc1cc(F)ccc1C(=O)C1(c2cncc(Br)c2)CCC1,5.078719139099121,0.5516401995259725,C/C=C/C(=O)NCCc1cc(F)ccc1C(=O)C1(c2cncc(Br)c2)CCC1,warhead_installed
BB-1968 BB-0377,"[1968, 377]",[31],COc1ccc(C2(C(=O)O)CC2)cc1Oc1ccc(Br)c(C)c1NC(=O)OC(C)(C)C,5.096729278564453,0.5510174885091392,C/C=C/C(=O)Nc1c(Oc2cc(C3(C(=O)O)CC3)ccc2OC)ccc(Br)c1C,warhead_installed
BB-2072 BB-1238,"[2072, 1238]",[10],COC(=O)C1CNc2ccc(Sc3ccc(F)cc3CCNC(=O)OC(C)(C)C)cc21,5.078719139099121,0.5505027672864539,C/C=C/C(=O)NCCc1cc(F)ccc1Sc1ccc2c(c1)C(C(=O)OC)CN2,warhead_installed
BB-2056 BB-0507,"[2056, 507]",[96],CC(C)(C)OC(=O)N(CCc1ccncc1Br)C(C)(CCc1n[nH]c2ccccc12)C(=O)O,5.081582069396973,0.5498990904710489,,warhead_site_consumed
BB-1248 BB-1983,"[1248, 1983]",[96],CCCC(CN(C(=O)OC(C)(C)C)C(C)(C(=O)O)c1ccc(OCC(F)(F)F)cc1)C(=O)OCC,4.79771614074707,0.5496557062167724,,warhead_site_consumed
BB-2040 BB-0840,"[2040, 840]",[10],Cc1[nH]c(=O)c(Sc2cccc(C3(C(=O)O)CCNCC3)c2)cc1NC(=O)OC(C)(C)C,5.089001655578613,0.5495616375656783,C/C=C/C(=O)Nc1cc(Sc2cccc(C3(C(=O)O)CCNCC3)c2)c(=O)[nH]c1C,warhead_installed
BB-1939 BB-0233,"[1939, 233]",[96],COC(=O)c1c(CC(=O)O)[nH]c(C(C)(C(=O)O)N(C(=O)OC(C)(C)C)c2c(I)cc(F)c(Br)c2F)c1C,5.085888862609863,0.5493822480430687,,warhead_site_consumed
BB-2072 BB-1593,"[2072, 1593]",[47],Cc1ccc(C2(NC(=O)OC(C)(C)C)CCCCC2)c(-c2ccc(F)cc2CCNC(=O)OC(C)(C)C)c1,5.078719139099121,0.5491396440721836,C/C=C/C(=O)NC1(c2ccc(C)cc2-c2ccc(F)cc2CCN)CCCCC1,warhead_installed
BB-2197 BB-0930,"[2197, 930]",[28],CN(CC(F)F)C1CCN(C(=O)C23CCCC(CNC(=O)OC(C)(C)C)(C2)OC3)CC1,4.702706813812256,0.5489444415266013,C/C=C/C(=O)NCC12CCCC(C(=O)N3CCC(N(C)CC(F)F)CC3)(CO1)C2,warhead_installed
BB-0908 BB-1640,"[908, 1640]",[55],CC(C)(C)OC(=O)Nc1c(N2CCOc3c(Cl)cc(Br)cc3C2)nnc(Cl)c1[N+](=O)[O-],5.058960437774658,0.5486166788384097,C/C=C/C(=O)Nc1c(N2CCOc3c(Cl)cc(Br)cc3C2)nnc(Cl)c1[N+](=O)[O-],warhead_installed
BB-0908 BB-1640,"[908, 1640]",[10],CC(C)(C)OC(=O)Nc1c(Sc2cc(Br)cc3c2OCCNC3)nnc(Cl)c1[N+](=O)[O-],5.058960437774658,0.5486026309213254,C/C=C/C(=O)Nc1c(Sc2cc(Br)cc3c2OCCNC3)nnc(Cl)c1[N+](=O)[O-],warhead_installed
BB-2011 BB-2001,"[2011, 2001]",[10],CC(C)(C)OC(=O)NCCc1c(F)ccc(F)c1Sc1cccc2c1CC(NC(=O)OC(C)(C)C)CC2,5.089879989624023,0.5484148647735693,C/C=C/C(=O)NC1CCc2cccc(Sc3c(F)ccc(F)c3CCN)c2C1,warhead_installed
BB-2011 BB-0423,"[2011, 423]",[10],CC(C)(C)OC(=O)NCCc1c(F)ccc(F)c1Sc1cccnc1OC1CCCNC1,5.089879989624023,0.5477663389957697,C/C=C/C(=O)NCCc1c(F)ccc(F)c1Sc1cccnc1OC1CCCNC1,warhead_installed
BB-0768 BB-1062,"[768, 1062]",[96],Cc1ccc(N2CCC(C(=O)O)(N(C(=O)OC(C)(C)C)C(CC(=O)O)c3cccc(I)c3)CC2=O)cc1,5.100085258483887,0.5468372713747581,,warhead_site_consumed
BB-2066 BB-1453,"[2066, 1453]",[96],Cn1c(=O)[nH]c(=O)c2c1nc(Br)n2CC(C)(C(=O)O)N(C(=O)OC(C)(C)C)c1ccc(CO)c(Cl)c1,5.156902313232422,0.5450740605692893,,warhead_site_consumed
BB-1369 BB-0451,"[1369, 451]",[107],COC(=O)C(NC(=O)OC(C)(C)C)c1cc(C)cc(C2(O)CC(NC(=O)OC(C)(C)C)C23CCC(F)CC3)c1,5.087890625,0.5445064181913697,C/C=C/C(=O)NC1CC(O)(c2cc(C)cc(C(N)C(=O)OC)c2)C12CCC(F)CC2,warhead_installed
BB-0942 BB-1297,"[942, 1297]",[48],CC(C)(C)OC(=O)NCCC1=C(c2nc[nH]c2Br)CCCC1,4.653831958770752,0.5440588029374072,C/C=C/C(=O)NCCC1=C(c2nc[nH]c2Br)CCCC1,warhead_installed
BB-2056 BB-1517,"[2056, 1517]",[88],Cc1cccc(CC(COc2cnccc2CCNC(=O)OC(C)(C)C)NC(=O)OC(C)(C)C)c1,5.081582069396973,0.5437011588336468,C/C=C/C(=O)NC(COc1cnccc1CCN)Cc1cccc(C)c1,warhead_installed
BB-2038 BB-0074,"[2038, 74]",[96],COC(=O)c1cc2c([nH]1)C(C(=O)O)(N(C(=O)OC(C)(C)C)c1n[nH]c3ccc(F)c(Br)c13)CCC2,5.089232921600342,0.5435640512192172,,warhead_site_consumed
BB-2022 BB-1742,"[2022, 1742]",[88],CC(C)(C)OC(=O)NCC(=O)c1ccc(F)cc1O[C@H]1C[C@@H](C(=O)O)C[C@@H](C(=O)O)C1,5.267487525939941,0.5433528532377044,C/C=C/C(=O)NCC(=O)c1ccc(F)cc1O[C@H]1C[C@@H](C(=O)O)C[C@@H](C(=O)O)C1,warhead_installed
BB-0768 BB-1219,"[768, 1219]",[10],COC(=O)c1cccc(Sc2cccc(C(CC(=O)O)NC(=O)OC(C)(C)C)c2)c1OC,5.100085258483887,0.5414204837488323,C/C=C/C(=O)NC(CC(=O)O)c1cccc(Sc2cccc(C(=O)OC)c2OC)c1,warhead_installed
BB-2002 BB-0465,"[2002, 465]",[10],CCc1noc(NC(=O)OC(C)(C)C)c1Sc1cccc(F)c1CNCC(=O)O,5.070318698883057,0.5412670633328122,C/C=C/C(=O)Nc1onc(CC)c1Sc1cccc(F)c1CNCC(=O)O,warhead_installed
BB-2078 BB-1570,"[2078, 1570]",[96],COCc1ccc(N(C(=O)OC(C)(C)C)C2(C(=O)O)CC(c3cccc(Br)c3)C2)cc1Cl,5.0787506103515625,0.5406123264518703,,warhead_site_consumed
BB-2098 BB-1466,"[2098, 1466]",[10],CC(=O)c1ccc(Sc2cccc(C3(O)CCC(=O)CC3)c2)c(NC(=O)OC(C)(C)C)c1,5.259499549865723,0.5380289924760172,C/C=C/C(=O)Nc1cc(C(C)=O)ccc1Sc1cccc(C2(O)CCC(=O)CC2)c1,warhead_installed
BB-2012 BB-0721,"[2012, 721]",[96],CCC(=O)c1ccc(F)c(N(C(=O)OC(C)(C)C)C2(C(=O)O)CCC3CN(C(C)=O)c4cccc2c43)c1,5.255603790283203,0.5378925388000202,,warhead_site_consumed
BB-2107 BB-2090,"[2107, 2090]",[17],CC(NC(=O)OC(C)(C)C)c1cc(S(=O)(=O)c2cnn(C)c2NC(=O)OC(C)(C)C)cc2c1OCC2,5.057988166809082,0.5375688935033052,C/C=C/C(=O)NC(C)c1cc(S(=O)(=O)c2cnn(C)c2N)cc2c1OCC2,warhead_installed
BB-2026 BB-0689,"[2026, 689]",[0],Cc1cc(C=C2C(=O)C(Br)=C(NC(=O)OC(C)(C)C)CC2(C)C)c(C)n1-c1cc(C(F)(F)F)ccc1Cl,5.263380527496338,0.5375074814671595,C/C=C/C(=O)NC1=C(Br)C(=O)C(=Cc2cc(C)n(-c3cc(C(F)(F)F)ccc3Cl)c2C)C(C)(C)C1,warhead_installed
BB-2080 BB-1841,"[2080, 1841]",[62],Cc1cc(N2CC3(CCC3)c3cc(Br)ccc32)c(CNC(=O)OC(C)(C)C)cc1O,5.093694686889648,0.5372383165510215,C/C=C/C(=O)NCc1cc(O)c(C)cc1N1CC2(CCC2)c2cc(Br)ccc21,warhead_installed
BB-2002 BB-2079,"[2002, 2079]",[10],CCc1noc(NC(=O)OC(C)(C)C)c1Sc1cccc2c1nc(NC(=O)OC(C)(C)C)n2CC(F)(F)F,5.070318698883057,0.5345709199690031,C/C=C/C(=O)Nc1nc2c(Sc3c(CC)noc3N)cccc2n1CC(F)(F)F,warhead_installed
BB-2080 BB-1166,"[2080, 1166]",[55],Cc1cc(N2CCCC2c2ccc3c(c2)OCCCO3)c(CNC(=O)OC(C)(C)C)cc1O,5.093694686889648,0.5344817568266311,C/C=C/C(=O)NCc1cc(O)c(C)cc1N1CCCC1c1ccc2c(c1)OCCCO2,warhead_installed
BB-0484 BB-0313,"[484, 313]",[49],CCOC(=O)c1c(C)oc(NC(=O)OC(C)(C)C)c1C(=O)c1ccc2c(c1)nc(C(=O)OC)n2C,5.090071678161621,0.5342811886245111,C/C=C/C(=O)Nc1oc(C)c(C(=O)OCC)c1C(=O)c1ccc2c(c1)nc(C(=O)OC)n2C,warhead_installed
BB-2036 BB-0566,"[2036, 566]",[50],CC(=O)c1nc2ccc(C3(O)CC(C)(C)Cc4oc(NC(=O)OC(C)(C)C)nc43)cc2n1C,5.248382091522217,0.5322760464687121,C/C=C/C(=O)Nc1nc2c(o1)CC(C)(C)CC2(O)c1ccc2nc(C(C)=O)n(C)c2c1,warhead_installed
BB-0881 BB-0605,"[881, 605]",[49],Cc1cc(Cl)cc(C(=O)c2cc(F)ncc2I)c1NC(=O)OC(C)(C)C,5.168187141418457,0.5320784731900594,C/C=C/C(=O)Nc1c(C)cc(Cl)cc1C(=O)c1cc(F)ncc1I,warhead_installed
BB-2003 BB-1117,"[2003, 1117]",[96],CC(C)(C)OC(=O)N(c1nc2c(o1)CCCC2=O)C(CCl)(C(=O)O)c1ccc(Br)cc1,5.243650436401367,0.5313431423958909,,warhead_site_consumed
BB-2026 BB-0317,"[2026, 317]",[39],Cc1c(Br)c(C(=O)N(NC(=O)OC(C)(C)C)C2(C(=O)O)CC(C)(C)CC(NC(=O)OC(C)(C)C)=C2Br)nn1C,5.263380527496338,0.5312615739718838,C/C=C/C(=O)NN(C(=O)c1nn(C)c(C)c1Br)C1(C(=O)O)CC(C)(C)CC(N)=C1Br,warhead_installed
BB-2002 BB-0760,"[2002, 760]",[96],CCc1noc(N(C(=O)OC(C)(C)C)C(C)(C(=O)O)c2ncc(C)cc2Br)c1Br,5.070318698883057,0.531156155322439,,warhead_site_consumed
BB-2027 BB-0206,"[2027, 206]",[96],CC(C)(C)OC(=O)N(c1ccc(Br)c2c1CCC2)C1(C(=O)O)CCC(c2cncc(F)c2)C1,5.083529472351074,0.5294256990162566,,warhead_site_consumed
BB-2056 BB-0507,"[2056, 507]",[107],CC(C)(C)OC(=O)NCCc1ccncc1C(C)(O)CCc1n[nH]c2ccccc12,5.081582069396973,0.529181786541516,C/C=C/C(=O)NCCc1ccncc1C(C)(O)CCc1n[nH]c2ccccc12,warhead_installed
BB-2002 BB-1636,"[2002, 1636]",[107],CCc1noc(NC(=O)OC(C)(C)C)c1C1(O)CCCOc2c(Cl)cc(C)cc21,5.070318698883057,0.5286696011133801,C/C=C/C(=O)Nc1onc(CC)c1C1(O)CCCOc2c(Cl)cc(C)cc21,warhead_installed
BB-0741 BB-1917,"[741, 1917]",[55],Cc1cc(C)c(S(=O)(=O)NC(=O)OC(C)(C)C)cc1N1CC=C(c2cccnc2)CC1,5.093545436859131,0.5276923306712575,C/C=C/C(=O)NS(=O)(=O)c1cc(N2CC=C(c3cccnc3)CC2)c(C)cc1C,warhead_installed
BB-2014 BB-1521,"[2014, 1521]",[62],Cn1cc(CCNC(=O)OC(C)(C)C)c(N2CCOC[C@@H]2c2ccccc2)n1,5.09501838684082,0.5262754533130657,C/C=C/C(=O)NCCc1cn(C)nc1N1CCOC[C@@H]1c1ccccc1,warhead_installed
BB-2047 BB-1808,"[2047, 1808]",[39],COc1ccc(Br)cc1CC(C(=O)O)N(C(=O)OC(C)(C)C)C(CNC(=O)OC(C)(C)C)(C(=O)O)c1cn(C)nc1C(F)F,5.235725402832031,0.5262603980564959,C/C=C/C(=O)NCC(NC(Cc1cc(Br)ccc1OC)C(=O)O)(C(=O)O)c1cn(C)nc1C(F)F,warhead_installed
BB-2010 BB-0721,"[2010, 721]",[96],CC(=O)N1CC2CCC(C(=O)O)(N(C(=O)OC(C)(C)C)c3c4c(cc5c3CCC5=O)CCC4)c3cccc1c32,5.252103805541992,0.5250475350761686,,warhead_site_consumed
BB-2001 BB-1005,"[2001, 1005]",[96],CN1C(=C(C#N)C(CCl)(C(=O)O)N(C(=O)OC(C)(C)C)C2CCc3cccc(Br)c3C2)Nc2ccccc21,5.086166858673096,0.5240140598220226,,warhead_site_consumed
BB-2072 BB-1458,"[2072, 1458]",[10],CC(C)(C)OC(=O)NCCc1cc(F)ccc1SCCC=C(F)F,5.078719139099121,0.5238115543151134,C/C=C/C(=O)NCCc1cc(F)ccc1SCCC=C(F)F,warhead_installed
BB-2056 BB-0760,"[2056, 760]",[96],Cc1cnc(C(C)(C(=O)O)N(CCc2ccncc2Br)C(=O)OC(C)(C)C)c(Br)c1,5.081582069396973,0.5235263445284618,,warhead_site_consumed
BB-2026 BB-0317,"[2026, 317]",[50],Cc1c(C2(O)CC(C)(C)CC(NC(=O)OC(C)(C)C)=C2Br)c(C(=O)NNC(=O)OC(C)(C)C)nn1C,5.263380527496338,0.5235211712025684,C/C=C/C(=O)NNC(=O)c1nn(C)c(C)c1C1(O)CC(C)(C)CC(N)=C1Br,warhead_installed
BB-0979 BB-1453,"[979, 1453]",[107],CCC(CNC(=O)OC(C)(C)C)Cc1cccc(C(C)(O)Cn2c(Br)nc3c2c(=O)[nH]c(=O)n3C)c1,5.080632209777832,0.5234215076169126,C/C=C/C(=O)NCC(CC)Cc1cccc(C(C)(O)Cn2c(Br)nc3c2c(=O)[nH]c(=O)n3C)c1,warhead_installed
BB-2026 BB-0203,"[2026, 203]",[39],CC1(C)CC(NC(=O)OC(C)(C)C)=C(Br)C(C(=O)O)(N(C(=O)OC(C)(C)C)C2CCCC23CC(=O)C3)C1,5.263380527496338,0.5232759650016492,C/C=C/C(=O)NC1=C(Br)C(NC2CCCC23CC(=O)C3)(C(=O)O)CC(C)(C)C1,warhead_installed
BB-2063 BB-0233,"[2063, 233]",[96],COC(=O)c1c(CC(=O)O)[nH]c(C(C)(C(=O)O)N(Cc2nc(Br)c(C)cc2Cl)C(=O)OC(C)(C)C)c1C,5.093749046325684,0.5232517709159521,,warhead_site_consumed
BB-2010 BB-2023,"[2010, 2023]",[39],CC(C)(C)OC(=O)Nc1c2c(cc3c1CCC3(C(=O)O)N(CC1CC(=O)c3ccccc3O1)C(=O)OC(C)(C)C)CCC2,5.252103805541992,0.5227246477181472,C/C=C/C(=O)Nc1c2c(cc3c1CCC3(NCC1CC(=O)c3ccccc3O1)C(=O)O)CCC2,warhead_installed
BB-2002 BB-2095,"[2002, 2095]",[10],CCc1noc(NC(=O)OC(C)(C)C)c1Sc1cc(C)c(NC(=O)OC(C)(C)C)cc1C,5.070318698883057,0.5216969630184778,C/C=C/C(=O)Nc1cc(C)c(Sc2c(CC)noc2N)cc1C,warhead_installed
BB-2080 BB-1640,"[2080, 1640]",[31],Cc1cc(Br)c(CNC(=O)OC(C)(C)C)cc1Oc1cc(Br)cc2c1OCCNC2,5.093694686889648,0.5214417822871645,C/C=C/C(=O)NCc1cc(Oc2cc(Br)cc3c2OCCNC3)c(C)cc1Br,warhead_installed
BB-1666 BB-1710,"[1666, 1710]",[96],COC(=O)c1cn(C(CCl)(C(=O)O)C(C#N)=C2C=CN(C)C=C2)c(C2(NC(=O)OC(C)(C)C)CCOCC2)n1,4.697175025939941,0.5211100230147808,C/C=C/C(=O)NC1(c2nc(C(=O)OC)cn2C(CCl)(C(=O)O)C(C#N)=C2C=CN(C)C=C2)CCOCC1,warhead_installed
BB-0768 BB-0840,"[768, 840]",[55],CC(C)(C)OC(=O)NC(CC(=O)O)c1cccc(N2CCC(C(=O)O)(c3cccc(Cl)c3)CC2)c1,5.100085258483887,0.5209523185520623,C/C=C/C(=O)NC(CC(=O)O)c1cccc(N2CCC(C(=O)O)(c3cccc(Cl)c3)CC2)c1,warhead_installed
BB-2080 BB-0164,"[2080, 164]",[96],CCOC(=O)C12CCCC1=CC(C(=O)O)(N(Cc1cc(O)c(C)cc1Br)C(=O)OC(C)(C)C)C2,5.093694686889648,0.5207510718547412,,warhead_site_consumed
BB-1968 BB-0468,"[1968, 468]",[96],Cc1c(Br)ccc(OC(C)(C(=O)O)C(C#N)c2cccc(Br)c2)c1NC(=O)OC(C)(C)C,5.096729278564453,0.5201074790014645,C/C=C/C(=O)Nc1c(OC(C)(C(=O)O)C(C#N)c2cccc(Br)c2)ccc(Br)c1C,warhead_installed
BB-1011 BB-1912,"[1011, 1912]",[31],COC(=O)C1Cc2c(Oc3cc4c(cc3NC(C)=O)CCC4=O)cccc2C1NC(=O)OC(C)(C)C,5.010708808898926,0.5198646394039648,C/C=C/C(=O)NC1c2cccc(Oc3cc4c(cc3NC(C)=O)CCC4=O)c2CC1C(=O)OC,warhead_installed
BB-2002 BB-1005,"[2002, 1005]",[96],CCc1noc(N(C(=O)OC(C)(C)C)C(CCl)(C(=O)O)C(C#N)=C2Nc3ccccc3N2C)c1Br,5.070318698883057,0.5189882081128884,,warhead_site_consumed
BB-2078 BB-1524,"[2078, 1524]",[10],CNC(=O)COC1CCCOc2cc(Sc3cc(NC(=O)OC(C)(C)C)ccc3COC)ccc21,5.0787506103515625,0.5185163695357164,C/C=C/C(=O)Nc1ccc(COC)c(Sc2ccc3c(c2)OCCCC3OCC(=O)NC)c1,warhead_installed
BB-2045 BB-0205,"[2045, 205]",[10],Cn1c(NC(=O)OC(C)(C)C)nc2cccc(Sc3cccnc3OC3CCNCC3)c21,5.082790374755859,0.5184896434563349,C/C=C/C(=O)Nc1nc2cccc(Sc3cccnc3OC3CCNCC3)c2n1C,warhead_installed
BB-2027 BB-1189,"[2027, 1189]",[10],COC(=O)c1cnn(C)c1CCSc1ccc(NC(=O)OC(C)(C)C)c2c1CCC2,5.083529472351074,0.5182335702950278,C/C=C/C(=O)Nc1ccc(SCCc2c(C(=O)OC)cnn2C)c2c1CCC2,warhead_installed
BB-2002 BB-1314,"[2002, 1314]",[10],CCc1noc(NC(=O)OC(C)(C)C)c1Sc1ccc(F)cc1CS,5.070318698883057,0.5178828342970909,C/C=C/C(=O)Nc1onc(CC)c1Sc1ccc(F)cc1CS,warhead_installed
BB-2080 BB-1640,"[2080, 1640]",[47],Cc1cc(-c2cc(Cl)c3c(c2)CNCCO3)c(CNC(=O)OC(C)(C)C)cc1O,5.093694686889648,0.5177370063735489,C/C=C/C(=O)NCc1cc(O)c(C)cc1-c1cc(Cl)c2c(c1)CNCCO2,warhead_installed
BB-0081 BB-2088,"[81, 2088]",[96],Cc1cc(N(C(=O)OC(C)(C)C)C2(C(=O)O)CCCC(NC(=O)OC(C)(C)C)=C2Br)n(-c2ccc(Cl)cc2)n1,5.05582332611084,0.515416696108769,,warhead_site_consumed
BB-2006 BB-0404,"[2006, 404]",[10],COc1ccc(Sc2nn(C)cc2NC(=O)OC(C)(C)C)cc1C1CCCCN1,5.085646152496338,0.5153545373932854,C/C=C/C(=O)Nc1cn(C)nc1Sc1ccc(OC)c(C2CCCCN2)c1,warhead_installed
BB-2002 BB-0335,"[2002, 335]",[96],CCc1noc(N(C(=O)OC(C)(C)C)C2(C(=O)O)CC(C(=O)O)c3c(OC)cccc32)c1Br,5.070318698883057,0.5144008454634283,,warhead_site_consumed
BB-2021 BB-0501,"[2021, 501]",[96],COc1ccc2[nH]c3c(c2c1)CCCC3(C(=O)O)N(CCc1cc2c(cc1Br)OCO2)C(=O)OC(C)(C)C,5.079010009765625,0.5141142371429782,,warhead_site_consumed
BB-2080 BB-0165,"[2080, 165]",[31],Cc1cc(Br)c(CNC(=O)OC(C)(C)C)cc1Oc1ccc(N2CCNCC2)c(C(F)(F)F)c1,5.093694686889648,0.5140312698356985,C/C=C/C(=O)NCc1cc(Oc2ccc(N3CCNCC3)c(C(F)(F)F)c2)c(C)cc1Br,warhead_installed
BB-1811 BB-0206,"[1811, 206]",[96],CC1(C)CCC2(CC(N(C(=O)OC(C)(C)C)C3(C(=O)O)CCC(c4cncc(F)c4)C3)C2)C1,4.20121955871582,0.5133805328467388,,warhead_site_consumed
BB-0880 BB-0840,"[880, 840]",[10],CC(C)(C)OC(=O)NC1CCOCc2c(Sc3cccc(C4(C(=O)O)CCNCC4)c3)cncc21,5.065484523773193,0.5106250337988051,C/C=C/C(=O)NC1CCOCc2c(Sc3cccc(C4(C(=O)O)CCNCC4)c3)cncc21,warhead_installed
BB-2179 BB-1912,"[2179, 1912]",[96],CC(=O)Nc1cc2c(cc1Br)C(C(=O)O)(N(C(=O)OC(C)(C)C)c1ccc(Nc3ncccn3)cc1)CC2,5.1362080574035645,0.5099043452831773,,warhead_site_consumed
BB-2078 BB-1868,"[2078, 1868]",[10],COCc1ccc(NC(=O)OC(C)(C)C)cc1Sc1ccc2c(C=O)c(C(=O)O)[nH]c2c1,5.0787506103515625,0.5086072176411159,C/C=C/C(=O)Nc1ccc(COC)c(Sc2ccc3c(C=O)c(C(=O)O)[nH]c3c2)c1,warhead_installed
BB-2058 BB-0566,"[2058, 566]",[96],Cn1c(C(C)(C(=O)O)N(C(=O)OC(C)(C)C)c2ccc(Br)c3c2CCCC3)nc2ccc(Cl)cc21,5.083586692810059,0.5071819058855577,,warhead_site_consumed
BB-0316 BB-1398,"[316, 1398]",[96],CC(C)(C)OC(=O)N([C@H](CC(=O)O)Cc1ccccc1Br)C(C)(C(=O)O)c1c[nH]c2ccc([N+](=O)[O-])cc12,5.103292465209961,0.5057909364655551,,warhead_site_consumed
BB-2002 BB-0478,"[2002, 478]",[10],CCc1noc(NC(=O)OC(C)(C)C)c1SCC12CCC(C1)C(=O)N2,5.070318698883057,0.5035708193745488,C/C=C/C(=O)Nc1onc(CC)c1SCC12CCC(C1)C(=O)N2,warhead_installed
BB-2001 BB-1650,"[2001, 1650]",[96],C#Cc1cccc(C(C)(C(=O)O)N(C(=O)OC(C)(C)C)C2CCc3cccc(Br)c3C2)c1F,5.086166858673096,0.501351171437456,,warhead_site_consumed
BB-1325 BB-1453,"[1325, 1453]",[96],Cn1c(=O)[nH]c(=O)c2c1nc(Br)n2CC(C)(C(=O)O)N(C(=O)OC(C)(C)C)C(CCOc1ccccc1)c1ccc(F)cc1F,4.19903564453125,0.4999605040061576,,warhead_site_consumed
BB-2011 BB-2022,"[2011, 2022]",[10],CC(C)(C)OC(=O)NCCc1c(F)ccc(F)c1Sc1cc(F)ccc1C(=O)CNC(=O)OC(C)(C)C,5.089879989624023,0.4994028330553362,C/C=C/C(=O)NCC(=O)c1ccc(F)cc1Sc1c(F)ccc(F)c1CCN,warhead_installed
BB-0212 BB-1912,"[212, 1912]",[96],COC(=O)c1c(N(C(=O)OC(C)(C)C)C2(C(=O)O)CCc3cc(NC(C)=O)c(Br)cc32)nc2n1CC(C(=O)O)CC2,4.833632946014404,0.498143620568329,,warhead_site_consumed
BB-0007 BB-1562,"[7, 1562]",[96],Cc1cc(O)c(C(CCC(=O)O)(C(=O)O)N(C(=O)OC(C)(C)C)c2ccn3c(C)nnc3c2)cc1Br,4.218610763549805,0.4962343797919287,,warhead_site_consumed
BB-2002 BB-1570,"[2002, 1570]",[10],CCc1noc(NC(=O)OC(C)(C)C)c1Sc1cccc(C2CC(=O)C2)c1,5.070318698883057,0.4953132284952178,C/C=C/C(=O)Nc1onc(CC)c1Sc1cccc(C2CC(=O)C2)c1,warhead_installed
BB-0145 BB-0165,"[145, 165]",[10],CC(C)(C)OC(=O)Nc1ccc(Sc2ccc(N3CCNCC3)c(C(F)(F)F)c2)c(F)c1CO,5.151305675506592,0.4944923615528406,C/C=C/C(=O)Nc1ccc(Sc2ccc(N3CCNCC3)c(C(F)(F)F)c2)c(F)c1CO,warhead_installed
BB-2080 BB-1334,"[2080, 1334]",[10],Cc1nc2cc(Sc3cc(C)c(O)cc3CNC(=O)OC(C)(C)C)c(Cl)cc2[nH]1,5.093694686889648,0.4936478152695962,C/C=C/C(=O)NCc1cc(O)c(C)cc1Sc1cc2nc(C)[nH]c2cc1Cl,warhead_installed
BB-0004 BB-1204,"[4, 1204]",[49],CC(C)(C)OC(=O)NCCNc1ccc(C(F)(F)F)cc1C(=O)c1ccc(C=O)cc1,5.16454029083252,0.4921967437021296,C/C=C/C(=O)NCCNc1ccc(C(F)(F)F)cc1C(=O)c1ccc(C=O)cc1,warhead_installed
BB-2080 BB-1334,"[2080, 1334]",[47],Cc1nc2cc(-c3cc(C)c(O)cc3CNC(=O)OC(C)(C)C)c(Cl)cc2[nH]1,5.093694686889648,0.4889284448112452,C/C=C/C(=O)NCc1cc(O)c(C)cc1-c1cc2nc(C)[nH]c2cc1Cl,warhead_installed
BB-0768 BB-0888,"[768, 888]",[47],CCn1c(C(=O)O)c(C=O)c2cc(-c3cccc(C(CC(=O)O)NC(=O)OC(C)(C)C)c3)ccc21,5.100085258483887,0.4883823394808206,C/C=C/C(=O)NC(CC(=O)O)c1cccc(-c2ccc3c(c2)c(C=O)c(C(=O)O)n3CC)c1,warhead_installed
BB-2078 BB-1328,"[2078, 1328]",[88],COCc1ccc(NC(=O)OC(C)(C)C)cc1Oc1cc(/C=C/C(C)=O)ccc1OC,5.0787506103515625,0.4830481550519168,C/C=C/C(=O)Nc1ccc(COC)c(Oc2cc(/C=C/C(C)=O)ccc2OC)c1,warhead_installed
BB-2056 BB-0395,"[2056, 395]",[96],CN(C)S(=O)(=O)c1ccc(C(C)(C(=O)O)N(CCc2ccncc2Br)C(=O)OC(C)(C)C)cc1,5.081582069396973,0.4812649526919212,,warhead_site_consumed
BB-0942 BB-1640,"[942, 1640]",[48],CC(C)(C)OC(=O)NCCC1=C(c2cc(Cl)c3c(c2)CNCCO3)CCCC1,4.653831958770752,0.4794060331258748,C/C=C/C(=O)NCCC1=C(c2cc(Cl)c3c(c2)CNCCO3)CCCC1,warhead_installed
BB-2001 BB-0721,"[2001, 721]",[96],CC(=O)N1CC2CCC(C(=O)O)(N(C(=O)OC(C)(C)C)C3CCc4cccc(Br)c4C3)c3cccc1c32,5.086166858673096,0.4777654670757718,,warhead_site_consumed
BB-2002 BB-1640,"[2002, 1640]",[47],CCc1noc(NC(=O)OC(C)(C)C)c1-c1cc(Cl)c2c(c1)CNCCO2,5.070318698883057,0.477722320631705,C/C=C/C(=O)Nc1onc(CC)c1-c1cc(Cl)c2c(c1)CNCCO2,warhead_installed
BB-2026 BB-1157,"[2026, 1157]",[73],CC[C@H](O)C(=O)OC1=C(NC(=O)OC(C)(C)C)CC(C)(C)CC1=O,5.263380527496338,0.477163882160913,C/C=C/C(=O)NC1=C(OC(=O)[C@@H](O)CC)C(=O)CC(C)(C)C1,warhead_installed
BB-2080 BB-1368,"[2080, 1368]",[62],Cc1cc(N2CCNc3ccncc32)c(CNC(=O)OC(C)(C)C)cc1O,5.093694686889648,0.4765010437248014,C/C=C/C(=O)NCc1cc(O)c(C)cc1N1CCNc2ccncc21,warhead_installed
BB-2002 BB-1550,"[2002, 1550]",[109],CCc1noc(NC(=O)OC(C)(C)C)c1C#CC1CC(NC(=O)OC(C)(C)C)(C(=O)O)C1,5.070318698883057,0.4763326082115365,C/C=C/C(=O)NC1(C(=O)O)CC(C#Cc2c(CC)noc2N)C1,warhead_installed
BB-2072 BB-0205,"[2072, 205]",[10],CC(C)(C)OC(=O)NCCc1cc(F)ccc1Sc1cccnc1OC1CCNCC1,5.078719139099121,0.4761699596949061,C/C=C/C(=O)NCCc1cc(F)ccc1Sc1cccnc1OC1CCNCC1,warhead_installed
BB-2002 BB-2094,"[2002, 2094]",[10],CCc1noc(NC(=O)OC(C)(C)C)c1Sc1nocc1CCNC(=O)OC(C)(C)C,5.070318698883057,0.4751336330071364,C/C=C/C(=O)NCCc1conc1Sc1c(CC)noc1N,warhead_installed
BB-2040 BB-0768,"[2040, 768]",[47],Cc1[nH]c(=O)c(-c2cccc(C(CC(=O)O)NC(=O)OC(C)(C)C)c2)cc1NC(=O)OC(C)(C)C,5.089001655578613,0.473127545714236,C/C=C/C(=O)NC(CC(=O)O)c1cccc(-c2cc(N)c(C)[nH]c2=O)c1,warhead_installed
BB-2080 BB-0840,"[2080, 840]",[10],Cc1cc(Sc2cccc(C3(C(=O)O)CCNCC3)c2)c(CNC(=O)OC(C)(C)C)cc1O,5.093694686889648,0.4724318766214438,C/C=C/C(=O)NCc1cc(O)c(C)cc1Sc1cccc(C2(C(=O)O)CCNCC2)c1,warhead_installed
BB-2179 BB-1912,"[2179, 1912]",[25],CC(=O)Nc1cc2c(cc1Br)C(N(c1ccc(NC(=O)OC(C)(C)C)cc1)c1ncccn1)CC2,5.1362080574035645,0.4723059210253083,C/C=C/C(=O)Nc1ccc(N(c2ncccn2)C2CCc3cc(NC(C)=O)c(Br)cc32)cc1,warhead_installed
BB-2002 BB-1600,"[2002, 1600]",[62],C#CCN(c1ccc(C(=O)O)cc1)c1c(CC)noc1NC(=O)OC(C)(C)C,5.070318698883057,0.4712241572077864,C#CCN(c1ccc(C(=O)O)cc1)c1c(CC)noc1NC(=O)/C=C/C,warhead_installed
BB-2078 BB-1466,"[2078, 1466]",[17],COCc1ccc(NC(=O)OC(C)(C)C)cc1S(=O)(=O)c1cccc(C2(O)CCC(=O)CC2)c1,5.0787506103515625,0.4682349159482998,C/C=C/C(=O)Nc1ccc(COC)c(S(=O)(=O)c2cccc(C3(O)CCC(=O)CC3)c2)c1,warhead_installed
BB-1934 BB-0230,"[1934, 230]",[96],Cc1cccc(N(C(=O)OC(C)(C)C)C2(C(=O)O)CCN(c3cnccn3)CC2)c1C(=O)O,4.843360900878906,0.467426245986171,,warhead_site_consumed
BB-2020 BB-2133,"[2020, 2133]",[39],Cn1nccc1C(C(=O)O)N(C(=O)OC(C)(C)C)C(CNC(=O)OC(C)(C)C)(C(=O)O)c1ccc(F)cc1Cl,5.262912750244141,0.4664814961577124,C/C=C/C(=O)NCC(NC(C(=O)O)c1ccnn1C)(C(=O)O)c1ccc(F)cc1Cl,warhead_installed
BB-2007 BB-0011,"[2007, 11]",[91],CC1CC(=O)CC(NC(=O)OC(C)(C)C)(N2CCOCC2CC(=O)c2ccccc2)C1,5.255328178405762,0.464763348204918,C/C=C/C(=O)NC1(N2CCOCC2CC(=O)c2ccccc2)CC(=O)CC(C)C1,warhead_installed
BB-0765 BB-1640,"[765, 1640]",[61],CC(C)(C)OC(=O)NC(CC(=O)N1CCOc2c(Cl)cc(Br)cc2C1)Cc1ccc([N+](=O)[O-])cc1,4.905689239501953,0.4638415925477816,C/C=C/C(=O)NC(CC(=O)N1CCOc2c(Cl)cc(Br)cc2C1)Cc1ccc([N+](=O)[O-])cc1,warhead_installed
BB-2056 BB-1046,"[2056, 1046]",[96],Cc1ccc(CC(C(=O)O)(C2CC2)N(CCc2ccncc2Br)C(=O)OC(C)(C)C)cc1,5.081582069396973,0.4625577985005247,,warhead_site_consumed
BB-0858 BB-0164,"[858, 164]",[96],CCOC(=O)C12CCCC1=CC(C(=O)O)(N(C(=O)OC(C)(C)C)c1nnc(C(C)(F)F)o1)C2,4.206237316131592,0.4614539757720206,,warhead_site_consumed
BB-2072 BB-0559,"[2072, 559]",[47],CC(C)(C)OC(=O)NCCc1cc(F)ccc1-c1cnc(C(F)(F)F)cc1NC(=O)OC(C)(C)C,5.078719139099121,0.4593676014390317,C/C=C/C(=O)Nc1cc(C(F)(F)F)ncc1-c1ccc(F)cc1CCN,warhead_installed
BB-2022 BB-0074,"[2022, 74]",[96],COC(=O)c1cc2c([nH]1)C(C(=O)O)(N(CC(=O)c1ccc(F)cc1Br)C(=O)OC(C)(C)C)CCC2,5.267487525939941,0.4580008908091318,,warhead_site_consumed
BB-0741 BB-0861,"[741, 861]",[55],CCc1csc(C2CCCN(c3cc(S(=O)(=O)NC(=O)OC(C)(C)C)c(C)cc3C)C2)n1,5.093545436859131,0.4536780696417937,C/C=C/C(=O)NS(=O)(=O)c1cc(N2CCCC(c3nc(CC)cs3)C2)c(C)cc1C,warhead_installed
BB-2072 BB-1640,"[2072, 1640]",[47],CC(C)(C)OC(=O)NCCc1cc(F)ccc1-c1cc(Cl)c2c(c1)CNCCO2,5.078719139099121,0.4526518706520085,C/C=C/C(=O)NCCc1cc(F)ccc1-c1cc(Cl)c2c(c1)CNCCO2,warhead_installed
BB-2060 BB-0789,"[2060, 789]",[10],CC(C)(C)OC(=O)NCC1(CSCC23CC(CC(=O)N2)C3)CCOCC1,5.165180206298828,0.452642274123428,C/C=C/C(=O)NCC1(CSCC23CC(CC(=O)N2)C3)CCOCC1,warhead_installed
BB-2003 BB-1796,"[2003, 1796]",[50],CC(C)(C)OC(=O)Nc1nc2c(o1)CCCC2(O)CC1CN(c2ccc(Br)cc2)C(=O)O1,5.243650436401367,0.4517875695221702,C/C=C/C(=O)Nc1nc2c(o1)CCCC2(O)CC1CN(c2ccc(Br)cc2)C(=O)O1,warhead_installed
BB-2020 BB-0655,"[2020, 655]",[10],COc1ccc(F)cc1CCSc1cc(F)ccc1C(=O)CNC(=O)OC(C)(C)C,5.262912750244141,0.4506209986029085,C/C=C/C(=O)NCC(=O)c1ccc(F)cc1SCCc1cc(F)ccc1OC,warhead_installed
BB-2002 BB-0927,"[2002, 927]",[10],CCc1noc(NC(=O)OC(C)(C)C)c1Sc1ccc2c(c1)nc(C)n2C,5.070318698883057,0.4504346630383679,C/C=C/C(=O)Nc1onc(CC)c1Sc1ccc2c(c1)nc(C)n2C,warhead_installed
BB-1248 BB-2043,"[1248, 2043]",[96],CCCC(CN(C(=O)OC(C)(C)C)C1(C(=O)O)CCC(NC(=O)OC(C)(C)C)c2cc(Br)ccc21)C(=O)OCC,4.79771614074707,0.4491893377228128,,warhead_site_consumed
BB-0881 BB-0605,"[881, 605]",[17],Cc1cc(S(=O)(=O)c2cc(F)ncc2I)cc(C#N)c1NC(=O)OC(C)(C)C,5.168187141418457,0.4485593311151751,C/C=C/C(=O)Nc1c(C)cc(S(=O)(=O)c2cc(F)ncc2I)cc1C#N,warhead_installed
BB-1950 BB-0233,"[1950, 233]",[27],COC(=O)c1c(Cc2nc(-c3c(NC(=O)OC(C)(C)C)ncc4c3CCOC4)no2)[nH]c(C(C)=O)c1C,4.950775146484375,0.4477839330947418,C/C=C/C(=O)Nc1ncc2c(c1-c1noc(Cc3[nH]c(C(C)=O)c(C)c3C(=O)OC)n1)CCOC2,warhead_installed
BB-2002 BB-1636,"[2002, 1636]",[96],CCc1noc(N(C(=O)OC(C)(C)C)C2(C(=O)O)CCCOc3c(Cl)cc(C)cc32)c1Br,5.070318698883057,0.446422022078026,,warhead_site_consumed
BB-1077 BB-1330,"[1077, 1330]",[96],CC(C)(C)OC(=O)N(CC1CN2CCCN1CC2)C(C)(C(=O)O)c1nc2c(s1)CCC2,4.201748847961426,0.4420350895853916,,warhead_site_consumed
BB-2007 BB-0760,"[2007, 760]",[96],Cc1cnc(C(C)(C(=O)O)N(C(=O)OC(C)(C)C)C2=CC(=O)CC(C)C2)c(Br)c1,5.255328178405762,0.4406991873124154,,warhead_site_consumed
BB-0979 BB-1466,"[979, 1466]",[107],CCC(CNC(=O)OC(C)(C)C)Cc1cccc(C2(O)CCC(O)(c3cccc(Cl)c3)CC2)c1,5.080632209777832,0.4399544164937826,C/C=C/C(=O)NCC(CC)Cc1cccc(C2(O)CCC(O)(c3cccc(Cl)c3)CC2)c1,warhead_installed
BB-2082 BB-1466,"[2082, 1466]",[58],Cc1noc(NC(=O)OC(C)(C)C)c1C=C1CC(O)(c2cccc(Cl)c2)CCC1=O,5.036779403686523,0.4361461748803139,C/C=C/C(=O)Nc1onc(C)c1C=C1CC(O)(c2cccc(Cl)c2)CCC1=O,warhead_installed
BB-2026 BB-0966,"[2026, 966]",[62],CC(C)N(Cc1nc2ccccc2c(=O)[nH]1)C1=C(NC(=O)OC(C)(C)C)CC(C)(C)CC1=O,5.263380527496338,0.4341575186742371,C/C=C/C(=O)NC1=C(N(Cc2nc3ccccc3c(=O)[nH]2)C(C)C)C(=O)CC(C)(C)C1,warhead_installed
BB-1248 BB-2043,"[1248, 2043]",[46],CCCC(CNC(=O)OC(C)(C)C)C(=O)C1CC(NC(=O)OC(C)(C)C)c2cc(Br)ccc2C1=O,4.79771614074707,0.4339765838306206,C/C=C/C(=O)NC1CC(C(=O)C(CN)CCC)C(=O)c2ccc(Br)cc21,warhead_installed
BB-0516 BB-0233,"[516, 233]",[96],CCOc1ccc2c(c1)C(N(C(=O)OC(C)(C)C)C(C)(C(=O)O)c1[nH]c(CC(=O)O)c(C(=O)OC)c1C)CCO2,4.20247220993042,0.4317795140531418,,warhead_site_consumed
BB-2028 BB-0404,"[2028, 404]",[10],COc1ccc(Sc2cc(NC(=O)OC(C)(C)C)cc3cn[nH]c23)cc1C1CCCCN1,5.085320949554443,0.4279079930771589,C/C=C/C(=O)Nc1cc(Sc2ccc(OC)c(C3CCCCN3)c2)c2[nH]ncc2c1,warhead_installed
BB-2002 BB-1099,"[2002, 1099]",[62],CCc1noc(NC(=O)OC(C)(C)C)c1N1CCc2c(cnn2C)C1C(=O)N(C)C,5.070318698883057,0.4260127956836879,C/C=C/C(=O)Nc1onc(CC)c1N1CCc2c(cnn2C)C1C(=O)N(C)C,warhead_installed
BB-2080 BB-1236,"[2080, 1236]",[47],COC(=O)c1c(-c2cc(C)c(O)cc2CNC(=O)OC(C)(C)C)[nH]c2ccc(Br)cc12,5.093694686889648,0.4237968831906782,C/C=C/C(=O)NCc1cc(O)c(C)cc1-c1[nH]c2ccc(Br)cc2c1C(=O)OC,warhead_installed
BB-0768 BB-0888,"[768, 888]",[10],CCn1c(C(=O)O)c(C=O)c2cc(Sc3cccc(C(CC(=O)O)NC(=O)OC(C)(C)C)c3)ccc21,5.100085258483887,0.4214727006244281,C/C=C/C(=O)NC(CC(=O)O)c1cccc(Sc2ccc3c(c2)c(C=O)c(C(=O)O)n3CC)c1,warhead_installed
BB-2064 BB-2072,"[2064, 2072]",[10],Cc1cc(Sc2ccc(F)cc2CCNC(=O)OC(C)(C)C)c(C)c(C(=O)O)c1NC(=O)OC(C)(C)C,5.09018611907959,0.41831650100282,C/C=C/C(=O)NCCc1cc(F)ccc1Sc1cc(C)c(N)c(C(=O)O)c1C,warhead_installed
BB-2028 BB-1706,"[2028, 1706]",[96],CC(C)(C)OC(=O)N(c1cc(Br)c2[nH]ncc2c1)C1(C(=O)O)CC(C(=O)O)(c2cccc(Br)c2)C1,5.085320949554443,0.4160937412667714,,warhead_site_consumed
BB-2056 BB-0379,"[2056, 379]",[96],CC(C)(C)OC(=O)N(CCc1ccncc1Br)C1(C(=O)O)CCNc2ccc(C(=O)O)cc21,5.081582069396973,0.4140476718832622,,warhead_site_consumed
BB-2038 BB-1466,"[2038, 1466]",[10],CC(C)(C)OC(=O)Nc1n[nH]c2ccc(F)c(Sc3cccc(C4(O)CCC(=O)CC4)c3)c12,5.089232921600342,0.4126368737464665,C/C=C/C(=O)Nc1n[nH]c2ccc(F)c(Sc3cccc(C4(O)CCC(=O)CC4)c3)c12,warhead_installed
BB-2002 BB-1570,"[2002, 1570]",[96],CCc1noc(N(C(=O)OC(C)(C)C)C2(C(=O)O)CC(c3cccc(Br)c3)C2)c1Br,5.070318698883057,0.4111192585829816,,warhead_site_consumed
BB-2030 BB-2054,"[2030, 2054]",[55],COCCN(CCCNC(=O)OC(C)(C)C)c1cc(NC(=O)OC(C)(C)C)ccc1CS(C)(=O)=O,5.083686351776123,0.4092729516973726,C/C=C/C(=O)NCCCN(CCOC)c1cc(N)ccc1CS(C)(=O)=O,warhead_installed
BB-1729 BB-0744,"[1729, 744]",[55],CC(C)(C)OC(=O)Nc1cc(C(=O)O)ccc1N(Cc1ccccc1Cl)C1CC1,5.097131729125977,0.4086568776272143,C/C=C/C(=O)Nc1cc(C(=O)O)ccc1N(Cc1ccccc1Cl)C1CC1,warhead_installed
BB-0145 BB-0165,"[145, 165]",[47],CC(C)(C)OC(=O)Nc1ccc(-c2ccc(N3CCNCC3)c(C(F)(F)F)c2)c(F)c1CO,5.151305675506592,0.4085932739838793,C/C=C/C(=O)Nc1ccc(-c2ccc(N3CCNCC3)c(C(F)(F)F)c2)c(F)c1CO,warhead_installed
BB-2026 BB-0203,"[2026, 203]",[107],CC1(C)CC(=O)C(C2(O)CC3(CCCC3NC(=O)OC(C)(C)C)C2)=C(NC(=O)OC(C)(C)C)C1,5.263380527496338,0.4049629175857151,C/C=C/C(=O)NC1CCCC12CC(O)(C1=C(N)CC(C)(C)CC1=O)C2,warhead_installed
BB-2080 BB-0165,"[2080, 165]",[10],Cc1cc(Sc2ccc(N3CCNCC3)c(C(F)(F)F)c2)c(CNC(=O)OC(C)(C)C)cc1O,5.093694686889648,0.4026763711240154,C/C=C/C(=O)NCc1cc(O)c(C)cc1Sc1ccc(N2CCNCC2)c(C(F)(F)F)c1,warhead_installed
BB-1729 BB-0744,"[1729, 744]",[10],CC(C)(C)OC(=O)Nc1cc(C(=O)O)ccc1Sc1ccccc1CNC1CC1,5.097131729125977,0.4025598103224238,C/C=C/C(=O)Nc1cc(C(=O)O)ccc1Sc1ccccc1CNC1CC1,warhead_installed
BB-1730 BB-0708,"[1730, 708]",[96],COC(=O)C1CC2(CCCCC2)CC1(C(=O)O)N(CC1(O)CS(=O)(=O)C1)C(=O)OC(C)(C)C,4.946174621582031,0.399126087704892,,warhead_site_consumed
BB-0768 BB-0230,"[768, 230]",[107],CC(C)(C)OC(=O)NC(CC(=O)O)c1cccc(C2(O)CCN(c3cnccn3)CC2)c1,5.100085258483887,0.3989232044931178,C/C=C/C(=O)NC(CC(=O)O)c1cccc(C2(O)CCN(c3cnccn3)CC2)c1,warhead_installed
BB-2007 BB-1663,"[2007, 1663]",[96],CC1CC(=O)C=C(N(C(=O)OC(C)(C)C)C2(C(=O)O)CCCc3oc(=O)c(C(=O)O)cc32)C1,5.255328178405762,0.3982147755598353,,warhead_site_consumed
BB-0081 BB-2088,"[81, 2088]",[10],Cc1cc(NC(=O)OC(C)(C)C)n(-c2ccc(SC3=C(NC(=O)OC(C)(C)C)CCCC3=O)cc2)n1,5.05582332611084,0.397568130628196,C/C=C/C(=O)NC1=C(Sc2ccc(-n3nc(C)cc3N)cc2)C(=O)CCC1,warhead_installed
BB-2001 BB-1466,"[2001, 1466]",[10],CC(C)(C)OC(=O)NC1CCc2cccc(Sc3cccc(C4(O)CCC(=O)CC4)c3)c2C1,5.086166858673096,0.3969333052508589,C/C=C/C(=O)NC1CCc2cccc(Sc3cccc(C4(O)CCC(=O)CC4)c3)c2C1,warhead_installed
BB-1011 BB-1912,"[1011, 1912]",[96],COC(=O)C1Cc2c(OC3(C(=O)O)CCc4cc(NC(C)=O)c(Br)cc43)cccc2C1NC(=O)OC(C)(C)C,5.010708808898926,0.3969137394648539,C/C=C/C(=O)NC1c2cccc(OC3(C(=O)O)CCc4cc(NC(C)=O)c(Br)cc43)c2CC1C(=O)OC,warhead_installed
BB-2002 BB-1912,"[2002, 1912]",[47],CCc1noc(NC(=O)OC(C)(C)C)c1-c1cc2c(cc1NC(C)=O)CCC2=O,5.070318698883057,0.3938647496236333,C/C=C/C(=O)Nc1onc(CC)c1-c1cc2c(cc1NC(C)=O)CCC2=O,warhead_installed
BB-2001 BB-1117,"[2001, 1117]",[96],CC(C)(C)OC(=O)N(C1CCc2cccc(Br)c2C1)C(CCl)(C(=O)O)c1ccc(Br)cc1,5.086166858673096,0.3907496512729401,,warhead_site_consumed
BB-0741 BB-1968,"[741, 1968]",[88],Cc1cc(C)c(S(=O)(=O)NC(=O)OC(C)(C)C)cc1Oc1ccc(Br)c(C)c1NC(=O)OC(C)(C)C,5.093545436859131,0.3904257276658904,C/C=C/C(=O)Nc1c(Oc2cc(S(N)(=O)=O)c(C)cc2C)ccc(Br)c1C,warhead_installed
BB-0787 BB-1706,"[787, 1706]",[10],CC(C)(C)OC(=O)NCc1cccc(Sc2cccc(C3(C(=O)O)CC(=O)C3)c2)c1Cl,5.089550018310547,0.3893109573098981,C/C=C/C(=O)NCc1cccc(Sc2cccc(C3(C(=O)O)CC(=O)C3)c2)c1Cl,warhead_installed
BB-2080 BB-1912,"[2080, 1912]",[47],CC(=O)Nc1cc2c(cc1-c1cc(C)c(O)cc1CNC(=O)OC(C)(C)C)C(=O)CC2,5.093694686889648,0.3874020178080753,C/C=C/C(=O)NCc1cc(O)c(C)cc1-c1cc2c(cc1NC(C)=O)CCC2=O,warhead_installed
BB-2179 BB-1912,"[2179, 1912]",[4],CC(=O)Nc1cc2c(cc1N(c1ccc(NC(=O)OC(C)(C)C)cc1)c1ncccn1)C(=O)CC2,5.1362080574035645,0.3871986486428305,C/C=C/C(=O)Nc1ccc(N(c2ncccn2)c2cc3c(cc2NC(C)=O)CCC3=O)cc1,warhead_installed
BB-0908 BB-1640,"[908, 1640]",[17],CC(C)(C)OC(=O)Nc1c(S(=O)(=O)c2cc(Br)cc3c2OCCNC3)nnc(Cl)c1[N+](=O)[O-],5.058960437774658,0.3858527034035081,C/C=C/C(=O)Nc1c(S(=O)(=O)c2cc(Br)cc3c2OCCNC3)nnc(Cl)c1[N+](=O)[O-],warhead_installed
BB-1491 BB-1871,"[1491, 1871]",[96],COc1cc(Cl)c2c(c1)C(C(=O)O)(N(C(=O)OC(C)(C)C)C1CCc3cc(F)cc(F)c31)CCC2,4.200282096862793,0.3850301996852937,,warhead_site_consumed
BB-2026 BB-0689,"[2026, 689]",[10],Cc1cc(C=O)c(C)n1-c1cc(C(F)(F)F)ccc1SC1=C(NC(=O)OC(C)(C)C)CC(C)(C)CC1=O,5.263380527496338,0.3797495699662289,C/C=C/C(=O)NC1=C(Sc2ccc(C(F)(F)F)cc2-n2c(C)cc(C=O)c2C)C(=O)CC(C)(C)C1,warhead_installed
BB-1118 BB-2037,"[1118, 2037]",[96],COc1cc(F)c(NC(=O)OC(C)(C)C)cc1C(C)(C(=O)O)N(C(=O)OC(C)(C)C)c1ccc(-c2cnn(C)c2)c(C)n1,4.203670024871826,0.3760120795510559,,warhead_site_consumed
BB-2015 BB-0378,"[2015, 378]",[96],CC(C)(C)OC(=O)N(C1CCC(=O)c2cc(Br)ccc21)C(CBr)(C(=O)O)C1COc2ccccc2O1,5.270456314086914,0.3737115730113757,,warhead_site_consumed
BB-0741 BB-1968,"[741, 1968]",[10],Cc1cc(C)c(S(=O)(=O)NC(=O)OC(C)(C)C)cc1Sc1ccc(O)c(NC(=O)OC(C)(C)C)c1C,5.093545436859131,0.3695672703380208,C/C=C/C(=O)Nc1c(O)ccc(Sc2cc(S(N)(=O)=O)c(C)cc2C)c1C,warhead_installed
BB-0768 BB-0840,"[768, 840]",[10],CC(C)(C)OC(=O)NC(CC(=O)O)c1cccc(Sc2cccc(C3(C(=O)O)CCNCC3)c2)c1,5.100085258483887,0.3688192681423216,C/C=C/C(=O)NC(CC(=O)O)c1cccc(Sc2cccc(C3(C(=O)O)CCNCC3)c2)c1,warhead_installed
BB-2007 BB-0011,"[2007, 11]",[96],CC1CC(=O)C=C(N(C(=O)OC(C)(C)C)C(CC2COCCN2)(C(=O)O)c2ccccc2)C1,5.255328178405762,0.3687616900364366,,warhead_site_consumed
BB-1496 BB-1266,"[1496, 1266]",[96],CCOC(=O)c1c(N(C(=O)OC(C)(C)C)C2(C(=O)O)CCOc3cc(Br)c(C)cc32)c(Cl)cn1C,5.088921546936035,0.3685740014373349,,warhead_site_consumed
BB-0575 BB-2003,"[575, 2003]",[96],CC1CN(C(=O)c2nn(C3(C(=O)O)CCCc4oc(NC(=O)OC(C)(C)C)nc43)cc2NC(=O)OC(C)(C)C)CCCO1,4.238847255706787,0.3682826802394384,C/C=C/C(=O)Nc1nc2c(o1)CCCC2(C(=O)O)n1cc(N)c(C(=O)N2CCCOC(C)C2)n1,warhead_installed
BB-2080 BB-1587,"[2080, 1587]",[10],Cc1cc(Sc2cccc3c2OC(C)(C)CC3NC(=O)OC(C)(C)C)c(CNC(=O)OC(C)(C)C)cc1O,5.093694686889648,0.3654105664130355,C/C=C/C(=O)NC1CC(C)(C)Oc2c(Sc3cc(C)c(O)cc3CN)cccc21,warhead_installed
BB-2011 BB-2022,"[2011, 2022]",[96],CC(C)(C)OC(=O)NCC(C(=O)O)(c1ccc(F)cc1Br)N(CCc1c(F)ccc(F)c1Br)C(=O)OC(C)(C)C,5.089879989624023,0.3645462073104974,,warhead_site_consumed
BB-2056 BB-0011,"[2056, 11]",[96],CC(C)(C)OC(=O)N(CCc1ccncc1Br)C(CC1COCCN1)(C(=O)O)c1ccccc1,5.081582069396973,0.3599321053349515,,warhead_site_consumed
BB-2006 BB-0566,"[2006, 566]",[96],Cn1cc(N(C(=O)OC(C)(C)C)C(C)(C(=O)O)c2nc3ccc(Cl)cc3n2C)c(Br)n1,5.085646152496338,0.3594757300529161,,warhead_site_consumed
BB-0768 BB-0230,"[768, 230]",[96],CC(C)(C)OC(=O)N(C(CC(=O)O)c1cccc(I)c1)C1(C(=O)O)CCN(c2cnccn2)CC1,5.100085258483887,0.3535131046481352,,warhead_site_consumed
BB-2040 BB-0768,"[2040, 768]",[10],Cc1[nH]c(=O)c(Sc2cccc(C(CC(=O)O)NC(=O)OC(C)(C)C)c2)cc1NC(=O)OC(C)(C)C,5.089001655578613,0.3534613173899614,C/C=C/C(=O)NC(CC(=O)O)c1cccc(Sc2cc(N)c(C)[nH]c2=O)c1,warhead_installed
BB-2092 BB-1636,"[2092, 1636]",[96],CC1=C(N(C(=O)OC(C)(C)C)C2(C(=O)O)CCCOc3c(Cl)cc(C)cc32)O/C(=C(/C)C#N)C1=O,5.21198844909668,0.3508286391609255,,warhead_site_consumed
BB-1798 BB-0530,"[1798, 530]",[61],Cc1cn2c(n1)CCC(CN(C)C(=O)c1cc(Br)c3c(c1)nc(NC(=O)OC(C)(C)C)n3C)C2,5.085039138793945,0.3433155082254001,C/C=C/C(=O)Nc1nc2cc(C(=O)N(C)CC3CCc4nc(C)cn4C3)cc(Br)c2n1C,warhead_installed
BB-2056 BB-1922,"[2056, 1922]",[10],CC(C)(C)OC(=O)NCCc1ccncc1Sc1ccc2c(c1)CCCCN2,5.081582069396973,0.3399544254214334,C/C=C/C(=O)NCCc1ccncc1Sc1ccc2c(c1)CCCCN2,warhead_installed
BB-2056 BB-0646,"[2056, 646]",[10],Cc1cc(Sc2cnccc2CCNC(=O)OC(C)(C)C)cc(Br)c1C(N)=O,5.081582069396973,0.3371368529335286,C/C=C/C(=O)NCCc1ccncc1Sc1cc(C)c(C(N)=O)c(Br)c1,warhead_installed
BB-2129 BB-1117,"[2129, 1117]",[96],CCc1nc(C)c(N(C(=O)OC(C)(C)C)C(CCl)(C(=O)O)c2ccc(Br)cc2)s1,4.201333045959473,0.3324110353591059,,warhead_site_consumed
BB-2007 BB-1566,"[2007, 1566]",[91],CC1CC(=O)CC(NC(=O)OC(C)(C)C)(N(c2cccc(Br)c2)C2CCCNC2)C1,5.255328178405762,0.332039840628727,C/C=C/C(=O)NC1(N(c2cccc(Br)c2)C2CCCNC2)CC(=O)CC(C)C1,warhead_installed
BB-1010 BB-0855,"[1010, 855]",[88],CC(C)(C)OC(=O)Nc1c(F)cc(F)c(F)c1OC1CCCCC1O,5.072450160980225,0.3262517918307894,C/C=C/C(=O)Nc1c(F)cc(F)c(F)c1OC1CCCCC1O,warhead_installed
BB-0787 BB-1706,"[787, 1706]",[96],CC(C)(C)OC(=O)N(Cc1cccc(Br)c1Cl)C1(C(=O)O)CC(C(=O)O)(c2cccc(Br)c2)C1,5.089550018310547,0.3243228590183857,,warhead_site_consumed
BB-2056 BB-0840,"[2056, 840]",[10],CC(C)(C)OC(=O)NCCc1ccncc1Sc1cccc(C2(C(=O)O)CCNCC2)c1,5.081582069396973,0.3240506351222834,C/C=C/C(=O)NCCc1ccncc1Sc1cccc(C2(C(=O)O)CCNCC2)c1,warhead_installed
BB-0024 BB-0423,"[24, 423]",[22],Cc1ccc(C2CCCCN2C(=O)C(=O)N2CCCC(Oc3ncccc3Br)C2)cc1NC(=O)OC(C)(C)C,5.1625823974609375,0.321694696502953,C/C=C/C(=O)Nc1cc(C2CCCCN2C(=O)C(=O)N2CCCC(Oc3ncccc3Br)C2)ccc1C,warhead_installed
BB-2151 BB-0760,"[2151, 760]",[96],Cc1cnc(C(C)(C(=O)O)N(C(=O)OC(C)(C)C)c2c(C(N)=O)nnc(Cl)c2Cl)c(Br)c1,5.083898067474365,0.3212994468127592,,warhead_site_consumed
BB-2078 BB-0485,"[2078, 485]",[62],CCn1ncc(CN(C)C(=O)c2cc(-c3ccc(N(c4cc(NC(=O)OC(C)(C)C)ccc4COC)C4CN(C)C4)c(C)n3)nc3ccc(Cl)cc23)c1C,5.0787506103515625,0.3195790710037328,C/C=C/C(=O)Nc1ccc(COC)c(N(c2ccc(-c3cc(C(=O)N(C)Cc4cnn(CC)c4C)c4cc(Cl)ccc4n3)nc2C)C2CN(C)C2)c1,warhead_installed
BB-1808 BB-1968,"[1808, 1968]",[47],COc1ccc(-c2ccc(O)c(NC(=O)OC(C)(C)C)c2C)cc1CC(NC(=O)OC(C)(C)C)C(=O)O,5.085367679595947,0.3129254583025865,C/C=C/C(=O)Nc1c(O)ccc(-c2ccc(OC)c(CC(N)C(=O)O)c2)c1C,warhead_installed
BB-2019 BB-0426,"[2019, 426]",[96],CC(=O)c1c(C)oc(N(C(=O)OC(C)(C)C)C(CBr)(C(=O)O)C2CC(F)(F)C2)c1C#N,5.252781867980957,0.3092119679997989,,warhead_site_consumed
BB-2027 BB-0560,"[2027, 560]",[88],CC(C)(C)OC(=O)Nc1ccc(OCc2cccc(C3=CC(=O)CCC3)n2)c2c1CCC2,5.083529472351074,0.2986905668282401,C/C=C/C(=O)Nc1ccc(OCc2cccc(C3=CC(=O)CCC3)n2)c2c1CCC2,warhead_installed
BB-2095 BB-1727,"[2095, 1727]",[96],Cc1cc(N(C(=O)OC(C)(C)C)C(C)(C(=O)O)c2ccc(C(F)(F)F)s2)c(C)cc1Br,5.086318016052246,0.2957181513720059,,warhead_site_consumed
BB-2036 BB-2082,"[2036, 2082]",[0],Cc1noc(NC(=O)OC(C)(C)C)c1C=C1C(=O)c2nc(NC(=O)OC(C)(C)C)oc2CC1(C)C,5.248382091522217,0.2946821862675939,C/C=C/C(=O)Nc1onc(C)c1C=C1C(=O)c2nc(N)oc2CC1(C)C,warhead_installed
BB-2030 BB-2097,"[2030, 2097]",[10],COc1ccc(Sc2cc(NC(=O)OC(C)(C)C)ccc2CS(C)(=O)=O)c(CCNC(=O)OC(C)(C)C)c1,5.083686351776123,0.2798427786112751,C/C=C/C(=O)NCCc1cc(OC)ccc1Sc1cc(N)ccc1CS(C)(=O)=O,warhead_installed
BB-2078 BB-2095,"[2078, 2095]",[10],COCc1ccc(NC(=O)OC(C)(C)C)cc1Sc1cc(C)c(NC(=O)OC(C)(C)C)cc1C,5.0787506103515625,0.2792182339699239,C/C=C/C(=O)Nc1cc(C)c(Sc2cc(N)ccc2COC)cc1C,warhead_installed
BB-2067 BB-0996,"[2067, 996]",[88],Cc1cc(OC2(C(F)(F)F)CC(CNC(=O)OC(C)(C)C)(c3ccccc3)C2)c(C)c([N+](=O)[O-])c1NC(=O)OC(C)(C)C,5.093190670013428,0.2791724463723823,C/C=C/C(=O)NCC1(c2ccccc2)CC(Oc2cc(C)c(N)c([N+](=O)[O-])c2C)(C(F)(F)F)C1,warhead_installed
BB-2095 BB-1241,"[2095, 1241]",[96],CCCCC(C(=O)O)(c1ccc(C)cc1O)N(C(=O)OC(C)(C)C)c1cc(C)c(Br)cc1C,5.086318016052246,0.2785762166902337,,warhead_site_consumed
BB-2080 BB-0840,"[2080, 840]",[31],Cc1cc(Br)c(CNC(=O)OC(C)(C)C)cc1Oc1cccc(C2(C(=O)O)CCNCC2)c1,5.093694686889648,0.2769791450261382,C/C=C/C(=O)NCc1cc(Oc2cccc(C3(C(=O)O)CCNCC3)c2)c(C)cc1Br,warhead_installed
BB-0979 BB-1466,"[979, 1466]",[10],CCC(CNC(=O)OC(C)(C)C)Cc1cccc(Sc2cccc(C3(O)CCC(=O)CC3)c2)c1,5.080632209777832,0.2691311038172144,C/C=C/C(=O)NCC(CC)Cc1cccc(Sc2cccc(C3(O)CCC(=O)CC3)c2)c1,warhead_installed
BB-1494 BB-1328,"[1494, 1328]",[107],COc1ccc(/C=C/C(C)(O)c2cc(CC(CO)CNC(=O)OC(C)(C)C)ccc2F)cc1O,5.151869773864746,0.2669208059034169,C/C=C/C(=O)NCC(CO)Cc1ccc(F)c(C(C)(O)/C=C/c2ccc(OC)c(O)c2)c1,warhead_installed
BB-0155 BB-1117,"[155, 1117]",[96],CC(C)(C)OC(=O)N(C(CC(=O)O)c1ccc(F)cc1)C(CCl)(C(=O)O)c1ccc(Br)cc1,4.905429840087891,0.250241677608977,,warhead_site_consumed
BB-1808 BB-1968,"[1808, 1968]",[88],COc1ccc(Oc2ccc(Br)c(C)c2NC(=O)OC(C)(C)C)cc1CC(NC(=O)OC(C)(C)C)C(=O)O,5.085367679595947,0.2364798141636907,C/C=C/C(=O)Nc1c(Oc2ccc(OC)c(CC(N)C(=O)O)c2)ccc(Br)c1C,warhead_installed
BB-2080 BB-1587,"[2080, 1587]",[31],Cc1cc(Br)c(CNC(=O)OC(C)(C)C)cc1Oc1cccc2c1OC(C)(C)CC2NC(=O)OC(C)(C)C,5.093694686889648,0.2350835093336309,C/C=C/C(=O)NC1CC(C)(C)Oc2c(Oc3cc(CN)c(Br)cc3C)cccc21,warhead_installed
BB-2015 BB-0378,"[2015, 378]",[10],CC(C)(C)OC(=O)NC1CCC(=O)c2cc(SCC(=O)C3COc4ccccc4O3)ccc21,5.270456314086914,0.2322880537713534,C/C=C/C(=O)NC1CCC(=O)c2cc(SCC(=O)C3COc4ccccc4O3)ccc21,warhead_installed
BB-2023 BB-0067,"[2023, 67]",[39],Cc1nn(-c2ccccc2Cl)c2sc(C(=O)OC3(C(=O)O)CC(CNC(=O)OC(C)(C)C)Oc4ccccc43)cc12,5.2504167556762695,0.2246452096902988,C/C=C/C(=O)NCC1CC(OC(=O)c2cc3c(C)nn(-c4ccccc4Cl)c3s2)(C(=O)O)c2ccccc2O1,warhead_installed
BB-1574 BB-2028,"[1574, 2028]",[47],CC(C)(C)OC(=O)Nc1cc(-c2ccc(NC(=O)OC(C)(C)C)c(C(F)(F)F)c2)c2[nH]ncc2c1,5.073889255523682,0.2244654932418482,C/C=C/C(=O)Nc1cc(-c2ccc(N)c(C(F)(F)F)c2)c2[nH]ncc2c1,warhead_installed
BB-2003 BB-1856,"[2003, 1856]",[39],CC(C)(C)OC(=O)Nc1nc2c(o1)CCCC2(C(=O)O)N1CCN(c2nc(Cl)nc(N3CCOCC3)n2)CC1,5.243650436401367,0.2122821485582509,C/C=C/C(=O)Nc1nc2c(o1)CCCC2(C(=O)O)N1CCN(c2nc(Cl)nc(N3CCOCC3)n2)CC1,warhead_installed
BB-1494 BB-1328,"[1494, 1328]",[88],COc1ccc(/C=C/C(C)=O)cc1Oc1cc(CC(CO)CNC(=O)OC(C)(C)C)ccc1F,5.151869773864746,0.2081562549580861,C/C=C/C(=O)NCC(CO)Cc1ccc(F)c(Oc2cc(/C=C/C(C)=O)ccc2OC)c1,warhead_installed
BB-0194 BB-0721,"[194, 721]",[96],COCC(c1ccccc1)(c1nc2ccccc2n1C)N(C(=O)OC(C)(C)C)C1(C(=O)O)CCC2CN(C(C)=O)c3cccc1c32,4.203168869018555,0.2015750337926184,,warhead_site_consumed
BB-0118 BB-1592,"[118, 1592]",[47],C#CCCCC(NC(=O)OC(C)(C)C)c1ccc(-c2cccc(C3(CNC(=O)OC(C)(C)C)CCC3)c2)cc1,5.080652236938477,0.1882457943163433,C#CCCCC(NC(=O)/C=C/C)c1ccc(-c2cccc(C3(CN)CCC3)c2)cc1,warhead_installed
BB-0118 BB-1592,"[118, 1592]",[10],C#CCCCC(NC(=O)OC(C)(C)C)c1ccc(Sc2cccc(C3(CNC(=O)OC(C)(C)C)CCC3)c2)cc1,5.080652236938477,0.1865895362207017,C#CCCCC(NC(=O)/C=C/C)c1ccc(Sc2cccc(C3(CN)CCC3)c2)cc1,warhead_installed
BB-1574 BB-2028,"[1574, 2028]",[10],CC(C)(C)OC(=O)Nc1cc(Sc2ccc(NC(=O)OC(C)(C)C)c(C(F)(F)F)c2)c2[nH]ncc2c1,5.073889255523682,0.1792676120976644,C/C=C/C(=O)Nc1cc(Sc2ccc(N)c(C(F)(F)F)c2)c2[nH]ncc2c1,warhead_installed
BB-2003 BB-1856,"[2003, 1856]",[82],CC(C)(C)OC(=O)Nc1nc2c(o1)CCCC2N1CCN(c2nc(Cl)nc(N3CCOCC3)n2)CC1,5.243650436401367,0.1680216737013521,C/C=C/C(=O)Nc1nc2c(o1)CCCC2N1CCN(c2nc(Cl)nc(N3CCOCC3)n2)CC1,warhead_installed
BB-0118 BB-1592,"[118, 1592]",[109],CC(C)(C)OC(=O)NCC1(c2cccc(C#CCCCC(NC(=O)OC(C)(C)C)c3ccc(Br)cc3)c2)CCC1,5.080652236938477,0.1596893191109791,C/C=C/C(=O)NC(CCCC#Cc1cccc(C2(CN)CCC2)c1)c1ccc(Br)cc1,warhead_installed
BB-0081 BB-2088,"[81, 2088]",[107],Cc1cc(NC(=O)OC(C)(C)C)n(-c2ccc(C3(O)CCCC(NC(=O)OC(C)(C)C)=C3Br)cc2)n1,5.05582332611084,0.1546778961942736,C/C=C/C(=O)NC1=C(Br)C(O)(c2ccc(-n3nc(C)cc3N)cc2)CCC1,warhead_installed
BB-2072 BB-2095,"[2072, 2095]",[10],Cc1cc(Sc2ccc(F)cc2CCNC(=O)OC(C)(C)C)c(C)cc1NC(=O)OC(C)(C)C,5.078719139099121,0.1455141118546483,C/C=C/C(=O)Nc1cc(C)c(Sc2ccc(F)cc2CCN)cc1C,warhead_installed
BB-2078 BB-0485,"[2078, 485]",[10],CCn1ncc(CN(C)C(=O)c2cc(-c3ccc(NC4CN(C)C4)c(C)n3)nc3ccc(Sc4cc(NC(=O)OC(C)(C)C)ccc4COC)cc23)c1C,5.0787506103515625,0.1239922357701465,C/C=C/C(=O)Nc1ccc(COC)c(Sc2ccc3nc(-c4ccc(NC5CN(C)C5)c(C)n4)cc(C(=O)N(C)Cc4cnn(CC)c4C)c3c2)c1,warhead_installed
BB-1808 BB-1968,"[1808, 1968]",[10],COc1ccc(Sc2ccc(O)c(NC(=O)OC(C)(C)C)c2C)cc1CC(NC(=O)OC(C)(C)C)C(=O)O,5.085367679595947,0.1184726882663259,C/C=C/C(=O)Nc1c(O)ccc(Sc2ccc(OC)c(CC(N)C(=O)O)c2)c1C,warhead_installed
BB-2001 BB-1005,"[2001, 1005]",[10],CN1C(=C(C#N)C(=O)CSc2cccc3c2CC(NC(=O)OC(C)(C)C)CC3)Nc2ccccc21,5.086166858673096,0.1084831979481462,C/C=C/C(=O)NC1CCc2cccc(SCC(=O)C(C#N)=C3Nc4ccccc4N3C)c2C1,warhead_installed
BB-2078 BB-0485,"[2078, 485]",[17],CCn1ncc(CN(C)C(=O)c2cc(-c3ccc(NC4CN(C)C4)c(C)n3)nc3ccc(S(=O)(=O)c4cc(NC(=O)OC(C)(C)C)ccc4COC)cc23)c1C,5.0787506103515625,0.0728352539441915,C/C=C/C(=O)Nc1ccc(COC)c(S(=O)(=O)c2ccc3nc(-c4ccc(NC5CN(C)C5)c(C)n4)cc(C(=O)N(C)Cc4cnn(CC)c4C)c3c2)c1,warhead_installed
BB-2089 BB-0816,"[2089, 816]",[10],CC(CNC(=O)OC(C)(C)C)c1ccncc1Sc1ccc(-n2nnc(CNC(=O)OC(C)(C)C)n2)cc1C(F)(F)F,5.0910325050354,0.0423260073857377,C/C=C/C(=O)NCc1nnn(-c2ccc(Sc3cnccc3C(C)CN)c(C(F)(F)F)c2)n1,warhead_installed
