name,token_ids,reaction_ids,product_smiles,entropy,sampling_mode,first_building_block,second_building_block,first_building_block_prior_uses,second_building_block_prior_uses,score
BB-2102 BB-0403,"[2102, 403]",[96],CCO[C@@H]1CC(C(=O)O)(N(C(=O)OC(C)(C)C)c2c(C)cccc2SC)[C@H]1N1C(=O)CCC1=O,,random_balanced,BB-2102,BB-0403,0,0,0.42309673836988015
BB-2127 BB-1490,"[2127, 1490]",[74],CC(C)NCc1ccc(S(=O)(=O)c2cc(C(F)(F)F)nc(NC(=O)OC(C)(C)C)n2)cc1,,random_balanced,BB-2127,BB-1490,0,0,0.21087908308558345
BB-1567 BB-0178,"[1567, 178]",[28],CC(C)n1nc(C(=O)N(C)Cc2cc(Br)cc([N+](=O)[O-])c2)cc1NC(=O)OC(C)(C)C,,random_balanced,BB-1567,BB-0178,0,0,0.7024163130655242
BB-1707 BB-2007,"[1707, 2007]",[96],CC1CC(NC(=O)OC(C)(C)C)=CC(C(=O)O)(N(Cc2nnc3n2CCN(C(=O)OC(C)(C)C)C3)C(=O)OC(C)(C)C)C1,,random_balanced,BB-1707,BB-2007,0,0,0.3304579471923566
BB-2160 BB-1398,"[2160, 1398]",[96],CC(=O)N1CCc2ccc(N(C(=O)OC(C)(C)C)C(C)(C(=O)O)c3c[nH]c4ccc([N+](=O)[O-])cc34)cc21,,random_balanced,BB-2160,BB-1398,0,0,0.5279031103467257
BB-0428 BB-0217,"[428, 217]",[108],Cc1cc(N2CCC(NC(=O)OC(C)(C)C)CC2)n(-c2cccc(CNC(=O)OC(C)(C)C)c2)n1,,random_balanced,BB-0428,BB-0217,0,0,0.32854789326468686
BB-0722 BB-0909,"[722, 909]",[74],Cc1ccc(S(=O)(=O)c2cc(C#N)c3cn[nH]c3c2)nc1NC(=O)OC(C)(C)C,,random_balanced,BB-0722,BB-0909,0,0,0.5000686986299268
BB-1527 BB-0228,"[1527, 228]",[96],Cc1cc(Cl)c(O)c(C(C)(C(=O)O)N(C(=O)OC(C)(C)C)c2ccc(OCc3nnn[nH]3)cc2)c1,,random_balanced,BB-1527,BB-0228,0,0,0.5527965442750042
BB-1262 BB-1636,"[1262, 1636]",[68],Cc1cc(Sc2ccnc(NNC(=O)OC(C)(C)C)c2C)c2c(c1)C(=O)CCCO2,,random_balanced,BB-1262,BB-1636,0,0,0.6157832772437318
BB-1430 BB-0555,"[1430, 555]",[96],CCc1cc(=O)n2nc(N(C(=O)OC(C)(C)C)C(C)(C(=O)O)c3cc(Cl)sc3Cl)[nH]c2n1,,random_balanced,BB-1430,BB-0555,0,0,0.6116497362578156
BB-1950 BB-0949,"[1950, 949]",[96],CC(C)(C)OC(=O)N(c1ncc2c(c1C#N)CCOC2)C1(C(=O)O)CCc2c(C(=O)O)cccc21,,random_balanced,BB-1950,BB-0949,0,0,0.5608230614974582
BB-1617 BB-1457,"[1617, 1457]",[103],Cc1ccc(C23CC(C2)C(C(=O)C(C(=O)OC(C)(C)C)C(NC(=O)OC(C)(C)C)c2ccccc2)C3)cc1,,random_balanced,BB-1617,BB-1457,0,0,0.5410257852044816
BB-1527 BB-2092,"[1527, 2092]",[96],CC1=C(NC(=O)OC(C)(C)C)O/C(=C(/C)C#N)C1(C(=O)O)n1nnnc1COc1ccc(NC(=O)OC(C)(C)C)cc1,,random_balanced,BB-1527,BB-2092,1,0,0.06997054264030658
BB-0308 BB-1650,"[308, 1650]",[96],C#Cc1cccc(C(C)(C(=O)O)N(Cc2ccc3oc(C(C)C)nc3c2)C(=O)OC(C)(C)C)c1F,,random_balanced,BB-0308,BB-1650,0,0,0.6435316776107447
BB-0439 BB-2033,"[439, 2033]",[96],CC(C)(C)OC(=O)Nc1ccc2c(c1)C(C(=O)O)(N(C[C@H](NC(=O)OC(C)(C)C)C(=O)O)C(=O)OC(C)(C)C)CCC2,,random_balanced,BB-0439,BB-2033,0,0,0.2755826514261793
BB-2016 BB-1219,"[2016, 1219]",[18],COC(=O)c1cccc(S(=O)(=O)c2cccc3c2nc(NC(=O)OC(C)(C)C)n3C)c1OC,,random_balanced,BB-2016,BB-1219,0,0,0.6459313081105892
BB-0425 BB-0102,"[425, 102]",[58],CC(C)(C)OC(=O)Nc1[nH]ncc1C=CC(=O)C12CC(c3ccccc3)(C1)C2(F)F,,random_balanced,BB-0425,BB-0102,0,0,0.39353117689387657
BB-2159 BB-0001,"[2159, 1]",[98],CC(C)(C)OC(=O)NOC(COC(=O)c1ccc(N2CCCN(C(=O)OC(C)(C)C)CC2)nc1)C1CCCC1,,random_balanced,BB-2159,BB-0001,0,0,0.3022225579307622
BB-0373 BB-2092,"[373, 2092]",[84],CC1=C(NC(=O)OC(C)(C)C)O/C(=C(/C)c2noc(C(Cc3ccn(C)n3)NC(=O)OC(C)(C)C)n2)C1=O,,random_balanced,BB-0373,BB-2092,0,1,0.2418414925193624
BB-0771 BB-2081,"[771, 2081]",[96],CC(CSCc1ccccc1)N(C(=O)OC(C)(C)C)C(CNC(=O)OC(C)(C)C)(CC1CCOCC1)C(=O)O,,random_balanced,BB-0771,BB-2081,0,0,0.4519619175186028
BB-0576 BB-1562,"[576, 1562]",[96],Cc1cc(O)c(C(CCC(=O)O)(C(=O)O)N(C)C(=O)C(CC2CCCCC2)NC(=O)OC(C)(C)C)cc1Br,,random_balanced,BB-0576,BB-1562,0,0,0.6421485584744273
BB-0818 BB-0592,"[818, 592]",[96],CCCCc1cc(=O)oc2c(C)c(O)c(C(C=CN(C)C)(C(=O)O)N(C(=O)OC(C)(C)C)C(C)(C)COc3ccc(C(F)(F)F)cn3)cc12,,random_balanced,BB-0818,BB-0592,0,0,0.34047705227731534
BB-1719 BB-1408,"[1719, 1408]",[96],CN1CC2CCC1C(CN(C(=O)OC(C)(C)C)C(C)(C(=O)O)C1=Cc3ccccc3OC1)C2,,random_balanced,BB-1719,BB-1408,0,0,0.5602616962206308
BB-0772 BB-0395,"[772, 395]",[96],Cc1c(N(C(=O)OC(C)(C)C)C(C)(C(=O)O)c2ccc(S(=O)(=O)N(C)C)cc2)c(C(N)=O)nn1C,,random_balanced,BB-0772,BB-0395,0,0,0.6526373333797122
BB-0445 BB-2022,"[445, 2022]",[96],CC(C)(C)OC(=O)NCC(C(=O)O)(c1ccc(F)cc1Br)N(CC12COCC(C(F)F)(C1)C2)C(=O)OC(C)(C)C,,random_balanced,BB-0445,BB-2022,0,0,0.6739145124612833
BB-0080 BB-0087,"[80, 87]",[96],COCCCC(Cc1ccccc1)N(C(=O)OC(C)(C)C)C1(C(=O)O)CCN(Cc2cccs2)CC1,,random_balanced,BB-0080,BB-0087,0,0,0.45202325939454613
BB-2020 BB-0422,"[2020, 422]",[88],CC(C)(C)OC(=O)NCC(=O)c1ccc(F)cc1OC[C@@H]1CN(C(=O)OC(C)(C)C)C(C)(C)O1,,random_balanced,BB-2020,BB-0422,0,0,0.41804817406407985
BB-0095 BB-0888,"[95, 888]",[47],CCn1c(C(=O)O)c(C=O)c2cc(-c3ccc(NC(=O)OC(C)(C)C)c(NC)c3)ccc21,,random_balanced,BB-0095,BB-0888,0,0,0.5759632859964281
BB-2164 BB-0120,"[2164, 120]",[96],CCOC(=O)c1[nH]c2c(c1C)C(C(=O)O)(N(CCc1nccnc1C)C(=O)OC(C)(C)C)CC(C)(C)C2,,random_balanced,BB-2164,BB-0120,0,0,0.5755024423831324
BB-0557 BB-0200,"[557, 200]",[96],COC(=O)c1cc(C(CCC(=O)O)(C(=O)O)N(C(=O)OC(C)(C)C)C(c2nccc(C)n2)C2CC2)c[nH]1,,random_balanced,BB-0557,BB-0200,0,0,0.4043235481618667
BB-1485 BB-1310,"[1485, 1310]",[96],CCC(C)(C)c1ccc(OCCCC(=O)NN(C(=O)OC(C)(C)C)C(CCl)(C(=O)O)c2cc(C)[nH]c2C)c(C(C)(C)CC)c1,,random_balanced,BB-1485,BB-1310,0,0,0.2829792052931538
BB-0297 BB-2007,"[297, 2007]",[107],CC1CC(NC(=O)OC(C)(C)C)=CC(O)(c2cccc3c2CC[C@@H]3NC(=O)OC(C)(C)C)C1,,random_balanced,BB-0297,BB-2007,0,1,0.5411284027107276
BB-0171 BB-1600,"[171, 1600]",[28],C#CCN(C(=O)C(CNC(=O)OC(C)(C)C)CC1CCCC1)c1ccc(C(=O)O)cc1,,random_balanced,BB-0171,BB-1600,0,0,0.699795859698233
BB-1182 BB-0723,"[1182, 723]",[96],COc1cc(F)cc(CC(C)N(C(=O)OC(C)(C)C)C2(C(=O)O)CCN(C(=O)OCc3ccccc3)CC2CC#N)c1,,random_balanced,BB-1182,BB-0723,0,0,0.5828855449996778
BB-2189 BB-0950,"[2189, 950]",[3],COCc1cc(Cl)cc(C(=O)N(CCNC(=O)OC(C)(C)C)S(=O)(=O)c2ccc([N+](=O)[O-])cc2)c1,,random_balanced,BB-2189,BB-0950,0,0,0.4851152484193471
BB-0264 BB-1571,"[264, 1571]",[96],CN(c1ncc(F)cc1NC(=O)OC(C)(C)C)C(C(=O)O)(c1ccccc1)c1nccs1,,random_balanced,BB-0264,BB-1571,0,0,0.49364019179245777
BB-2038 BB-1195,"[2038, 1195]",[47],CC(C)(C)OC(=O)Nc1n[nH]c2ccc(F)c(-c3ccc(-n4ncc5c(S)ncnc54)cc3)c12,,random_balanced,BB-2038,BB-1195,0,0,0.5336942943585771
BB-1593 BB-0068,"[1593, 68]",[10],Cc1ccc(C2(NC(=O)OC(C)(C)C)CCCCC2)c(Sc2cc([N+](=O)[O-])cc3c2OCC3)c1,,random_balanced,BB-1593,BB-0068,0,0,0.4585931465728627
BB-2115 BB-2019,"[2115, 2019]",[96],CCOc1ccc(N(C(=O)OC(C)(C)C)C(C)(C(=O)O)c2c(C)oc(NC(=O)OC(C)(C)C)c2C#N)c2ncccc12,,random_balanced,BB-2115,BB-2019,0,0,0.5097317122089722
BB-0176 BB-0365,"[176, 365]",[96],Cc1cc(N(C(=O)OC(C)(C)C)C(CBr)(C(=O)O)[C@@H](COCc2ccccc2)NC(=O)OC(C)(C)C)cc(C)c1F,,random_balanced,BB-0176,BB-0365,0,0,0.4495170057265288
BB-2059 BB-2022,"[2059, 2022]",[10],Cc1cc(NC(=O)OC(C)(C)C)c(C)c(Sc2cc(F)ccc2C(=O)CNC(=O)OC(C)(C)C)c1,,random_balanced,BB-2059,BB-2022,0,1,0.13609295320702164
BB-1028 BB-0821,"[1028, 821]",[96],COc1ccc(-n2ncc(C(N)=O)c2N(C(=O)OC(C)(C)C)C2(C(=O)O)CCc3c2ccc(OC)c3OC)cc1,,random_balanced,BB-1028,BB-0821,0,0,0.42143960794228674
BB-0144 BB-0501,"[144, 501]",[96],COc1ccc2[nH]c3c(c2c1)CCCC3(C(=O)O)N(C(=O)OC(C)(C)C)c1ccc(C)c(-c2ccccc2)c1,,random_balanced,BB-0144,BB-0501,0,0,0.6719075097761823
BB-1367 BB-1650,"[1367, 1650]",[96],C#Cc1cccc(C(C)(C(=O)O)N(C(=O)OC(C)(C)C)c2cc(-c3ccc(OC)c(C)c3)n[nH]2)c1F,,random_balanced,BB-1367,BB-1650,0,1,0.713612617778968
BB-2196 BB-1915,"[2196, 1915]",[28],COC(=O)C(NC(=O)OC(C)(C)C)[C@@H]1C[C@H]1C(=O)N1CCN(S(=O)(=O)c2ccc(S(=O)(=O)NC(=O)OC(C)(C)C)cc2)CC1,,random_balanced,BB-2196,BB-1915,0,0,0.16694502014336496
BB-1308 BB-1943,"[1308, 1943]",[96],CCC(C(=O)O)(c1cccc(Br)c1)N(C(=O)OC(C)(C)C)[C@H]1CCCC[C@H]1c1ccccc1,,random_balanced,BB-1308,BB-1943,0,0,0.137567805683666
BB-0860 BB-1533,"[860, 1533]",[96],CC(C)Cc1nn(C)c(C(N)=O)c1N(C(=O)OC(C)(C)C)C(CCl)(C(=O)O)c1c(NC(=O)OC(C)(C)C)n(C)c(=O)n(C)c1=O,,random_balanced,BB-0860,BB-1533,0,0,0.38751913573046015
BB-0028 BB-0386,"[28, 386]",[73],CCn1c(NC(=O)OC(C)(C)C)c(C(=O)COC(=O)Cn2cc(I)ccc2=O)c(=O)[nH]c1=O,,random_balanced,BB-0028,BB-0386,0,0,0.6324721070964828
BB-1577 BB-0342,"[1577, 342]",[96],Cc1ccc(Cl)c2c1NC(=O)C2(C(=O)O)N(NC(=O)COc1cc(Cl)ccc1Cl)C(=O)OC(C)(C)C,,random_balanced,BB-1577,BB-0342,0,0,0.41767811685835016
BB-2125 BB-1395,"[2125, 1395]",[106],Cc1cc(C(CO)NC(=O)OC(C)(C)C)ccc1C(=O)c1c(C)nsc1N1CCNCC1,,random_balanced,BB-2125,BB-1395,0,0,0.7041715666763295
BB-2042 BB-0799,"[2042, 799]",[106],CC(C)(C)OC(=O)Nc1ccc(C(=O)Cc2ccc(B(O)O)cc2)c(C(C)(F)F)c1,,random_balanced,BB-2042,BB-0799,0,0,0.5797274779280968
BB-0858 BB-0010,"[858, 10]",[96],CC(C)(C)OC(=O)N(c1nnc(C(C)(F)F)o1)C1(C(=O)O)c2ccccc2CC12CCOCC2,,random_balanced,BB-0858,BB-0010,0,0,0.47416139654466866
BB-1240 BB-0627,"[1240, 627]",[96],CC(C)(C)OC(=O)NCc1c(F)ccc2c1ncn2C(/C=C(/[O-])C(F)(F)F)(C(=O)O)c1cccnc1,,random_balanced,BB-1240,BB-0627,0,0,0.6458550653827917
BB-0118 BB-2199,"[118, 2199]",[68],CC(C)(C)OC(=O)NCC1(c2cccc(Sc3cc(F)c(NC(=O)OC(C)(C)C)cc3Cl)c2)CCC1,,random_balanced,BB-0118,BB-2199,0,0,0.16276400880152225
BB-1855 BB-0776,"[1855, 776]",[96],COC(=O)C(CN(C(=O)OC(C)(C)C)C(C(=O)O)(c1ccc(F)cc1)c1cc(Br)ccc1NC(=O)OC(C)(C)C)c1ccc(C)cc1,,random_balanced,BB-1855,BB-0776,0,0,0.26318386321299986
BB-2009 BB-1994,"[2009, 1994]",[68],Cc1c(NC(=O)OC(C)(C)C)cc(CO)cc1Sc1ccccc1CC(CO)NC(=O)OC(C)(C)C,,random_balanced,BB-2009,BB-1994,0,0,0.4752999757151196
BB-2011 BB-1494,"[2011, 1494]",[10],CC(C)(C)OC(=O)NCCc1c(F)ccc(F)c1Sc1cc(CC(CO)CNC(=O)OC(C)(C)C)ccc1F,,random_balanced,BB-2011,BB-1494,0,0,0.10405717578280604
BB-1151 BB-0275,"[1151, 275]",[61],COc1cccc(C(CC(=O)N(C)C2(CNC(=O)OC(C)(C)C)COC2)NC(=O)OC(C)(C)C)c1,,random_balanced,BB-1151,BB-0275,0,0,0.5377625234881488
BB-1831 BB-1995,"[1831, 1995]",[96],CC(C)(C)OC(=O)NCc1nc(-c2ccc(F)cc2)cn1C1(C(=O)O)CC(Oc2ccccc2)C1(C)C,,random_balanced,BB-1831,BB-1995,0,0,0.6529439813737496
BB-1369 BB-0229,"[1369, 229]",[104],CCOC(=O)c1[nH]c(C)c(C)c1-c1cc(C)cc(C(NC(=O)OC(C)(C)C)C(=O)OC)c1,,random_balanced,BB-1369,BB-0229,0,0,0.6937070819104487
BB-1303 BB-0004,"[1303, 4]",[62],C/C=C(/CNC(=O)OC(C)(C)C)N(CCNC(=O)OC(C)(C)C)c1ccc(C(F)(F)F)cc1C#N,,random_balanced,BB-1303,BB-0004,0,0,0.6746878779242149
BB-1338 BB-2049,"[1338, 2049]",[96],CCCC(C(=O)O)(c1cc(NC(=O)OC(C)(C)C)ccc1F)N(C(=O)OC(C)(C)C)c1ccc2ccnn2c1,,random_balanced,BB-1338,BB-2049,0,0,0.5523003045600764
BB-2168 BB-2071,"[2168, 2071]",[96],CC(C)CC(CNC(=O)OC(C)(C)C)(C(=O)O)N(C(=O)OC(C)(C)C)c1cccn(CCF)c1=O,,random_balanced,BB-2168,BB-2071,0,0,0.40418876502799295
BB-0568 BB-1401,"[568, 1401]",[28],CC(C)(C)OC(=O)NCC1(C(=O)N2CCCC(O)(c3ccccc3)C2)CC1S(C)(=O)=O,,random_balanced,BB-0568,BB-1401,0,0,0.674590941165696
BB-1376 BB-1836,"[1376, 1836]",[96],COC(=O)c1ccc(C(C)(C)N(C(=O)OC(C)(C)C)C(C)(Cc2ccccc2S(=O)(=O)NC(=O)OC(C)(C)C)C(=O)O)cc1,,random_balanced,BB-1376,BB-1836,0,0,0.42063563619733785
BB-1430 BB-0124,"[1430, 124]",[96],CCc1cc(=O)n2nc(N(C(=O)OC(C)(C)C)C(CCl)(C(=O)O)c3ccc(O)c(NC(C)=O)c3)[nH]c2n1,,random_balanced,BB-1430,BB-0124,1,0,0.6965596895200853
BB-2094 BB-0693,"[2094, 693]",[106],CC(C)(C)OC(=O)NCCc1conc1C(=O)C1(c2cccc(Cl)n2)CCC1,,random_balanced,BB-2094,BB-0693,0,0,0.6562666559092093
BB-1915 BB-1817,"[1915, 1817]",[4],Cc1cc(Cl)c(CN2CCN(S(=O)(=O)c3ccc(S(=O)(=O)NC(=O)OC(C)(C)C)cc3)CC2)cc1C,,random_balanced,BB-1915,BB-1817,1,0,0.16098822604503973
BB-2066 BB-0693,"[2066, 693]",[68],CC(C)(C)OC(=O)Nc1ccc(CO)c(Sc2cccc(C3(C#N)CCC3)n2)c1,,random_balanced,BB-2066,BB-0693,0,1,0.7524845643958392
BB-0860 BB-1340,"[860, 1340]",[96],COc1ccc2c(c1)C(C)(C)CC2(C(=O)O)N(C(=O)OC(C)(C)C)c1c(CC(C)C)nn(C)c1C(N)=O,,random_balanced,BB-0860,BB-1340,1,0,0.3331522874786342
BB-2163 BB-1386,"[2163, 1386]",[96],CN(C)/C=C1\OCCN(C(=O)OC(C)(C)C)CC1(C(=O)O)N(CC1(C)CCCOC1)C(=O)OC(C)(C)C,,random_balanced,BB-2163,BB-1386,0,0,0.3389669224966831
BB-2095 BB-0919,"[2095, 919]",[10],Cc1cc(Sc2nc3ccccc3cc2NC(=O)OC(C)(C)C)c(C)cc1NC(=O)OC(C)(C)C,,random_balanced,BB-2095,BB-0919,0,0,0.2756220470069708
BB-1979 BB-0547,"[1979, 547]",[17],CC(C)N1CCC(S(=O)(=O)c2cc(C(F)(F)F)cnc2NCCNC(=O)OC(C)(C)C)CC1,,random_balanced,BB-1979,BB-0547,0,0,0.3380040898421235
BB-0211 BB-0074,"[211, 74]",[96],COC(=O)c1cc2c([nH]1)C(C(=O)O)(N(C(=O)OC(C)(C)C)C1CCC(C(F)(F)F)CC1)CCC2,,random_balanced,BB-0211,BB-0074,0,0,0.419824433691241
BB-0282 BB-2062,"[282, 2062]",[96],Cc1cnn(C(C)CN(C(=O)OC(C)(C)C)C(CCCNC(=O)OC(C)(C)C)(C(=O)O)c2ccc3c(c2)OCO3)c1,,random_balanced,BB-0282,BB-2062,0,0,0.5113750181253504
BB-1736 BB-1576,"[1736, 1576]",[98],CC(C)(C)OC(=O)NC(COC(=O)c1cnc2c(c1)CCNC2)C1CCC(F)(F)CC1,,random_balanced,BB-1736,BB-1576,0,0,0.7246137568266844
BB-1593 BB-2066,"[1593, 2066]",[68],Cc1ccc(C2(NC(=O)OC(C)(C)C)CCCCC2)c(Sc2cc(NC(=O)OC(C)(C)C)ccc2CO)c1,,random_balanced,BB-1593,BB-2066,1,1,0.6650856818016432
BB-1198 BB-0713,"[1198, 713]",[28],CC(C)(C)OC(=O)Nc1ccccc1[C@@H]1C[C@H]1C(=O)N1CCC(c2cc(-c3ccco3)n[nH]2)CC1,,random_balanced,BB-1198,BB-0713,0,0,0.5251463305127279
BB-2195 BB-1466,"[2195, 1466]",[96],CC(C)(C)OC(=O)N(c1cccnc1F)C1(C(=O)O)CCC(O)(c2cccc(Cl)c2)CC1,,random_balanced,BB-2195,BB-1466,0,0,0.6319922303153447
BB-0776 BB-2029,"[776, 2029]",[104],Cn1nc(CNC(=O)OC(C)(C)C)c(-c2ccc(NC(=O)OC(C)(C)C)c(C(=O)c3ccc(F)cc3)c2)n1,,random_balanced,BB-0776,BB-2029,1,0,0.2759583604412034
BB-1729 BB-1022,"[1729, 1022]",[107],Cn1c(C(=O)O)c(C(O)c2ccc(C(=O)O)cc2NC(=O)OC(C)(C)C)c2ccccc21,,random_balanced,BB-1729,BB-1022,0,0,0.8355641344237301
BB-2054 BB-1689,"[2054, 1689]",[3],CCCc1cc(C(=O)N(CCCNC(=O)OC(C)(C)C)CCOC)cc(Cl)n1,,random_balanced,BB-2054,BB-1689,0,0,0.8310003536075703
BB-2031 BB-1049,"[2031, 1049]",[18],CC(C)(C)OC(=O)NCC(=O)c1cccnc1S(=O)(=O)c1ccc(B2OC(C)(C)C(C)(C)O2)cc1C=O,,random_balanced,BB-2031,BB-1049,0,0,0.10790600075455264
BB-2006 BB-1382,"[2006, 1382]",[62],Cc1cc(C)c(NC(=O)CN(C)c2nn(C)cc2NC(=O)OC(C)(C)C)c(C)c1,,random_balanced,BB-2006,BB-1382,0,0,0.7424872949075724
BB-0125 BB-0468,"[125, 468]",[96],CC(Cc1c(F)cccc1F)N(C(=O)OC(C)(C)C)C(C)(C(=O)O)C(C#N)c1cccc(Br)c1,,random_balanced,BB-0125,BB-0468,0,0,0.45411117500672316
BB-1459 BB-1062,"[1459, 1062]",[96],Cc1ccc(N2CCC(C(=O)O)(N(Cc3nnc(C(C)C)s3)C(=O)OC(C)(C)C)CC2=O)cc1,,random_balanced,BB-1459,BB-1062,0,0,0.6867429723441713
BB-0717 BB-1227,"[717, 1227]",[4],COc1ccc(N(CC2CC2)c2ccncc2F)c(NC(=O)OC(C)(C)C)c1,,random_balanced,BB-0717,BB-1227,0,0,0.6257213307676621
BB-0466 BB-1699,"[466, 1699]",[96],CSCC1(CN(C(=O)OC(C)(C)C)C(C)(C(=O)O)c2cnc(Cl)c(Br)c2)CC(F)(F)C1,,random_balanced,BB-0466,BB-1699,0,0,0.2759046160945476
BB-2013 BB-1786,"[2013, 1786]",[62],CC(C)(C)OC(=O)NC1CCN(c2ccccc2N2CCCCC2c2nc3ccccc3s2)C1,,random_balanced,BB-2013,BB-1786,0,0,0.7854298667102945
BB-1349 BB-1471,"[1349, 1471]",[61],CC(C)(C)OC(=O)NC(C(=O)N1CC2CCC1CC2)c1cc(F)ccc1F,,random_balanced,BB-1349,BB-1471,0,0,0.5109041974369013
BB-0932 BB-0844,"[932, 844]",[96],Cc1ccc(C(C)(C(=O)O)N(NC(=O)OC(C)(C)C)C(=O)[C@@H]2CN(C)C[C@H](C)O2)c(O)c1C,,random_balanced,BB-0932,BB-0844,0,0,0.5265256068762305
BB-0931 BB-0244,"[931, 244]",[96],Cc1cc(N(C(=O)OC(C)(C)C)C(C)(C(=O)O)/C(=C/c2ccc(Cl)c(Cl)c2)C(N)=O)c(C)nn1,,random_balanced,BB-0931,BB-0244,0,0,0.4782451985999369
BB-0138 BB-0689,"[138, 689]",[74],COc1cccc(NNC(=O)OC(C)(C)C)c1S(=O)(=O)c1ccc(C(F)(F)F)cc1-n1c(C)cc(C=O)c1C,,random_balanced,BB-0138,BB-0689,0,0,0.5617667832596622
BB-1042 BB-1146,"[1042, 1146]",[98],CC(C)(C)OC(=O)NCCCN1CCN(CCC(=O)OCCCOc2n[nH]c(NC(=O)OC(C)(C)C)c2C#N)CC1,,random_balanced,BB-1042,BB-1146,0,0,0.25188058706826594
BB-0727 BB-1663,"[727, 1663]",[96],CC(C)(C)OC(=O)N(C(C)(C)C(=O)Nc1ccccc1)C1(C(=O)O)CCCc2oc(=O)c(C(=O)O)cc21,,random_balanced,BB-0727,BB-1663,0,0,0.43497880059598937
BB-0316 BB-0937,"[316, 937]",[16],CC(C)(C)OC(=O)N[C@H](CC(=O)OCc1cc(C=O)cc2c1OCOC2)Cc1ccccc1Br,,random_balanced,BB-0316,BB-0937,0,0,0.6232319614166448
BB-2126 BB-1842,"[2126, 1842]",[96],COc1ccc(Oc2ccc(N(C(=O)OC(C)(C)C)C(Cc3ccccc3)(C(=O)O)c3ccc(Br)s3)cn2)cc1,,random_balanced,BB-2126,BB-1842,0,0,0.5176914678429958
BB-2009 BB-1810,"[2009, 1810]",[68],Cc1c(NC(=O)OC(C)(C)C)cc(CO)cc1Sc1ccc(NC2CCN(C)CC2)cc1,,random_balanced,BB-2009,BB-1810,1,0,0.37686114328594744
BB-0328 BB-1024,"[328, 1024]",[96],COCC[C@@H]1C[C@H]1N(C(=O)OC(C)(C)C)C1(C(=O)O)C(=O)N(CC(C)C)c2ccccc21,,random_balanced,BB-0328,BB-1024,0,0,0.5687726291067916
BB-2030 BB-0504,"[2030, 504]",[107],CCOC(=O)c1cnn(C)c1C(C)(O)c1cc(NC(=O)OC(C)(C)C)ccc1CS(C)(=O)=O,,random_balanced,BB-2030,BB-0504,0,0,0.7852982800543653
BB-0942 BB-1643,"[942, 1643]",[48],CNCc1ccc(C2=C(CCNC(=O)OC(C)(C)C)CCCC2)cc1Br,,random_balanced,BB-0942,BB-1643,0,0,0.8001287357936631
BB-1284 BB-2043,"[1284, 2043]",[96],CC(C)(C)OC(=O)NC1CCC(C(=O)O)(N(CCc2nccn2C(F)F)C(=O)OC(C)(C)C)c2ccc(Br)cc21,,random_balanced,BB-1284,BB-2043,0,0,0.5844976770830816
BB-0218 BB-0420,"[218, 420]",[96],COCCCCc1cccnc1N(C(=O)OC(C)(C)C)C1(C(=O)O)CC(C(=O)O)Oc2ccccc21,,random_balanced,BB-0218,BB-0420,0,0,0.30217728054986437
BB-0324 BB-1472,"[324, 1472]",[28],CCOC(=O)c1sc2ncc(C(=O)N3C[C@H](OC)C[C@H]3c3nc(C)n[nH]3)cc2c1NC(=O)OC(C)(C)C,,random_balanced,BB-0324,BB-1472,0,0,0.6971477271280385
BB-0599 BB-0844,"[599, 844]",[96],Cc1ccc(C(C)(C(=O)O)N(Cc2ccccc2CN2CC(C)OC(C)C2)C(=O)OC(C)(C)C)c(O)c1C,,random_balanced,BB-0599,BB-0844,0,1,0.614283233607354
BB-2072 BB-1672,"[2072, 1672]",[55],CC(C)(C)OC(=O)NCCc1cc(F)ccc1N1CCC2CCCC1C2,,random_balanced,BB-2072,BB-1672,0,0,0.7264207991091632
BB-2107 BB-2084,"[2107, 2084]",[68],Cc1c(NC(=O)OC(C)(C)C)c(C(=O)O)cc(F)c1Sc1cnn(C)c1NC(=O)OC(C)(C)C,,random_balanced,BB-2107,BB-2084,0,0,0.4824291573751506
BB-2056 BB-1185,"[2056, 1185]",[68],COc1c(F)cc(F)cc1CSc1cnccc1CCNC(=O)OC(C)(C)C,,random_balanced,BB-2056,BB-1185,0,0,0.62693022209694
BB-1350 BB-0089,"[1350, 89]",[17],CC1CNCC2(C1)OC(=O)Nc1ccc(S(=O)(=O)c3cc(Cl)cc(C(NC(=O)OC(C)(C)C)C(F)(F)C(=O)O)c3)c(F)c12,,random_balanced,BB-1350,BB-0089,0,0,0.3490272356521111
BB-0806 BB-1771,"[806, 1771]",[28],COC(=O)C1(N2CCN(C(=O)c3c(NC(=O)OC(C)(C)C)c(C#N)c4n3CCOC4)CC2)COC1,,random_balanced,BB-0806,BB-1771,0,0,0.7817767774945634
BB-2169 BB-1746,"[2169, 1746]",[61],CN(CC(NC(=O)OC(C)(C)C)C(=O)N1CCC=C2OC(=O)C=C21)c1ccccc1,,random_balanced,BB-2169,BB-1746,0,0,0.6153633008057948
BB-1205 BB-1970,"[1205, 1970]",[96],Cc1ccc(C(CCC(=O)CCC(=O)O)(C(=O)O)N(C(=O)OC(C)(C)C)c2nccn2-c2ccccc2)s1,,random_balanced,BB-1205,BB-1970,0,0,0.35761424055187224
BB-0158 BB-1122,"[158, 1122]",[10],Cc1cc(SC2(Cl)CC2CCNC(=O)OC(C)(C)C)cc(C)c1CC(=O)O,,random_balanced,BB-0158,BB-1122,0,0,0.3480819467358333
BB-2116 BB-0429,"[2116, 429]",[96],COC(CC(=O)O)CN(C(=O)OC(C)(C)C)C(C)(Cc1ccncc1)C(=O)O,,random_balanced,BB-2116,BB-0429,0,0,0.3503342410126487
BB-0471 BB-1549,"[471, 1549]",[96],Cc1ccc(C(CNC(=O)OC(C)(C)C)(C(=O)O)N(CC(C)(C)c2ccc(OCC(C)C)cc2)C(=O)OC(C)(C)C)cc1Br,,random_balanced,BB-0471,BB-1549,0,0,0.36420248749524164
BB-2128 BB-1905,"[2128, 1905]",[96],CC(C)Oc1ccc(CN(C(=O)OC(C)(C)C)C(C(=O)O)(c2ncc[nH]2)C2CCCCC2)cc1,,random_balanced,BB-2128,BB-1905,0,0,0.5902003175327617
BB-2057 BB-0937,"[2057, 937]",[54],CC(C)(C)OC(=O)Nc1cccc2c1OC(C)(C)CC2=Cc1cc(C=O)cc2c1OCOC2,,random_balanced,BB-2057,BB-0937,0,1,0.7797976518030613
BB-1957 BB-0120,"[1957, 120]",[96],CCOC(=O)c1[nH]c2c(c1C)C(C(=O)O)(N(CCCN1CCc3ccccc31)C(=O)OC(C)(C)C)CC(C)(C)C2,,random_balanced,BB-1957,BB-0120,0,1,0.49839004820538463
BB-1557 BB-1876,"[1557, 1876]",[96],CC(C)(C)OC(=O)N([C@H]1CCCN(Cc2ccccc2)C1)C1(C(=O)O)CCN(Cc2ccccc2)CC1,,random_balanced,BB-1557,BB-1876,0,0,0.6804436760521917
BB-2176 BB-0794,"[2176, 794]",[96],Cc1ccc(OCC(=O)O)c2c1C(C)CC2(C(=O)O)N(C(=O)OC(C)(C)C)c1nnc(-c2c(F)cccc2F)s1,,random_balanced,BB-2176,BB-0794,0,0,0.5259071181367755
BB-1509 BB-0098,"[1509, 98]",[73],COCCn1c(NC(=O)OC(C)(C)C)c(C(=O)COC(=O)C2CNCC3(CCOCC3)O2)c(=O)[nH]c1=O,,random_balanced,BB-1509,BB-0098,0,0,0.6004968701157205
BB-0568 BB-1046,"[568, 1046]",[96],COC(=O)C1(CN(C(=O)OC(C)(C)C)C(Cc2ccc(C)cc2)(C(=O)O)C2CC2)CC1S(C)(=O)=O,,random_balanced,BB-0568,BB-1046,1,0,0.4868543715313051
BB-2178 BB-2036,"[2178, 2036]",[96],CC(CCC1CCCC1)N(C(=O)OC(C)(C)C)C1(C(=O)O)CC(C)(C)Cc2oc(NC(=O)OC(C)(C)C)nc21,,random_balanced,BB-2178,BB-2036,0,0,0.5004181389578939
BB-1496 BB-0886,"[1496, 886]",[10],CCOC(=O)c1c(NC(=O)OC(C)(C)C)c(Sc2cc(F)ccc2CC(=O)O)cn1C,,random_balanced,BB-1496,BB-0886,0,0,0.6528328395818714
BB-1132 BB-0560,"[1132, 560]",[96],CC(C)(C)OC(=O)N(C1(C(=O)O)C=C(c2cccc(CO)n2)CCC1)C1(c2nccs2)CCCC1,,random_balanced,BB-1132,BB-0560,0,0,0.5463277509876565
BB-0621 BB-0492,"[621, 492]",[88],COc1cc(Br)cc(C(C)=O)c1Oc1c(NC(=O)OC(C)(C)C)ccnc1F,,random_balanced,BB-0621,BB-0492,0,0,0.5211591145216108
BB-2051 BB-0348,"[2051, 348]",[96],CC(C)(C)OC(=O)NC(C(=O)O)c1ccc(O)c(C(C)(C(=O)O)N(CCc2ncc(C(F)(F)F)cc2Cl)C(=O)OC(C)(C)C)c1,,random_balanced,BB-2051,BB-0348,0,0,0.47594311226157576
BB-0387 BB-2015,"[387, 2015]",[96],CC(C)(C)OC(=O)NC1CCC(C(=O)O)(N(C(=O)OC(C)(C)C)c2c3c(nn2-c2ccccc2)COC3)c2cc(Br)ccc21,,random_balanced,BB-0387,BB-2015,0,0,0.6079137845020256
BB-1429 BB-1508,"[1429, 1508]",[88],C[C@@H](CBr)O[C@@H]1CCC2(CNC(=O)OC(C)(C)C)CO[C@@H]1C2,,random_balanced,BB-1429,BB-1508,0,0,0.5283804251903091
BB-2097 BB-1095,"[2097, 1095]",[10],COc1ccc(Sc2ccc(C3(C(=O)O)CCN(C(=O)OC(C)(C)C)C3)cc2)c(CCNC(=O)OC(C)(C)C)c1,,random_balanced,BB-2097,BB-1095,0,0,0.08237975874164648
BB-2156 BB-0096,"[2156, 96]",[96],COc1ccc(C(CNC(=O)OC(C)(C)C)(C(=O)O)N(C(=O)OC(C)(C)C)C2CCN(C(=O)c3ccco3)CC2)cc1Cl,,random_balanced,BB-2156,BB-0096,0,0,0.3180169005741164
BB-2041 BB-1868,"[2041, 1868]",[47],Cc1cc(F)c(-c2ccc3c(C=O)c(C(=O)O)[nH]c3c2)cc1NC(=O)OC(C)(C)C,,random_balanced,BB-2041,BB-1868,0,0,0.6472303359274988
BB-1237 BB-1474,"[1237, 1474]",[31],COC(=O)c1c(Cl)nc(C2CC2)nc1Oc1c([N+](=O)[O-])cccc1S(=O)(=O)NC(=O)OC(C)(C)C,,random_balanced,BB-1237,BB-1474,0,0,0.3738287911508626
BB-0236 BB-0986,"[236, 986]",[96],CC(C)(C)OC(=O)N(C1CCCN(c2ccc3c(c2)OCO3)C1)C(C)(CC1(O)CCC1)C(=O)O,,random_balanced,BB-0236,BB-0986,0,0,0.6618116284543248
BB-0353 BB-1969,"[353, 1969]",[96],CC(C)(C)OC(=O)N(C1C2CCOC2C12CCC2)C(C)(CCCN1C(=O)c2ccccc2C1=O)C(=O)O,,random_balanced,BB-0353,BB-1969,0,0,0.390604084244979
BB-2028 BB-2035,"[2028, 2035]",[10],Cc1csc(C(=O)CNC(=O)OC(C)(C)C)c1Sc1cc(NC(=O)OC(C)(C)C)cc2cn[nH]c12,,random_balanced,BB-2028,BB-2035,0,0,0.2518586337735067
BB-2001 BB-0110,"[2001, 110]",[96],CC(C)(C)OC(=O)N(C1CCc2cccc(Br)c2C1)C(C(=O)O)(c1cccc(Br)c1)C(F)F,,random_balanced,BB-2001,BB-0110,0,0,0.43891358912531075
BB-1651 BB-2101,"[1651, 2101]",[46],C[C@H](NC(=O)OC(C)(C)C)C(=O)CC(=O)C(NC(=O)OC(C)(C)C)C1CC1,,random_balanced,BB-1651,BB-2101,0,0,0.6304093511365697
BB-2018 BB-2127,"[2018, 2127]",[18],CC(C)(C)OC(=O)Nc1cc(-c2ccccc2S(=O)(=O)c2cc(C(F)(F)F)nc(NC(=O)OC(C)(C)C)n2)[nH]n1,,random_balanced,BB-2018,BB-2127,0,1,0.060232488460124786
BB-2004 BB-0565,"[2004, 565]",[74],CC(C)(C)OC(=O)NCC(CO)c1ccccc1S(=O)(=O)c1ccc(Cl)c(OCC2CO2)c1,,random_balanced,BB-2004,BB-0565,0,0,0.6384549677648071
BB-0816 BB-0880,"[816, 880]",[68],CC(C)(C)OC(=O)NCc1nnn(-c2ccc(Sc3cncc4c3COCCC4NC(=O)OC(C)(C)C)c(C(F)(F)F)c2)n1,,random_balanced,BB-0816,BB-0880,0,0,0.07788162015038969
BB-1325 BB-1180,"[1325, 1180]",[96],CC(C)(C)OC(=O)N(C(CCOc1ccccc1)c1ccc(F)cc1F)C(C)(C(=O)O)c1cc(CBr)ccc1[N+](=O)[O-],,random_balanced,BB-1325,BB-1180,0,0,0.43313342812943
BB-0599 BB-0424,"[599, 424]",[96],CC1CN(Cc2ccccc2CN(C(=O)OC(C)(C)C)C2(C(=O)O)C(=O)N(CCC(=O)O)c3cc(F)ccc32)CC(C)O1,,random_balanced,BB-0599,BB-0424,1,0,0.46215613105233444
BB-0439 BB-1225,"[439, 1225]",[61],CC(C)(C)OC(=O)NC[C@H](NC(=O)OC(C)(C)C)C(=O)N1CCOC(c2cccc([N+](=O)[O-])c2)C1,,random_balanced,BB-0439,BB-1225,1,0,0.18331751664232618
BB-2137 BB-1345,"[2137, 1345]",[96],CCOC(=O)C(C(=O)O)(c1sc(C)cc1Br)N(CC(C)(C)CC(F)F)C(=O)OC(C)(C)C,,random_balanced,BB-2137,BB-1345,0,0,0.31869402971966587
BB-0020 BB-1609,"[20, 1609]",[47],CCOC(=O)c1nc2c(-c3ccc(C(Br)CC)cc3)cccn2c1NC(=O)OC(C)(C)C,,random_balanced,BB-0020,BB-1609,0,0,0.4961262677249157
BB-2097 BB-1354,"[2097, 1354]",[68],CCc1cc(Sc2ccc(OC)cc2CCNC(=O)OC(C)(C)C)cc2c1NC(=O)C2,,random_balanced,BB-2097,BB-1354,1,0,0.6842325040421288
BB-2077 BB-1799,"[2077, 1799]",[55],Cc1cccc(N2C[C@@H](c3ccc(C(=O)O)cc3)[C@@H]2C(=O)OC(C)(C)C)c1CNC(=O)OC(C)(C)C,,random_balanced,BB-2077,BB-1799,0,0,0.6202459761352186
BB-2054 BB-0556,"[2054, 556]",[4],COCCN(CCCNC(=O)OC(C)(C)C)c1ccc(CCNC(=O)OC(C)(C)C)c(C)c1,,random_balanced,BB-2054,BB-0556,1,0,0.3202316066236279
BB-0902 BB-0164,"[902, 164]",[96],CCOC(=O)C12CCCC1=CC(C(=O)O)(N(CCCN1CCN(c3cccc(C)c3)CC1)C(=O)OC(C)(C)C)C2,,random_balanced,BB-0902,BB-0164,0,0,0.5080611352870904
BB-2123 BB-1281,"[2123, 1281]",[98],CC(C)(C)OC(=O)NCC1(C(C)(C)OC(=O)c2cc(C=O)n3c2CCCC3)CCOCC1,,random_balanced,BB-2123,BB-1281,0,0,0.6996800680356549
BB-2005 BB-0205,"[2005, 205]",[10],Cc1c(Sc2cccnc2OC2CCNCC2)cn(C)c(=O)c1NC(=O)OC(C)(C)C,,random_balanced,BB-2005,BB-0205,0,0,0.7399431428907799
BB-2134 BB-0566,"[2134, 566]",[96],Cn1c(C(C)(C(=O)O)N(CCCCc2ccccc2)C(=O)OC(C)(C)C)nc2ccc(Cl)cc21,,random_balanced,BB-2134,BB-0566,0,0,0.6875718319723603
BB-0856 BB-1005,"[856, 1005]",[96],COc1ccc(C(C(F)F)N(C(=O)OC(C)(C)C)C(CCl)(C(=O)O)C(C#N)=C2Nc3ccccc3N2C)cc1F,,random_balanced,BB-0856,BB-1005,0,0,0.6139918975595386
BB-0323 BB-0379,"[323, 379]",[96],CC(C)(C)OC(=O)N(C[C@]1(C)COC[C@@H]2CCCN21)C1(C(=O)O)CCNc2ccc(C(=O)O)cc21,,random_balanced,BB-0323,BB-0379,0,0,0.414784620921906
BB-0238 BB-2098,"[238, 2098]",[96],CCn1c(N(C(=O)OC(C)(C)C)C(C)(C(=O)O)c2ccc(Br)c(NC(=O)OC(C)(C)C)c2)c(-c2csc(C)n2)c(=O)[nH]c1=O,,random_balanced,BB-0238,BB-2098,0,0,0.41968143874009267
BB-0714 BB-0119,"[714, 119]",[4],CCCn1c(NC(=O)OC(C)(C)C)c(C(=O)CN2CCC(n3cnc(C(N)=O)c3NC(=O)OC(C)(C)C)CC2)c(=O)[nH]c1=O,,random_balanced,BB-0714,BB-0119,0,0,0.2856979452306519
BB-1827 BB-0766,"[1827, 766]",[96],CCC(CC(=O)c1ccc(C(F)(F)F)cc1)(C(=O)O)N(Cc1ccc2c(c1)C(=O)OC2)C(=O)OC(C)(C)C,,random_balanced,BB-1827,BB-0766,0,0,0.4100932281941064
BB-2095 BB-2055,"[2095, 2055]",[10],Cc1cc(Sc2cccc3[nH]c(NC(=O)OC(C)(C)C)nc23)c(C)cc1NC(=O)OC(C)(C)C,,random_balanced,BB-2095,BB-2055,1,0,0.1697184496314132
BB-1197 BB-1217,"[1197, 1217]",[96],Cc1cc(O)cc2c1C(C(=O)O)(N(C(=O)OC(C)(C)C)C(C)(C)c1cn(CC3CC3)nn1)CO2,,random_balanced,BB-1197,BB-1217,0,0,0.48966274870234955
BB-0212 BB-1607,"[212, 1607]",[61],COC(=O)c1c(NC(=O)OC(C)(C)C)nc2n1CC(C(=O)N1CCCC(C(=O)NC3CC3)C1)CC2,,random_balanced,BB-0212,BB-1607,0,0,0.3497982656653979
BB-0479 BB-0699,"[479, 699]",[40],CCCc1ccc(C(=O)OC2CCN(c3cc(C=O)ccc3[N+](=O)[O-])CC2)cc1NC(=O)OC(C)(C)C,,random_balanced,BB-0479,BB-0699,0,0,0.20546505600003923
BB-2060 BB-1853,"[2060, 1853]",[74],CC(C)(C)OC(=O)NCC1(CS(=O)(=O)c2ccc(-n3ccc(C(=O)O)n3)cc2Cl)CCOCC1,,random_balanced,BB-2060,BB-1853,0,0,0.7082014529286959
BB-1262 BB-0396,"[1262, 396]",[10],Cc1c(Sc2cccc3c(O)cc(C(=O)O)nc23)ccnc1NNC(=O)OC(C)(C)C,,random_balanced,BB-1262,BB-0396,1,0,0.4428835403689914
BB-1625 BB-1911,"[1625, 1911]",[28],Cc1cc2c(c(C(=O)O)c1)N(C(=O)[C@H]1CCCC[C@H]1S(=O)(=O)NC(=O)OC(C)(C)C)CCC2,,random_balanced,BB-1625,BB-1911,0,0,0.7699145043226158
BB-0908 BB-1635,"[908, 1635]",[10],CC(C)(C)OC(=O)Nc1c(Sc2ccc([N+](=O)[O-])cc2C(F)(F)F)nnc(Cl)c1[N+](=O)[O-],,random_balanced,BB-0908,BB-1635,0,0,0.4309491943268379
BB-0570 BB-1571,"[570, 1571]",[96],CC(C)(C)OC(=O)N(C(Cc1cccc(F)c1)C(N)=O)C(C(=O)O)(c1ccccc1)c1nccs1,,random_balanced,BB-0570,BB-1571,0,1,0.32415232095210245
BB-0820 BB-1783,"[820, 1783]",[96],CC(C)(C)OC(=O)N1C2CCCC1CC1(C2)CC(C(=O)O)(N(Cc2ccc(C3CCOCC3)cc2)C(=O)OC(C)(C)C)C1,,random_balanced,BB-0820,BB-1783,0,0,0.6075388308352735
BB-2160 BB-1289,"[2160, 1289]",[0],COC(=O)c1c(C=CC(=O)N2CCc3ccc(NC(=O)OC(C)(C)C)cc32)ccc(OC)c1O,,random_balanced,BB-2160,BB-1289,1,0,0.4125563040229764
BB-1929 BB-1996,"[1929, 1996]",[107],Cc1nc(C)c2c(C)c(C(C)(O)c3c(NC(=O)OC(C)(C)C)cnn3C(C)C)sc2n1,,random_balanced,BB-1929,BB-1996,0,0,0.7051139732684559
BB-2178 BB-0203,"[2178, 203]",[96],CC(CCC1CCCC1)N(C(=O)OC(C)(C)C)C1(C(=O)O)CC2(CCCC2NC(=O)OC(C)(C)C)C1,,random_balanced,BB-2178,BB-0203,1,0,0.5837699085097323
BB-2050 BB-0878,"[2050, 878]",[47],CNCc1cc2c(cc1-c1cc(C)ccc1CCNC(=O)OC(C)(C)C)OCO2,,random_balanced,BB-2050,BB-0878,0,0,0.772147936507089
BB-1811 BB-0208,"[1811, 208]",[96],Cc1cc2c(cc1C)C(C(=O)O)(N(C(=O)OC(C)(C)C)C1CC3(CCC(C)(C)C3)C1)CCC2,,random_balanced,BB-1811,BB-0208,0,0,0.55318435395829
BB-2112 BB-0061,"[2112, 61]",[25],CN(Cc1cc(-c2ccc(Cl)cc2)on1)c1ncccc1S(=O)(=O)NC(=O)OC(C)(C)C,,random_balanced,BB-2112,BB-0061,0,0,0.4916853348951612
BB-1854 BB-1714,"[1854, 1714]",[96],CC(C)[C@@H]1C[C@H](CN(C(=O)OC(C)(C)C)C(C)(CCc2cccc(C(F)(F)F)c2)C(=O)O)c2ccccc21,,random_balanced,BB-1854,BB-1714,0,0,0.497585044617653
BB-1304 BB-1023,"[1304, 1023]",[96],CC(C)(C)OC(=O)NCC(C(=O)O)(c1ccc([N+](=O)[O-])cc1)N(C(=O)OC(C)(C)C)C(Cc1nccn1C(F)F)c1ccccc1,,random_balanced,BB-1304,BB-1023,0,0,0.31012585637927137
BB-2040 BB-0513,"[2040, 513]",[104],CNCc1ccc(-c2cc(NC(=O)OC(C)(C)C)c(C)[nH]c2=O)c([N+](=O)[O-])c1,,random_balanced,BB-2040,BB-0513,0,0,0.7267436786008405
BB-0387 BB-1840,"[387, 1840]",[96],CCC(C)(C)c1cc(C(C)=O)c(O)c(C(C)(C(=O)O)N(C(=O)OC(C)(C)C)c2c3c(nn2-c2ccccc2)COC3)c1,,random_balanced,BB-0387,BB-1840,1,0,0.4936905830310104
BB-1317 BB-1015,"[1317, 1015]",[96],CC(=O)c1cc(C(C)(OC(=O)[C@H]2Cc3ccc(C)cc3[C@H]2NC(=O)OC(C)(C)C)C(=O)O)ccc1O,,random_balanced,BB-1317,BB-1015,0,0,0.7591986456257538
BB-2089 BB-1948,"[2089, 1948]",[107],CCC(O)(c1ccc(Cl)c(NC(=O)OC(C)(C)C)c1)c1cnccc1C(C)CNC(=O)OC(C)(C)C,,random_balanced,BB-2089,BB-1948,0,0,0.5177976224218672
BB-1929 BB-1369,"[1929, 1369]",[68],COC(=O)C(NC(=O)OC(C)(C)C)c1cc(C)cc(Sc2c(NC(=O)OC(C)(C)C)cnn2C(C)C)c1,,random_balanced,BB-1929,BB-1369,1,1,0.5446729790157229
BB-1509 BB-1906,"[1509, 1906]",[82],COCCn1c(NC(=O)OC(C)(C)C)c(C(CCl)N2CCc3cc(C(F)(F)F)[nH]c3C2)c(=O)[nH]c1=O,,random_balanced,BB-1509,BB-1906,1,0,0.7711699346281375
BB-0095 BB-1100,"[95, 1100]",[4],CN(c1ccc2c(c1)CCC(NC(=O)OC(C)(C)C)C(=O)N2)c1cc(Br)ccc1NC(=O)OC(C)(C)C,,random_balanced,BB-0095,BB-1100,1,0,0.2278505610645184
BB-2019 BB-0564,"[2019, 564]",[39],Cc1oc(NC(=O)OC(C)(C)C)c(C#N)c1C(C)(OC(=O)CC(C)CF)C(=O)O,,random_balanced,BB-2019,BB-0564,1,0,0.782820779626796
BB-2008 BB-0340,"[2008, 340]",[96],Cc1nc(Br)c(CN(C(=O)OC(C)(C)C)C(CBr)(C(=O)O)c2ccc(C#N)c([N+](=O)[O-])c2)n1C,,random_balanced,BB-2008,BB-0340,0,0,0.4528688220271257
BB-2017 BB-2158,"[2017, 2158]",[106],Cc1cc(C(=O)c2ccc3c(c2)CCCC3NC(=O)OC(C)(C)C)c(C)cc1NC(=O)OC(C)(C)C,,random_balanced,BB-2017,BB-2158,0,0,0.1974973187149761
BB-0823 BB-1481,"[823, 1481]",[96],Cc1c(C(C)(C(=O)O)N(C(=O)OC(C)(C)C)c2cccc3c2CN(CC(F)(F)F)C3)oc2ccccc12,,random_balanced,BB-0823,BB-1481,0,0,0.526211049936456
BB-2110 BB-1783,"[2110, 1783]",[96],CCc1ccc(C(=O)N(NC(=O)OC(C)(C)C)C2(C(=O)O)CC3(CC4CCCC(C3)N4C(=O)OC(C)(C)C)C2)cc1,,random_balanced,BB-2110,BB-1783,0,1,0.5462820171294853
BB-0832 BB-0362,"[832, 362]",[96],CC(C)C(=O)c1cnccc1N(C(=O)OC(C)(C)C)C(C)(C(=O)O)c1ncccc1C(=O)O,,random_balanced,BB-0832,BB-0362,0,0,0.310942548579797
BB-1131 BB-1571,"[1131, 1571]",[107],CCOC(=O)c1cc(C(O)(c2ccccc2)c2nccs2)cc(CC)c1NC(=O)OC(C)(C)C,,random_balanced,BB-1131,BB-1571,0,2,0.70850539962407
BB-1042 BB-0467,"[1042, 467]",[49],COC(=O)c1ccc(C(=O)c2c(OCCCO)n[nH]c2NC(=O)OC(C)(C)C)c2c1CCNC2C,,random_balanced,BB-1042,BB-0467,1,0,0.7676626664469267
BB-2000 BB-0749,"[2000, 749]",[10],Cn1cc(Sc2ccc3c(NCCCC(=O)O)ccnc3c2)c(NC(=O)OC(C)(C)C)n1,,random_balanced,BB-2000,BB-0749,0,0,0.4944488297875065
BB-1179 BB-1862,"[1179, 1862]",[96],CCOC(=O)c1cc2c([nH]1)CCCC2(C(=O)O)N1C(=O)CCc2cc(NC(=O)OC(C)(C)C)cc(F)c21,,random_balanced,BB-1179,BB-1862,0,0,0.66560966567686
BB-2006 BB-1437,"[2006, 1437]",[68],Cn1cc(NC(=O)OC(C)(C)C)c(Sc2ccc3cc(Br)c(F)cc3n2)n1,,random_balanced,BB-2006,BB-1437,1,0,0.5550593784378477
BB-1629 BB-1479,"[1629, 1479]",[61],Cc1cc(F)c(NC(=O)OC(C)(C)C)c(C(=O)N(c2ccc(C#N)cc2)S(=O)(=O)NC(=O)OC(C)(C)C)c1,,random_balanced,BB-1629,BB-1479,0,0,0.19468258559826315
BB-2187 BB-1266,"[2187, 1266]",[96],Cc1cc2c(cc1Br)OCCC2(C(=O)O)N(C(=O)OC(C)(C)C)c1ccc(C(=O)N2CCC(C)CC2)cc1,,random_balanced,BB-2187,BB-1266,0,0,0.7344108241740939
BB-1533 BB-1324,"[1533, 1324]",[39],CC1CCC=C1C(=O)OC(CCl)(C(=O)O)c1c(NC(=O)OC(C)(C)C)n(C)c(=O)n(C)c1=O,,random_balanced,BB-1533,BB-1324,1,0,0.5935254764689064
BB-0558 BB-1911,"[558, 1911]",[62],Cc1cc2c(c(C(=O)O)c1)N(c1cc(Cl)ccc1N1CCCC(NC(=O)OC(C)(C)C)C1=O)CCC2,,random_balanced,BB-0558,BB-1911,0,1,0.6872832240735831
BB-1992 BB-0804,"[1992, 804]",[25],CC(C)(C)OC(=O)Nc1oc2ccc(F)cc2c(=O)c1CN1CNS(=O)(=O)c2cc(S(=O)(=O)NC(=O)OC(C)(C)C)c(Cl)cc21,,random_balanced,BB-1992,BB-0804,0,0,0.359735952991378
BB-1709 BB-1225,"[1709, 1225]",[61],Cc1cc(C)c(C(=O)N2CCOC(c3cccc([N+](=O)[O-])c3)C2)cc1NC(=O)OC(C)(C)C,,random_balanced,BB-1709,BB-1225,0,1,0.7161024835210377
BB-2015 BB-0587,"[2015, 587]",[39],CC(C)(C)OC(=O)NC1CCC(OC(=O)c2[nH]ncc2C2CCCNC2)(C(=O)O)c2cc(Br)ccc21,,random_balanced,BB-2015,BB-0587,1,0,0.7227023451533343
BB-1557 BB-0214,"[1557, 214]",[96],CC(C)Cn1c2c(c(=O)n(C)c1=O)C(C(=O)O)(N(C(=O)OC(C)(C)C)[C@H]1CCCN(Cc3ccccc3)C1)CN2,,random_balanced,BB-1557,BB-0214,1,0,0.6510982481419887
BB-1544 BB-1969,"[1544, 1969]",[96],CC(C)(C)OC(=O)N1CCCN(CCCN(C(=O)OC(C)(C)C)C(C)(CCCN2C(=O)c3ccccc3C2=O)C(=O)O)CC1,,random_balanced,BB-1544,BB-1969,0,1,0.3962074023570153
BB-0664 BB-0783,"[664, 783]",[0],COC(=O)C(=Cc1cc(F)c(Br)cc1[N+](=O)[O-])c1nnc(CNC(=O)OC(C)(C)C)s1,,random_balanced,BB-0664,BB-0783,0,0,0.4875664342858095
BB-0096 BB-0392,"[96, 392]",[68],COc1ccc(C(=O)CNC(=O)OC(C)(C)C)cc1Sc1ccc(C(=O)O)c2c1CCC2,,random_balanced,BB-0096,BB-0392,1,0,0.5208240664273291
BB-2047 BB-1674,"[2047, 1674]",[39],Cn1cc(C(CNC(=O)OC(C)(C)C)(OC(=O)C2CCc3ccc(Br)cc3O2)C(=O)O)c(C(F)F)n1,,random_balanced,BB-2047,BB-1674,0,0,0.6637207801866305
BB-2191 BB-1936,"[2191, 1936]",[96],COc1cc(O)c(C(C)(C(=O)O)N(NC(=O)OC(C)(C)C)C2CCCCCCC2)cc1Cl,,random_balanced,BB-2191,BB-1936,0,0,0.5517731855788991
BB-2025 BB-1677,"[2025, 1677]",[74],CC(C)(C)OC(=O)NC1CCN(c2cn[nH]c(=O)c2S(=O)(=O)c2cccc(C3CO3)c2)C1,,random_balanced,BB-2025,BB-1677,0,0,0.7407798933103479
BB-2096 BB-0124,"[2096, 124]",[54],CC(=O)Nc1cc(C(=O)C=C(CNC(=O)OC(C)(C)C)c2cn(C)cn2)ccc1O,,random_balanced,BB-2096,BB-0124,0,1,0.7078411257883833
BB-1237 BB-1299,"[1237, 1299]",[31],C=C(CSc1nc(C)c(CC(=O)O)s1)Oc1c([N+](=O)[O-])cccc1S(=O)(=O)NC(=O)OC(C)(C)C,,random_balanced,BB-1237,BB-1299,1,0,0.3493873814766436
BB-0140 BB-1059,"[140, 1059]",[40],CC(C)(C)OC(=O)NC[C@@]12CCCC[C@]1(C(=O)OCc1cnn(C(F)(F)F)c1)C2,,random_balanced,BB-0140,BB-1059,0,0,0.704546720013774
BB-0831 BB-0451,"[831, 451]",[96],CC(C)(C)OC(=O)NC1CC(C(=O)O)(N(C(=O)OC(C)(C)C)c2nccn(C3CC3)c2=O)C12CCC(F)CC2,,random_balanced,BB-0831,BB-0451,0,0,0.6156279082092438
BB-2103 BB-2034,"[2103, 2034]",[96],COC(=O)c1cc(C(C)(C(=O)O)N(C(=O)OC(C)(C)C)C2C(=O)N(C)c3ccc(C)cc32)c(NC(=O)OC(C)(C)C)[nH]1,,random_balanced,BB-2103,BB-2034,0,0,0.5524813638733628
BB-0703 BB-1437,"[703, 1437]",[17],CC(C)Oc1ncc(NC(=O)OC(C)(C)C)cc1S(=O)(=O)c1ccc2cc(Br)c(F)cc2n1,,random_balanced,BB-0703,BB-1437,0,1,0.5941161830914057
BB-1223 BB-0391,"[1223, 391]",[96],CC(C)(C)OC(=O)N(c1c2c(nc3ccccc13)CCOC2)C1(C(=O)O)CCCCC1CCCC1CC1,,random_balanced,BB-1223,BB-0391,0,0,0.3479079775008326
BB-2104 BB-0586,"[2104, 586]",[107],CC(C)(C)OC(=O)Nc1ncc(C2(O)C=CC(C)(c3ccccc3)CC2)nc1F,,random_balanced,BB-2104,BB-0586,0,0,0.5743291069706459
BB-1819 BB-1408,"[1819, 1408]",[96],CCOC(=O)c1nc(C2CC2)n(Cc2ccccc2)c1N(C(=O)OC(C)(C)C)C(C)(C(=O)O)C1=Cc2ccccc2OC1,,random_balanced,BB-1819,BB-1408,0,1,0.3324096140560504
BB-1429 BB-1263,"[1429, 1263]",[47],CC(C)(C)OC(=O)NCC12CC[C@@H](CC34CC(C3)OC4C(F)(F)F)[C@@H](C1)OC2,,random_balanced,BB-1429,BB-1263,1,0,0.49684402225968965
BB-1754 BB-0210,"[1754, 210]",[61],CC(C)(C)OC(=O)NCCc1ccc(OCC(=O)N2CC(C34CC(Cl)(C3)C4)C2)cc1,,random_balanced,BB-1754,BB-0210,0,0,0.19898297958209196
BB-0818 BB-0349,"[818, 349]",[96],Cc1cccc(C(C(N)=O)(C(=O)O)N(C(=O)OC(C)(C)C)C(C)(C)COc2ccc(C(F)(F)F)cn2)c1,,random_balanced,BB-0818,BB-0349,1,0,0.47141999957502
BB-2107 BB-1752,"[2107, 1752]",[68],CCc1cccc(Cl)c1Sc1cnn(C)c1NC(=O)OC(C)(C)C,,random_balanced,BB-2107,BB-1752,1,0,0.3476679887228806
BB-0921 BB-1896,"[921, 1896]",[96],Cc1cc2c(cc1Br)C(C(=O)O)(N(C(=O)OC(C)(C)C)C1CCCN(c3ccccc3F)C1=O)CCO2,,random_balanced,BB-0921,BB-1896,0,0,0.5141225414496254
BB-0515 BB-0161,"[515, 161]",[96],Cc1nc(-c2ccccc2Br)sc1C(C)(C(=O)O)N(C(=O)OC(C)(C)C)c1nccc2cnccc12,,random_balanced,BB-0515,BB-0161,0,0,0.4766885048881391
BB-0887 BB-2086,"[887, 2086]",[96],Cc1ccc(C(CNC(=O)OC(C)(C)C)(C(=O)O)N(C(=O)OC(C)(C)C)c2ncn(-c3ccncc3)n2)c(C)c1,,random_balanced,BB-0887,BB-2086,0,0,0.35723843564410795
BB-1963 BB-2035,"[1963, 2035]",[96],Cc1csc(C(CNC(=O)OC(C)(C)C)(C(=O)O)N(C(=O)OC(C)(C)C)C2(Cc3ccc(F)cc3F)CCCCC2)c1Cl,,random_balanced,BB-1963,BB-2035,0,1,0.2787403916310421
BB-2057 BB-1395,"[2057, 1395]",[82],Cc1nsc(N2CCN(C3CC(C)(C)Oc4c(NC(=O)OC(C)(C)C)cccc43)CC2)c1C#N,,random_balanced,BB-2057,BB-1395,1,1,0.7862427859410841
BB-1364 BB-1682,"[1364, 1682]",[10],COc1ccc(C(NC(=O)OC(C)(C)C)C(F)(F)F)cc1Sc1ccc(C(=O)CNC(=O)OC(C)(C)C)cc1,,random_balanced,BB-1364,BB-1682,0,0,0.08436680872192194
BB-2023 BB-1829,"[2023, 1829]",[39],CC(C)(C)OC(=O)NCC1CC(OC(=O)Cc2cnn3c2CCCC3)(C(=O)O)c2ccccc2O1,,random_balanced,BB-2023,BB-1829,0,0,0.5946494241973062
BB-1083 BB-0392,"[1083, 392]",[97],CC(C)(C)OC(=O)N[C@@H](COC(=O)c1ccc(Cl)c2c1CCC2)Cc1ccc([N+](=O)[O-])cc1,,random_balanced,BB-1083,BB-0392,0,1,0.6131916230801415
BB-0055 BB-0230,"[55, 230]",[96],CCCn1c(NC(=O)OC(C)(C)C)c(N2CCOCC2)c(=O)n(C2(C(=O)O)CCN(c3cnccn3)CC2)c1=O,,random_balanced,BB-0055,BB-0230,0,0,0.4920320147202628
BB-0733 BB-0480,"[733, 480]",[96],CC(C)CC1(CN(C(=O)OC(C)(C)C)C(C)(CCc2ccccc2[N+](=O)[O-])C(=O)O)N=N1,,random_balanced,BB-0733,BB-0480,0,0,0.5294625506164629
BB-1815 BB-0506,"[1815, 506]",[75],COc1c(Cl)cc(NC(=O)OC(C)(C)C)cc1S(=O)(=O)c1cccc(-c2ccc(C)c(NC(=O)OC(C)(C)C)c2)c1,,random_balanced,BB-1815,BB-0506,0,0,0.0470545386294709
BB-0672 BB-0749,"[672, 749]",[62],CC(C)(C)OC(=O)NCc1ncc(N(CCCC(=O)O)c2ccnc3cc(Cl)ccc23)s1,,random_balanced,BB-0672,BB-0749,0,1,0.811033683743435
BB-0042 BB-1849,"[42, 1849]",[61],CC(C)(C)OC(=O)NS(=O)(=O)c1cc(Br)c(F)c(C(=O)N2CCCC2c2nc3ccccc3s2)c1,,random_balanced,BB-0042,BB-1849,0,0,0.4184283429112211
BB-0980 BB-1871,"[980, 1871]",[96],COc1cc(Cl)c2c(c1)C(C(=O)O)(N(NC(=O)OC(C)(C)C)C(=O)c1ccccc1OCc1ccc(F)cc1)CCC2,,random_balanced,BB-0980,BB-1871,0,0,0.36496322187422536
BB-1148 BB-1603,"[1148, 1603]",[96],CCCC(C(=O)N(CC)C1CCCC1)N(C(=O)OC(C)(C)C)C(C)(C(=O)O)C(=NNc1ccc(S(=O)(=O)Nc2nnc(C)s2)cc1)C(=O)Nc1ccc(OCC)cc1,,random_balanced,BB-1148,BB-1603,0,0,0.10982509930963323
BB-1248 BB-1982,"[1248, 1982]",[28],CCCCCCCCCCN(CCCC(=O)OC)C(=O)C(CCC)CNC(=O)OC(C)(C)C,,random_balanced,BB-1248,BB-1982,0,0,0.40191566057596734
BB-0563 BB-0107,"[563, 107]",[103],CC(C)(C)OC(=O)NS(=O)(=O)c1ccc(NC(=O)C2(C(=O)C3NCCc4cc(O)ccc43)CC2)cc1,,random_balanced,BB-0563,BB-0107,0,0,0.31430184738464806
BB-2145 BB-1887,"[2145, 1887]",[96],COC(=O)c1ccc2c(c1)CCC2(C(=O)O)N(C(=O)OC(C)(C)C)c1cccc(CS(=O)(=O)c2ccccc2)c1,,random_balanced,BB-2145,BB-1887,0,0,0.5614458504985858
BB-2130 BB-2012,"[2130, 2012]",[96],CCC(C(=O)O)(c1ccc(F)c(NC(=O)OC(C)(C)C)c1)N(CCNC(=O)OC(C)(C)C)C(=O)C1CCCC1,,random_balanced,BB-2130,BB-2012,0,0,0.32023904244811746
BB-2150 BB-1799,"[2150, 1799]",[28],CC(C)(C)OC(=O)NC1(C(=O)N2C[C@@H](c3ccc(C(=O)O)cc3)[C@@H]2C(=O)OC(C)(C)C)CCCCC1,,random_balanced,BB-2150,BB-1799,0,1,0.6308695608916778
BB-1277 BB-0420,"[1277, 420]",[96],Cc1nc2c(CN(C(=O)OC(C)(C)C)C3(C(=O)O)CC(C(=O)O)Oc4ccccc43)c(F)ccc2[nH]1,,random_balanced,BB-1277,BB-0420,0,1,0.5327240036316406
BB-1738 BB-1970,"[1738, 1970]",[96],Cc1ccc(C(CCC(=O)CCC(=O)O)(C(=O)O)N(CCCC2CCN(C(=O)OC(C)(C)C)CC2)C(=O)OC(C)(C)C)s1,,random_balanced,BB-1738,BB-1970,0,1,0.4497927124562195
BB-0963 BB-2075,"[963, 2075]",[68],COC(=O)c1nc(Sc2cc3c(cc2C)OCC3NC(=O)OC(C)(C)C)cnc1NC(=O)OC(C)(C)C,,random_balanced,BB-0963,BB-2075,0,0,0.20117572397884345
BB-1597 BB-1627,"[1597, 1627]",[68],CCOC(=O)c1nc2n(c1Sc1ccc(C(CN(C)C)NC(=O)OC(C)(C)C)cc1)CCCC2,,random_balanced,BB-1597,BB-1627,0,0,0.41741339140381356
BB-0545 BB-1112,"[545, 1112]",[96],CCCCCN1C(=O)C(C(=O)O)(N2CCN(CCn3cc(NC(=O)OC(C)(C)C)cn3)C2=O)c2ccccc21,,random_balanced,BB-0545,BB-1112,0,0,0.3645746802375487
BB-2089 BB-0066,"[2089, 66]",[62],CC(CNC(=O)OC(C)(C)C)c1ccncc1N1CCC(c2nnc3n2CCCC3)C1,,random_balanced,BB-2089,BB-0066,1,0,0.8042368644380479
BB-1909 BB-0669,"[1909, 669]",[96],COC(=O)c1cc2c(o1)CCCC2(C(=O)O)N(C(=O)OC(C)(C)C)[C@@H]1CCOC1,,random_balanced,BB-1909,BB-0669,0,0,0.39392263624967616
BB-0299 BB-1124,"[299, 1124]",[97],CCC[C@H](NC(=O)OCC1c2ccccc2-c2ccccc21)C(=O)OC(C)C(C)(CNC(=O)OC(C)(C)C)Cc1ccc(F)cc1,,random_balanced,BB-0299,BB-1124,0,0,0.2621438615069765
BB-1036 BB-0826,"[1036, 826]",[96],CCCC1Oc2ccc(C)cc2C1(C(=O)O)N(c1ccc(NC(=O)OC(C)(C)C)cc1)S(=O)(=O)c1ccc(C)cc1,,random_balanced,BB-1036,BB-0826,0,0,0.4476258674120825
BB-1972 BB-0115,"[1972, 115]",[39],CCOc1ccc(C(C)(Oc2c(C)c(C(F)(F)F)nc3ccccc23)C(=O)O)cc1S(=O)(=O)NC(=O)OC(C)(C)C,,random_balanced,BB-1972,BB-0115,0,0,0.3206526046139416
BB-0816 BB-1447,"[816, 1447]",[75],COC(=O)C1(NC(=O)OC(C)(C)C)CC(c2ccccc2S(=O)(=O)c2ccc(-n3nnc(CNC(=O)OC(C)(C)C)n3)cc2C(F)(F)F)C1,,random_balanced,BB-0816,BB-1447,1,0,0.09707886175370203
BB-1023 BB-0560,"[1023, 560]",[96],CC(C)(C)OC(=O)N(CC(=O)c1ccc([N+](=O)[O-])cc1)C1(C(=O)O)C=C(c2cccc(CO)n2)CCC1,,random_balanced,BB-1023,BB-0560,1,1,0.5654948724041562
BB-0771 BB-1842,"[771, 1842]",[96],CC(CSCc1ccccc1)N(C(=O)OC(C)(C)C)C(Cc1ccccc1)(C(=O)O)c1ccc(Br)s1,,random_balanced,BB-0771,BB-1842,1,1,0.4758197272429036
BB-0013 BB-1293,"[13, 1293]",[61],CC(C)(C)OC(=O)N[C@@H](CCC(=O)O)C(=O)N1CCC2(CC1)CC(CO)=NO2,,random_balanced,BB-0013,BB-1293,0,0,0.6267745596079399
BB-1811 BB-0832,"[1811, 832]",[96],CC(C)C(C(=O)O)(c1cnccc1NC(=O)OC(C)(C)C)N(C(=O)OC(C)(C)C)C1CC2(CCC(C)(C)C2)C1,,random_balanced,BB-1811,BB-0832,1,1,0.39323445194242224
BB-0508 BB-1664,"[508, 1664]",[61],CC(C)(C)OC(=O)NC(c1cccc(C(=O)N2CCC(c3cccc(Cl)c3F)CC2)c1)C(C)(C)C,,random_balanced,BB-0508,BB-1664,0,0,0.5279994895208987
BB-2111 BB-1037,"[2111, 1037]",[96],COc1ccc(-c2csc(CCN(C(=O)OC(C)(C)C)C(C)(C(=O)O)c3oc4cc(C)ccc4c3CC(=O)O)n2)cc1,,random_balanced,BB-2111,BB-1037,0,0,0.605166660381504
BB-2020 BB-1321,"[2020, 1321]",[82],CCN(Cc1cccc(-c2ccncc2)c1)C(CNC(=O)OC(C)(C)C)c1ccc(F)cc1Cl,,random_balanced,BB-2020,BB-1321,1,0,0.5792510867081924
BB-1831 BB-2026,"[1831, 2026]",[96],CC1(C)CC(NC(=O)OC(C)(C)C)=C(Br)C(C(=O)O)(N(Cc2nc(-c3ccc(F)cc3)c[nH]2)C(=O)OC(C)(C)C)C1,,random_balanced,BB-1831,BB-2026,1,0,0.5530574031471085
BB-1355 BB-1004,"[1355, 1004]",[84],CN1CCN(C(=O)Cc2noc(CCCC3CCC(NC(=O)OC(C)(C)C)C3)n2)CC1,,random_balanced,BB-1355,BB-1004,0,0,0.05099926335263473
BB-1496 BB-0216,"[1496, 216]",[10],CCOC(=O)c1c(NC(=O)OC(C)(C)C)c(Sc2nccc3nc(NC(=O)OC(C)(C)C)ccc23)cn1C,,random_balanced,BB-1496,BB-0216,1,0,0.24413680426106682
BB-0884 BB-0663,"[884, 663]",[97],Cc1cccc(C(CCOC(=O)/C(F)=C/c2c[nH]cn2)NC(=O)OC(C)(C)C)c1,,random_balanced,BB-0884,BB-0663,0,0,0.6892924521416067
BB-0148 BB-0223,"[148, 223]",[28],Cc1cc2c(cc1Br)N(C(=O)/C=C/CC(C)(C)NC(=O)OC(C)(C)C)CCC2,,random_balanced,BB-0148,BB-0223,0,0,0.44035837379308457
BB-0920 BB-0071,"[920, 71]",[31],CC(C)(C)OC(=O)N[C@@](C)(COc1cc(Br)cc(C(C)(C)O)c1)c1ccccc1,,random_balanced,BB-0920,BB-0071,0,0,0.6402341213476144
BB-0978 BB-2012,"[978, 2012]",[96],CCC(C(=O)O)(c1ccc(F)c(NC(=O)OC(C)(C)C)c1)N(C(=O)OC(C)(C)C)S(=O)(=O)c1cc(C(F)F)ccc1OC,,random_balanced,BB-0978,BB-2012,0,1,0.42630509093054697
BB-1273 BB-0403,"[1273, 403]",[96],CCO[C@@H]1CC(C(=O)O)(N(C(=O)OC(C)(C)C)C(CC2CCOCC2)C(=O)O)[C@H]1N1C(=O)CCC1=O,,random_balanced,BB-1273,BB-0403,0,1,0.5117248817240138
BB-0374 BB-1570,"[374, 1570]",[96],Cc1cc(C)c(CN(C(=O)OC(C)(C)C)C2(C(=O)O)CC(c3cccc(Br)c3)C2)c(=O)[nH]1,,random_balanced,BB-0374,BB-1570,0,0,0.4291997604084766
BB-2171 BB-2074,"[2171, 2074]",[96],CC(C)C1CC(N(C(=O)OC(C)(C)C)C(CNC(=O)OC(C)(C)C)(C(=O)O)c2ccn(C)n2)CO1,,random_balanced,BB-2171,BB-2074,0,0,0.564693231165887
BB-2157 BB-0726,"[2157, 726]",[96],CC(C)(C)OC(=O)N(C(C(=O)O)(c1cccc(Br)c1)C(C)(C)O)S(=O)(=O)CCc1ccccn1,,random_balanced,BB-2157,BB-0726,0,0,0.3875677818541782
BB-2158 BB-0062,"[2158, 62]",[49],CC(C)(C)OC(=O)NC1CCCc2cc(C(=O)c3cnc4ccsc4c3O)ccc21,,random_balanced,BB-2158,BB-0062,1,0,0.6778917511918953
BB-1558 BB-1636,"[1558, 1636]",[96],Cc1cc(Cl)c2c(c1)C(C(=O)O)(N(C(=O)C1CC1)c1ccccc1S(=O)(=O)NC(=O)OC(C)(C)C)CCCO2,,random_balanced,BB-1558,BB-1636,0,1,0.26734180860585594
BB-1041 BB-2010,"[1041, 2010]",[96],CCC1CCCC(CN(C(=O)OC(C)(C)C)C2(C(=O)O)CCc3c2cc2c(c3NC(=O)OC(C)(C)C)CCC2)CC1,,random_balanced,BB-1041,BB-2010,0,0,0.5039991509673994
BB-1233 BB-1637,"[1233, 1637]",[79],Cc1cc(N(C(=O)C(=O)N(c2cnn(CC(=O)O)c2)c2nc(=NCc3c(F)cc(F)cc3F)c(F)c[nH]2)S(=O)(=O)c2ccc(NC(=O)OC(C)(C)C)cc2)n(-c2ccccc2)n1,,random_balanced,BB-1233,BB-1637,0,0,0.04392946077208661
BB-2182 BB-1398,"[2182, 1398]",[96],CC(C)(C)OC(=O)N(Nc1ncnc2c1oc1ccccc12)C(C)(C(=O)O)c1c[nH]c2ccc([N+](=O)[O-])cc12,,random_balanced,BB-2182,BB-1398,0,1,0.49185669193028403
BB-0982 BB-0370,"[982, 370]",[55],CCc1cc(NC(=O)OC(C)(C)C)cc(N(C)Cc2cc(OC)ns2)n1,,random_balanced,BB-0982,BB-0370,0,0,0.46250798544735006
BB-1994 BB-1400,"[1994, 1400]",[97],CC(C)(C)OC(=O)NC(COC(=O)c1cc2n(c1C=O)CCCC2)Cc1ccccc1Cl,,random_balanced,BB-1994,BB-1400,1,0,0.6451641489053487
BB-1132 BB-1340,"[1132, 1340]",[96],COc1ccc2c(c1)C(C)(C)CC2(C(=O)O)N(C(=O)OC(C)(C)C)C1(c2nccs2)CCCC1,,random_balanced,BB-1132,BB-1340,1,1,0.3356476683289428
BB-2118 BB-0124,"[2118, 124]",[96],CC(=O)Nc1cc(C(CCl)(C(=O)O)N(C(=O)OC(C)(C)C)c2ccc(N3CCSCC3)cc2)ccc1O,,random_balanced,BB-2118,BB-0124,0,2,0.6312253179431334
BB-0535 BB-1789,"[535, 1789]",[96],CCCCC(C)(C(=O)O)N(CCc1cc(OC)c(C)c(OC)c1)C(=O)OC(C)(C)C,,random_balanced,BB-0535,BB-1789,0,0,0.6914513405316595
BB-2048 BB-0512,"[2048, 512]",[31],CC(C)(C)OC(=O)Nc1cccc(Cl)c1COc1ccccc1OC(F)F,,random_balanced,BB-2048,BB-0512,0,0,0.5421082040113745
BB-2082 BB-1127,"[2082, 1127]",[50],Cc1noc(NC(=O)OC(C)(C)C)c1C(O)c1c(O)ccc2ncnn12,,random_balanced,BB-2082,BB-1127,0,0,0.7363678260477284
BB-0059 BB-1147,"[59, 1147]",[96],COCC(C(=O)O)(c1ccc2cc(OC)ccc2n1)N(CC(C)C(=O)Nc1c(C)n[nH]c1C)C(=O)OC(C)(C)C,,random_balanced,BB-0059,BB-1147,0,0,0.6476323790577725
BB-1866 BB-0024,"[1866, 24]",[28],Cc1ccc(C2CCCCN2C(=O)CC(C)(C)c2ccc(NC(=O)OC(C)(C)C)cc2)cc1NC(=O)OC(C)(C)C,,random_balanced,BB-1866,BB-0024,0,0,0.21100848114951667
BB-2037 BB-0528,"[2037, 528]",[50],COC(=O)c1cc2cc(C(C)(O)c3cc(NC(=O)OC(C)(C)C)c(F)cc3OC)cnc2s1,,random_balanced,BB-2037,BB-0528,0,0,0.46197820910353565
BB-2170 BB-1864,"[2170, 1864]",[96],CCOC(=O)C1(C)CCCCC1(C(=O)O)N(C(=O)OC(C)(C)C)S(=O)(=O)c1cn(C)c2ccccc12,,random_balanced,BB-2170,BB-1864,0,0,0.33422275380542615
BB-0823 BB-1062,"[823, 1062]",[96],Cc1ccc(N2CCC(C(=O)O)(N(C(=O)OC(C)(C)C)c3cccc4c3CN(CC(F)(F)F)C4)CC2=O)cc1,,random_balanced,BB-0823,BB-1062,1,1,0.5778911882473872
BB-2154 BB-0004,"[2154, 4]",[82],CC(C)(C)OC(=O)NCCN(c1ccc(C(F)(F)F)cc1C#N)C(CC1CCC1)c1ccccc1NC(=O)OC(C)(C)C,,random_balanced,BB-2154,BB-0004,0,1,0.4577850520156762
BB-0556 BB-1822,"[556, 1822]",[17],Cc1cc(S(=O)(=O)c2ccc3oc(CNC(=O)OC(C)(C)C)c(C)c3c2)ccc1CCNC(=O)OC(C)(C)C,,random_balanced,BB-0556,BB-1822,1,0,0.042582130767787454
BB-2135 BB-0603,"[2135, 603]",[61],CC(CO)N(Cc1ccccc1)C(=O)Cn1cnc(NC(=O)OC(C)(C)C)n1,,random_balanced,BB-2135,BB-0603,0,0,0.714420234595702
BB-2144 BB-1411,"[2144, 1411]",[96],COCOc1ccc(C(C)(C(=O)O)N(Cc2ccc3c(c2)CCO3)C(=O)OC(C)(C)C)c(O)c1C,,random_balanced,BB-2144,BB-1411,0,0,0.6838639018269247
BB-2038 BB-1386,"[2038, 1386]",[107],CN(C)/C=C1\OCCN(C(=O)OC(C)(C)C)CC1(O)c1c(F)ccc2[nH]nc(NC(=O)OC(C)(C)C)c12,,random_balanced,BB-2038,BB-1386,1,1,0.5824938970473846
BB-2119 BB-0437,"[2119, 437]",[88],CC(CC1CCCCCN1)Oc1ccc(-c2nc(NC(=O)OC(C)(C)C)no2)c(Cl)c1,,random_balanced,BB-2119,BB-0437,0,0,0.0580761803833889
BB-0443 BB-0269,"[443, 269]",[31],CC(C)(C)OC(=O)Nc1cncc(I)c1Oc1ccc2c(c1)C(=O)C(F)=CCC2,,random_balanced,BB-0443,BB-0269,0,0,0.3985188581321756
BB-0621 BB-0065,"[621, 65]",[10],CC(C)(C)OC(=O)Nc1ccnc(F)c1Sc1ccc(N2CCCC(NC(=O)OC(C)(C)C)C2)cc1Cl,,random_balanced,BB-0621,BB-0065,1,0,0.13352320839030016
BB-1947 BB-0376,"[1947, 376]",[96],CC(C)(C)OC(=O)Nc1ccc2c(c1)CCCC2(C(=O)O)N1C(=O)c2ccc(NC(=O)OC(C)(C)C)cc2S1(=O)=O,,random_balanced,BB-1947,BB-0376,0,0,0.09913316469120037
BB-1392 BB-1706,"[1392, 1706]",[97],CC(C)(C)OC(=O)NC12CC(C)(C1)OC2COC(=O)C1(c2cccc(Br)c2)CC(=O)C1,,random_balanced,BB-1392,BB-1706,0,0,0.6554078725928677
BB-1947 BB-1330,"[1947, 1330]",[96],CC(C)(C)OC(=O)N(c1ccc2c(c1)S(=O)(=O)NC2=O)C(C)(C(=O)O)c1nc2c(s1)CCC2,,random_balanced,BB-1947,BB-1330,1,0,0.49931370035124567
BB-0253 BB-1932,"[253, 1932]",[96],COCCn1c(CN(C(=O)OC(C)(C)C)C2(C(=O)O)CC3CCCC2C3)nc2cc3c(cc21)OCO3,,random_balanced,BB-0253,BB-1932,0,0,0.6002843747541322
BB-1613 BB-1844,"[1613, 1844]",[49],COc1ccc(C(=O)c2c(F)c(F)c(NC(=O)OC(C)(C)C)c(F)c2F)c(-c2cc(C(=O)O)on2)c1,,random_balanced,BB-1613,BB-1844,0,0,0.2063507211714438
BB-1818 BB-1937,"[1818, 1937]",[96],CCOC(=O)c1cc(C(C)(C(=O)O)N(C(=O)OC(C)(C)C)c2ccc(C(F)(F)F)cc2C(=O)OC)n[nH]1,,random_balanced,BB-1818,BB-1937,0,0,0.5971703005710959
BB-0157 BB-0113,"[157, 113]",[96],CCCCCC(C(=O)O)(c1c(O)cc(O)cc1O)n1nc(NC(=O)OC(C)(C)C)cc1-c1ccc(-c2ccccc2)cc1,,random_balanced,BB-0157,BB-0113,0,0,0.4169736474608243
BB-1182 BB-1372,"[1182, 1372]",[96],CCOC(=O)C1Cc2c(C)cccc2C(C(=O)O)(N(C(=O)OC(C)(C)C)C(C)Cc2cc(F)cc(OC)c2)C1,,random_balanced,BB-1182,BB-1372,1,0,0.5097450503884798
BB-2177 BB-1453,"[2177, 1453]",[96],Cc1ccc(C2CCCC2N(C(=O)OC(C)(C)C)C(C)(Cn2c(Br)nc3c2c(=O)[nH]c(=O)n3C)C(=O)O)cc1,,random_balanced,BB-2177,BB-1453,0,0,0.6077652578471732
BB-1934 BB-0107,"[1934, 107]",[61],CCOC(=O)C1c2ccc(O)cc2CCN1C(=O)c1c(C)cccc1NC(=O)OC(C)(C)C,,random_balanced,BB-1934,BB-0107,0,1,0.5508010788768205
BB-1665 BB-1540,"[1665, 1540]",[24],CC(C)(C)OC(=O)NC(COc1ccccc1)c1ccc(S(=O)Cc2cccc(Cl)c2Cl)c(F)c1,,random_balanced,BB-1665,BB-1540,0,0,0.5112485127341179
BB-0523 BB-1018,"[523, 1018]",[107],Cc1ccc(C(O)(CCCC(=O)O)c2cc(Cl)ccc2Cn2c(NCCNC(=O)OC(C)(C)C)nc3c2c(=O)n(C)c(=O)n3C)cc1,,random_balanced,BB-0523,BB-1018,0,0,0.4664514381207532
BB-0838 BB-1117,"[838, 1117]",[96],CCCn1c(N(C(=O)OC(C)(C)C)C(CCl)(C(=O)O)c2ccc(Br)cc2)nc2ccccc21,,random_balanced,BB-0838,BB-1117,0,0,0.35228375776611276
BB-1831 BB-1602,"[1831, 1602]",[96],CCc1c(C(C)(C(=O)O)n2cc(-c3ccc(F)cc3)nc2CNC(=O)OC(C)(C)C)oc2ccc(C)cc12,,random_balanced,BB-1831,BB-1602,2,0,0.5445858421720141
BB-0563 BB-1285,"[563, 1285]",[96],CC(C)(C)OC(=O)N(C(C(=O)O)(c1cncc(F)c1)C1CC1)S(=O)(=O)c1ccc(NC(=O)C2CC2)cc1,,random_balanced,BB-0563,BB-1285,1,0,0.4838085696597956
BB-1288 BB-0837,"[1288, 837]",[96],Cn1nc([N+](=O)[O-])cc1C(C)(C(=O)O)N(C(=O)OC(C)(C)C)c1cnn(C(C)(C)c2nnc3n2CCCCC3)c1,,random_balanced,BB-1288,BB-0837,0,0,0.5961552887051477
BB-0650 BB-0934,"[650, 934]",[96],COc1c(Cl)ccc2c1NC(=O)C2(C(=O)O)N(C(=O)OC(C)(C)C)c1nnc(C2CN(C(=O)OC(C)(C)C)C2)o1,,random_balanced,BB-0650,BB-0934,0,0,0.43740086531705097
BB-0929 BB-0271,"[929, 271]",[96],C[C@H]1C[C@]1(C)N(C(=O)OC(C)(C)C)C1(C(=O)O)CC(C)(C)Oc2cnc(Br)cc21,,random_balanced,BB-0929,BB-0271,0,0,0.27547672080596863
BB-1863 BB-1253,"[1863, 1253]",[96],CC(C)(C)OC(=O)Nc1cc(Cl)ccc1C(C(=O)O)(C1CCCOC1)N(C(=O)OC(C)(C)C)C(C)(C(=O)O)c1ccc(C(F)(F)F)cc1,,random_balanced,BB-1863,BB-1253,0,0,0.1683740860778042
BB-1730 BB-0895,"[1730, 895]",[98],CC(C)(C)OC(=O)NCC1(OC(=O)c2cc(C=Cc3cccs3)nc3ccc(Br)cc23)CS(=O)(=O)C1,,random_balanced,BB-1730,BB-0895,0,0,0.4980959668094083
BB-0750 BB-0589,"[750, 589]",[98],COc1cc(Cl)ccc1C(COC(=O)[C@@H]1COCCN1C(=O)OC(C)(C)C)NC(=O)OC(C)(C)C,,random_balanced,BB-0750,BB-0589,0,0,0.3639290798407932
BB-2021 BB-0257,"[2021, 257]",[107],CC(C)(C)OC(=O)NCCc1cc2c(cc1C(O)c1ccc3cc(I)ccc3c1)OCO2,,random_balanced,BB-2021,BB-0257,0,0,0.7230807069229392
BB-0703 BB-1266,"[703, 1266]",[107],Cc1cc2c(cc1Br)OCCC2(O)c1cc(NC(=O)OC(C)(C)C)cnc1OC(C)C,,random_balanced,BB-0703,BB-1266,1,1,0.7438124255574395
BB-0081 BB-2018,"[81, 2018]",[74],Cc1cc(NC(=O)OC(C)(C)C)n(-c2ccc(S(=O)(=O)c3ccccc3-c3cc(NC(=O)OC(C)(C)C)n[nH]3)cc2)n1,,random_balanced,BB-0081,BB-2018,0,1,0.05962657212995893
BB-1306 BB-1242,"[1306, 1242]",[96],Cc1cc2c(c(C)c1Cl)C(C(=O)O)(N(Cc1ccc3ccccc3c1F)C(=O)OC(C)(C)C)CCO2,,random_balanced,BB-1306,BB-1242,0,0,0.5034493637427538
BB-2161 BB-1821,"[2161, 1821]",[96],Cc1c(N2C(=O)CCNC2=O)cccc1N(C(=O)OC(C)(C)C)C1(C(=O)O)CCN(C(=O)OC(C)(C)C)C(=O)C1,,random_balanced,BB-2161,BB-1821,0,0,0.36402128862367367
BB-0180 BB-2045,"[180, 2045]",[68],Cc1nn(-c2ncccn2)c(NC(=O)OC(C)(C)C)c1Sc1cccc2nc(NC(=O)OC(C)(C)C)n(C)c12,,random_balanced,BB-0180,BB-2045,0,0,0.32363564606597284
BB-2147 BB-1180,"[2147, 1180]",[96],Cc1ccc(Cn2nccc2N(C(=O)OC(C)(C)C)C(C)(C(=O)O)c2cc(CBr)ccc2[N+](=O)[O-])s1,,random_balanced,BB-2147,BB-1180,0,1,0.41739729727346114
BB-1333 BB-0852,"[1333, 852]",[22],COc1ccccc1C(O)C1CCN(C(=O)C(=O)N(c2ccc(C(N)=O)cc2NC(=O)OC(C)(C)C)C2CC2)CC1,,random_balanced,BB-1333,BB-0852,0,0,0.5491931050347819
BB-1729 BB-0693,"[1729, 693]",[68],CC(C)(C)OC(=O)Nc1cc(C(=O)O)ccc1Sc1cccc(C2(C#N)CCC2)n1,,random_balanced,BB-1729,BB-0693,1,2,0.6181633714292898
BB-0484 BB-1104,"[484, 1104]",[27],CCOC(=O)c1c(C)oc(NC(=O)OC(C)(C)C)c1-c1noc(CCNc2cc(Cl)ccc2OC)n1,,random_balanced,BB-0484,BB-1104,0,0,0.2681953138995248
BB-1921 BB-1555,"[1921, 1555]",[96],CCOC(=O)C1(C)C=CC(C(=O)O)(N(C(=O)OC(C)(C)C)c2ccc(OC3CCN(C)CC3)nc2)CC1,,random_balanced,BB-1921,BB-1555,0,0,0.6197547019445364
BB-0921 BB-1482,"[921, 1482]",[96],CC(C)(C)OC(=O)N(C1CCCN(c2ccccc2F)C1=O)C(C)(C(=O)O)c1c(O)ccc2ccccc12,,random_balanced,BB-0921,BB-1482,1,0,0.4258548479792039
BB-1494 BB-0485,"[1494, 485]",[31],CCn1ncc(CN(C)C(=O)c2cc(-c3ccc(NC4CN(C)C4)c(C)n3)nc3ccc(OCC(CNC(=O)OC(C)(C)C)Cc4ccc(F)c(Br)c4)cc23)c1C,,random_balanced,BB-1494,BB-0485,1,0,0.04487674109398975
BB-0007 BB-1905,"[7, 1905]",[96],Cc1nnc2cc(N(C(=O)OC(C)(C)C)C(C(=O)O)(c3ncc[nH]3)C3CCCCC3)ccn12,,random_balanced,BB-0007,BB-1905,0,1,0.4181706070640319
BB-1709 BB-1117,"[1709, 1117]",[16],Cc1cc(C)c(C(=O)OCC(=O)c2ccc(Br)cc2)cc1NC(=O)OC(C)(C)C,,random_balanced,BB-1709,BB-1117,1,1,0.46286374433721594
BB-2122 BB-1104,"[2122, 1104]",[27],CCN1CCC(NC(=O)OC(C)(C)C)(c2noc(CCNc3cc(Cl)ccc3OC)n2)CC1,,random_balanced,BB-2122,BB-1104,0,1,0.6117355803669058
BB-1815 BB-2053,"[1815, 2053]",[68],COc1c(Cl)cc(NC(=O)OC(C)(C)C)cc1Sc1sc(NC(=O)OC(C)(C)C)nc1C(C)(C)C,,random_balanced,BB-1815,BB-2053,1,0,0.2690274518518881
BB-0617 BB-1937,"[617, 1937]",[96],CCOC(=O)c1cc(C(C)(C(=O)O)N(Cc2ccc(-c3cccc(F)c3)o2)C(=O)OC(C)(C)C)n[nH]1,,random_balanced,BB-0617,BB-1937,0,1,0.6375035969236303
BB-1148 BB-0342,"[1148, 342]",[96],CCCC(C(=O)N(CC)C1CCCC1)N(C(=O)OC(C)(C)C)C1(C(=O)O)C(=O)Nc2c(C)ccc(Cl)c21,,random_balanced,BB-1148,BB-0342,1,1,0.4179146223086527
BB-0301 BB-2009,"[301, 2009]",[88],Cc1nc(NC(=O)OC(C)(C)C)c2cccc(OCc3cc(Br)c(C)c(NC(=O)OC(C)(C)C)c3)c2n1,,random_balanced,BB-0301,BB-2009,0,2,0.07685531222110985
BB-2189 BB-1171,"[2189, 1171]",[3],COc1cc(Br)c(C(=O)N(CCNC(=O)OC(C)(C)C)S(=O)(=O)c2ccc([N+](=O)[O-])cc2)cc1S(=O)(=O)Cl,,random_balanced,BB-2189,BB-1171,1,0,0.5145857416703072
BB-0024 BB-1822,"[24, 1822]",[4],Cc1ccc(C2CCCCN2c2ccc3oc(CNC(=O)OC(C)(C)C)c(C)c3c2)cc1NC(=O)OC(C)(C)C,,random_balanced,BB-0024,BB-1822,1,1,0.4580385184791847
BB-0185 BB-0794,"[185, 794]",[96],Cc1ccc(OCC(=O)O)c2c1C(C)CC2(C(=O)O)N(CCc1csc(N(C)C)n1)C(=O)OC(C)(C)C,,random_balanced,BB-0185,BB-0794,0,1,0.5546149317175966
BB-0290 BB-2016,"[290, 2016]",[4],Cn1c(NC(=O)OC(C)(C)C)nc2c(N(c3cc(CNC(=O)OC(C)(C)C)ccn3)C3CC3)cccc21,,random_balanced,BB-0290,BB-2016,0,1,0.19949369984987994
BB-1591 BB-0744,"[1591, 744]",[62],CC(C)(C)OC(=O)Nc1ccc(F)c(N(Cc2ccccc2Cl)C2CC2)c1F,,random_balanced,BB-1591,BB-0744,0,0,0.7553724601927517
BB-2035 BB-1328,"[2035, 1328]",[96],COc1ccc(/C=C/C(C)(C(=O)O)N(CC(=O)c2scc(C)c2Cl)C(=O)OC(C)(C)C)cc1O,,random_balanced,BB-2035,BB-1328,2,0,0.712772666126111
BB-1193 BB-0788,"[1193, 788]",[17],CCOc1ccc(S(=O)(=O)c2ccc(CBr)c(I)c2)cc1CCNC(=O)OC(C)(C)C,,random_balanced,BB-1193,BB-0788,0,0,0.5700985678343642
BB-1968 BB-1315,"[1968, 1315]",[55],Cc1c(N2Cc3nn(C)c(C(=O)O)c3C2)ccc(O)c1NC(=O)OC(C)(C)C,,random_balanced,BB-1968,BB-1315,0,0,0.7668928817739383
BB-2088 BB-1559,"[2088, 1559]",[10],CC(C)(C)OC(=O)NC1=C(Sc2cccc(Cl)c2S(=O)(=O)Cc2ccc(C(=O)O)o2)C(=O)CCC1,,random_balanced,BB-2088,BB-1559,0,0,0.5252952424678133
BB-0145 BB-0846,"[145, 846]",[68],CC(C)Cn1c(NC(=O)OC(C)(C)C)c(C(=O)CSc2ccc(NC(=O)OC(C)(C)C)c(CO)c2F)c(=O)[nH]c1=O,,random_balanced,BB-0145,BB-0846,0,0,0.44502430643072616
BB-2058 BB-1005,"[2058, 1005]",[107],CN1C(=C(C#N)C(O)(CCl)c2ccc(NC(=O)OC(C)(C)C)c3c2CCCC3)Nc2ccccc21,,random_balanced,BB-2058,BB-1005,0,1,0.7366038775410317
BB-1265 BB-1489,"[1265, 1489]",[98],Cc1nc(C(CNC(=O)OC(C)(C)C)OC(=O)CC2CC(C)(C)CO2)cs1,,random_balanced,BB-1265,BB-1489,0,0,0.6026520124870253
BB-0389 BB-1670,"[389, 1670]",[96],CC(C)(C)OC(=O)N(CC(F)(F)C1CC1)C(C)(/C=C/c1ccc([N+](=O)[O-])cc1)C(=O)O,,random_balanced,BB-0389,BB-1670,0,0,0.4979299795120163
BB-0780 BB-1113,"[780, 1113]",[96],CC(C)(C)OC(=O)N(C1(C(=O)O)CCC(OC2CCCCC2)CC1)S(=O)(=O)c1cc(F)cc(F)c1,,random_balanced,BB-0780,BB-1113,0,0,0.6329512964130366
BB-1691 BB-1706,"[1691, 1706]",[96],CC(C)n1c(N(C(=O)OC(C)(C)C)C2(C(=O)O)CC(C(=O)O)(c3cccc(Br)c3)C2)nc2ccc(F)cc21,,random_balanced,BB-1691,BB-1706,0,1,0.3803173895122149
BB-2083 BB-1698,"[2083, 1698]",[10],CC(C)(C)OC(=O)Nc1ccc(Sc2ccc(C(NC(=O)OC(C)(C)C)c3cccc(C#N)c3)cc2)c2c1CCO2,,random_balanced,BB-2083,BB-1698,0,0,0.171184465286595
BB-0278 BB-0119,"[278, 119]",[96],CCCn1c(NC(=O)OC(C)(C)C)c(C(CCl)(C(=O)O)N(C(=O)OC(C)(C)C)[C@@H]2C[C@@H]2CS(C)(=O)=O)c(=O)[nH]c1=O,,random_balanced,BB-0278,BB-0119,0,1,0.48421196127428845
BB-1197 BB-1943,"[1197, 1943]",[96],CCC(C(=O)O)(c1cccc(Br)c1)N(C(=O)OC(C)(C)C)C(C)(C)c1cn(CC2CC2)nn1,,random_balanced,BB-1197,BB-1943,1,1,0.4591284883958389
BB-0722 BB-0437,"[722, 437]",[62],Cc1ccc(N2CCCCCC2CC(C)O)nc1NC(=O)OC(C)(C)C,,random_balanced,BB-0722,BB-0437,1,1,0.4989971233369826
BB-0727 BB-2023,"[727, 2023]",[96],CC(C)(C)OC(=O)NCC1CC(C(=O)O)(N(C(=O)C(C)(C)NC(=O)OC(C)(C)C)c2ccccc2)c2ccccc2O1,,random_balanced,BB-0727,BB-2023,1,1,0.43545394191759157
BB-1168 BB-2098,"[1168, 2098]",[96],CC(C)(CC1CCN(C(=O)OC(C)(C)C)CC1)CN(C(=O)OC(C)(C)C)C(C)(C(=O)O)c1ccc(Br)c(NC(=O)OC(C)(C)C)c1,,random_balanced,BB-1168,BB-2098,0,1,0.3795520383973656
BB-0884 BB-1980,"[884, 1980]",[31],CCC1(COCCC(NC(=O)OC(C)(C)C)c2cccc(C)c2)CCCC1,,random_balanced,BB-0884,BB-1980,1,0,0.6101912164354528
BB-1423 BB-0930,"[1423, 930]",[61],CN(CC(F)F)C1CCN(C(=O)C(NC(=O)OC(C)(C)C)c2ccc(C(F)(F)F)cc2)CC1,,random_balanced,BB-1423,BB-0930,0,0,0.6409697930945265
BB-0630 BB-0293,"[630, 293]",[31],COC(=O)C[C@H](NC(=O)OC(C)(C)C)c1ccnc(Oc2ccc3oc(CCl)c(C)c(=O)c3c2)c1,,random_balanced,BB-0630,BB-0293,0,0,0.28127442774165545
BB-1729 BB-1751,"[1729, 1751]",[106],Cc1ccccc1C(C)C(=O)c1ccc(C(=O)O)cc1NC(=O)OC(C)(C)C,,random_balanced,BB-1729,BB-1751,2,0,0.72754001214118
BB-2080 BB-1801,"[2080, 1801]",[31],Cc1cc(Br)c(CNC(=O)OC(C)(C)C)cc1Oc1cccnc1OC(F)F,,random_balanced,BB-2080,BB-1801,0,0,0.5808144448089667
BB-2046 BB-1271,"[2046, 1271]",[68],COc1cc(Sc2ccc(OCn3ccc(C(=O)NNC(=O)OC(C)(C)C)n3)cc2)c(CCNC(=O)OC(C)(C)C)cc1O,,random_balanced,BB-2046,BB-1271,0,0,0.12594234523119907
BB-1208 BB-0234,"[1208, 234]",[96],Cc1ncc(N(C(=O)OC(C)(C)C)C2(C(=O)O)CCC(CC(=O)O)c3ccccc32)n1CC(F)(F)F,,random_balanced,BB-1208,BB-0234,0,0,0.4314073598282566
BB-1304 BB-1658,"[1304, 1658]",[96],COc1cccc(C=CC(C)(C(=O)O)N(C(=O)OC(C)(C)C)C(Cc2nccn2C(F)F)c2ccccc2)c1,,random_balanced,BB-1304,BB-1658,1,0,0.632679804536689
BB-0531 BB-1641,"[531, 1641]",[96],CC(C)(C)OC(=O)NCC(=O)N(CCc1ccccc1)C(C)(C(=O)O)c1ccc(N2CCNC2=O)cc1,,random_balanced,BB-0531,BB-1641,0,0,0.611044357088383
BB-0538 BB-1771,"[538, 1771]",[61],COC(=O)C1(N2CCN(C(=O)[C@H](Cc3ccc([N+](=O)[O-])cc3)NC(=O)OC(C)(C)C)CC2)COC1,,random_balanced,BB-0538,BB-1771,0,1,0.5903657637320092
BB-2093 BB-0488,"[2093, 488]",[88],Cc1ccc(C(=O)O)c(Oc2ccc3nn(C)c(CNC(=O)OC(C)(C)C)c3c2)c1C,,random_balanced,BB-2093,BB-0488,0,0,0.6725396679619401
BB-0520 BB-2022,"[520, 2022]",[96],CC(C)(C)OC(=O)NCC(C(=O)O)(c1ccc(F)cc1Br)N(CC1(c2cccc(C(F)(F)F)c2)CCCC1)C(=O)OC(C)(C)C,,random_balanced,BB-0520,BB-2022,0,2,0.335258905297986
BB-0523 BB-0749,"[523, 749]",[68],Cn1c(=O)c2c(nc(NCCNC(=O)OC(C)(C)C)n2Cc2ccc(Cl)cc2Sc2ccc3c(NCCCC(=O)O)ccnc3c2)n(C)c1=O,,random_balanced,BB-0523,BB-0749,1,2,0.0950451649336402
BB-1376 BB-0114,"[1376, 114]",[28],COC(=O)CC1CN(C(=O)c2ccc(C(C)(C)NC(=O)OC(C)(C)C)cc2)Cc2ccccc21,,random_balanced,BB-1376,BB-0114,1,0,0.41709354433664697
BB-1814 BB-1140,"[1814, 1140]",[96],CCn1cc(N2CCC(C(=O)O)(N(CC3(c4cccc(C(F)(F)F)c4)CC3)C(=O)OC(C)(C)C)CC2=O)cn1,,random_balanced,BB-1814,BB-1140,0,0,0.686144615536026
BB-1077 BB-1682,"[1077, 1682]",[96],CC(C)(C)OC(=O)NCC(C(=O)O)(c1ccc(Br)cc1)N(CC1CN2CCCN1CC2)C(=O)OC(C)(C)C,,random_balanced,BB-1077,BB-1682,0,1,0.45892529118087294
BB-2039 BB-1748,"[2039, 1748]",[47],CC(C)(C)OC(=O)Nc1cccc(-c2cc(N)nc(N)n2)c1O,,random_balanced,BB-2039,BB-1748,0,0,0.26329559914817835
BB-1586 BB-1623,"[1586, 1623]",[31],CCC(NC(=O)OC(C)(C)C)C(C)(C)Oc1cc2cc(C)c(NC(=O)OC(C)(C)C)nc2cc1F,,random_balanced,BB-1586,BB-1623,0,0,0.2838919981509531
BB-0034 BB-1018,"[34, 1018]",[3],Cc1ccc(C(=O)CCCC(=O)N(CCNC(=O)OC(C)(C)C)c2ncc(C)cn2)cc1,,random_balanced,BB-0034,BB-1018,0,1,0.41456357743325056
BB-2086 BB-1380,"[2086, 1380]",[39],CCOC(=O)c1c(/C=C/C(=O)OC(CNC(=O)OC(C)(C)C)(C(=O)O)c2ccc(C)cc2C)c(C)n(CC)c1C,,random_balanced,BB-2086,BB-1380,1,0,0.4191493190789749
BB-0144 BB-1038,"[144, 1038]",[96],COc1ccc2c(c1[N+](=O)[O-])CCCC2(C(=O)O)N(C(=O)OC(C)(C)C)c1ccc(C)c(-c2ccccc2)c1,,random_balanced,BB-0144,BB-1038,1,0,0.6032619727901486
BB-1036 BB-2068,"[1036, 2068]",[22],Cc1ccc(S(=O)(=O)N(C(=O)C(=O)N2CC[C@@H](NC(=O)OC(C)(C)C)C[C@@H]2C(=O)O)c2ccc(NC(=O)OC(C)(C)C)cc2)cc1,,random_balanced,BB-1036,BB-2068,1,0,0.071596423918466
BB-2134 BB-1628,"[2134, 1628]",[96],Cn1cc(C(CBr)(C(=O)O)N(CCCCc2ccccc2)C(=O)OC(C)(C)C)c2ccccc21,,random_balanced,BB-2134,BB-1628,1,0,0.40624652128229316
BB-0140 BB-1503,"[140, 1503]",[61],CCN(C(=O)[C@]12CCCC[C@@]1(CNC(=O)OC(C)(C)C)C2)S(=O)(=O)c1ccc(I)cc1,,random_balanced,BB-0140,BB-1503,1,0,0.802067445187777
BB-0980 BB-2047,"[980, 2047]",[96],Cn1cc(C(CNC(=O)OC(C)(C)C)(C(=O)O)N(NC(=O)OC(C)(C)C)C(=O)c2ccccc2OCc2ccc(F)cc2)c(C(F)F)n1,,random_balanced,BB-0980,BB-2047,1,1,0.2795273284216651
BB-1111 BB-1661,"[1111, 1661]",[62],COC(=O)C(NC(=O)OC(C)(C)C)c1cc(Cl)cc(NC[C@H]2C[C@@H](OC)CN2c2cc(N)ncn2)c1,,random_balanced,BB-1111,BB-1661,0,0,0.3637541506845226
BB-0308 BB-0378,"[308, 378]",[96],CC(C)c1nc2cc(CN(C(=O)OC(C)(C)C)C(CBr)(C(=O)O)C3COc4ccccc4O3)ccc2o1,,random_balanced,BB-0308,BB-0378,1,0,0.6210595531671165
BB-0390 BB-1043,"[390, 1043]",[96],CC(C)(C)OC(=O)Nc1ccc2c(c1)[nH]c(=O)n2C(CN1CCNCC1)(C(=O)O)c1cccs1,,random_balanced,BB-0390,BB-1043,0,0,0.7090146463344091
BB-0289 BB-0651,"[289, 651]",[96],CC(C)(C)OC(=O)NCC1CC(N(C(=O)OC(C)(C)C)C(CBr)(C(=O)O)c2ccc(OCc3ccccc3)c([N+](=O)[O-])c2)C1,,random_balanced,BB-0289,BB-0651,0,0,0.3747171881136729
BB-2185 BB-1504,"[2185, 1504]",[96],CCOc1cccc(N(C(=O)OC(C)(C)C)C2(C(=O)O)CCOc3ccc(C(C)(C)C)cc32)n1,,random_balanced,BB-2185,BB-1504,0,0,0.3581830789397702
BB-2142 BB-0023,"[2142, 23]",[62],CC(C)(C)OC(=O)NCc1cn(C2CCCN(c3ccc(NC(=O)OC(C)(C)C)c(-c4nc[nH]n4)c3)C2)nn1,,random_balanced,BB-2142,BB-0023,0,0,0.09904016118301898
BB-1052 BB-1682,"[1052, 1682]",[48],CC(C)(C)OC(=O)NCC(=O)c1ccc(/C(=C\C(F)F)CNC(=O)OC(C)(C)C)cc1,,random_balanced,BB-1052,BB-1682,0,2,0.32524244128470253
BB-1775 BB-0717,"[1775, 717]",[28],COc1ccc(N(CC2CC2)C(=O)c2c[nH]c(C3(NC(=O)OC(C)(C)C)CCC3)n2)c(NC(=O)OC(C)(C)C)c1,,random_balanced,BB-1775,BB-0717,0,1,0.3907352026033055
BB-1988 BB-0487,"[1988, 487]",[61],CC(C)(C)OC(=O)NCc1cc(C(=O)N2CCO[C@H](CO)C2)c2n1CCCC2,,random_balanced,BB-1988,BB-0487,0,0,0.790183084289002
BB-1974 BB-1910,"[1974, 1910]",[61],CC(C)(C)OC(=O)N[C@H]1C[C@@H](CC(=O)N2CC[C@H](C(=O)O)C[C@@H]2c2ccccc2)C1,,random_balanced,BB-1974,BB-1910,0,0,0.6612270627073734
BB-0301 BB-2044,"[301, 2044]",[68],Cc1nc(NC(=O)OC(C)(C)C)c2cccc(Sc3cnc4n3CC(NC(=O)OC(C)(C)C)CC4)c2n1,,random_balanced,BB-0301,BB-2044,1,0,0.18318796771471302
BB-2063 BB-1723,"[2063, 1723]",[47],Cc1cc(Cl)c(CNC(=O)OC(C)(C)C)nc1-c1ccc2c(c1)CCC(C(=O)O)O2,,random_balanced,BB-2063,BB-1723,0,0,0.670396198471123
BB-0490 BB-0717,"[490, 717]",[22],COc1ccc(N(CC2CC2)C(=O)C(=O)N(C)S(=O)(=O)c2ccccc2CNC(=O)OC(C)(C)C)c(NC(=O)OC(C)(C)C)c1,,random_balanced,BB-0490,BB-0717,0,2,0.24313802689586608
BB-2133 BB-1252,"[2133, 1252]",[61],COC(=O)c1ccc(C2(N(C)C(=O)C(NC(=O)OC(C)(C)C)c3ccnn3C)CC2)o1,,random_balanced,BB-2133,BB-1252,0,0,0.6617605669069986
BB-0596 BB-1241,"[596, 1241]",[96],CCCCC(C(=O)O)(c1ccc(C)cc1O)N(C(=O)OC(C)(C)C)c1cccc(C)c1C(N)=O,,random_balanced,BB-0596,BB-1241,0,0,0.3256217963479495
BB-0158 BB-0345,"[158, 345]",[62],CCC1Cc2ccccc2N(C2(Cl)CC2CCNC(=O)OC(C)(C)C)C1,,random_balanced,BB-0158,BB-0345,1,0,0.7626162424300875
BB-0016 BB-1871,"[16, 1871]",[96],COc1cc(Cl)c2c(c1)C(C(=O)O)(N(C(=O)OC(C)(C)C)c1c(C)nn(C)c1C(N)=O)CCC2,,random_balanced,BB-0016,BB-1871,0,1,0.40419618323349765
BB-2173 BB-0992,"[2173, 992]",[3],CC(C)(C)OC(=O)NS(=O)(=O)N(Cc1ccc2c(c1)OCO2)C(=O)CN1CCn2cnc(-c3ccccc3)c2C1=O,,random_balanced,BB-2173,BB-0992,0,0,0.4544582235187034
BB-2051 BB-1178,"[2051, 1178]",[18],CC(C)(C)OC(=O)NCCc1ncc(C(F)(F)F)cc1S(=O)(=O)c1ccccc1C1CNCCN1,,random_balanced,BB-2051,BB-1178,1,0,0.5443033094389974
BB-1899 BB-0134,"[1899, 134]",[96],CC(C)(C)OC(=O)N(c1ccccc1N1CC(C)(C)C1=O)C1(C(=O)O)CSCCc2ccccc21,,random_balanced,BB-1899,BB-0134,0,0,0.2451534245277776
BB-0979 BB-1768,"[979, 1768]",[47],CCOC(=O)C(=O)c1c(-c2cccc(CC(CC)CNC(=O)OC(C)(C)C)c2)nc(C)n1C,,random_balanced,BB-0979,BB-1768,0,0,0.7429096972294004
BB-1933 BB-0883,"[1933, 883]",[107],COc1ccc(C(O)(CCCl)c2ccccc2F)c(CNC(=O)OC(C)(C)C)c1,,random_balanced,BB-1933,BB-0883,0,0,0.37919493086256584
BB-1608 BB-1670,"[1608, 1670]",[96],CC(C)(C)OC(=O)N(c1ccc(-c2ccco2)cc1F)C(C)(/C=C/c1ccc([N+](=O)[O-])cc1)C(=O)O,,random_balanced,BB-1608,BB-1670,0,1,0.6318863200858298
BB-1183 BB-1892,"[1183, 1892]",[0],CCc1ccc(C=CS(=O)(=O)c2cccc(OC)c2NNC(=O)OC(C)(C)C)[nH]1,,random_balanced,BB-1183,BB-1892,0,0,0.5960347888423285
BB-2187 BB-0203,"[2187, 203]",[96],CC1CCN(C(=O)c2ccc(N(C(=O)OC(C)(C)C)C3(C(=O)O)CC4(CCCC4NC(=O)OC(C)(C)C)C3)cc2)CC1,,random_balanced,BB-2187,BB-0203,1,1,0.45214677855310326
BB-2107 BB-1919,"[2107, 1919]",[68],CN(C)c1nc(C=O)c(Sc2cnn(C)c2NC(=O)OC(C)(C)C)n1-c1ccc(Br)cc1,,random_balanced,BB-2107,BB-1919,2,0,0.6849779638807163
BB-1798 BB-0336,"[1798, 336]",[68],Cn1c(NC(=O)OC(C)(C)C)nc2cc(C(=O)O)cc(Sc3ccc(-n4cnnn4)cc3NC(=O)OC(C)(C)C)c21,,random_balanced,BB-1798,BB-0336,0,0,0.35758635562218205
BB-2039 BB-2097,"[2039, 2097]",[68],COc1ccc(Sc2cccc(NC(=O)OC(C)(C)C)c2O)c(CCNC(=O)OC(C)(C)C)c1,,random_balanced,BB-2039,BB-2097,1,2,0.4526904838116556
BB-0705 BB-0284,"[705, 284]",[39],CC(C)(C)OC(=O)NN=C(c1ccccc1)C(C(=O)O)(c1ccccc1)N(CCNO)C(=O)OC(C)(C)C,,random_balanced,BB-0705,BB-0284,0,0,0.3057188036397533
BB-0505 BB-1175,"[505, 1175]",[28],CC(C)(C)OC(=O)Nc1c(C(=O)N2CCOC(c3ccc(Cl)cn3)C2)cnc2ncnn12,,random_balanced,BB-0505,BB-1175,0,0,0.675534968011437
BB-1277 BB-1519,"[1277, 1519]",[96],Cc1nc2c(CN(C(=O)OC(C)(C)C)C3(C(=O)O)CCCc4oc(=O)c(C(N)=O)cc43)c(F)ccc2[nH]1,,random_balanced,BB-1277,BB-1519,1,0,0.5731884355755863
BB-2090 BB-0110,"[2090, 110]",[107],CC(NC(=O)OC(C)(C)C)c1cc(C(O)(c2cccc(Br)c2)C(F)F)cc2c1OCC2,,random_balanced,BB-2090,BB-0110,0,1,0.7406910396943622
BB-1617 BB-0698,"[1617, 698]",[103],CC(C)(C)OC(=O)NC(c1ccccc1)C(C(=O)OC(C)(C)C)C(=O)C1(F)CNCC12CCC2,,random_balanced,BB-1617,BB-0698,1,0,0.6308567765509501
BB-2181 BB-1345,"[2181, 1345]",[96],CCOC(=O)C(C(=O)O)(c1sc(C)cc1Br)N(CCN1C(=O)c2ccccc2S1(=O)=O)C(=O)OC(C)(C)C,,random_balanced,BB-2181,BB-1345,0,1,0.37721609875725304
BB-0116 BB-0492,"[116, 492]",[96],COc1cc(Br)cc(C(C)(C(=O)O)N(C(=O)OC(C)(C)C)C(c2ccc(F)cc2)c2noc(C)n2)c1O,,random_balanced,BB-0116,BB-0492,0,1,0.4835687992613287
BB-2183 BB-0961,"[2183, 961]",[98],CC(C)(C)OC(=O)Nc1nc(O)nc(COC(=O)CCc2nnc(CNC(=O)OCC3c4ccccc4-c4ccccc43)s2)n1,,random_balanced,BB-2183,BB-0961,0,0,0.07840795095563852
BB-1291 BB-1467,"[1291, 1467]",[68],CC(C)(C)OC(=O)NNC(=O)c1c(F)cccc1Sc1cccc(-c2c[nH]c(=S)o2)c1,,random_balanced,BB-1291,BB-1467,0,0,0.6178509637960791
BB-0353 BB-0844,"[353, 844]",[96],Cc1ccc(C(C)(C(=O)O)N(C(=O)OC(C)(C)C)C2C3CCOC3C23CCC3)c(O)c1C,,random_balanced,BB-0353,BB-0844,1,2,0.4130945836539829
BB-1089 BB-0067,"[1089, 67]",[68],CCCCn1c(NC(=O)OC(C)(C)C)c(Sc2ccccc2-n2nc(C)c3cc(C(=O)O)sc32)c(=O)[nH]c1=O,,random_balanced,BB-1089,BB-0067,0,0,0.44721589625397695
BB-0953 BB-0547,"[953, 547]",[93],CC(C)N1CCC(n2cc(C(O)CNC(=O)OC(C)(C)C)nn2)CC1,,random_balanced,BB-0953,BB-0547,0,1,0.324519115681963
BB-1673 BB-0335,"[1673, 335]",[96],COc1cccc2c1C(C(=O)O)CC2(C(=O)O)N(C(=O)OC(C)(C)C)C(C)[C@@H]1C[C@H]1c1ccccc1,,random_balanced,BB-1673,BB-0335,0,0,0.5534627318789747
BB-1332 BB-1975,"[1332, 1975]",[10],CC(C)(C)OC(=O)NCc1cc(OC(F)(F)F)cc(Sc2ccc(N3CCNCC3)cc2)c1,,random_balanced,BB-1332,BB-1975,0,0,0.13769660150969945
BB-2179 BB-1473,"[2179, 1473]",[25],Cc1cc(F)c(CN(c2ccc(NC(=O)OC(C)(C)C)cc2)c2ncccn2)cc1[N+](=O)[O-],,random_balanced,BB-2179,BB-1473,0,0,0.3766386381597356
BB-2165 BB-1414,"[2165, 1414]",[96],CCC1Oc2c(F)cc(Br)cc2C1(C(=O)O)N(CC(C)(CC)N1CCOCC1)C(=O)OC(C)(C)C,,random_balanced,BB-2165,BB-1414,0,0,0.4263614078788824
BB-1237 BB-1176,"[1237, 1176]",[12],CC1(C)CC(=O)CC(NCc2ccccc2)(Oc2c([N+](=O)[O-])cccc2S(=O)(=O)NC(=O)OC(C)(C)C)C1,,random_balanced,BB-1237,BB-1176,2,0,0.4143838661490169
BB-2003 BB-1424,"[2003, 1424]",[39],CC(C)(C)OC(=O)Nc1nc2c(o1)CCCC2(C(=O)O)N1CCCCC1c1nccs1,,random_balanced,BB-2003,BB-1424,0,0,0.7995070629810853
BB-1282 BB-0721,"[1282, 721]",[96],COCC(=O)Nc1cccc(CN(C(=O)OC(C)(C)C)C2(C(=O)O)CCC3CN(C(C)=O)c4cccc2c43)c1,,random_balanced,BB-1282,BB-0721,0,0,0.652727695724312
BB-2015 BB-1708,"[2015, 1708]",[50],CC(C)(C)OC(=O)NC1CCC(O)(Cc2cccc(C=O)c2)c2cc(Br)ccc21,,random_balanced,BB-2015,BB-1708,2,0,0.8019908843775244
BB-1994 BB-0388,"[1994, 388]",[62],CC(C)(C)OC(=O)NC(CO)Cc1ccccc1N1CC(N2CCN(C(=O)OC(C)(C)C)CC2)C1,,random_balanced,BB-1994,BB-0388,2,0,0.4052413374232586
BB-1953 BB-0915,"[1953, 915]",[96],Cc1cc(Cl)cc2c1OCCCC2(C(=O)O)N(C(=O)OC(C)(C)C)[C@H](C)c1coc2c(F)cccc12,,random_balanced,BB-1953,BB-0915,0,0,0.4445645678747725
BB-0730 BB-0317,"[730, 317]",[31],Cc1c(OC(C)C(NC(=O)OC(C)(C)C)c2ccccc2F)c(C(=O)NNC(=O)OC(C)(C)C)nn1C,,random_balanced,BB-0730,BB-0317,0,0,0.442359924454042
BB-0979 BB-1418,"[979, 1418]",[10],CCC(CNC(=O)OC(C)(C)C)Cc1cccc(Sc2ccc(C(=O)NC)s2)c1,,random_balanced,BB-0979,BB-1418,1,0,0.5470199371591303
BB-0741 BB-1005,"[741, 1005]",[10],Cc1cc(C)c(S(=O)(=O)NC(=O)OC(C)(C)C)cc1SCC(=O)C(C#N)=C1Nc2ccccc2N1C,,random_balanced,BB-0741,BB-1005,0,2,0.211133162352766
BB-0882 BB-0102,"[882, 102]",[96],CCCc1ccc(N(C(=O)OC(C)(C)C)C(C)(C(=O)O)C23CC(c4ccccc4)(C2)C3(F)F)c(C#N)c1,,random_balanced,BB-0882,BB-0102,0,1,0.4421501828959936
BB-2130 BB-1257,"[2130, 1257]",[103],C=CCCC(=O)C1(C(=O)NCCNC(=O)OC(C)(C)C)CCCC1,,random_balanced,BB-2130,BB-1257,1,0,0.687695251994273
BB-1921 BB-1972,"[1921, 1972]",[96],CCOc1ccc(C(C)(C(=O)O)N(C(=O)OC(C)(C)C)c2ccc(OC3CCN(C)CC3)nc2)cc1S(=O)(=O)NC(=O)OC(C)(C)C,,random_balanced,BB-1921,BB-1972,1,1,0.24484917616580704
BB-0943 BB-0562,"[943, 562]",[40],C=CC(F)(F)COC(=O)C#CC(C)NC(=O)OC(C)(C)C,,random_balanced,BB-0943,BB-0562,0,0,0.36526877960072324
BB-2122 BB-1117,"[2122, 1117]",[49],CCN1CCC(NC(=O)OC(C)(C)C)(C(=O)CC(=O)c2ccc(Br)cc2)CC1,,random_balanced,BB-2122,BB-1117,1,2,0.6946771676755413
BB-1666 BB-1002,"[1666, 1002]",[28],CN(C(=O)c1c[nH]c(C2(NC(=O)OC(C)(C)C)CCOCC2)n1)C1CCOC(c2ccc(F)cc2)C1,,random_balanced,BB-1666,BB-1002,0,0,0.6371486522023468
BB-0906 BB-2052,"[906, 2052]",[96],CC(C)(C)OC(=O)NC1CCC(C(=O)O)(N(Cc2cccnc2P(C)(C)=O)C(=O)OC(C)(C)C)c2cc(OC(F)F)ccc21,,random_balanced,BB-0906,BB-2052,0,0,0.4577784658122738
BB-0822 BB-0101,"[822, 101]",[96],CCCCO/C=C/C(C(=O)O)(N(C(=O)OC(C)(C)C)c1cc(C)ccc1NC(C)=O)C(F)(F)F,,random_balanced,BB-0822,BB-0101,0,0,0.5198589298956519
BB-0350 BB-0468,"[350, 468]",[96],CC(C)(C)OC(=O)N(c1nnc2[nH]cnn12)C(C)(C(=O)O)C(C#N)c1cccc(Br)c1,,random_balanced,BB-0350,BB-0468,0,1,0.16958264207930626
BB-2091 BB-0593,"[2091, 593]",[39],CC(C)(C)OC(=O)NCCN(CC(=O)OC(CNC(=O)OC(C)(C)C)(CC1CC1)C(=O)O)C(=O)OCC1c2ccccc2-c2ccccc21,,random_balanced,BB-2091,BB-0593,0,0,0.15422184310268167
BB-2131 BB-1034,"[2131, 1034]",[28],Cc1nn(CC(C)C)c(Cl)c1C1CCCN1C(=O)C(C)(Cn1cccn1)NC(=O)OC(C)(C)C,,random_balanced,BB-2131,BB-1034,0,0,0.692895211341404
BB-0080 BB-1241,"[80, 1241]",[96],CCCCC(C(=O)O)(c1ccc(C)cc1O)N(C(=O)OC(C)(C)C)C(CCCOC)Cc1ccccc1,,random_balanced,BB-0080,BB-1241,1,1,0.308289618293089
BB-0714 BB-0204,"[714, 204]",[22],CCc1noc(CC2CCOC3(CCN(C(=O)C(=O)N4CCC(n5cnc(C(N)=O)c5NC(=O)OC(C)(C)C)CC4)CC3)C2)n1,,random_balanced,BB-0714,BB-0204,1,0,0.39281980953731016
BB-1361 BB-0723,"[1361, 723]",[96],COC(=O)c1c(C(C)(C)C)nsc1N(C(=O)OC(C)(C)C)C1(C(=O)O)CCN(C(=O)OCc2ccccc2)CC1CC#N,,random_balanced,BB-1361,BB-0723,0,1,0.5044848099494608
BB-1613 BB-1974,"[1613, 1974]",[27],CC(C)(C)OC(=O)Nc1c(F)c(F)c(-c2noc(C[C@H]3C[C@@H](NC(=O)OC(C)(C)C)C3)n2)c(F)c1F,,random_balanced,BB-1613,BB-1974,1,1,0.49103857149832586
BB-2179 BB-0639,"[2179, 639]",[22],COc1ccccc1C1CN(C(=O)C(=O)N(c2ccc(NC(=O)OC(C)(C)C)cc2)c2ncccn2)CCO1,,random_balanced,BB-2179,BB-0639,1,0,0.10960328046902369
BB-2156 BB-0057,"[2156, 57]",[96],Cc1ccccc1NC(=O)CC(C)(C(=O)O)N(C(=O)OC(C)(C)C)C1CCN(C(=O)c2ccco2)CC1,,random_balanced,BB-2156,BB-0057,1,0,0.5179902043472643
BB-2109 BB-1794,"[2109, 1794]",[96],COC(=CC(C(=O)O)(N(C(=O)OC(C)(C)C)c1ccc(F)c(OCC(F)(F)F)c1)C(F)(F)F)OC,,random_balanced,BB-2109,BB-1794,0,0,0.38083756734265256
BB-0519 BB-2071,"[519, 2071]",[96],CC(C)CC(CNC(=O)OC(C)(C)C)(C(=O)O)N(C(=O)OC(C)(C)C)c1cc(F)cc(C(=O)OC(C)(C)C)c1,,random_balanced,BB-0519,BB-2071,0,1,0.3406139003627731
BB-1645 BB-1776,"[1645, 1776]",[31],Cc1ccc([C@@H]2C[C@H]2C(=O)O)c(OCCSCCC(NC(=O)OC(C)(C)C)C(=O)O)n1,,random_balanced,BB-1645,BB-1776,0,0,0.42162344857096606
BB-0085 BB-1714,"[85, 1714]",[96],CC(C)(C)OC(=O)Nc1ccccc1N(C(=O)c1ccncc1)C(C)(CCc1cccc(C(F)(F)F)c1)C(=O)O,,random_balanced,BB-0085,BB-1714,0,1,0.5842046282251876
BB-2152 BB-1508,"[2152, 1508]",[48],C=C(C[C@H](C)O)CC1(NC(=O)OC(C)(C)C)CCC1,,random_balanced,BB-2152,BB-1508,0,1,0.2744376296152805
BB-2041 BB-0411,"[2041, 411]",[68],COc1ccc(OCCSc2cc(NC(=O)OC(C)(C)C)c(C)cc2F)cc1OC,,random_balanced,BB-2041,BB-0411,1,0,0.3184370790216646
BB-1010 BB-0895,"[1010, 895]",[10],CC(C)(C)OC(=O)Nc1c(F)cc(F)c(F)c1Sc1ccc2nc(C=Cc3cccs3)cc(C(=O)O)c2c1,,random_balanced,BB-1010,BB-0895,0,1,0.3302430576786044
BB-0814 BB-0997,"[814, 997]",[31],COc1ccc(OCc2ccc(C)cn2)c(C(C)NC(=O)OC(C)(C)C)c1,,random_balanced,BB-0814,BB-0997,0,0,0.5609343845039428
BB-0346 BB-1840,"[346, 1840]",[96],CCC(C)(C)c1cc(C(C)=O)c(O)c(C(C)(C(=O)O)N(C(=O)OC(C)(C)C)C(CC(C)C)c2nnc3ccccn23)c1,,random_balanced,BB-0346,BB-1840,0,1,0.42040100676843634
BB-1101 BB-0116,"[1101, 116]",[39],CCOC(=O)c1c(NC(=O)OC(C)(C)C)sc(C(C)(C(=O)O)N(C(=O)OC(C)(C)C)C(c2ccc(F)cc2)c2noc(C)n2)c1C,,random_balanced,BB-1101,BB-0116,0,1,0.38646901512196147
BB-1477 BB-0365,"[1477, 365]",[96],CCN(C1CC1)S(=O)(=O)N(C(=O)OC(C)(C)C)C(CBr)(C(=O)O)[C@@H](COCc1ccccc1)NC(=O)OC(C)(C)C,,random_balanced,BB-1477,BB-0365,0,1,0.35960783291891346
BB-2078 BB-0652,"[2078, 652]",[74],COCc1ccc(NC(=O)OC(C)(C)C)cc1S(=O)(=O)C(C(=O)OC)=C1CC1,,random_balanced,BB-2078,BB-0652,0,0,0.6867816816820418
BB-1759 BB-1765,"[1759, 1765]",[28],CC(C)(C)OC(=O)Nc1cc(F)c(C(=O)N2Cc3cc(F)c(Br)cc3C2)cc1F,,random_balanced,BB-1759,BB-1765,0,0,0.49970926986899245
BB-2106 BB-1466,"[2106, 1466]",[96],CC(C)(C)OC(=O)N(C1CCC12CCC2)C1(C(=O)O)CCC(O)(c2cccc(Cl)c2)CC1,,random_balanced,BB-2106,BB-1466,0,1,0.47907964907883804
BB-1271 BB-0468,"[1271, 468]",[47],CC(=O)C(C#N)c1cccc(-c2ccc(OCn3ccc(C(=O)NNC(=O)OC(C)(C)C)n3)cc2)c1,,random_balanced,BB-1271,BB-0468,1,2,0.14996234053233248
BB-0425 BB-1574,"[425, 1574]",[50],CC(C)(C)OC(=O)Nc1ccc(C(O)c2cn[nH]c2NC(=O)OC(C)(C)C)cc1C(F)(F)F,,random_balanced,BB-0425,BB-1574,1,0,0.5189070454337462
BB-0902 BB-0651,"[902, 651]",[96],Cc1cccc(N2CCN(CCCN(C(=O)OC(C)(C)C)C(CBr)(C(=O)O)c3ccc(OCc4ccccc4)c([N+](=O)[O-])c3)CC2)c1,,random_balanced,BB-0902,BB-0651,1,1,0.2854929073245314
BB-0931 BB-0271,"[931, 271]",[96],Cc1cc(N(C(=O)OC(C)(C)C)C2(C(=O)O)CC(C)(C)Oc3cnc(Br)cc32)c(C)nn1,,random_balanced,BB-0931,BB-0271,1,1,0.24474796710162874
BB-1950 BB-0013,"[1950, 13]",[27],CC(C)(C)OC(=O)Nc1ncc2c(c1-c1noc([C@H](CCC(=O)O)NC(=O)OC(C)(C)C)n1)CCOC2,,random_balanced,BB-1950,BB-0013,1,1,0.33873932507212046
BB-2184 BB-0025,"[2184, 25]",[74],COCn1ncc(S(=O)(=O)C(C(=O)OC)C(C)c2ccccc2)c1S(=O)(=O)NC(=O)OC(C)(C)C,,random_balanced,BB-2184,BB-0025,0,0,0.5162914371400463
BB-0316 BB-0296,"[316, 296]",[10],CC(C)(C)OC(=O)N[C@H](CC(=O)O)Cc1ccccc1Sc1nccc2c1S(=O)(=O)NCCN2,,random_balanced,BB-0316,BB-0296,1,0,0.5260038430845209
BB-0155 BB-0087,"[155, 87]",[96],CC(C)(C)OC(=O)N(C(CC(=O)O)c1ccc(F)cc1)C1(C(=O)O)CCN(Cc2cccs2)CC1,,random_balanced,BB-0155,BB-0087,0,1,0.48943296417971976
BB-2000 BB-1159,"[2000, 1159]",[68],Cn1cc(Sc2ccc(CC(=O)O)cc2O)c(NC(=O)OC(C)(C)C)n1,,random_balanced,BB-2000,BB-1159,1,0,0.6618695801082368
BB-0081 BB-1414,"[81, 1414]",[107],CCC1Oc2c(F)cc(Br)cc2C1(O)c1ccc(-n2nc(C)cc2NC(=O)OC(C)(C)C)cc1,,random_balanced,BB-0081,BB-1414,1,1,0.734771257171495
BB-2198 BB-0168,"[2198, 168]",[96],Cn1nccc1-c1ccc(N(C(=O)OC(C)(C)C)C(CCCC(=O)O)(C(=O)O)c2ccccc2NC(=O)OC(C)(C)C)cc1F,,random_balanced,BB-2198,BB-0168,0,0,0.4448060242799276
BB-1958 BB-1135,"[1958, 1135]",[4],CCCN(c1ccncc1NC(=O)OC(C)(C)C)c1ccc(NNC(=O)OC(C)(C)C)c(C)c1C,,random_balanced,BB-1958,BB-1135,0,0,0.38163162590013355
BB-2129 BB-0286,"[2129, 286]",[96],CCc1nc(C)c(N(C(=O)OC(C)(C)C)C(C)(CC(=O)N2CCC(C(=O)OC)CC2)C(=O)O)s1,,random_balanced,BB-2129,BB-0286,0,0,0.6179909436962068
BB-1792 BB-1213,"[1792, 1213]",[96],CC#CC1(N(C(=O)OC(C)(C)C)C2(C(=O)O)C(=O)Nc3cc(C)cc(C)c32)COC1,,random_balanced,BB-1792,BB-1213,0,0,0.38559081834167047
BB-2193 BB-1628,"[2193, 1628]",[96],CC(Cc1cn(C)cn1)N(C(=O)OC(C)(C)C)C(CBr)(C(=O)O)c1cn(C)c2ccccc12,,random_balanced,BB-2193,BB-1628,0,1,0.5234361149157781
BB-2120 BB-0379,"[2120, 379]",[96],C[C@@H]1CN(c2ccc(N(C(=O)OC(C)(C)C)C3(C(=O)O)CCNc4ccc(C(=O)O)cc43)cc2)C[C@H](C)O1,,random_balanced,BB-2120,BB-0379,0,1,0.6205724937248114
BB-0956 BB-1588,"[956, 1588]",[91],CN(C1CC(CNC(=O)OC(C)(C)C)CCC1C(=O)O)C(CC(=O)O)C(F)(F)F,,random_balanced,BB-0956,BB-1588,0,0,0.6545917250102222
BB-0145 BB-0037,"[145, 37]",[107],CC(C)(C)OC(=O)Nc1ccc(C(O)(CC(=O)c2ccc([N+](=O)[O-])cc2)C(F)(F)F)c(F)c1CO,,random_balanced,BB-0145,BB-0037,1,0,0.4708328790463781
BB-1447 BB-0698,"[1447, 698]",[62],CCOC(=O)C1(F)CN(c2ccccc2C2CC(NC(=O)OC(C)(C)C)(C(=O)OC)C2)CC12CCC2,,random_balanced,BB-1447,BB-0698,1,1,0.7214121986010656
BB-1972 BB-1619,"[1972, 1619]",[50],CCOc1ccc(C(C)(O)c2c(C3CC3)nc3onc(C)c3c2C(=O)O)cc1S(=O)(=O)NC(=O)OC(C)(C)C,,random_balanced,BB-1972,BB-1619,2,0,0.7181809510849058
BB-0144 BB-1069,"[144, 1069]",[96],Cc1ccc(N(C(=O)OC(C)(C)C)C2(C(=O)O)CCCC2=Cc2cccc([N+](=O)[O-])c2)cc1-c1ccccc1,,random_balanced,BB-0144,BB-1069,2,0,0.545009776480455
BB-0425 BB-0177,"[425, 177]",[50],CCCOc1cccc(CC(O)c2cn[nH]c2NC(=O)OC(C)(C)C)c1,,random_balanced,BB-0425,BB-0177,2,0,0.6614023475828155
BB-1897 BB-0449,"[1897, 449]",[31],CC(Oc1ccc(O)c([N+](=O)[O-])c1)c1ccc(S(=O)(=O)NC(=O)OC(C)(C)C)cc1,,random_balanced,BB-1897,BB-0449,0,0,0.23245425260781036
BB-2113 BB-0391,"[2113, 391]",[96],CC(C)(C)OC(=O)N(OCC1(F)CCC1)C1(C(=O)O)CCCCC1CCCC1CC1,,random_balanced,BB-2113,BB-0391,0,1,0.48327366661891413
BB-0015 BB-1160,"[15, 1160]",[68],Cc1ccc(C(NC(=O)OC(C)(C)C)c2ccc(F)cc2Sc2ccccc2C(=O)Nc2ccc(O)cc2)cc1,,random_balanced,BB-0015,BB-1160,0,0,0.45535553682065133
BB-2082 BB-1872,"[2082, 1872]",[58],Cc1noc(NC(=O)OC(C)(C)C)c1C=CS(=O)(=O)c1ccc2nccc(O)c2c1,,random_balanced,BB-2082,BB-1872,1,0,0.5468440733887474
BB-0921 BB-0934,"[921, 934]",[96],COc1c(Cl)ccc2c1NC(=O)C2(C(=O)O)N(C(=O)OC(C)(C)C)C1CCCN(c2ccccc2F)C1=O,,random_balanced,BB-0921,BB-0934,2,1,0.6074554178306801
BB-0576 BB-1927,"[576, 1927]",[96],CN(C(=O)C(CC1CCCCC1)NC(=O)OC(C)(C)C)C1(C(=O)O)CCCOC1C(C)(C)C,,random_balanced,BB-0576,BB-1927,1,0,0.5897699733939313
BB-1303 BB-1274,"[1303, 1274]",[62],C/C=C(/CNC(=O)OC(C)(C)C)N1CCc2nc(C)n(C)c2C1,,random_balanced,BB-1303,BB-1274,1,0,0.6691521699501389
BB-0213 BB-1140,"[213, 1140]",[96],CCn1cc(N2CCC(C(=O)O)(N(C(=O)OC(C)(C)C)c3ccc(N4CCCS4(=O)=O)c(C)c3)CC2=O)cn1,,random_balanced,BB-0213,BB-1140,0,1,0.524556951479463
BB-1948 BB-0173,"[1948, 173]",[62],CCC(=O)c1ccc(N(CC(=O)Nc2ccccc2)c2cc(C)cc(C)c2)c(NC(=O)OC(C)(C)C)c1,,random_balanced,BB-1948,BB-0173,1,0,0.3316526294379235
BB-2153 BB-1609,"[2153, 1609]",[31],CCC(OCC1(NC(=O)OC(C)(C)C)COCC12CCC2)c1ccc(Br)cc1,,random_balanced,BB-2153,BB-1609,0,1,0.5809225565295616
BB-0311 BB-2026,"[311, 2026]",[96],Cc1cc2nccc(N(C(=O)OC(C)(C)C)C3(C(=O)O)CC(C)(C)CC(NC(=O)OC(C)(C)C)=C3Br)n2n1,,random_balanced,BB-0311,BB-2026,0,1,0.6064067316333197
BB-0413 BB-1029,"[413, 1029]",[96],COc1ccc(N(C(=O)OC(C)(C)C)C2(C(=O)O)c3cc(Br)ccc3CC2C(F)(F)F)cc1-n1nnnc1C,,random_balanced,BB-0413,BB-1029,0,0,0.5518400906811493
BB-0682 BB-0673,"[682, 673]",[49],CSc1nn(C)c(NC(=O)OC(C)(C)C)c1C(=O)c1ccccc1C1(O)CCNCC1,,random_balanced,BB-0682,BB-0673,0,0,0.6512237802653414
BB-1053 BB-1362,"[1053, 1362]",[96],CC(C)(C)OC(=O)N(C1COc2ccccc2C1)C(C)(C(=O)O)c1c(Cl)cccc1Cl,,random_balanced,BB-1053,BB-1362,0,0,0.45990360965787
BB-0201 BB-0030,"[201, 30]",[22],CN(C(=O)C(=O)N1CCC(n2cc(C(F)(F)F)cn2)CC1)S(=O)(=O)N1CCC(NC(=O)OC(C)(C)C)CC1,,random_balanced,BB-0201,BB-0030,0,0,0.1497354346755045
BB-1041 BB-1710,"[1041, 1710]",[96],CCC1CCCC(CN(C(=O)OC(C)(C)C)C(CCl)(C(=O)O)C(C#N)=C2C=CN(C)C=C2)CC1,,random_balanced,BB-1041,BB-1710,1,0,0.5887102393882657
BB-2149 BB-1023,"[2149, 1023]",[96],COc1c(F)ccc(N(C(=O)OC(C)(C)C)C(CNC(=O)OC(C)(C)C)(C(=O)O)c2ccc([N+](=O)[O-])cc2)c1F,,random_balanced,BB-2149,BB-1023,0,2,0.3974904111332518
BB-2130 BB-1701,"[2130, 1701]",[96],CC(C)(C)OC(=O)NC1CC(C(=O)O)(N(CCNC(=O)C2CCCC2)C(=O)OC(C)(C)C)C12CC(C(F)F)C2,,random_balanced,BB-2130,BB-1701,2,0,0.6346131959980122
BB-2060 BB-1386,"[2060, 1386]",[96],CN(C)/C=C1\OCCN(C(=O)OC(C)(C)C)CC1(C(=O)O)N(CC1(CCl)CCOCC1)C(=O)OC(C)(C)C,,random_balanced,BB-2060,BB-1386,1,2,0.2799663390280158
BB-0983 BB-1837,"[983, 1837]",[61],CC(C)(C)OC(=O)NC(C(=O)N1CCCN(c2ccc(C#N)cc2F)CC1)c1ccc2ccccc2c1,,random_balanced,BB-0983,BB-1837,0,0,0.6930223336587162
BB-2046 BB-1256,"[2046, 1256]",[104],COc1cc(-c2cnc3ccccc3n2)c(CCNC(=O)OC(C)(C)C)cc1O,,random_balanced,BB-2046,BB-1256,1,0,0.6811471499291022
BB-1011 BB-0287,"[1011, 287]",[12],COC(=O)C1Cc2c(OC3(c4ccccc4)C(C(=O)O)SC4=NS(=O)(=O)CCN43)cccc2C1NC(=O)OC(C)(C)C,,random_balanced,BB-1011,BB-0287,0,0,0.3931642305532761
BB-0722 BB-0062,"[722, 62]",[68],Cc1ccc(Sc2cnc3ccsc3c2O)nc1NC(=O)OC(C)(C)C,,random_balanced,BB-0722,BB-0062,2,1,0.5905887849853021
BB-0559 BB-1996,"[559, 1996]",[96],Cc1nc(C)c2c(C)c(C(C)(C(=O)O)N(C(=O)OC(C)(C)C)c3cc(C(F)(F)F)ncc3Br)sc2n1,,random_balanced,BB-0559,BB-1996,0,1,0.6984240801310498
BB-0925 BB-1055,"[925, 1055]",[96],COCC(C)(C)CC(C(=O)O)(c1ccc2c(c1)OCC2(C)C)N(C(=O)OC(C)(C)C)c1cncc(-c2cnn(C3CCCCO3)c2)c1,,random_balanced,BB-0925,BB-1055,0,0,0.1499642066847799
BB-0672 BB-0263,"[672, 263]",[10],COC(=O)c1ccc2c(c1)nc(Sc1cnc(CNC(=O)OC(C)(C)C)s1)c1ncncc12,,random_balanced,BB-0672,BB-0263,1,0,0.1040028796614983
BB-1897 BB-1497,"[1897, 1497]",[98],Cc1nc2ccc(Br)cc2c(C)c1C(=O)OC(C)c1ccc(S(=O)(=O)NC(=O)OC(C)(C)C)cc1,,random_balanced,BB-1897,BB-1497,1,0,0.5019558804409775
BB-1118 BB-0560,"[1118, 560]",[96],Cc1nc(N(C(=O)OC(C)(C)C)C2(C(=O)O)C=C(c3cccc(CO)n3)CCC2)ccc1-c1cnn(C)c1,,random_balanced,BB-1118,BB-0560,0,2,0.5068541079915688
BB-0246 BB-1783,"[246, 1783]",[96],CCC1CCC(NC(=O)OC(C)(C)C)(C2=NCCN2C2(C(=O)O)CC3(CC4CCCC(C3)N4C(=O)OC(C)(C)C)C2)CC1,,random_balanced,BB-0246,BB-1783,0,2,0.4484181114932224
BB-2161 BB-0612,"[2161, 612]",[103],Cc1c(NC(=O)OC(C)(C)C)cccc1N1C(=O)NCC(C(=O)CCCC(=O)Cl)C1=O,,random_balanced,BB-2161,BB-0612,1,0,0.7017503878052055
BB-0873 BB-1555,"[873, 1555]",[96],CCOC(=O)C1(C)C=CC(C(=O)O)(N(C(=O)OC(C)(C)C)C2(c3nc(COC)no3)CCOCC2)CC1,,random_balanced,BB-0873,BB-1555,0,1,0.6317295950133086
BB-0246 BB-0708,"[246, 708]",[96],CCC1CCC(C2=NCCN2)(N(C(=O)OC(C)(C)C)C2(C(=O)O)CC3(CCCCC3)CC2C(=O)OC)CC1,,random_balanced,BB-0246,BB-0708,1,0,0.4384874657358666
BB-2171 BB-1663,"[2171, 1663]",[96],CC(C)C1CC(N(C(=O)OC(C)(C)C)C2(C(=O)O)CCCc3oc(=O)c(C(=O)O)cc32)CO1,,random_balanced,BB-2171,BB-1663,1,1,0.40128423268536434
BB-0664 BB-1099,"[664, 1099]",[28],CN(C)C(=O)C1c2cnn(C)c2CCN1C(=O)Cc1nnc(CNC(=O)OC(C)(C)C)s1,,random_balanced,BB-0664,BB-1099,1,0,0.3681278684531841
BB-1557 BB-0429,"[1557, 429]",[96],CC(C)(C)OC(=O)N([C@H]1CCCN(Cc2ccccc2)C1)C(C)(Cc1ccncc1)C(=O)O,,random_balanced,BB-1557,BB-0429,2,1,0.6809619830188658
BB-2032 BB-0494,"[2032, 494]",[109],COc1cc(C#Cc2ccc(CSC)cc2NC(=O)OC(C)(C)C)cc(OC)c1C=O,,random_balanced,BB-2032,BB-0494,0,0,0.5099126529524467
BB-1240 BB-1326,"[1240, 1326]",[96],COc1cccc(C(C(=O)O)(c2ccc(C(=O)O)cc2)n2cnc3c(CNC(=O)OC(C)(C)C)c(F)ccc32)c1,,random_balanced,BB-1240,BB-1326,1,0,0.5840194789436104
BB-2152 BB-0206,"[2152, 206]",[96],C=CCC1(N(C(=O)OC(C)(C)C)C2(C(=O)O)CCC(c3cncc(F)c3)C2)CCC1,,random_balanced,BB-2152,BB-0206,1,0,0.38690929534846463
BB-0334 BB-0084,"[334, 84]",[28],COC(=O)c1cn(C2CCN(C(=O)c3cnn4c(-c5cccc(NC(=O)OC(C)(C)C)c5)ccnc34)C2)nn1,,random_balanced,BB-0334,BB-0084,0,0,0.06370748795852614
BB-1265 BB-0826,"[1265, 826]",[96],CCCC1Oc2ccc(C)cc2C1(C(=O)O)N(CC(O)c1csc(C)n1)C(=O)OC(C)(C)C,,random_balanced,BB-1265,BB-0826,1,1,0.4411438923745004
BB-0831 BB-1663,"[831, 1663]",[96],CC(C)(C)OC(=O)N(c1nccn(C2CC2)c1=O)C1(C(=O)O)CCCc2oc(=O)c(C(=O)O)cc21,,random_balanced,BB-0831,BB-1663,1,2,0.35236936093852594
BB-0519 BB-1884,"[519, 1884]",[96],CCOC(=O)CC(C(=O)O)(N(C(=O)OC(C)(C)C)c1cc(F)cc(C(=O)OC(C)(C)C)c1)C(F)(F)Cl,,random_balanced,BB-0519,BB-1884,1,0,0.5853258310898938
BB-0960 BB-1731,"[960, 1731]",[68],COC(=O)c1cc(Sc2ccc(OC)c(C(CO)NC(=O)OC(C)(C)C)c2)c(OC)cc1C,,random_balanced,BB-0960,BB-1731,0,0,0.477151023296504
BB-2137 BB-0746,"[2137, 746]",[96],CC(C)CC1CCC(C(=O)O)(N(CC(C)(C)CC(F)F)C(=O)OC(C)(C)C)C1,,random_balanced,BB-2137,BB-0746,1,0,0.3129707713427587
BB-0112 BB-0101,"[112, 101]",[96],CCCCO/C=C/C(C(=O)O)(N(C(=O)OC(C)(C)C)c1cc(C2CC2)n(C)n1)C(F)(F)F,,random_balanced,BB-0112,BB-0101,0,1,0.6807149165510358
BB-0873 BB-1562,"[873, 1562]",[96],COCc1noc(C2(N(C(=O)OC(C)(C)C)C(CCC(=O)O)(C(=O)O)c3cc(Br)c(C)cc3O)CCOCC2)n1,,random_balanced,BB-0873,BB-1562,1,1,0.4465028972146081
BB-1270 BB-0220,"[1270, 220]",[107],CC(C)(C)OC(=O)NNc1cc(F)c(C(O)c2cnn(C3CC3)c2)cc1Cl,,random_balanced,BB-1270,BB-0220,0,0,0.4572712212579413
BB-2010 BB-0853,"[2010, 853]",[39],COc1ccc2c(c1)C(N(C(=O)OC(C)(C)C)C1(C(=O)O)CCc3c1cc1c(c3NC(=O)OC(C)(C)C)CCC1)C(OC)CC2,,random_balanced,BB-2010,BB-0853,1,0,0.4676812055313259
BB-2105 BB-0997,"[2105, 997]",[31],Cc1ccc(COc2cccc(O)c2NC(=O)OC(C)(C)C)nc1,,random_balanced,BB-2105,BB-0997,0,1,0.5067338885279045
BB-2114 BB-1321,"[2114, 1321]",[28],CCN(Cc1cccc(-c2ccncc2)c1)C(=O)C1(NC(=O)OC(C)(C)C)CC(C(F)F)C1,,random_balanced,BB-2114,BB-1321,0,1,0.7264983748986665
BB-0238 BB-0883,"[238, 883]",[96],CCn1c(N(C(=O)OC(C)(C)C)C(CCCl)(C(=O)O)c2ccccc2F)c(-c2csc(C)n2)c(=O)[nH]c1=O,,random_balanced,BB-0238,BB-0883,1,1,0.18298670993091412
BB-1325 BB-1495,"[1325, 1495]",[96],COC(=O)CCCCC(C(=O)O)(N(C(=O)OC(C)(C)C)C(CCOc1ccccc1)c1ccc(F)cc1F)C(F)(F)F,,random_balanced,BB-1325,BB-1495,1,0,0.3661798033345146
BB-2101 BB-1878,"[2101, 1878]",[39],CC(C)(C)OC(=O)NC(C1CC1)C(C)(OC(=O)[C@@H]1[C@@H](c2ccc(Br)cc2)CCN1C(=O)OCC1c2ccccc2-c2ccccc21)C(=O)O,,random_balanced,BB-2101,BB-1878,1,0,0.25973086006914986
BB-2117 BB-1062,"[2117, 1062]",[96],Cc1ccc(N2CCC(C(=O)O)(N(C(=O)OC(C)(C)C)[C@H](CC(C)C)C(F)(F)F)CC2=O)cc1,,random_balanced,BB-2117,BB-1062,0,2,0.6829746024207005
BB-2052 BB-2019,"[2052, 2019]",[39],CC(=O)c1c(C)oc(N(C(=O)OC(C)(C)C)C2(C(=O)O)CCC(NC(=O)OC(C)(C)C)c3ccc(OC(F)F)cc32)c1C#N,,random_balanced,BB-2052,BB-2019,1,2,0.678896652651329
BB-0324 BB-0623,"[324, 623]",[28],COC(=O)c1cnc2sc(C(=O)N3CCOCC3Cc3c[nH]c4ccccc34)c(NC(=O)OC(C)(C)C)c2c1,,random_balanced,BB-0324,BB-0623,1,0,0.7255008772023195
BB-1183 BB-0832,"[1183, 832]",[96],COc1cccc(S(C)(=O)=O)c1NN(C(=O)OC(C)(C)C)C(C(=O)O)(c1cnccc1NC(=O)OC(C)(C)C)C(C)C,,random_balanced,BB-1183,BB-0832,1,2,0.1927093786071696
BB-0763 BB-0076,"[763, 76]",[96],C=CC(C(=O)O)(c1c(F)cccc1Cl)N(CC(C)(C)c1cc[nH]c(=O)c1)C(=O)OC(C)(C)C,,random_balanced,BB-0763,BB-0076,0,0,0.3560208886136573
BB-2025 BB-0894,"[2025, 894]",[55],CC(C)(C)OC(=O)NC1CCN(c2cn[nH]c(=O)c2N2CCN(C(=O)c3c(F)cccc3Cl)CC2)C1,,random_balanced,BB-2025,BB-0894,1,0,0.5135566120181787
BB-1827 BB-2047,"[1827, 2047]",[96],Cn1cc(C(CNC(=O)OC(C)(C)C)(C(=O)O)N(Cc2ccc3c(c2)C(=O)OC3)C(=O)OC(C)(C)C)c(C(F)F)n1,,random_balanced,BB-1827,BB-2047,1,2,0.6308338353012343
BB-1364 BB-0908,"[1364, 908]",[10],COc1ccc(C(NC(=O)OC(C)(C)C)C(F)(F)F)cc1Sc1nnc(Cl)c(NC(=O)OC(C)(C)C)c1[N+](=O)[O-],,random_balanced,BB-1364,BB-0908,1,1,0.14707697119451935
BB-0255 BB-1670,"[255, 1670]",[96],Cc1nc(N(C(=O)OC(C)(C)C)C(C)(/C=C/c2ccc([N+](=O)[O-])cc2)C(=O)O)sc1Cc1ccc(F)c(F)c1F,,random_balanced,BB-0255,BB-1670,0,2,0.56294546885658
BB-1953 BB-1718,"[1953, 1718]",[96],C[C@H](c1coc2c(F)cccc12)N(C(=O)OC(C)(C)C)C(C(=O)O)(c1ccc(Cl)cc1)C(F)Br,,random_balanced,BB-1953,BB-1718,1,0,0.15406818843227263
BB-0160 BB-0546,"[160, 546]",[96],COCc1cc(C(C)(C(=O)O)N(Cc2c(F)cccc2OC(F)(F)F)C(=O)OC(C)(C)C)ccc1OC,,random_balanced,BB-0160,BB-0546,0,0,0.5053887071058281
BB-0735 BB-0243,"[735, 243]",[68],CC(C)(C)OC(=O)Nc1ccc(Cn2cc(Sc3cccnc3C(=O)O)cn2)cc1,,random_balanced,BB-0735,BB-0243,0,0,0.30480589519143186
BB-1423 BB-1970,"[1423, 1970]",[96],Cc1ccc(C(=O)CCC(CCC(=O)O)(OC(=O)C(NC(=O)OC(C)(C)C)c2ccc(C(F)(F)F)cc2)C(=O)O)s1,,random_balanced,BB-1423,BB-1970,1,2,0.5912186331610818
BB-0430 BB-0276,"[430, 276]",[106],CC(C)(C)OC(=O)Nc1cccc(C(=O)OC(C)(C)C)c1C(=O)CC(=O)Nc1ccccc1Cl,,random_balanced,BB-0430,BB-0276,0,0,0.5420988164130708
BB-2077 BB-0536,"[2077, 536]",[88],CCCCCCCCCCC(CCCCCC)Oc1cccc(C)c1CNC(=O)OC(C)(C)C,,random_balanced,BB-2077,BB-0536,1,0,0.254008223694443
BB-2006 BB-1524,"[2006, 1524]",[10],CNC(=O)COC1CCCOc2cc(Sc3nn(C)cc3NC(=O)OC(C)(C)C)ccc21,,random_balanced,BB-2006,BB-1524,2,0,0.429055709555725
BB-0960 BB-0043,"[960, 43]",[55],COC(=O)C1(c2ccc(OC)cc2)CCN(c2ccc(OC)c(C(CO)NC(=O)OC(C)(C)C)c2)C1,,random_balanced,BB-0960,BB-0043,1,0,0.33712949196759967
BB-1479 BB-0114,"[1479, 114]",[22],COC(=O)CC1CN(C(=O)C(=O)N(c2ccc(C#N)cc2)S(=O)(=O)NC(=O)OC(C)(C)C)Cc2ccccc21,,random_balanced,BB-1479,BB-0114,1,1,0.28655426970833675
BB-1963 BB-2062,"[1963, 2062]",[96],CC(C)(C)OC(=O)NCCCC(C(=O)O)(c1ccc2c(c1)OCO2)N(C(=O)OC(C)(C)C)C1(Cc2ccc(F)cc2F)CCCCC1,,random_balanced,BB-1963,BB-2062,1,1,0.2732191955135154
BB-1233 BB-1025,"[1233, 1025]",[79],Cc1cnn(C2CCCN(C(=O)C(=O)N(c3cc(C)nn3-c3ccccc3)S(=O)(=O)c3ccc(NC(=O)OC(C)(C)C)cc3)C2)c1,,random_balanced,BB-1233,BB-1025,1,0,0.17819546118921187
BB-1879 BB-1699,"[1879, 1699]",[96],CC(C)(C)OC(=O)N(CC1CC(C)(C)C(C)(C)O1)C(C)(C(=O)O)c1cnc(Cl)c(Br)c1,,random_balanced,BB-1879,BB-1699,0,1,0.47455212364478805
BB-2148 BB-1413,"[2148, 1413]",[28],CC(C)CCC(NC(=O)OC(C)(C)C)C(=O)N1CCC[C@@H]1CN1CCC1,,random_balanced,BB-2148,BB-1413,0,0,0.5259399683374226
BB-0816 BB-1727,"[816, 1727]",[107],CC(C)(C)OC(=O)NCc1nnn(-c2ccc(C(C)(O)c3ccc(C(F)(F)F)s3)c(C(F)(F)F)c2)n1,,random_balanced,BB-0816,BB-1727,2,0,0.31190002036318387
BB-0802 BB-0726,"[802, 726]",[96],COC(C1CC1)C(C)N(C(=O)OC(C)(C)C)C(C(=O)O)(c1cccc(Br)c1)C(C)(C)O,,random_balanced,BB-0802,BB-0726,0,1,0.18471366874578357
BB-0618 BB-1515,"[618, 1515]",[40],CCCc1ccc(NC(=O)OC(C)(C)C)c(C(=O)OCC2(C#N)COC2)c1,,random_balanced,BB-0618,BB-1515,0,0,0.6105274774723162
BB-0834 BB-1535,"[834, 1535]",[88],Cc1ccc(OC2(CCC(C)C)CC2)cc1NC(=O)CNC(=O)OC(C)(C)C,,random_balanced,BB-0834,BB-1535,0,0,0.6617516921894648
BB-1148 BB-1037,"[1148, 1037]",[96],CCCC(C(=O)N(CC)C1CCCC1)N(C(=O)OC(C)(C)C)C(C)(C(=O)O)c1oc2cc(C)ccc2c1CC(=O)O,,random_balanced,BB-1148,BB-1037,2,1,0.5063646872313592
BB-1391 BB-0214,"[1391, 214]",[96],CC(C)Cn1c2c(c(=O)n(C)c1=O)C(C(=O)O)(N(C(=O)OC(C)(C)C)c1ncn(C(=O)OC(C)(C)C)n1)CN2,,random_balanced,BB-1391,BB-0214,0,1,0.55774833425211
BB-0956 BB-0630,"[956, 630]",[70],COC(=O)C[C@H](NC(=O)OC(C)(C)C)c1ccnc(OC2CC(CNC(=O)OC(C)(C)C)CCC2C(=O)O)c1,,random_balanced,BB-0956,BB-0630,1,1,0.17121661867045257
BB-1568 BB-1549,"[1568, 1549]",[96],Cc1ccc(C(CNC(=O)OC(C)(C)C)(C(=O)O)N(Nc2ccccc2S(C)(=O)=O)C(=O)OC(C)(C)C)cc1Br,,random_balanced,BB-1568,BB-1549,0,1,0.32850934200131837
BB-1593 BB-1073,"[1593, 1073]",[96],CCc1ccc2c(c1)C(C(=O)O)(N(C(=O)OC(C)(C)C)C1(c3ccc(C)cc3Br)CCCCC1)C(=O)N2C,,random_balanced,BB-1593,BB-1073,2,0,0.4600664909609269
BB-1331 BB-1346,"[1331, 1346]",[82],CC1Cc2ncc(NC(=O)OC(C)(C)C)cc2C(N2CCC/C2=C/[N+](=O)[O-])C1,,random_balanced,BB-1331,BB-1346,0,0,0.81029691402821
BB-1419 BB-0124,"[1419, 124]",[96],COC(=O)c1cc(Br)c(N(C(=O)OC(C)(C)C)C(CCl)(C(=O)O)c2ccc(O)c(NC(C)=O)c2)c(C)n1,,random_balanced,BB-1419,BB-0124,0,3,0.4210723637974312
BB-0717 BB-1311,"[717, 1311]",[4],COc1ccc(N(CC2CC2)c2ccc(NS(=O)(=O)c3cc(NC(=O)OC(C)(C)C)ccc3OC)cc2)c(NC(=O)OC(C)(C)C)c1,,random_balanced,BB-0717,BB-1311,3,0,0.09373777883388747
BB-2065 BB-1583,"[2065, 1583]",[39],C#Cc1cccc(CC(C(N)=O)N(C(=O)CCl)C(CC)(C(=O)O)c2cc(NC(=O)OC(C)(C)C)ccc2F)c1,,random_balanced,BB-2065,BB-1583,0,0,0.5474039700717492
BB-1655 BB-0174,"[1655, 174]",[10],CC(C)(C)OC(=O)NC(COc1ccccc1)c1ccc(F)c(Sc2cc(/C=C/C(=O)O)cc3c2OCCCO3)c1,,random_balanced,BB-1655,BB-0174,0,0,0.3730336839405695
BB-1377 BB-0721,"[1377, 721]",[96],CC(=O)N1CC2CCC(C(=O)O)(N3C(=O)N(CCCNC(=O)OC(C)(C)C)C(=O)C3(c3ccccc3)c3ccccc3)c3cccc1c32,,random_balanced,BB-1377,BB-0721,0,1,0.4716543076051434
BB-2065 BB-0783,"[2065, 783]",[50],CCC(O)(c1cc(NC(=O)OC(C)(C)C)ccc1F)c1cc([N+](=O)[O-])c(C=O)cc1F,,random_balanced,BB-2065,BB-0783,1,1,0.7809045680838104
BB-0817 BB-0228,"[817, 228]",[49],CC(=O)c1cc(C)cc(C(=O)c2ccc(N3CCCC(NC(=O)OC(C)(C)C)C3=O)cc2)c1O,,random_balanced,BB-0817,BB-0228,0,1,0.30480776937216814
BB-1992 BB-1941,"[1992, 1941]",[10],COc1ccc(C2=NC(=Cc3cccnc3)C(=O)O2)c(Sc2cc3c(cc2S(=O)(=O)NC(=O)OC(C)(C)C)S(=O)(=O)NCN3)c1,,random_balanced,BB-1992,BB-1941,1,0,0.21002486477291835
BB-1558 BB-1805,"[1558, 1805]",[96],CC(C)(C)OC(=O)NS(=O)(=O)c1ccccc1N(C(=O)C1CC1)C1(C(=O)O)CCc2ccc(Cl)cc21,,random_balanced,BB-1558,BB-1805,1,0,0.649319436176836
BB-2191 BB-1779,"[2191, 1779]",[96],CC(=O)Nc1ccc(C(C(=O)O)(C(C)Cl)N(NC(=O)OC(C)(C)C)C2CCCCCCC2)cc1,,random_balanced,BB-2191,BB-1779,1,0,0.5181213306222529
BB-1592 BB-1539,"[1592, 1539]",[107],C#CCCCC(NC(=O)OC(C)(C)C)c1ccc(C2(O)C3CC4C(C3)C42C(=O)O)cc1,,random_balanced,BB-1592,BB-1539,0,0,0.41867261340570455
BB-2011 BB-1429,"[2011, 1429]",[10],CC(C)(C)OC(=O)NCCc1c(F)ccc(F)c1S[C@@H]1CCC2(CNC(=O)OC(C)(C)C)CO[C@@H]1C2,,random_balanced,BB-2011,BB-1429,1,2,0.37783936212366004
BB-2118 BB-2091,"[2118, 2091]",[96],CC(C)(C)OC(=O)NCC(CC1CC1)(C(=O)O)N(C(=O)OC(C)(C)C)c1ccc(N2CCSCC2)cc1,,random_balanced,BB-2118,BB-2091,1,1,0.5616284746191429
BB-0284 BB-2094,"[284, 2094]",[4],CC(C)(C)OC(=O)NCCc1conc1N(O)CCNC(=O)OC(C)(C)C,,random_balanced,BB-0284,BB-2094,1,1,0.6069133352986463
BB-2172 BB-1069,"[2172, 1069]",[96],CC(C)(C)OC(=O)N(c1ccc([N+](=O)[O-])c(C(=O)O)c1)C1(C(=O)O)CCCC1=Cc1cccc([N+](=O)[O-])c1,,random_balanced,BB-2172,BB-1069,0,1,0.5797582413137147
BB-0559 BB-1922,"[559, 1922]",[10],CC(C)(C)OC(=O)Nc1cc(C(F)(F)F)ncc1Sc1ccc2c(c1)CCCCN2,,random_balanced,BB-0559,BB-1922,1,0,0.6258740994972508
BB-1240 BB-0986,"[1240, 986]",[96],CC(C)(C)OC(=O)NCc1c(F)ccc2c1ncn2C(C)(CC1(O)CCC1)C(=O)O,,random_balanced,BB-1240,BB-0986,2,1,0.5591818079312207
BB-0768 BB-0489,"[768, 489]",[86],COC(=O)Cc1cc(-c2cccc(C(CC(=O)O)NC(=O)OC(C)(C)C)c2)ccc1OC,,random_balanced,BB-0768,BB-0489,0,0,0.7015107669315994
BB-0080 BB-0119,"[80, 119]",[96],CCCn1c(NC(=O)OC(C)(C)C)c(C(CCl)(C(=O)O)N(C(=O)OC(C)(C)C)C(CCCOC)Cc2ccccc2)c(=O)[nH]c1=O,,random_balanced,BB-0080,BB-0119,2,2,0.21947839585246198
BB-0417 BB-1109,"[417, 1109]",[88],C[C@H](C#Cc1ccncc1)Oc1cccc2cc(NC(=O)OC(C)(C)C)ncc12,,random_balanced,BB-0417,BB-1109,0,0,0.30717066498913626
BB-2067 BB-0090,"[2067, 90]",[104],COC(=O)c1cc(-c2cc(C)c(NC(=O)OC(C)(C)C)c([N+](=O)[O-])c2C)nc2ccccc12,,random_balanced,BB-2067,BB-0090,0,0,0.5787356599505176
BB-0951 BB-1328,"[951, 1328]",[96],COCCn1nc(C)c(N(C(=O)OC(C)(C)C)C(C)(/C=C/c2ccc(OC)c(O)c2)C(=O)O)c1C,,random_balanced,BB-0951,BB-1328,0,1,0.6032764257082069
BB-1757 BB-0754,"[1757, 754]",[46],CC(C)(C)OC(=O)NCC(CC(=O)C(C(=O)O)C(NC(=O)OC(C)(C)C)c1ccncc1)B1OC(C)(C)C(C)(C)O1,,random_balanced,BB-1757,BB-0754,0,0,0.5078357296150736
BB-1666 BB-1049,"[1666, 1049]",[108],COC(=O)c1cn(-c2ccc(Cl)c(C=O)c2)c(C2(NC(=O)OC(C)(C)C)CCOCC2)n1,,random_balanced,BB-1666,BB-1049,1,1,0.6116396663259511
BB-1798 BB-1103,"[1798, 1103]",[47],COC(=O)c1cc2c(-c3cc(C(=O)O)cc4nc(NC(=O)OC(C)(C)C)n(C)c34)cccc2o1,,random_balanced,BB-1798,BB-1103,1,0,0.7362486833433608
BB-1668 BB-0251,"[1668, 251]",[68],CCN(CC)S(=O)(=O)c1ccc(Oc2ccc(Sc3ccc4c(c3)N(C)CC(=O)N4)cc2)c(NC(=O)OC(C)(C)C)c1,,random_balanced,BB-1668,BB-0251,0,0,0.19986811826473275
BB-2099 BB-1199,"[2099, 1199]",[17],Cc1c[n+]([O-])ccc1S(=O)(=O)c1ccc(NC(=O)OC(C)(C)C)cc1C(=O)N(C)C,,random_balanced,BB-2099,BB-1199,0,0,0.7235783900099723
BB-1211 BB-1749,"[1211, 1749]",[55],CCN(c1cc(NC(=O)OC(C)(C)C)c(OC)cc1C)C1CCN(C(=O)OC(C)(C)C)CC1,,random_balanced,BB-1211,BB-1749,0,0,0.46259244820362266
BB-0951 BB-0451,"[951, 451]",[96],COCCn1nc(C)c(N(C(=O)OC(C)(C)C)C2(C(=O)O)CC(NC(=O)OC(C)(C)C)C23CCC(F)CC3)c1C,,random_balanced,BB-0951,BB-0451,1,1,0.6769368287661434
BB-1678 BB-1839,"[1678, 1839]",[40],CC(C)(C)OC(=O)NC(Cc1cc(C(F)(F)F)cnc1Cl)C(=O)OC1CC(C(=O)OCc2ccccc2)C1,,random_balanced,BB-1678,BB-1839,0,0,0.5786108849251274
BB-0765 BB-0590,"[765, 590]",[61],Cc1nc(N)nc(NC(=O)CC(Cc2ccc([N+](=O)[O-])cc2)NC(=O)OC(C)(C)C)n1,,random_balanced,BB-0765,BB-0590,0,0,0.3545753252370853
BB-2070 BB-1706,"[2070, 1706]",[107],CC(C)(C)OC(=O)Nc1ccc(C(C)(C)C)c(C2(O)CC(C(=O)O)(c3cccc(Br)c3)C2)c1,,random_balanced,BB-2070,BB-1706,0,2,0.7864421370343446
BB-2146 BB-0723,"[2146, 723]",[96],CC(C)(C)OC(=O)N(NC(=O)c1cccc([N+](=O)[O-])c1)C1(C(=O)O)CCN(C(=O)OCc2ccccc2)CC1CC#N,,random_balanced,BB-2146,BB-0723,0,2,0.26474393227483456
BB-0155 BB-0440,"[155, 440]",[16],CCOC(=O)C(C)OCCOC(=O)CC(NC(=O)OC(C)(C)C)c1ccc(F)cc1,,random_balanced,BB-0155,BB-0440,1,0,0.48950231824619106
BB-2100 BB-0074,"[2100, 74]",[96],COC(=O)c1cc2c([nH]1)C(C(=O)O)(N(Cc1ccccc1C(C)C)C(=O)OC(C)(C)C)CCC2,,random_balanced,BB-2100,BB-0074,0,1,0.5282091906132448
BB-1081 BB-1145,"[1081, 1145]",[96],Cc1nnc(S(=O)(=O)N(C(=O)OC(C)(C)C)C2(C(=O)O)CCCC(C3CN(C(=O)OC(C)(C)C)C3)C2)s1,,random_balanced,BB-1081,BB-1145,0,0,0.5724113808276033
BB-1942 BB-1943,"[1942, 1943]",[96],CCC(NC(=O)OC(C)(C)C)c1nc(C)nn1C(CC)(C(=O)O)c1cccc(Br)c1,,random_balanced,BB-1942,BB-1943,0,2,0.4647043989410296
BB-1825 BB-0725,"[1825, 725]",[96],COc1ccc(C(C(=O)O)(C2CCCN2)N(C(=O)OC(C)(C)C)c2c(C(C)C)n[nH]c2C(N)=O)cc1,,random_balanced,BB-1825,BB-0725,0,0,0.27707064842644813
BB-1138 BB-0870,"[1138, 870]",[10],CCC1CCCCN1C(=O)C(C)Sc1cccc(-n2nc3c(c2NC(=O)OC(C)(C)C)CCC3)c1,,random_balanced,BB-1138,BB-0870,0,0,0.2302159170001732
BB-1639 BB-1424,"[1639, 1424]",[61],CC(C)(C)OC(=O)NC1CCc2c(C(=O)N3CCCCC3c3nccs3)cc(C(=O)O)cc21,,random_balanced,BB-1639,BB-1424,0,1,0.8398149775509337
BB-0454 BB-1603,"[454, 1603]",[96],CCOc1ccc(NC(=O)C(=NNc2ccc(S(=O)(=O)Nc3nnc(C)s3)cc2)C(C)(C(=O)O)N(C(=O)OC(C)(C)C)C(C)c2ccc(C)c([N+](=O)[O-])c2)cc1,,random_balanced,BB-0454,BB-1603,0,1,0.05230355755720788
BB-1979 BB-1912,"[1979, 1912]",[68],CC(=O)Nc1cc2c(cc1Sc1cc(C(F)(F)F)cnc1NCCNC(=O)OC(C)(C)C)C(=O)CC2,,random_balanced,BB-1979,BB-1912,1,0,0.658922001990178
BB-2064 BB-1267,"[2064, 1267]",[18],Cc1cc(S(=O)(=O)c2ccc(C(F)(F)F)cc2C2(C(=O)O)CC2)c(C)c(C(=O)O)c1NC(=O)OC(C)(C)C,,random_balanced,BB-2064,BB-1267,0,0,0.4466416653442233
BB-2151 BB-0228,"[2151, 228]",[88],CC(=O)c1cc(C)cc(Cl)c1Oc1nnc(C(N)=O)c(NC(=O)OC(C)(C)C)c1Cl,,random_balanced,BB-2151,BB-0228,0,2,0.39946647386760875
BB-1248 BB-0331,"[1248, 331]",[28],CCCC(CNC(=O)OC(C)(C)C)C(=O)N1CCC(c2nncn2CC)CC1,,random_balanced,BB-1248,BB-0331,1,0,0.6801955342339157
BB-0470 BB-1013,"[470, 1013]",[88],Cc1nc(N2CC[C@@H](NC(=O)OC(C)(C)C)C2)c(OC(C(=O)O)C2CCCCCC2)cc1C#N,,random_balanced,BB-0470,BB-1013,0,0,0.6901983506695225
BB-2046 BB-1211,"[2046, 1211]",[68],COc1cc(Sc2cc(NC(=O)OC(C)(C)C)c(OC)cc2C)c(CCNC(=O)OC(C)(C)C)cc1O,,random_balanced,BB-2046,BB-1211,2,1,0.19732693346937846
BB-1290 BB-1069,"[1290, 1069]",[96],CC(C)(C)OC(=O)N([C@@H]1CCc2c(C#N)cccc21)C1(C(=O)O)CCCC1=Cc1cccc([N+](=O)[O-])c1,,random_balanced,BB-1290,BB-1069,0,2,0.5146963575201934
BB-1888 BB-1937,"[1888, 1937]",[96],CCOC(=O)c1cc(C(C)(C(=O)O)N(C(=O)OC(C)(C)C)C2CCOC2C)n[nH]1,,random_balanced,BB-1888,BB-1937,0,2,0.6163614636042357
BB-0328 BB-0259,"[328, 259]",[96],COCC[C@@H]1C[C@H]1N(C(=O)OC(C)(C)C)C1(C(=O)O)CCCc2cc(OC(C)C)ccc21,,random_balanced,BB-0328,BB-0259,1,0,0.596571037897562
BB-2198 BB-0846,"[2198, 846]",[96],CC(C)Cn1c(NC(=O)OC(C)(C)C)c(C(CCl)(C(=O)O)N(C(=O)OC(C)(C)C)c2ccc(-c3ccnn3C)c(F)c2)c(=O)[nH]c1=O,,random_balanced,BB-2198,BB-0846,1,1,0.41514113133525316
BB-0430 BB-0662,"[430, 662]",[109],CC(C)(C)OC(=O)Nc1cccc(C(=O)OC(C)(C)C)c1C#CC[C@@H](NC(=O)OC(C)(C)C)C(=O)O,,random_balanced,BB-0430,BB-0662,1,0,0.10392440778133243
BB-2059 BB-0371,"[2059, 371]",[104],Cc1cc(CC(C(C)C)C(C)C)c(C)c(NC(=O)OC(C)(C)C)c1,,random_balanced,BB-2059,BB-0371,1,0,0.655688577825903
BB-2000 BB-1644,"[2000, 1644]",[68],Cn1cc(Sc2ccc3ccoc3c2C(=O)O)c(NC(=O)OC(C)(C)C)n1,,random_balanced,BB-2000,BB-1644,2,0,0.5163279968025182
BB-2038 BB-0357,"[2038, 357]",[68],COC(=O)c1ccc2cc(Sc3c(F)ccc4[nH]nc(NC(=O)OC(C)(C)C)c34)cc(C)c2n1,,random_balanced,BB-2038,BB-0357,2,0,0.4950663632647095
BB-1867 BB-0480,"[1867, 480]",[96],Cc1nc(N(C(=O)OC(C)(C)C)C(C)(CCc2ccccc2[N+](=O)[O-])C(=O)O)oc1-c1ccncc1,,random_balanced,BB-1867,BB-0480,0,1,0.5962630017996124
BB-1618 BB-0986,"[1618, 986]",[96],CC(C)(C)OC(=O)N(c1csc2c(=O)[nH]cnc12)C(C)(CC1(O)CCC1)C(=O)O,,random_balanced,BB-1618,BB-0986,0,2,0.39934136900121453
BB-0881 BB-2073,"[881, 2073]",[10],Cc1cc(Sc2cc(C(C)NC(=O)OC(C)(C)C)nn2C)cc(C#N)c1NC(=O)OC(C)(C)C,,random_balanced,BB-0881,BB-2073,0,0,0.25936054196668856
BB-1081 BB-1112,"[1081, 1112]",[96],CCCCCN1C(=O)C(C(=O)O)(N(C(=O)OC(C)(C)C)S(=O)(=O)c2nnc(C)s2)c2ccccc21,,random_balanced,BB-1081,BB-1112,1,1,0.4455612139198784
BB-1111 BB-2060,"[1111, 2060]",[10],COC(=O)C(NC(=O)OC(C)(C)C)c1cc(Cl)cc(SCC2(CNC(=O)OC(C)(C)C)CCOCC2)c1,,random_balanced,BB-1111,BB-2060,1,2,0.3127699391336023
BB-1568 BB-0244,"[1568, 244]",[96],CC(C)(C)OC(=O)NN(c1ccccc1S(C)(=O)=O)C(C)(C(=O)O)/C(=C/c1ccc(Cl)c(Cl)c1)C(N)=O,,random_balanced,BB-1568,BB-0244,1,1,0.39325941252531843
BB-2180 BB-0199,"[2180, 199]",[96],CC(CONC(=O)OC(C)(C)C)OC1(C(=O)O)CCN(c2ncnc3c2cnn3C)CC1,,random_balanced,BB-2180,BB-0199,0,0,0.6448285217403679
BB-1879 BB-1029,"[1879, 1029]",[96],CC(C)(C)OC(=O)N(CC1CC(C)(C)C(C)(C)O1)C1(C(=O)O)c2cc(Br)ccc2CC1C(F)(F)F,,random_balanced,BB-1879,BB-1029,1,1,0.47412329891564103
BB-2041 BB-1339,"[2041, 1339]",[47],Cc1cc(F)c(-c2c(C)n(C3CC3)cc(C(=O)O)c2=O)cc1NC(=O)OC(C)(C)C,,random_balanced,BB-2041,BB-1339,2,0,0.8258601233521233
BB-1726 BB-0301,"[1726, 301]",[74],COc1ccc(CCNC(=O)OC(C)(C)C)c(S(=O)(=O)c2cccc3c(NC(=O)OC(C)(C)C)nc(C)nc23)c1,,random_balanced,BB-1726,BB-0301,0,2,0.08675558286686992
BB-2100 BB-2049,"[2100, 2049]",[96],CCCC(C(=O)O)(c1cc(NC(=O)OC(C)(C)C)ccc1F)N(Cc1ccccc1C(C)C)C(=O)OC(C)(C)C,,random_balanced,BB-2100,BB-2049,1,1,0.34070453061814127
BB-1992 BB-0178,"[1992, 178]",[22],CN(Cc1cc(Br)cc([N+](=O)[O-])c1)C(=O)C(=O)N1CNS(=O)(=O)c2cc(S(=O)(=O)NC(=O)OC(C)(C)C)c(Cl)cc21,,random_balanced,BB-1992,BB-0178,2,1,0.23653003969589767
BB-0118 BB-0966,"[118, 966]",[62],CC(C)N(Cc1nc2ccccc2c(=O)[nH]1)c1cccc(C2(CNC(=O)OC(C)(C)C)CCC2)c1,,random_balanced,BB-0118,BB-0966,1,0,0.7193254667855861
BB-2184 BB-0539,"[2184, 539]",[62],CCOC(=O)C1CC(C)CN1c1cnn(COC)c1S(=O)(=O)NC(=O)OC(C)(C)C,,random_balanced,BB-2184,BB-0539,1,0,0.6456541341327309
BB-0344 BB-0837,"[344, 837]",[96],COC(=O)C[C@@H](c1cc([N+](=O)[O-])ccc1F)N(C(=O)OC(C)(C)C)C(C)(C(=O)O)c1cc([N+](=O)[O-])nn1C,,random_balanced,BB-0344,BB-0837,0,1,0.3278394713412791
BB-2069 BB-1790,"[2069, 1790]",[55],CC(N)CCCCNc1cccc(CNC(=O)OC(C)(C)C)c1C(F)F,,random_balanced,BB-2069,BB-1790,0,0,0.5297935927054133
BB-0619 BB-1603,"[619, 1603]",[96],CCOc1ccc(NC(=O)C(=NNc2ccc(S(=O)(=O)Nc3nnc(C)s3)cc2)C(C)(C(=O)O)N(CCN2Cc3ncsc3C2)C(=O)OC(C)(C)C)cc1,,random_balanced,BB-0619,BB-1603,0,2,0.0
BB-0754 BB-0652,"[754, 652]",[16],COC(=O)C(OC(=O)CC(NC(=O)OC(C)(C)C)c1ccncc1)=C1CC1,,random_balanced,BB-0754,BB-0652,1,1,0.3276623369854871
BB-1423 BB-1646,"[1423, 1646]",[61],CC1(CCO)CCN(C(=O)C(NC(=O)OC(C)(C)C)c2ccc(C(F)(F)F)cc2)C1,,random_balanced,BB-1423,BB-1646,2,0,0.6991061167525283
BB-1030 BB-0040,"[1030, 40]",[10],CNCc1ccnc2c(Sc3ncc(NC(=O)OC(C)(C)C)cc3C)cccc12,,random_balanced,BB-1030,BB-0040,0,0,0.6035074289257726
BB-1042 BB-0595,"[1042, 595]",[31],CC1CCC(C(C)C)C(OC(=O)c2ccccc2NC(=O)COCCCOc2n[nH]c(NC(=O)OC(C)(C)C)c2C#N)C1,,random_balanced,BB-1042,BB-0595,2,0,0.36279846670434335
BB-1405 BB-2063,"[1405, 2063]",[47],COC(=O)c1cc(-c2nc(CNC(=O)OC(C)(C)C)c(Cl)cc2C)cc(S(=O)(=O)NC(=O)OC(C)(C)C)c1F,,random_balanced,BB-1405,BB-2063,0,1,0.11674848558421727
BB-2125 BB-0283,"[2125, 283]",[97],Cc1ncc2c(n1)CCC(C(=O)OCC(NC(=O)OC(C)(C)C)c1ccc(Br)c(C)c1)C2,,random_balanced,BB-2125,BB-0283,1,0,0.7401508448848317
BB-1290 BB-0166,"[1290, 166]",[49],CC(C)(C)OC(=O)N[C@@H]1CCc2c(C(=O)c3ccc(CO)cc3C(F)(F)F)cccc21,,random_balanced,BB-1290,BB-0166,1,0,0.42709049258638454
BB-1824 BB-1336,"[1824, 1336]",[62],CC(C)(C)OC(=O)Nc1nc(-c2ccccc2)cc(N2CCCC2C2CCCC2=O)n1,,random_balanced,BB-1824,BB-1336,0,0,0.37589687737412114
BB-2014 BB-0337,"[2014, 337]",[96],CC(Br)C(C(=O)O)(c1ccc2c(c1)CCC(=O)N2)N(CCc1cn(C)nc1Br)C(=O)OC(C)(C)C,,random_balanced,BB-2014,BB-0337,0,0,0.6521461287636425
BB-2167 BB-1761,"[2167, 1761]",[68],COC(=O)c1cc2c(Sc3ccc(C4(NC(=O)OC(C)(C)C)CC(F)C4)cc3)ccc(C)c2[nH]1,,random_balanced,BB-2167,BB-1761,0,0,0.37701449938300496
BB-2116 BB-1954,"[2116, 1954]",[61],COC(CNC(=O)OC(C)(C)C)CC(=O)N1CCN2CCCC2C12CC(NC(=O)OC(C)(C)C)C2,,random_balanced,BB-2116,BB-1954,1,0,0.6669789444608178
BB-0253 BB-0555,"[253, 555]",[96],COCCn1c(CN(C(=O)OC(C)(C)C)C(C)(C(=O)O)c2cc(Cl)sc2Cl)nc2cc3c(cc21)OCO3,,random_balanced,BB-0253,BB-0555,1,1,0.6355397002908239
BB-0931 BB-0200,"[931, 200]",[96],COC(=O)c1cc(C(CCC(=O)O)(C(=O)O)N(C(=O)OC(C)(C)C)c2cc(C)nnc2C)c[nH]1,,random_balanced,BB-0931,BB-0200,2,1,0.40962457419269677
BB-1958 BB-1658,"[1958, 1658]",[34],CCCN(c1ccncc1NC(=O)OC(C)(C)C)C(CC(C)=O)c1cccc(OC)c1,,random_balanced,BB-1958,BB-1658,1,1,0.41985853161881204
BB-2155 BB-1062,"[2155, 1062]",[96],Cc1ccc(N2CCC(C(=O)O)(N(C(=O)OC(C)(C)C)c3cccc(NC(=O)OC(C)(C)C)n3)CC2=O)cc1,,random_balanced,BB-2155,BB-1062,0,3,0.2534899506864336
BB-0730 BB-1230,"[730, 1230]",[97],CC(OC(=O)[C@H]1C[C@@H](C)N[C@@H](C)C1)C(NC(=O)OC(C)(C)C)c1ccccc1F,,random_balanced,BB-0730,BB-1230,1,0,0.6680449108386655
BB-0319 BB-1101,"[319, 1101]",[96],CCOC(=O)c1c(NC(=O)OC(C)(C)C)sc(C(C)(C(=O)O)N(CCc2nnc3ccccn23)C(=O)OC(C)(C)C)c1C,,random_balanced,BB-0319,BB-1101,0,1,0.4037480848051036
BB-1248 BB-0363,"[1248, 363]",[28],CCCC(CNC(=O)OC(C)(C)C)C(=O)N(C)C(C)(C)C(N)=O,,random_balanced,BB-1248,BB-0363,2,0,0.5844924181376078
BB-2110 BB-0766,"[2110, 766]",[96],CCc1ccc(C(=O)NN(C(=O)OC(C)(C)C)C(CC)(CC(=O)c2ccc(C(F)(F)F)cc2)C(=O)O)cc1,,random_balanced,BB-2110,BB-0766,1,1,0.5538071715307479
BB-2135 BB-0096,"[2135, 96]",[96],COc1ccc(C(CNC(=O)OC(C)(C)C)(OC(=O)Cn2cnc(NC(=O)OC(C)(C)C)n2)C(=O)O)cc1Cl,,random_balanced,BB-2135,BB-0096,1,2,0.11985350487973594
BB-2117 BB-1176,"[2117, 1176]",[96],CC(C)C[C@@H](N(C(=O)OC(C)(C)C)C1(C(=O)O)C=C(NCc2ccccc2)CC(C)(C)C1)C(F)(F)F,,random_balanced,BB-2117,BB-1176,1,1,0.6077408286451368
BB-2199 BB-0070,"[2199, 70]",[17],Cc1nn(C)c2nc(S(=O)(=O)c3cc(F)c(NC(=O)OC(C)(C)C)cc3Cl)c(C=O)cc12,,random_balanced,BB-2199,BB-0070,1,0,0.47657552527226177
BB-2083 BB-1076,"[2083, 1076]",[88],CCOC(=O)C12CC(COc3ccc(NC(=O)OC(C)(C)C)c4c3OCC4)(C1)OC21CCNCC1,,random_balanced,BB-2083,BB-1076,1,0,0.6207843198339279
BB-1865 BB-0083,"[1865, 83]",[96],COC(=O)N1CCC(C(=O)O)(N(C(=O)OC(C)(C)C)C(c2cccc(SC)c2)c2ccc(F)cc2F)C1(C)C,,random_balanced,BB-1865,BB-0083,0,0,0.32188199872243733
BB-2177 BB-0292,"[2177, 292]",[96],Cc1ccc(C2CCCC2N(C(=O)OC(C)(C)C)C(CCCC(=O)O)(C(=O)O)c2c(C)cc(C)cc2C)cc1,,random_balanced,BB-2177,BB-0292,1,0,0.40487267210324435
BB-0402 BB-1482,"[402, 1482]",[96],CC(C)(C)OC(=O)N(c1cccc2c1CCCN2C(N)=O)C(C)(C(=O)O)c1c(O)ccc2ccccc12,,random_balanced,BB-0402,BB-1482,0,1,0.3360719719970369
BB-1616 BB-2035,"[1616, 2035]",[96],Cc1csc(C(CNC(=O)OC(C)(C)C)(C(=O)O)N(C(=O)OC(C)(C)C)c2ccc3c(c2)N(Cc2ccc(F)cc2)CC3)c1Cl,,random_balanced,BB-1616,BB-2035,0,3,0.3504286518189505
BB-1517 BB-1624,"[1517, 1624]",[31],COc1cccc(OCC(Cc2cccc(C)c2)NC(=O)OC(C)(C)C)c1C1CNCCO1,,random_balanced,BB-1517,BB-1624,0,0,0.6445051206219832
BB-1865 BB-0592,"[1865, 592]",[96],CCCCc1cc(=O)oc2c(C)c(O)c(C(C=CN(C)C)(C(=O)O)N(C(=O)OC(C)(C)C)C(c3cccc(SC)c3)c3ccc(F)cc3F)cc12,,random_balanced,BB-1865,BB-0592,1,1,0.2609160885246741
BB-2194 BB-0709,"[2194, 709]",[88],CCc1cnc(Sc2cccc(C#CCNC(=O)OC(C)(C)C)c2)n1C(C)c1ccc(F)cc1,,random_balanced,BB-2194,BB-0709,0,0,0.2993549068642098
BB-2143 BB-1395,"[2143, 1395]",[28],Cc1nsc(N2CCN(C(=O)c3sc4ncncc4c3NC(=O)OC(C)(C)C)CC2)c1C#N,,random_balanced,BB-2143,BB-1395,0,2,0.5985244311517434
BB-0996 BB-0377,"[996, 377]",[31],COc1ccc(C2(C(=O)O)CC2)cc1OC1(C(F)(F)F)CC(CNC(=O)OC(C)(C)C)(c2ccccc2)C1,,random_balanced,BB-0996,BB-0377,0,0,0.5833612998905756
BB-0140 BB-1378,"[140, 1378]",[61],CC(C)(C)OC(=O)NC[C@@]12CCCC[C@]1(C(=O)N1CCCCCO[C@@H]3C[C@]3(C)C1)C2,,random_balanced,BB-0140,BB-1378,2,0,0.6823463315106695
BB-2144 BB-1983,"[2144, 1983]",[96],CC(C)(C)OC(=O)N(Cc1ccc2c(c1)CCO2)C(C)(C(=O)O)c1ccc(OCC(F)(F)F)cc1,,random_balanced,BB-2144,BB-1983,1,0,0.6498488547604918
BB-0155 BB-2035,"[155, 2035]",[96],Cc1csc(C(CNC(=O)OC(C)(C)C)(OC(=O)CC(NC(=O)OC(C)(C)C)c2ccc(F)cc2)C(=O)O)c1Cl,,random_balanced,BB-0155,BB-2035,2,4,0.4222736835499704
BB-1291 BB-0110,"[1291, 110]",[107],CC(C)(C)OC(=O)NNC(=O)c1c(F)cccc1C(O)(c1cccc(Br)c1)C(F)F,,random_balanced,BB-1291,BB-0110,1,2,0.5942526763558803
BB-1182 BB-1694,"[1182, 1694]",[96],COc1cc(F)cc(CC(C)N(C(=O)OC(C)(C)C)C(C)(C(=O)O)c2nnn(-c3cccc4ncccc34)c2C)c1,,random_balanced,BB-1182,BB-1694,2,0,0.5871474868367883
BB-0471 BB-1555,"[471, 1555]",[96],CCOC(=O)C1(C)C=CC(C(=O)O)(N(CC(C)(C)c2ccc(OCC(C)C)cc2)C(=O)OC(C)(C)C)CC1,,random_balanced,BB-0471,BB-1555,1,2,0.563497600329575
BB-1291 BB-0620,"[1291, 620]",[10],COC(=O)c1cc2ccc(Sc3cccc(F)c3C(=O)NNC(=O)OC(C)(C)C)cc2cn1,,random_balanced,BB-1291,BB-0620,2,0,0.4338728258217257
BB-1426 BB-0000,"[1426, 0]",[10],CC(C)(C)OC(=O)NNCc1ccc(Cl)cc1Sc1ccc2c(c1)CNS(=O)(=O)N2,,random_balanced,BB-1426,BB-0000,0,0,0.6221664452091802
BB-1757 BB-1073,"[1757, 1073]",[96],CCOC(=O)CC(CN(C(=O)OC(C)(C)C)C1(C(=O)O)C(=O)N(C)c2ccc(CC)cc21)B1OC(C)(C)C(C)(C)O1,,random_balanced,BB-1757,BB-1073,1,1,0.3560355729336131
BB-2030 BB-0829,"[2030, 829]",[109],CCCCC#Cc1cc(NC(=O)OC(C)(C)C)ccc1CS(C)(=O)=O,,random_balanced,BB-2030,BB-0829,1,0,0.7478676064431143
BB-2036 BB-1949,"[2036, 1949]",[0],CC(C)(C)OC(=O)Nc1nc2c(o1)CC(C)(C)C(=Cc1ccc(O)c(C(F)(F)F)c1)C2=O,,random_balanced,BB-2036,BB-1949,1,0,0.7283101801045663
BB-1211 BB-2076,"[1211, 2076]",[17],COc1cc(C)c(S(=O)(=O)c2cc(C)ccc2CCNC(=O)OC(C)(C)C)cc1NC(=O)OC(C)(C)C,,random_balanced,BB-1211,BB-2076,2,0,0.21543838948708904
BB-0374 BB-1112,"[374, 1112]",[96],CCCCCN1C(=O)C(C(=O)O)(n2c(C)cc(C)c(CNC(=O)OC(C)(C)C)c2=O)c2ccccc21,,random_balanced,BB-0374,BB-1112,1,2,0.659285809687911
BB-2147 BB-1117,"[2147, 1117]",[96],Cc1ccc(Cn2nccc2N(C(=O)OC(C)(C)C)C(CCl)(C(=O)O)c2ccc(Br)cc2)s1,,random_balanced,BB-2147,BB-1117,1,3,0.28035303397268774
BB-2182 BB-0337,"[2182, 337]",[96],CC(Br)C(C(=O)O)(c1ccc2c(c1)CCC(=O)N2)N(Nc1ncnc2c1oc1ccccc12)C(=O)OC(C)(C)C,,random_balanced,BB-2182,BB-0337,1,1,0.5293260081324211
BB-2068 BB-0845,"[2068, 845]",[4],CC(C)(C)OC(=O)N[C@@H]1CCN(c2cnc3c(O)ncnn23)[C@@H](C(=O)O)C1,,random_balanced,BB-2068,BB-0845,1,0,0.7273818897456957
BB-2190 BB-1789,"[2190, 1789]",[96],CCCCC(C)(C(=O)O)N(C(=O)OC(C)(C)C)S(=O)(=O)c1ccccc1C(F)(F)F,,random_balanced,BB-2190,BB-1789,0,1,0.3416066028598978
BB-2144 BB-1602,"[2144, 1602]",[96],CCc1c(C(C)(C(=O)O)N(Cc2ccc3c(c2)CCO3)C(=O)OC(C)(C)C)oc2ccc(C)cc12,,random_balanced,BB-2144,BB-1602,2,1,0.4803703682293046
BB-2075 BB-1589,"[2075, 1589]",[18],CCCNc1ccc(C)c(S(=O)(=O)c2cc3c(cc2C)OCC3NC(=O)OC(C)(C)C)c1,,random_balanced,BB-2075,BB-1589,1,0,0.29525181350772817
BB-1819 BB-1331,"[1819, 1331]",[96],CCOC(=O)c1nc(C2CC2)n(Cc2ccccc2)c1N(C(=O)OC(C)(C)C)C1(C(=O)O)CC(C)Cc2ncc(NC(=O)OC(C)(C)C)cc21,,random_balanced,BB-1819,BB-1331,1,1,0.23630854101496587
BB-0290 BB-0017,"[290, 17]",[4],Cc1noc(CO)c1N(c1cc(CNC(=O)OC(C)(C)C)ccn1)C1CC1,,random_balanced,BB-0290,BB-0017,1,0,0.6050788439231375
BB-2029 BB-0504,"[2029, 504]",[96],CCOC(=O)c1cnn(C)c1C(C)(C(=O)O)N(Cc1nn(C)nc1Br)C(=O)OC(C)(C)C,,random_balanced,BB-2029,BB-0504,1,1,0.5034425780738467
BB-1544 BB-1080,"[1544, 1080]",[96],Cn1ccc(C(C(=O)O)(c2ccc(F)cc2)N(CCCN2CCCN(C(=O)OC(C)(C)C)CC2)C(=O)OC(C)(C)C)n1,,random_balanced,BB-1544,BB-1080,1,0,0.5934140725167508
BB-2132 BB-1330,"[2132, 1330]",[46],CC(C)(C)OC(=O)Nc1ccccc1CC(=O)CC(=O)c1nc2c(s1)CCC2,,random_balanced,BB-2132,BB-1330,0,1,0.3828941239551593
BB-1859 BB-2093,"[1859, 2093]",[49],Cn1cc(NC(=O)OC(C)(C)C)c(C(=O)c2ccc3nn(C)c(CNC(=O)OC(C)(C)C)c3c2)n1,,random_balanced,BB-1859,BB-2093,0,1,0.393581330231527
BB-0701 BB-2154,"[701, 2154]",[96],CC(C)(C)OC(=O)Nc1ccccc1C(CC1CCC1)(C(=O)O)N(C(=O)OC(C)(C)C)C1CC1Cc1ccccc1C(F)(F)F,,random_balanced,BB-0701,BB-2154,0,1,0.40411877164120147
BB-2191 BB-0109,"[2191, 109]",[96],CNCC(C(=O)O)(c1c[nH]c2ccc(F)cc12)N(NC1CCCCCCC1)C(=O)OC(C)(C)C,,random_balanced,BB-2191,BB-0109,2,0,0.3021373444619458
BB-0812 BB-1621,"[812, 1621]",[107],Cc1ccc(C)c(-c2cc(C)c(NC(=O)OC(C)(C)C)cc2C(O)c2nc(Br)co2)c1,,random_balanced,BB-0812,BB-1621,0,0,0.7512032511214255
BB-0294 BB-0292,"[294, 292]",[96],Cc1cc(C)c(C(CCCC(=O)O)(C(=O)O)N(C(=O)OC(C)(C)C)c2nncc(-c3cccc(F)c3)n2)c(C)c1,,random_balanced,BB-0294,BB-0292,0,1,0.3393056892082905
BB-2154 BB-1293,"[2154, 1293]",[39],CC(C)(C)OC(=O)Nc1ccccc1C(CC1CCC1)(OCC1=NOC2(CCNCC2)C1)C(=O)O,,random_balanced,BB-2154,BB-1293,2,1,0.7526799202981723
BB-1151 BB-1647,"[1151, 1647]",[0],COc1cccc(C(NC(=O)OC(C)(C)C)C(=Cc2ccc(OCCN(C)C)cc2)C(=O)O)c1,,random_balanced,BB-1151,BB-1647,1,0,0.38260785216588805
BB-1448 BB-0379,"[1448, 379]",[96],COC(=O)C1(N(C(=O)OC(C)(C)C)C2(C(=O)O)CCNc3ccc(C(=O)O)cc32)CCCN(Cc2ccccc2)C1,,random_balanced,BB-1448,BB-0379,0,2,0.2975819019096155
BB-0892 BB-0760,"[892, 760]",[31],CC(=O)c1ncc(C)cc1OCC(C)(C)C(CNC(=O)OC(C)(C)C)c1ccccc1,,random_balanced,BB-0892,BB-0760,0,0,0.7563250206708281
BB-1958 BB-1056,"[1958, 1056]",[4],CCCN(c1ccncc1NC(=O)OC(C)(C)C)c1nc(C)sc1OCC,,random_balanced,BB-1958,BB-1056,2,0,0.6806588352878469
BB-2027 BB-0355,"[2027, 355]",[62],CN(c1ccc(NC(=O)OC(C)(C)C)c2c1CCC2)C1CCCC1c1ccc(C(F)(F)F)cc1,,random_balanced,BB-2027,BB-0355,0,0,0.8135665471453007
BB-1179 BB-0612,"[1179, 612]",[103],CC(C)(C)OC(=O)Nc1cc(F)c2c(c1)CC(C(=O)CCCC(=O)Cl)C(=O)N2,,random_balanced,BB-1179,BB-0612,1,1,0.6266163019807816
BB-2114 BB-0975,"[2114, 975]",[28],CC1CN(C(=O)C2(NC(=O)OC(C)(C)C)CC(C(F)F)C2)c2ccccc2NC1=O,,random_balanced,BB-2114,BB-0975,1,0,0.6814959297851306
BB-2040 BB-1522,"[2040, 1522]",[55],Cc1[nH]c(=O)c(N2CCCC(n3ccc(C(=O)O)n3)C2)cc1NC(=O)OC(C)(C)C,,random_balanced,BB-2040,BB-1522,1,0,0.7380459311034886
BB-1618 BB-0028,"[1618, 28]",[96],CCn1c(NC(=O)OC(C)(C)C)c(C(CCl)(C(=O)O)N(C(=O)OC(C)(C)C)c2csc3c(=O)[nH]cnc23)c(=O)[nH]c1=O,,random_balanced,BB-1618,BB-0028,1,1,0.3926151281400466
BB-2073 BB-0305,"[2073, 305]",[88],CCCCCCCCn1c(Sc2cc(C(C)NC(=O)OC(C)(C)C)nn2C)nc2sc3c(c2c1=O)CCCC3,,random_balanced,BB-2073,BB-0305,1,0,0.10192008220145955
BB-2151 BB-0477,"[2151, 477]",[88],Cc1nn(-c2ccccc2)c(Oc2nnc(C(N)=O)c(NC(=O)OC(C)(C)C)c2Cl)c1C=O,,random_balanced,BB-2151,BB-0477,1,0,0.5579737114116681
BB-0791 BB-0986,"[791, 986]",[96],CC(C)(C)OC(=O)N(c1ccc(F)cc1N1CCCC1=O)C(C)(CC1(O)CCC1)C(=O)O,,random_balanced,BB-0791,BB-0986,0,3,0.1295319198653085
BB-0531 BB-1555,"[531, 1555]",[96],CCOC(=O)C1(C)C=CC(C(=O)O)(N(CC(=O)NCCc2ccccc2)C(=O)OC(C)(C)C)CC1,,random_balanced,BB-0531,BB-1555,1,3,0.6035467642132508
BB-0932 BB-0339,"[932, 339]",[96],C[C@H]1CN(C)C[C@@H](C(=O)NN(C(=O)OC(C)(C)C)C2(C(=O)O)CCCc3cc[nH]c32)O1,,random_balanced,BB-0932,BB-0339,1,0,0.6378284496530511
BB-0533 BB-1842,"[533, 1842]",[96],CC(C)(C)OC(=O)N([C@H]1C[C@H]2CCCC[C@H]2C1)C(Cc1ccccc1)(C(=O)O)c1ccc(Br)s1,,random_balanced,BB-0533,BB-1842,0,2,0.5076475969054702
BB-1081 BB-1217,"[1081, 1217]",[96],Cc1nnc(S(=O)(=O)N(C(=O)OC(C)(C)C)C2(C(=O)O)COc3cc(O)cc(C)c32)s1,,random_balanced,BB-1081,BB-1217,2,1,0.33091852796338717
BB-1682 BB-1115,"[1682, 1115]",[50],COC(=O)C#Cc1ccccc1C(O)(CNC(=O)OC(C)(C)C)c1ccc(Br)cc1,,random_balanced,BB-1682,BB-1115,3,0,0.5462529889530636
BB-0960 BB-1737,"[960, 1737]",[10],COc1ccc(Sc2ccc(-c3csc(SCc4ccc(C(=O)O)o4)n3)cc2)cc1C(CO)NC(=O)OC(C)(C)C,,random_balanced,BB-0960,BB-1737,2,0,0.08936342560866684
BB-2012 BB-0307,"[2012, 307]",[82],CCC(c1ccc(F)c(NC(=O)OC(C)(C)C)c1)N1CCC(C2(NC(=O)OC(C)(C)C)CCC2)CC1,,random_balanced,BB-2012,BB-0307,2,0,0.44938720107718916
BB-2115 BB-2034,"[2115, 2034]",[96],CCOc1ccc(N(C(=O)OC(C)(C)C)C(C)(C(=O)O)c2cc(C(=O)OC)[nH]c2NC(=O)OC(C)(C)C)c2ncccc12,,random_balanced,BB-2115,BB-2034,1,1,0.36523243502206504
BB-1899 BB-1200,"[1899, 1200]",[96],Cc1ccc2c(c1)C(C(=O)O)(N(C(=O)OC(C)(C)C)c1ccccc1N1CC(C)(C)C1=O)C(=O)N2,,random_balanced,BB-1899,BB-1200,1,0,0.3845288558487646
BB-0344 BB-1850,"[344, 1850]",[28],Cc1cnn(CC2CCCN2C(=O)C[C@H](NC(=O)OC(C)(C)C)c2cc([N+](=O)[O-])ccc2F)c1,,random_balanced,BB-0344,BB-1850,1,0,0.7501591783131413
BB-0055 BB-2088,"[55, 2088]",[96],CCCn1c(N(C(=O)OC(C)(C)C)C2(C(=O)O)CCCC(NC(=O)OC(C)(C)C)=C2Br)c(N2CCOCC2)c(=O)[nH]c1=O,,random_balanced,BB-0055,BB-2088,1,1,0.4462168697387198
BB-0802 BB-0113,"[802, 113]",[96],CCCCCC(C(=O)O)(c1c(O)cc(O)cc1O)N(C(=O)OC(C)(C)C)C(C)C(OC)C1CC1,,random_balanced,BB-0802,BB-0113,1,1,0.31185970082113096
BB-2014 BB-1350,"[2014, 1350]",[10],Cn1cc(CCNC(=O)OC(C)(C)C)c(Sc2cc(Cl)cc(C(NC(=O)OC(C)(C)C)C(F)(F)C(=O)O)c2)n1,,random_balanced,BB-2014,BB-1350,1,1,0.4374410185199898
BB-0856 BB-0726,"[856, 726]",[96],COc1ccc(C(C(F)F)N(C(=O)OC(C)(C)C)C(C(=O)O)(c2cccc(Br)c2)C(C)(C)O)cc1F,,random_balanced,BB-0856,BB-0726,1,2,0.2869398230795159
BB-1151 BB-1048,"[1151, 1048]",[61],COc1cccc(C(CC(=O)N2CC(CC(=O)O)c3cc(Br)ccc32)NC(=O)OC(C)(C)C)c1,,random_balanced,BB-1151,BB-1048,2,0,0.7379009111150063
BB-0982 BB-1824,"[982, 1824]",[75],CCc1cc(NC(=O)OC(C)(C)C)cc(S(=O)(=O)c2cc(-c3ccccc3)nc(NC(=O)OC(C)(C)C)n2)n1,,random_balanced,BB-0982,BB-1824,1,1,0.0520557915582563
BB-0682 BB-1977,"[682, 1977]",[27],CSc1nn(C)c(NC(=O)OC(C)(C)C)c1-c1noc(-c2cn(C3CN(C(=O)OC(C)(C)C)C3)nn2)n1,,random_balanced,BB-0682,BB-1977,1,0,0.15642344656640078
BB-0194 BB-0143,"[194, 143]",[96],COCC(c1ccccc1)(c1nc2ccccc2n1C)N(C(=O)OC(C)(C)C)C(C(=O)O)(c1ccc(C)cc1)C(F)(F)F,,random_balanced,BB-0194,BB-0143,0,0,0.24948236503010426
BB-2062 BB-0939,"[2062, 939]",[39],C=CC(=O)N(c1ccccc1F)C(CCCNC(=O)OC(C)(C)C)(C(=O)O)c1ccc2c(c1)OCO2,,random_balanced,BB-2062,BB-0939,2,0,0.6856873070749964
BB-0988 BB-1969,"[988, 1969]",[96],Cc1ccsc1C(Cc1ccccc1)N(C(=O)OC(C)(C)C)C(C)(CCCN1C(=O)c2ccccc2C1=O)C(=O)O,,random_balanced,BB-0988,BB-1969,0,2,0.5829130550662247
BB-2058 BB-0184,"[2058, 184]",[10],CC(C)(C)OC(=O)Nc1ccc(Sc2cc(C#N)ccc2C=O)c2c1CCCC2,,random_balanced,BB-2058,BB-0184,1,0,0.7845648066307214
BB-0568 BB-1779,"[568, 1779]",[96],COC(=O)C1(CN(C(=O)OC(C)(C)C)C(C(=O)O)(c2ccc(NC(C)=O)cc2)C(C)Cl)CC1S(C)(=O)=O,,random_balanced,BB-0568,BB-1779,2,1,0.44620692159669456
BB-1349 BB-0602,"[1349, 602]",[96],CC(C)c1cccc2c1OCCCC2(OC(=O)C(NC(=O)OC(C)(C)C)c1cc(F)ccc1F)C(=O)O,,random_balanced,BB-1349,BB-0602,1,0,0.6671332460569082
BB-2032 BB-1607,"[2032, 1607]",[55],CSCc1ccc(N2CCCC(C(=O)NC3CC3)C2)c(NC(=O)OC(C)(C)C)c1,,random_balanced,BB-2032,BB-1607,1,1,0.6178801998982891
BB-0538 BB-1375,"[538, 1375]",[40],COCc1nc(COC(=O)[C@H](Cc2ccc([N+](=O)[O-])cc2)NC(=O)OC(C)(C)C)c[nH]1,,random_balanced,BB-0538,BB-1375,1,0,0.6856124344528094
BB-0613 BB-0821,"[613, 821]",[96],COc1ccc2c(c1OC)CCC2(C(=O)O)N(Cc1cc(NC(=O)OC(C)(C)C)cc(C(F)(F)F)c1)C(=O)OC(C)(C)C,,random_balanced,BB-0613,BB-0821,0,1,0.553259812526791
BB-2162 BB-1270,"[2162, 1270]",[18],CC(C)(C)OC(=O)NNc1cc(F)c(Cl)cc1S(=O)(=O)c1ccc(B(O)O)cc1NC(=O)OC(C)(C)C,,random_balanced,BB-2162,BB-1270,0,1,0.27970253800331263
BB-2148 BB-0588,"[2148, 588]",[28],Cc1ccc(C2(O)CCN(C(=O)C(CCC(C)C)NC(=O)OC(C)(C)C)C2)cn1,,random_balanced,BB-2148,BB-0588,1,0,0.6817461154500875
BB-2050 BB-1856,"[2050, 1856]",[68],Cc1ccc(CCNC(=O)OC(C)(C)C)c(Sc2nc(N3CCNCC3)nc(N3CCOCC3)n2)c1,,random_balanced,BB-2050,BB-1856,1,0,0.3731608037389902
BB-0445 BB-1408,"[445, 1408]",[96],CC(C)(C)OC(=O)N(CC12COCC(C(F)F)(C1)C2)C(C)(C(=O)O)C1=Cc2ccccc2OC1,,random_balanced,BB-0445,BB-1408,1,2,0.539273487666035
BB-2191 BB-1254,"[2191, 1254]",[96],CC(C)(C)OC(=O)NN(C1CCCCCCC1)C(CCOc1ccccc1)(C(=O)O)C1CC1,,random_balanced,BB-2191,BB-1254,3,0,0.5703089720113375
BB-1030 BB-1945,"[1030, 1945]",[68],COC(=O)C1(c2cc(Sc3ncc(NC(=O)OC(C)(C)C)cc3C)ccc2C#N)CCC1,,random_balanced,BB-1030,BB-1945,1,0,0.6602287509716989
BB-0943 BB-0708,"[943, 708]",[96],COC(=O)C1CC2(CCCCC2)CC1(OC(=O)C#CC(C)NC(=O)OC(C)(C)C)C(=O)O,,random_balanced,BB-0943,BB-0708,1,1,0.5199546205687533
BB-1377 BB-0426,"[1377, 426]",[96],CC(C)(C)OC(=O)NCCCN1C(=O)N(C(CBr)(C(=O)O)C2CC(F)(F)C2)C(c2ccccc2)(c2ccccc2)C1=O,,random_balanced,BB-1377,BB-0426,1,0,0.6570697174224297
BB-1863 BB-1821,"[1863, 1821]",[96],CC(C)(C)OC(=O)NC(C)(C(=O)OC1(C(=O)O)CCN(C(=O)OC(C)(C)C)C(=O)C1)c1ccc(C(F)(F)F)cc1,,random_balanced,BB-1863,BB-1821,1,1,0.42105571012662607
BB-2194 BB-0724,"[2194, 724]",[62],CC(C)(C)OC(=O)NCC#Cc1cccc(N2CCOC(CCC(F)(F)F)C2)c1,,random_balanced,BB-2194,BB-0724,1,0,0.2538298044269934
BB-0207 BB-0259,"[207, 259]",[96],CC(C)Oc1ccc2c(c1)CCCC2(C(=O)O)N(C(=O)OC(C)(C)C)C(C)C(=O)N1CCc2ccccc21,,random_balanced,BB-0207,BB-0259,0,1,0.643334564945692
BB-1459 BB-0725,"[1459, 725]",[96],COc1ccc(C(C(=O)O)(C2CCCN2)N(Cc2nnc(C(C)C)s2)C(=O)OC(C)(C)C)cc1,,random_balanced,BB-1459,BB-0725,1,1,0.6173497129801842
BB-0545 BB-1481,"[545, 1481]",[96],Cc1c(C(C)(C(=O)O)N2CCN(CCn3cc(NC(=O)OC(C)(C)C)cn3)C2=O)oc2ccccc12,,random_balanced,BB-0545,BB-1481,1,1,0.2886402852355526
BB-1594 BB-1498,"[1594, 1498]",[17],COc1cc2ccnc(S(=O)(=O)c3cc(C)cc(C)c3NC(=O)OC(C)(C)C)c2cc1Br,,random_balanced,BB-1594,BB-1498,0,0,0.39439399502006345
BB-0065 BB-0691,"[65, 691]",[10],CC(C)(C)OC(=O)NC1CCCN(c2ccc(Sc3cc(F)c(O)c([N+](=O)[O-])c3F)c(Cl)c2)C1,,random_balanced,BB-0065,BB-0691,1,0,0.4879542232028571
BB-1866 BB-0612,"[1866, 612]",[103],COC(=O)C(C(=O)CCCC(=O)Cl)C(C)(C)c1ccc(NC(=O)OC(C)(C)C)cc1,,random_balanced,BB-1866,BB-0612,1,2,0.7088745598004558
BB-0299 BB-1502,"[299, 1502]",[98],CC(OC(=O)Cc1cc(F)c(F)cc1Cl)C(C)(CNC(=O)OC(C)(C)C)Cc1ccc(F)cc1,,random_balanced,BB-0299,BB-1502,1,0,0.5301527175050726
BB-0535 BB-1254,"[535, 1254]",[96],COc1cc(CCN(C(=O)OC(C)(C)C)C(CCOc2ccccc2)(C(=O)O)C2CC2)cc(OC)c1C,,random_balanced,BB-0535,BB-1254,1,1,0.5788836220652746
BB-2166 BB-0028,"[2166, 28]",[31],CCn1c(NC(=O)OC(C)(C)C)c(C(=O)COC(CNC(=O)OC(C)(C)C)c2ccc(S(C)(=O)=O)cc2)c(=O)[nH]c1=O,,random_balanced,BB-2166,BB-0028,0,2,0.56119937166348
BB-2140 BB-2154,"[2140, 2154]",[96],CC(C)(C)OC(=O)Nc1ccccc1C(CC1CCC1)(C(=O)O)N(C[C@@H]1CCO[C@@H]1c1nc(C2CC2)no1)C(=O)OC(C)(C)C,,random_balanced,BB-2140,BB-2154,0,3,0.49873765581835877
BB-1247 BB-1932,"[1247, 1932]",[96],CC(C)(C)OC(=O)N(C12CCC(F)(CC1)C2)C1(C(=O)O)CC2CCCC1C2,,random_balanced,BB-1247,BB-1932,0,1,0.13637446822401444
BB-2135 BB-1083,"[2135, 1083]",[40],CC(C)(C)OC(=O)Nc1ncn(CC(=O)OC[C@@H](Cc2ccc([N+](=O)[O-])cc2)NC(=O)OC(C)(C)C)n1,,random_balanced,BB-2135,BB-1083,2,1,0.1191210696531733
BB-0615 BB-2015,"[615, 2015]",[96],COCC(=O)N(NC(=O)OC(C)(C)C)C1(C(=O)O)CCC(NC(=O)OC(C)(C)C)c2ccc(Br)cc21,,random_balanced,BB-0615,BB-2015,0,3,0.6585080108015412
BB-2056 BB-1127,"[2056, 1127]",[104],CC(C)(C)OC(=O)NCCc1ccncc1-c1c(O)ccc2ncnn12,,random_balanced,BB-2056,BB-1127,1,1,0.6054928699966103
BB-1888 BB-0340,"[1888, 340]",[96],CC1OCCC1N(C(=O)OC(C)(C)C)C(CBr)(C(=O)O)c1ccc(C#N)c([N+](=O)[O-])c1,,random_balanced,BB-1888,BB-0340,1,1,0.3028122218987656
BB-2184 BB-2075,"[2184, 2075]",[17],COCn1ncc(S(=O)(=O)c2cc3c(cc2C)OCC3NC(=O)OC(C)(C)C)c1S(=O)(=O)NC(=O)OC(C)(C)C,,random_balanced,BB-2184,BB-2075,2,2,0.4040477540074518
BB-0324 BB-1241,"[324, 1241]",[96],CCCCC(C(=O)O)(c1ccc(C)cc1O)N(C(=O)OC(C)(C)C)c1c(C(=O)OCC)sc2ncc(C(=O)OC)cc12,,random_balanced,BB-0324,BB-1241,2,2,0.36771734450362936
BB-2168 BB-0349,"[2168, 349]",[96],Cc1cccc(C(C(N)=O)(C(=O)O)N(C(=O)OC(C)(C)C)c2cccn(CCF)c2=O)c1,,random_balanced,BB-2168,BB-0349,1,1,0.32171213302534
BB-2193 BB-1840,"[2193, 1840]",[96],CCC(C)(C)c1cc(C(C)=O)c(O)c(C(C)(C(=O)O)N(C(=O)OC(C)(C)C)C(C)Cc2cn(C)cn2)c1,,random_balanced,BB-2193,BB-1840,1,2,0.5467786977530298
BB-2131 BB-0465,"[2131, 465]",[28],CC(C)(C)OC(=O)NC(C)(Cn1cccn1)C(=O)N(CC(=O)O)Cc1c(F)cccc1Cl,,random_balanced,BB-2131,BB-0465,1,0,0.42756503059619805
BB-0601 BB-1713,"[601, 1713]",[28],CC(C)(C)OC(=O)N[C@H](Cc1c[nH]c2ccccc12)C(=O)N1CCC(CCOc2ccc3ccccc3c2)CC1,,random_balanced,BB-0601,BB-1713,0,0,0.2702139948218794
BB-2009 BB-1632,"[2009, 1632]",[10],COC(=O)Cc1cc2c(c(Sc3cc(CO)cc(NC(=O)OC(C)(C)C)c3C)c1)OCC2,,random_balanced,BB-2009,BB-1632,3,0,0.7181119332048496
BB-0146 BB-1167,"[146, 1167]",[96],CCCC1CC(C(=O)O)(N(CC2(c3cccc(C(F)(F)F)c3)CCOCC2)C(=O)OC(C)(C)C)CCO1,,random_balanced,BB-0146,BB-1167,0,0,0.49393446012218734
BB-0885 BB-1539,"[885, 1539]",[96],Cc1ccc(-c2cnccn2)cc1N(C(=O)OC(C)(C)C)C1(C(=O)O)C2CC3C(C2)C31C(=O)O,,random_balanced,BB-0885,BB-1539,0,1,0.2836508051099483
BB-0772 BB-0645,"[772, 645]",[96],Cc1c(N(C(=O)OC(C)(C)C)C(C(=O)O)(/C(=N/N=C/c2ccc3c(c2)OCO3)c2ccccc2)c2ccccc2)c(C(N)=O)nn1C,,random_balanced,BB-0772,BB-0645,1,0,0.20442453249078815
BB-0015 BB-0509,"[15, 509]",[88],COc1cc(C)c(C=O)cc1Oc1cc(F)ccc1C(NC(=O)OC(C)(C)C)c1ccc(C)cc1,,random_balanced,BB-0015,BB-0509,1,0,0.5356140768950692
BB-2184 BB-0071,"[2184, 71]",[18],COCn1ncc(S(=O)(=O)c2cc(Br)cc(C(C)(C)O)c2)c1S(=O)(=O)NC(=O)OC(C)(C)C,,random_balanced,BB-2184,BB-0071,3,1,0.5205964787591384
BB-0311 BB-0164,"[311, 164]",[96],CCOC(=O)C12CCCC1=CC(C(=O)O)(N(C(=O)OC(C)(C)C)c1ccnc3cc(C)nn13)C2,,random_balanced,BB-0311,BB-0164,1,1,0.5122551800709653
BB-1144 BB-1768,"[1144, 1768]",[96],CCOC(=O)C(C(=O)O)(c1c(Br)nc(C)n1C)N(C(=O)OC(C)(C)C)[C@H]1C[C@H]2C[C@@H](NC(=O)OC(C)(C)C)C[C@H]2C1,,random_balanced,BB-1144,BB-1768,0,1,0.49175706373894396
BB-0484 BB-0172,"[484, 172]",[27],CCOC(=O)c1c(C)oc(NC(=O)OC(C)(C)C)c1-c1noc(C(C(=O)O)C2CCC(=O)N2)n1,,random_balanced,BB-0484,BB-0172,1,0,0.572537456448884
BB-0705 BB-0203,"[705, 203]",[39],CC(C)(C)OC(=O)NN=C(c1ccccc1)C(C(=O)O)(c1ccccc1)N(C(=O)OC(C)(C)C)C1CCCC12CC(=O)C2,,random_balanced,BB-0705,BB-0203,1,2,0.17892992122438484
BB-2158 BB-0915,"[2158, 915]",[96],Cc1cc(Cl)cc2c1OCCCC2(C(=O)O)N(C(=O)OC(C)(C)C)C1CCCc2cc(C#N)ccc21,,random_balanced,BB-2158,BB-0915,2,1,0.35017911342121416
BB-0575 BB-0586,"[575, 586]",[96],CC1CN(C(=O)c2nn(C3(C(=O)O)C=CC(C)(c4ccccc4)CC3)cc2NC(=O)OC(C)(C)C)CCCO1,,random_balanced,BB-0575,BB-0586,0,1,0.5379559904667583
BB-1649 BB-1140,"[1649, 1140]",[96],CCn1cc(N2CCC(C(=O)O)(N(Cc3ccc(Oc4ccc(F)cc4)nc3)C(=O)OC(C)(C)C)CC2=O)cn1,,random_balanced,BB-1649,BB-1140,0,2,0.5317970543888657
BB-2139 BB-0010,"[2139, 10]",[96],CCOc1ccc(N(C(=O)OC(C)(C)C)C2(C(=O)O)c3ccccc3CC23CCOCC3)cc1C,,random_balanced,BB-2139,BB-0010,0,1,0.4606352027578753
BB-0943 BB-0747,"[943, 747]",[40],CC(C#CC(=O)OCC12CCCN(CCC1)C2)NC(=O)OC(C)(C)C,,random_balanced,BB-0943,BB-0747,2,0,0.1906702347561858
BB-1023 BB-1711,"[1023, 1711]",[39],CC(C)(C)OC(=O)NCC(C(=O)O)(c1ccc([N+](=O)[O-])cc1)N(Cc1ccccc1[N+](=O)[O-])C1CC1,,random_balanced,BB-1023,BB-1711,3,0,0.5853346402310435
BB-2117 BB-1912,"[2117, 1912]",[96],CC(=O)Nc1cc2c(cc1Br)C(C(=O)O)(N(C(=O)OC(C)(C)C)[C@H](CC(C)C)C(F)(F)F)CC2,,random_balanced,BB-2117,BB-1912,2,1,0.5902682539999746
BB-0344 BB-0403,"[344, 403]",[96],CCO[C@@H]1CC(C(=O)O)(N(C(=O)OC(C)(C)C)[C@@H](CC(=O)OC)c2cc([N+](=O)[O-])ccc2F)[C@H]1N1C(=O)CCC1=O,,random_balanced,BB-0344,BB-0403,2,2,0.33800033646631994
BB-1094 BB-1875,"[1094, 1875]",[31],COC(=O)C1CCc2sc(Oc3ccc(CC(NC(=O)OC(C)(C)C)C(=O)O)cc3O)nc2C1,,random_balanced,BB-1094,BB-1875,0,0,0.07275517629087695
BB-2141 BB-1310,"[2141, 1310]",[96],Cc1cc(C(CCl)(C(=O)O)N(Cc2ccc(Oc3ccc([N+](=O)[O-])cc3)cc2)C(=O)OC(C)(C)C)c(C)[nH]1,,random_balanced,BB-2141,BB-1310,0,1,0.6041593895239974
BB-0294 BB-1241,"[294, 1241]",[96],CCCCC(C(=O)O)(c1ccc(C)cc1O)N(C(=O)OC(C)(C)C)c1nncc(-c2cccc(F)c2)n1,,random_balanced,BB-0294,BB-1241,1,3,0.344186599714793
BB-2160 BB-1612,"[2160, 1612]",[0],Cc1cc(C=CC(=O)N2CCc3ccc(NC(=O)OC(C)(C)C)cc32)cc(C)c1OCC(=O)O,,random_balanced,BB-2160,BB-1612,2,0,0.16772965997928288
BB-0925 BB-1641,"[925, 1641]",[96],CC(C)(C)OC(=O)N(c1cncc(-c2cnn(C3CCCCO3)c2)c1)C(C)(C(=O)O)c1ccc(N2CCNC2=O)cc1,,random_balanced,BB-0925,BB-1641,1,1,0.432907967929832
BB-2102 BB-1200,"[2102, 1200]",[96],CSc1cccc(C)c1N(C(=O)OC(C)(C)C)C1(C(=O)O)C(=O)Nc2ccc(C)cc21,,random_balanced,BB-2102,BB-1200,1,1,0.20917485437024425
BB-0570 BB-2033,"[570, 2033]",[96],CC(C)(C)OC(=O)Nc1ccc2c(c1)C(C(=O)O)(N(C(=O)OC(C)(C)C)C(Cc1cccc(F)c1)C(N)=O)CCC2,,random_balanced,BB-0570,BB-2033,1,1,0.3349802864617699
BB-0425 BB-0904,"[425, 904]",[82],CON(Cc1cn[nH]c1NC(=O)OC(C)(C)C)CC1CCC(C(C)(C)C)CC1,,random_balanced,BB-0425,BB-0904,3,0,0.3233874797497884
BB-2071 BB-1577,"[2071, 1577]",[39],CC(C)CC(CNC(=O)OC(C)(C)C)(C(=O)O)N(NC(=O)COc1cc(Cl)ccc1Cl)C(=O)OC(C)(C)C,,random_balanced,BB-2071,BB-1577,2,1,0.3427788336189763
BB-1645 BB-1579,"[1645, 1579]",[31],Cc1cc(C(=O)O)c2cc(OCCSCCC(NC(=O)OC(C)(C)C)C(=O)O)ccc2n1,,random_balanced,BB-1645,BB-1579,1,0,0.11210349231444167
BB-0282 BB-1519,"[282, 1519]",[96],Cc1cnn(C(C)CN(C(=O)OC(C)(C)C)C2(C(=O)O)CCCc3oc(=O)c(C(N)=O)cc32)c1,,random_balanced,BB-0282,BB-1519,1,1,0.4258183834481584
BB-1770 BB-1939,"[1770, 1939]",[49],CC(C)C(NC(=O)OC(C)(C)C)C(=O)c1cc(F)c(Br)c(F)c1NC(=O)OC(C)(C)C,,random_balanced,BB-1770,BB-1939,0,0,0.6528681607016844
BB-1617 BB-0006,"[1617, 6]",[46],CSc1ccc([N+](=O)[O-])cc1C(=O)CC(=O)CC(NC(=O)OC(C)(C)C)c1ccccc1,,random_balanced,BB-1617,BB-0006,2,0,0.6076534316671534
BB-0158 BB-2074,"[158, 2074]",[96],Cn1ccc(C(CNC(=O)OC(C)(C)C)(C(=O)O)N(CCC2CC2(Cl)Cl)C(=O)OC(C)(C)C)n1,,random_balanced,BB-0158,BB-2074,2,1,0.4785033449155496
BB-1205 BB-1414,"[1205, 1414]",[96],CCC1Oc2c(F)cc(Br)cc2C1(C(=O)O)N(C(=O)OC(C)(C)C)c1nccn1-c1ccccc1,,random_balanced,BB-1205,BB-1414,1,2,0.2388906756134081
BB-2193 BB-2074,"[2193, 2074]",[96],CC(Cc1cn(C)cn1)N(C(=O)OC(C)(C)C)C(CNC(=O)OC(C)(C)C)(C(=O)O)c1ccn(C)n1,,random_balanced,BB-2193,BB-2074,2,2,0.5863263176412584
BB-0207 BB-0627,"[207, 627]",[96],CC(C(=O)N1CCc2ccccc21)N(C(=O)OC(C)(C)C)C(/C=C(/[O-])C(F)(F)F)(C(=O)O)c1cccnc1,,random_balanced,BB-0207,BB-0627,1,1,0.39164039213798996
BB-1448 BB-1927,"[1448, 1927]",[96],COC(=O)C1(N(C(=O)OC(C)(C)C)C2(C(=O)O)CCCOC2C(C)(C)C)CCCN(Cc2ccccc2)C1,,random_balanced,BB-1448,BB-1927,1,1,0.284671466244916
BB-0619 BB-0586,"[619, 586]",[96],CC(C)(C)OC(=O)N(CCN1Cc2ncsc2C1)C1(C(=O)O)C=CC(C)(c2ccccc2)CC1,,random_balanced,BB-0619,BB-0586,1,2,0.4974632047519782
BB-0774 BB-0354,"[774, 354]",[96],COCCN(C(=O)c1c(NC(=O)OC(C)(C)C)sc2c1CCCC2)C(C(=O)O)(c1ccc(F)cc1F)C1CCN(C(C)=O)CC1,,random_balanced,BB-0774,BB-0354,0,0,0.40439230413836164
BB-0996 BB-1674,"[996, 1674]",[31],CC(C)(C)OC(=O)NCC1(c2ccccc2)CC(Oc2ccc3c(c2)OC(C(=O)O)CC3)(C(F)(F)F)C1,,random_balanced,BB-0996,BB-1674,1,1,0.5811618448661751
BB-2162 BB-0072,"[2162, 72]",[68],COc1ccnc2nc(Sc3ccc(B(O)O)cc3NC(=O)OC(C)(C)C)ccc12,,random_balanced,BB-2162,BB-0072,1,0,0.5225562588712135
BB-0777 BB-1995,"[777, 1995]",[96],CC(C)(C)OC(=O)N(c1nc(-c2sccc2F)cs1)C1(C(=O)O)CC(Oc2ccccc2)C1(C)C,,random_balanced,BB-0777,BB-1995,0,1,0.5430094246365671
BB-0737 BB-0537,"[737, 537]",[97],CCc1cc(F)ccc1CC(=O)OC(CNC(=O)OC(C)(C)C)C(=O)O,,random_balanced,BB-0737,BB-0537,0,0,0.5779484726711561
BB-2121 BB-2064,"[2121, 2064]",[10],Cc1cc(Sc2cc(Cl)cc(CS(=O)(=O)NC(=O)OC(C)(C)C)c2)c(C)c(C(=O)O)c1NC(=O)OC(C)(C)C,,random_balanced,BB-2121,BB-2064,0,1,0.08663199157245284
BB-1501 BB-0233,"[1501, 233]",[96],COC(=O)c1c(CC(=O)O)[nH]c(C(C)(C(=O)O)N(C(=O)OC(C)(C)C)C(c2ccccc2)c2ccoc2)c1C,,random_balanced,BB-1501,BB-0233,0,0,0.5383810923970285
BB-0572 BB-0705,"[572, 705]",[96],COc1ccc(C(F)(F)F)cc1N(C(=O)OC(C)(C)C)C(C(=O)O)(C(=NNC(=O)OC(C)(C)C)c1ccccc1)c1ccccc1,,random_balanced,BB-0572,BB-0705,0,2,0.27602491003656715
BB-0813 BB-0421,"[813, 421]",[79],COCCN(CCC(F)(F)F)C(=O)C(=O)N(c1ccccc1NC(=O)OC(C)(C)C)C1CCN(C(=O)OC(C)(C)C)C1,,random_balanced,BB-0813,BB-0421,0,0,0.36093579788570923
BB-2174 BB-2036,"[2174, 2036]",[96],COCCc1ccc(Oc2ccc(N(C(=O)OC(C)(C)C)C3(C(=O)O)CC(C)(C)Cc4oc(NC(=O)OC(C)(C)C)nc43)cc2)cc1,,random_balanced,BB-2174,BB-2036,0,2,0.24761346488697986
BB-1827 BB-0746,"[1827, 746]",[96],CC(C)CC1CCC(C(=O)O)(N(Cc2ccc3c(c2)C(=O)OC3)C(=O)OC(C)(C)C)C1,,random_balanced,BB-1827,BB-0746,2,1,0.5237971762777958
BB-0926 BB-1414,"[926, 1414]",[96],CCC1Oc2c(F)cc(Br)cc2C1(C(=O)O)N(C(=O)OC(C)(C)C)c1nccc2c1CN(C(=O)OC(C)(C)C)CC2,,random_balanced,BB-0926,BB-1414,0,3,0.4589232464030664
BB-1655 BB-1772,"[1655, 1772]",[75],CC(C)(C)OC(=O)NC(COc1ccccc1)c1ccc(F)c(S(=O)(=O)C2CCC(C(C)(C)C)CC2)c1,,random_balanced,BB-1655,BB-1772,1,0,0.3432443455401051
BB-1111 BB-0629,"[1111, 629]",[62],COC(=O)C(NC(=O)OC(C)(C)C)c1cc(Cl)cc(N2CCC3(CC2)COc2ncccc23)c1,,random_balanced,BB-1111,BB-0629,2,0,0.6784938790045554
BB-0085 BB-1113,"[85, 1113]",[96],CC(C)(C)OC(=O)N(c1ccccc1NC(=O)c1ccncc1)C1(C(=O)O)CCC(OC2CCCCC2)CC1,,random_balanced,BB-0085,BB-1113,1,1,0.5032419046959835
BB-0896 BB-1336,"[896, 1336]",[96],CC(C)(C)OC(=O)N(c1cc2c(cn1)OCC2)C1(C(=O)O)CCCC1C1CCCN1,,random_balanced,BB-0896,BB-1336,0,1,0.4749907211126121
BB-1832 BB-2074,"[1832, 2074]",[96],C[C@@H](CN(C(=O)OC(C)(C)C)C(CNC(=O)OC(C)(C)C)(C(=O)O)c1ccn(C)n1)Oc1ccccc1,,random_balanced,BB-1832,BB-2074,0,3,0.42980680320572556
BB-1350 BB-2179,"[1350, 2179]",[62],CC(C)(C)OC(=O)Nc1ccc(N(c2cc(Cl)cc(C(NC(=O)OC(C)(C)C)C(F)(F)C(=O)O)c2)c2ncccn2)cc1,,random_balanced,BB-1350,BB-2179,2,2,0.08032326230831846
BB-0278 BB-1134,"[278, 1134]",[0],CCCCCCCCCC(C)CC=CS(=O)(=O)C[C@H]1C[C@H]1NC(=O)OC(C)(C)C,,random_balanced,BB-0278,BB-1134,1,0,0.09297871913538425
BB-0247 BB-1925,"[247, 1925]",[28],CC(C)(C)OC(=O)NC1(c2ccc(C(=O)N3CCCN(c4cnccn4)CC3)o2)CC1,,random_balanced,BB-0247,BB-1925,0,0,0.5000775432924695
BB-0425 BB-0766,"[425, 766]",[63],CCC(=O)C(=Cc1cn[nH]c1NC(=O)OC(C)(C)C)C(=O)c1ccc(C(F)(F)F)cc1,,random_balanced,BB-0425,BB-0766,4,2,0.674871534730533
BB-0431 BB-0755,"[431, 755]",[61],CCCN(C(=O)c1ccc2c(c1)CCCC2NC(=O)OC(C)(C)C)c1nc2ccc(C)cc2c(=O)[nH]1,,random_balanced,BB-0431,BB-0755,0,0,0.2987916463369582
BB-1135 BB-0232,"[1135, 232]",[68],Cc1c(NNC(=O)OC(C)(C)C)ccc(Sc2cnc3nc4ccccc4n3c2)c1C,,random_balanced,BB-1135,BB-0232,1,0,0.47218642989830895
BB-1291 BB-0392,"[1291, 392]",[75],CC(C)(C)OC(=O)NNC(=O)c1c(F)cccc1S(=O)(=O)c1ccc(C(=O)O)c2c1CCC2,,random_balanced,BB-1291,BB-0392,3,2,0.5074202797015254
BB-2182 BB-0444,"[2182, 444]",[96],CCCCCC(CC)(C(=O)O)N(Nc1ncnc2c1oc1ccccc12)C(=O)OC(C)(C)C,,random_balanced,BB-2182,BB-0444,2,0,0.605117323671204
BB-2074 BB-1851,"[2074, 1851]",[39],Cn1ccc(C(CNC(=O)OC(C)(C)C)(OC(=O)CCc2cc(Br)cc3c2OCC3)C(=O)O)n1,,random_balanced,BB-2074,BB-1851,4,0,0.6566793347847002
BB-1280 BB-2192,"[1280, 2192]",[61],CC(C)(C)OC(=O)NCc1ccc(-c2cccc(C(=O)N3CCC(c4ccc(NC(=O)OC(C)(C)C)nc4)CC3)c2)cc1,,random_balanced,BB-1280,BB-2192,0,0,0.11019728679769407
BB-2167 BB-1919,"[2167, 1919]",[107],CN(C)c1nc(C(O)c2ccc(C3(NC(=O)OC(C)(C)C)CC(F)C3)cc2)c(Cl)n1-c1ccc(Br)cc1,,random_balanced,BB-2167,BB-1919,1,1,0.4367224381768518
BB-2170 BB-0972,"[2170, 972]",[96],Cn1cc(S(=O)(=O)N(C(=O)OC(C)(C)C)C(C(=O)O)(C(=O)O)c2cnn(C(C)(C)C)c2)c2ccccc21,,random_balanced,BB-2170,BB-0972,1,0,0.43597644931058066
BB-2185 BB-2101,"[2185, 2101]",[96],CCOc1cccc(N(C(=O)OC(C)(C)C)C(C)(C(=O)O)C(NC(=O)OC(C)(C)C)C2CC2)n1,,random_balanced,BB-2185,BB-2101,1,2,0.32389646780276354
BB-2175 BB-0076,"[2175, 76]",[96],C=CC(C(=O)O)(c1c(F)cccc1Cl)N(C(=O)OC(C)(C)C)S(=O)(=O)c1ccc(CC)o1,,random_balanced,BB-2175,BB-0076,0,1,0.2880716318199714
BB-1591 BB-0407,"[1591, 407]",[68],CC(C)(C)OC(=O)Nc1ccc(F)c(Sc2cccc3c2CN(C2CCC(=O)NC2=O)C3=O)c1F,,random_balanced,BB-1591,BB-0407,1,0,0.44015709920734325
BB-2110 BB-1268,"[2110, 1268]",[96],CCc1ccc(C(=O)N(NC(=O)OC(C)(C)C)C(C(=O)O)(c2cc(C)ccc2F)C2CCCCCCC2)cc1,,random_balanced,BB-2110,BB-1268,2,0,0.46893118932537753
BB-0759 BB-1340,"[759, 1340]",[96],COc1ccc2c(c1)C(C)(C)CC2(C(=O)O)N(C(=O)OC(C)(C)C)c1c(C)nn(C)c1N1CCC1,,random_balanced,BB-0759,BB-1340,0,2,0.3363925010872483
BB-0600 BB-0134,"[600, 134]",[96],CC(C)(C)OC(=O)N(CCCOc1ccc(C(C)(C)C)cc1)C1(C(=O)O)CSCCc2ccccc21,,random_balanced,BB-0600,BB-0134,0,1,0.5547553562227538
BB-1517 BB-0298,"[1517, 298]",[97],COc1c(C(F)(F)F)ccnc1C(=O)OCC(Cc1cccc(C)c1)NC(=O)OC(C)(C)C,,random_balanced,BB-1517,BB-0298,1,0,0.6432019396488564
BB-0531 BB-0286,"[531, 286]",[96],COC(=O)C1CCN(C(=O)CC(C)(C(=O)O)N(CC(=O)NCCc2ccccc2)C(=O)OC(C)(C)C)CC1,,random_balanced,BB-0531,BB-0286,2,1,0.5915781384349161
BB-1556 BB-0844,"[1556, 844]",[96],Cc1ccc(C(C)(C(=O)O)N(C(=O)OC(C)(C)C)[C@H](CO)C2CCCCC2)c(O)c1C,,random_balanced,BB-1556,BB-0844,0,3,0.39760290154896616
BB-0042 BB-0316,"[42, 316]",[68],CC(C)(C)OC(=O)N[C@H](CC(=O)O)Cc1ccccc1Sc1cc(S(=O)(=O)NC(=O)OC(C)(C)C)cc(C(=O)O)c1F,,random_balanced,BB-0042,BB-0316,1,2,0.41325039162506805
BB-2168 BB-0415,"[2168, 415]",[96],CC(C)(C)OC(=O)N(c1cccn(CCF)c1=O)C(C(=O)O)(c1ccccc1)c1ccc(B2OC(C)(C)C(C)(C)O2)cc1,,random_balanced,BB-2168,BB-0415,2,0,0.3439952424641066
BB-1703 BB-0259,"[1703, 259]",[96],COc1cc(C2(CN(C(=O)OC(C)(C)C)C3(C(=O)O)CCCc4cc(OC(C)C)ccc43)CCC2)ccn1,,random_balanced,BB-1703,BB-0259,0,2,0.5890338722953953
BB-0160 BB-0379,"[160, 379]",[96],CC(C)(C)OC(=O)N(Cc1c(F)cccc1OC(F)(F)F)C1(C(=O)O)CCNc2ccc(C(=O)O)cc21,,random_balanced,BB-0160,BB-0379,1,3,0.33658207143634
BB-2188 BB-0337,"[2188, 337]",[96],CC(Br)C(C(=O)O)(c1ccc2c(c1)CCC(=O)N2)N(C(=O)OC(C)(C)C)C1C2CC3C(C2)C31,,random_balanced,BB-2188,BB-0337,0,2,0.3817408162517151
BB-2196 BB-0011,"[2196, 11]",[28],COC(=O)[C@@H]1C[C@H]1C(NC(=O)OC(C)(C)C)C(=O)N1CCOCC1CC(=O)c1ccccc1,,random_balanced,BB-2196,BB-0011,1,0,0.7390270935198305
BB-1030 BB-0357,"[1030, 357]",[10],COC(=O)c1ccc2cc(Sc3ncc(NC(=O)OC(C)(C)C)cc3C)cc(C)c2n1,,random_balanced,BB-1030,BB-0357,2,1,0.34470689243510194
BB-2094 BB-1907,"[2094, 1907]",[104],CNC(C(=O)O)c1cc(OC)ccc1-c1nocc1CCNC(=O)OC(C)(C)C,,random_balanced,BB-2094,BB-1907,2,0,0.7770291731861767
BB-1759 BB-0193,"[1759, 193]",[28],COCc1ncc2c(n1)CCN(C(=O)c1cc(F)c(NC(=O)OC(C)(C)C)cc1F)C2,,random_balanced,BB-1759,BB-0193,1,0,0.4110756950075667
BB-2176 BB-2010,"[2176, 2010]",[96],CC(C)(C)OC(=O)Nc1c2c(cc3c1CCC3(C(=O)O)N(C(=O)OC(C)(C)C)c1nnc(-c3c(F)cccc3F)s1)CCC2,,random_balanced,BB-2176,BB-2010,1,2,0.33766329831860564
BB-0860 BB-2026,"[860, 2026]",[96],CC(C)Cc1nn(C)c(C(N)=O)c1N(C(=O)OC(C)(C)C)C1(C(=O)O)CC(C)(C)CC(NC(=O)OC(C)(C)C)=C1Br,,random_balanced,BB-0860,BB-2026,2,2,0.562553202353402
BB-0816 BB-2004,"[816, 2004]",[74],CC(C)(C)OC(=O)NCc1nnn(-c2ccc(S(=O)(=O)c3ccccc3C(CO)CNC(=O)OC(C)(C)C)c(C(F)(F)F)c2)n1,,random_balanced,BB-0816,BB-2004,3,1,0.04996116636047383
BB-1683 BB-2065,"[1683, 2065]",[96],CCC(C(=O)O)(c1cc(NC(=O)OC(C)(C)C)ccc1F)N(C(=O)OC(C)(C)C)C1CCCc2cn(CC(F)(F)F)nc21,,random_balanced,BB-1683,BB-2065,0,2,0.483712447334347
BB-2166 BB-0343,"[2166, 343]",[98],CC(C)(C)OC(=O)NCC(OC(=O)Cc1c(F)ccc(Cl)c1F)c1ccc(S(C)(=O)=O)cc1,,random_balanced,BB-2166,BB-0343,1,0,0.5820269873757483
BB-0446 BB-1268,"[446, 1268]",[96],Cc1ccc(F)c(C(C(=O)O)(C2CCCCCCC2)N(CC(C)Cc2cn[nH]c2)C(=O)OC(C)(C)C)c1,,random_balanced,BB-0446,BB-1268,0,1,0.45348327442669656
BB-1248 BB-0039,"[1248, 39]",[46],CCCC(CNC(=O)OC(C)(C)C)C(=O)C1CSc2cc(C)ccc2NC1=O,,random_balanced,BB-1248,BB-0039,3,0,0.7756057224514616
BB-2034 BB-0854,"[2034, 854]",[39],COC(=O)c1cc(C(C)(OC[C@H]2Cc3ccccc3N2)C(=O)O)c(NC(=O)OC(C)(C)C)[nH]1,,random_balanced,BB-2034,BB-0854,2,0,0.6934412596730575
BB-1479 BB-1435,"[1479, 1435]",[3],CC(C)(C)OC(=O)NS(=O)(=O)N(C(=O)CC1CCCC(C#N)C1)c1ccc(C#N)cc1,,random_balanced,BB-1479,BB-1435,2,0,0.5789128410497288
BB-0328 BB-1482,"[328, 1482]",[96],COCC[C@@H]1C[C@H]1N(C(=O)OC(C)(C)C)C(C)(C(=O)O)c1c(O)ccc2ccccc12,,random_balanced,BB-0328,BB-1482,2,2,0.38384733815042
BB-0765 BB-1952,"[765, 1952]",[61],C=Cc1ccc2c(c1)CN(C(=O)CC(Cc1ccc([N+](=O)[O-])cc1)NC(=O)OC(C)(C)C)C2,,random_balanced,BB-0765,BB-1952,1,0,0.6349052927471417
BB-0121 BB-0552,"[121, 552]",[98],Cc1cc(C)cc(C(COC(=O)c2cc(C)ccc2C2CC2)NC(=O)OC(C)(C)C)c1,,random_balanced,BB-0121,BB-0552,0,0,0.6661791601746263
BB-1909 BB-1043,"[1909, 1043]",[96],CC(C)(C)OC(=O)N([C@@H]1CCOC1)C(CN1CCNCC1)(C(=O)O)c1cccs1,,random_balanced,BB-1909,BB-1043,1,1,0.32269410297506135
BB-0212 BB-0044,"[212, 44]",[61],COC(=O)c1c(NC(=O)OC(C)(C)C)nc2n1CC(C(=O)N(C)Cc1ccc(Br)cc1F)CC2,,random_balanced,BB-0212,BB-0044,1,0,0.5947125718873137
BB-1942 BB-0883,"[1942, 883]",[96],CCC(NC(=O)OC(C)(C)C)c1nc(C)nn1C(CCCl)(C(=O)O)c1ccccc1F,,random_balanced,BB-1942,BB-0883,1,2,0.6046546059598087
BB-2134 BB-2086,"[2134, 2086]",[96],Cc1ccc(C(CNC(=O)OC(C)(C)C)(C(=O)O)N(CCCCc2ccccc2)C(=O)OC(C)(C)C)c(C)c1,,random_balanced,BB-2134,BB-2086,2,2,0.4634720793494281
BB-2094 BB-1007,"[2094, 1007]",[62],Cc1noc(C2CC3CCC2N3c2nocc2CCNC(=O)OC(C)(C)C)n1,,random_balanced,BB-2094,BB-1007,3,0,0.6416841158698744
BB-0996 BB-2035,"[996, 2035]",[31],Cc1csc(C(=O)CNC(=O)OC(C)(C)C)c1OC1(C(F)(F)F)CC(CNC(=O)OC(C)(C)C)(c2ccccc2)C1,,random_balanced,BB-0996,BB-2035,2,5,0.5259100837891028
BB-0802 BB-1147,"[802, 1147]",[96],COCC(C(=O)O)(c1ccc2cc(OC)ccc2n1)N(C(=O)OC(C)(C)C)C(C)C(OC)C1CC1,,random_balanced,BB-0802,BB-1147,2,1,0.49806989068711444
BB-0648 BB-0426,"[648, 426]",[96],CC(C)(C)OC(=O)N(C(CBr)(C(=O)O)C1CC(F)(F)C1)S(=O)(=O)C1c2ccccc2-c2ccccc21,,random_balanced,BB-0648,BB-0426,0,1,0.371183812271839
BB-1426 BB-1761,"[1426, 1761]",[75],COC(=O)c1cc2c(S(=O)(=O)c3cc(Cl)ccc3CNNC(=O)OC(C)(C)C)ccc(C)c2[nH]1,,random_balanced,BB-1426,BB-1761,1,1,0.4007072555548381
BB-0896 BB-1789,"[896, 1789]",[96],CCCCC(C)(C(=O)O)N(C(=O)OC(C)(C)C)c1cc2c(cn1)OCC2,,random_balanced,BB-0896,BB-1789,1,2,0.46528748591492036
BB-1863 BB-2066,"[1863, 2066]",[40],CC(C)(C)OC(=O)Nc1ccc(COC(=O)C(C)(NC(=O)OC(C)(C)C)c2ccc(C(F)(F)F)cc2)c(Cl)c1,,random_balanced,BB-1863,BB-2066,2,2,0.22650398623844895
BB-0701 BB-1408,"[701, 1408]",[96],CC(C)(C)OC(=O)N(C1CC1Cc1ccccc1C(F)(F)F)C(C)(C(=O)O)C1=Cc2ccccc2OC1,,random_balanced,BB-0701,BB-1408,1,3,0.7038056105930877
BB-1726 BB-1107,"[1726, 1107]",[107],COc1ccc(CCNC(=O)OC(C)(C)C)c(C(O)c2ccc(C)cc2F)c1,,random_balanced,BB-1726,BB-1107,1,0,0.7444116187247451
BB-2169 BB-0131,"[2169, 131]",[61],CN(CC(NC(=O)OC(C)(C)C)C(=O)N1C[C@@H](Oc2ccccc2)C[C@H]1C(=O)O)c1ccccc1,,random_balanced,BB-2169,BB-0131,1,0,0.6359691086622474
BB-2136 BB-1898,"[2136, 1898]",[12],COc1ccc(C(CC(=O)O)Oc2cc(C(=O)NNC(=O)OC(C)(C)C)ccc2O)cc1Cl,,random_balanced,BB-2136,BB-1898,0,0,0.4236817473549154
BB-0817 BB-0987,"[817, 987]",[49],Cc1c(C(=O)c2ccc(N3CCCC(NC(=O)OC(C)(C)C)C3=O)cc2)c(=O)n(C2CCCC2)c2nc(Cl)ncc12,,random_balanced,BB-0817,BB-0987,1,0,0.2576434078618988
BB-0158 BB-1518,"[158, 1518]",[62],CC(C)N1CCC(N(C)C2(Cl)CC2CCNC(=O)OC(C)(C)C)CC1,,random_balanced,BB-0158,BB-1518,3,0,0.58754126037998
BB-1758 BB-0101,"[1758, 101]",[96],CCCCO/C=C/C(C(=O)O)(N(CCCN1C(=O)NC(C)(CC)C1=O)C(=O)OC(C)(C)C)C(F)(F)F,,random_balanced,BB-1758,BB-0101,0,2,0.6246976571009264
BB-1608 BB-1163,"[1608, 1163]",[96],CC1(C)CC(C)(C)CC(C(=O)O)(N(C(=O)OC(C)(C)C)c2ccc(-c3ccco3)cc2F)C1,,random_balanced,BB-1608,BB-1163,1,0,0.5493299991833365
BB-0664 BB-0581,"[664, 581]",[28],Cc1nn(-c2ccccc2F)c(C)c1C1COCCN1C(=O)Cc1nnc(CNC(=O)OC(C)(C)C)s1,,random_balanced,BB-0664,BB-0581,2,0,0.4926907882095244
BB-1282 BB-0602,"[1282, 602]",[96],COCC(=O)N(c1cccc(CNC(=O)OC(C)(C)C)c1)C1(C(=O)O)CCCOc2c(C(C)C)cccc21,,random_balanced,BB-1282,BB-0602,1,1,0.6534892880405156
BB-2109 BB-1055,"[2109, 1055]",[96],COCC(C)(C)CC(C(=O)O)(c1ccc2c(c1)OCC2(C)C)N(C(=O)OC(C)(C)C)c1ccc(F)c(OCC(F)(F)F)c1,,random_balanced,BB-2109,BB-1055,1,1,0.48316635546380887
BB-0754 BB-0028,"[754, 28]",[96],CCn1c(NC(=O)OC(C)(C)C)c(C(CCl)(C(=O)O)N(C(=O)OC(C)(C)C)C(CC(=O)O)c2ccncc2)c(=O)[nH]c1=O,,random_balanced,BB-0754,BB-0028,2,3,0.3335984796649098
BB-2146 BB-1658,"[2146, 1658]",[96],COc1cccc(C=CC(C)(C(=O)O)N(NC(=O)c2cccc([N+](=O)[O-])c2)C(=O)OC(C)(C)C)c1,,random_balanced,BB-2146,BB-1658,1,2,0.4246664771299227
BB-0834 BB-0051,"[834, 51]",[107],COc1cccc(C)c1C(O)c1ccc(C)c(NC(=O)CNC(=O)OC(C)(C)C)c1,,random_balanced,BB-0834,BB-0051,1,0,0.7416953003721026
BB-2163 BB-1018,"[2163, 1018]",[96],Cc1ccc(C(CCCC(=O)O)(C(=O)O)N(CC2(C)CCCOC2)C(=O)OC(C)(C)C)cc1,,random_balanced,BB-2163,BB-1018,1,2,0.4534581040223738
BB-1101 BB-0628,"[1101, 628]",[39],CCOC(=O)c1c(NC(=O)OC(C)(C)C)sc(C(C)(C(=O)O)N(Cc2cccc(C(N)=O)c2)C2CC2)c1C,,random_balanced,BB-1101,BB-0628,2,0,0.6101220798926349
BB-0630 BB-0760,"[630, 760]",[31],COC(=O)C[C@H](NC(=O)OC(C)(C)C)c1ccnc(Oc2cc(C)cnc2C(C)=O)c1,,random_balanced,BB-0630,BB-0760,2,1,0.41711319441995315
BB-1053 BB-0403,"[1053, 403]",[96],CCO[C@@H]1CC(C(=O)O)(N(C(=O)OC(C)(C)C)C2COc3ccccc3C2)[C@H]1N1C(=O)CCC1=O,,random_balanced,BB-1053,BB-0403,1,3,0.444443924786459
BB-0063 BB-2009,"[63, 2009]",[40],Cc1c(Br)cc(COC(=O)c2ccc(NC(=O)OC(C)(C)C)c(CCCC(=O)O)c2)cc1NC(=O)OC(C)(C)C,,random_balanced,BB-0063,BB-2009,0,4,0.0735710474718695
BB-0334 BB-0208,"[334, 208]",[96],CCOC(=O)c1cnn2c(-c3cccc(N(C(=O)OC(C)(C)C)C4(C(=O)O)CCCc5cc(C)c(C)cc54)c3)ccnc12,,random_balanced,BB-0334,BB-0208,1,1,0.5623982103566384
BB-0282 BB-1117,"[282, 1117]",[96],Cc1cnn(C(C)CN(C(=O)OC(C)(C)C)C(CCl)(C(=O)O)c2ccc(Br)cc2)c1,,random_balanced,BB-0282,BB-1117,2,4,0.43719823551054415
BB-1533 BB-0495,"[1533, 495]",[39],Cn1c(NC(=O)OC(C)(C)C)c(C(CCl)(OC(=O)[C@@]2(NC(=O)OC(C)(C)C)CC[C@H](O)C2)C(=O)O)c(=O)n(C)c1=O,,random_balanced,BB-1533,BB-0495,2,0,0.3476217155485619
BB-2145 BB-1602,"[2145, 1602]",[96],CCc1c(C(C)(C(=O)O)N(C(=O)OC(C)(C)C)c2cccc(CS(=O)(=O)c3ccccc3)c2)oc2ccc(C)cc12,,random_balanced,BB-2145,BB-1602,1,2,0.4473534250472193
BB-0988 BB-1539,"[988, 1539]",[96],Cc1ccsc1C(Cc1ccccc1)N(C(=O)OC(C)(C)C)C1(C(=O)O)C2CC3C(C2)C31C(=O)O,,random_balanced,BB-0988,BB-1539,1,2,0.12072631807539852
BB-0533 BB-0208,"[533, 208]",[96],Cc1cc2c(cc1C)C(C(=O)O)(N(C(=O)OC(C)(C)C)[C@H]1C[C@H]3CCCC[C@H]3C1)CCC2,,random_balanced,BB-0533,BB-0208,1,2,0.5011834289131073
BB-1818 BB-1469,"[1818, 1469]",[96],COC(=O)c1cc(C(F)(F)F)ccc1N(C(=O)OC(C)(C)C)C(C)(Cn1c(=O)oc(=O)c2ccccc21)C(=O)O,,random_balanced,BB-1818,BB-1469,1,0,0.5011434756529763
BB-1121 BB-1637,"[1121, 1637]",[62],CC(C)(C)OC(=O)NCC#Cc1cc(N(c2cnn(CC(=O)O)c2)c2nc(=NCc3c(F)cc(F)cc3F)c(F)c[nH]2)cnc1F,,random_balanced,BB-1121,BB-1637,0,1,0.15331018536188212
BB-1940 BB-1048,"[1940, 1048]",[46],C=CCOc1ccc(C[C@H](NC(=O)OC(C)(C)C)C(=O)C(C(=O)O)C2CNc3ccc(Br)cc32)cc1,,random_balanced,BB-1940,BB-1048,0,1,0.6749455444723729
BB-1309 BB-1330,"[1309, 1330]",[96],CCc1nnc2ccc(N(C(=O)OC(C)(C)C)C(C)(C(=O)O)c3nc4c(s3)CCC4)cn12,,random_balanced,BB-1309,BB-1330,0,2,0.5710518724539121
BB-0735 BB-1933,"[735, 1933]",[10],COc1ccc(Sc2cnn(Cc3ccc(NC(=O)OC(C)(C)C)cc3)c2)c(CNC(=O)OC(C)(C)C)c1,,random_balanced,BB-0735,BB-1933,1,1,0.21047339747572455
BB-1608 BB-0340,"[1608, 340]",[96],CC(C)(C)OC(=O)N(c1ccc(-c2ccco2)cc1F)C(CBr)(C(=O)O)c1ccc(C#N)c([N+](=O)[O-])c1,,random_balanced,BB-1608,BB-0340,2,2,0.5693699182725159
BB-1782 BB-1767,"[1782, 1767]",[31],CC1CNC(=O)c2cc(OCC3(C(NC(=O)OC(C)(C)C)C4CC4)CCCO3)cn21,,random_balanced,BB-1782,BB-1767,0,0,0.6252497252926801
BB-2127 BB-0244,"[2127, 244]",[107],CC(C)(C)OC(=O)Nc1nc(C(F)(F)F)cc(C(C)(O)/C(=C/c2ccc(Cl)c(Cl)c2)C(N)=O)n1,,random_balanced,BB-2127,BB-0244,2,2,0.5458249381374648
BB-1867 BB-1046,"[1867, 1046]",[96],Cc1ccc(CC(C(=O)O)(C2CC2)N(C(=O)OC(C)(C)C)c2nc(C)c(-c3ccncc3)o2)cc1,,random_balanced,BB-1867,BB-1046,1,1,0.4899618942881208
BB-0236 BB-0339,"[236, 339]",[96],CC(C)(C)OC(=O)N(C1CCCN(c2ccc3c(c2)OCO3)C1)C1(C(=O)O)CCCc2cc[nH]c21,,random_balanced,BB-0236,BB-0339,1,1,0.6335258210218475
BB-1577 BB-1624,"[1577, 1624]",[68],COc1cccc(Sc2ccc(Cl)cc2OCC(=O)NNC(=O)OC(C)(C)C)c1C1CNCCO1,,random_balanced,BB-1577,BB-1624,2,1,0.6468162398981964
BB-1592 BB-1019,"[1592, 1019]",[96],C#CCCCC(c1ccc(Br)cc1)N(C(=O)OC(C)(C)C)C(C)(C(=O)O)c1c(C)[nH]c(-c2ccco2)nc1=O,,random_balanced,BB-1592,BB-1019,1,0,0.4643732544650421
BB-0615 BB-0837,"[615, 837]",[96],COCC(=O)NN(C(=O)OC(C)(C)C)C(C)(C(=O)O)c1cc([N+](=O)[O-])nn1C,,random_balanced,BB-0615,BB-0837,1,2,0.28330333559630555
BB-2081 BB-0191,"[2081, 191]",[50],CCOC(=O)c1c(CC(O)(CNC(=O)OC(C)(C)C)CC2CCOCC2)sc2c(Br)cccc12,,random_balanced,BB-2081,BB-0191,1,0,0.8151552122571777
BB-2184 BB-1923,"[2184, 1923]",[62],COCn1ncc(N2CC[C@H](CF)C2)c1S(=O)(=O)NC(=O)OC(C)(C)C,,random_balanced,BB-2184,BB-1923,4,0,0.7463740803799355
BB-2079 BB-1474,"[2079, 1474]",[75],COC(=O)c1c(Cl)nc(C2CC2)nc1S(=O)(=O)c1cccc2c1nc(NC(=O)OC(C)(C)C)n2CC(F)(F)F,,random_balanced,BB-2079,BB-1474,0,1,0.5456629082611671
BB-2138 BB-0203,"[2138, 203]",[96],CC(C)(C)OC(=O)NC1CCCC12CC(C(=O)O)(N(C(=O)OC(C)(C)C)[C@@H]1CCCN(S(=O)(=O)c3cccs3)C1)C2,,random_balanced,BB-2138,BB-0203,0,3,0.6131948783515381
BB-0556 BB-0815,"[556, 815]",[55],COCc1nc(C2CCCCCN2c2ccc(CCNC(=O)OC(C)(C)C)c(C)c2)no1,,random_balanced,BB-0556,BB-0815,2,0,0.5617052138220465
BB-0650 BB-0846,"[650, 846]",[96],CC(C)Cn1c(NC(=O)OC(C)(C)C)c(C(CCl)(C(=O)O)N(C(=O)OC(C)(C)C)c2nnc(C3CN(C(=O)OC(C)(C)C)C3)o2)c(=O)[nH]c1=O,,random_balanced,BB-0650,BB-0846,1,2,0.17260557951057617
BB-0919 BB-1187,"[919, 1187]",[55],CC(C)(C)OC(=O)Nc1cc2ccccc2nc1N1CCCC(F)(F)C12CCOCC2,,random_balanced,BB-0919,BB-1187,1,0,0.6510586859368072
BB-1188 BB-1576,"[1188, 1576]",[61],CC(C)(C)OC(=O)NC(Cn1cnc2ccccc21)C(=O)N1CCc2cc(C(=O)O)cnc2C1,,random_balanced,BB-1188,BB-1576,0,1,0.7197928990910203
BB-0920 BB-0297,"[920, 297]",[31],CC(C)(C)OC(=O)N[C@H]1CCc2c(OC[C@](C)(NC(=O)OC(C)(C)C)c3ccccc3)cccc21,,random_balanced,BB-0920,BB-0297,1,1,0.4196350147067402
BB-2192 BB-1324,"[2192, 1324]",[34],CC1CCC(N2CCC(c3ccc(NC(=O)OC(C)(C)C)nc3)CC2)C1C(=O)O,,random_balanced,BB-2192,BB-1324,1,1,0.4878014376418849
BB-1092 BB-0507,"[1092, 507]",[96],CC(C)(C)OC(=O)Nc1ccc(OC(C)(CCc2n[nH]c3ccccc23)C(=O)O)cc1,,random_balanced,BB-1092,BB-0507,0,0,0.5043552762634731
BB-2113 BB-2037,"[2113, 2037]",[96],COc1cc(F)c(NC(=O)OC(C)(C)C)cc1C(C)(C(=O)O)N(OCC1(F)CCC1)C(=O)OC(C)(C)C,,random_balanced,BB-2113,BB-2037,1,1,0.6071754621244814
BB-1903 BB-1447,"[1903, 1447]",[68],COC(=O)C1(NC(=O)OC(C)(C)C)CC(c2ccccc2Sc2sc(S(=O)(=O)NC(=O)OC(C)(C)C)c(OC)c2OC)C1,,random_balanced,BB-1903,BB-1447,0,2,0.11417409789546454
BB-1934 BB-0394,"[1934, 394]",[16],COC(=O)c1nnsc1COC(=O)c1c(C)cccc1NC(=O)OC(C)(C)C,,random_balanced,BB-1934,BB-0394,1,0,0.40842554603476144
BB-0960 BB-0263,"[960, 263]",[31],COC(=O)c1ccc2c(c1)nc(OCC(NC(=O)OC(C)(C)C)c1cc(Br)ccc1OC)c1ncncc12,,random_balanced,BB-0960,BB-0263,3,1,0.361781189049617
BB-0558 BB-1244,"[558, 1244]",[17],CC(C)Oc1ccc(CO)cc1S(=O)(=O)c1cc(Cl)ccc1N1CCCC(NC(=O)OC(C)(C)C)C1=O,,random_balanced,BB-0558,BB-1244,1,0,0.6397074341598391
BB-0750 BB-0403,"[750, 403]",[96],CCO[C@@H]1CC(C(=O)O)(N(C(=O)OC(C)(C)C)C(CO)c2ccc(Cl)cc2OC)[C@H]1N1C(=O)CCC1=O,,random_balanced,BB-0750,BB-0403,1,4,0.40246387048351767
BB-0417 BB-1512,"[417, 1512]",[10],CC(C)(C)OC(=O)Nc1cc2cccc(Sc3ccc(N=C=S)c(Cl)c3)c2cn1,,random_balanced,BB-0417,BB-1512,1,0,0.33186865793538683
BB-1151 BB-0530,"[1151, 530]",[61],COc1cccc(C(CC(=O)N(C)CC2CCc3nc(C)cn3C2)NC(=O)OC(C)(C)C)c1,,random_balanced,BB-1151,BB-0530,3,0,0.6563372407439748
BB-0316 BB-0098,"[316, 98]",[55],CC(C)(C)OC(=O)N[C@H](CC(=O)O)Cc1ccccc1N1CC(C(=O)O)OC2(CCOCC2)C1,,random_balanced,BB-0316,BB-0098,3,1,0.6021518464655335
BB-1509 BB-0081,"[1509, 81]",[17],COCCn1c(NC(=O)OC(C)(C)C)c(C(=O)CS(=O)(=O)c2ccc(-n3nc(C)cc3NC(=O)OC(C)(C)C)cc2)c(=O)[nH]c1=O,,random_balanced,BB-1509,BB-0081,2,2,0.13472798079432205
BB-1233 BB-1529,"[1233, 1529]",[3],Cc1cc(N(C(=O)c2cc(-c3ccccc3)nc3cc(F)ccc23)S(=O)(=O)c2ccc(NC(=O)OC(C)(C)C)cc2)n(-c2ccccc2)n1,,random_balanced,BB-1233,BB-1529,2,0,0.20125180270789195
BB-1726 BB-0937,"[1726, 937]",[107],COc1ccc(CCNC(=O)OC(C)(C)C)c(C(O)c2cc(CCl)c3c(c2)COCO3)c1,,random_balanced,BB-1726,BB-0937,2,2,0.7231273309462513
BB-2109 BB-1533,"[2109, 1533]",[96],Cn1c(NC(=O)OC(C)(C)C)c(C(CCl)(C(=O)O)N(C(=O)OC(C)(C)C)c2ccc(F)c(OCC(F)(F)F)c2)c(=O)n(C)c1=O,,random_balanced,BB-2109,BB-1533,2,3,0.25619597246988707
BB-0004 BB-0358,"[4, 358]",[27],COc1ccc(C(C)c2nc(-c3cc(C(F)(F)F)ccc3NCCNC(=O)OC(C)(C)C)no2)cc1Br,,random_balanced,BB-0004,BB-0358,2,0,0.5936523946080103
BB-1111 BB-0968,"[1111, 968]",[104],COC(=O)C(NC(=O)OC(C)(C)C)c1cc(Cl)cc(-c2cccc3c2C(C(=O)O)CC3)c1,,random_balanced,BB-1111,BB-0968,3,0,0.6608127885028423
BB-1220 BB-0924,"[1220, 924]",[61],CC(C)(C)OC(=O)N[C@@H]1C[C@H]2CC[C@@H]1C[C@@]2(C)C(=O)N1CCC(c2cccc(C(F)(F)F)n2)CC1,,random_balanced,BB-1220,BB-0924,0,0,0.7346498693122246
BB-0482 BB-1157,"[482, 1157]",[88],CC[C@H](Oc1cc(C(=O)OC)ccc1CCNC(=O)OC(C)(C)C)C(=O)O,,random_balanced,BB-0482,BB-1157,0,0,0.7440122395329604
BB-1625 BB-1826,"[1625, 1826]",[28],Cc1ccc(C2CN(C(=O)[C@H]3CCCC[C@H]3S(=O)(=O)NC(=O)OC(C)(C)C)CCO2)o1,,random_balanced,BB-1625,BB-1826,1,0,0.724827415372349
BB-1092 BB-1706,"[1092, 1706]",[31],CC(C)(C)OC(=O)Nc1ccc(Oc2cccc(C3(C(=O)O)CC(=O)C3)c2)cc1,,random_balanced,BB-1092,BB-1706,1,3,0.29362632305500913
BB-0336 BB-1507,"[336, 1507]",[74],CC(C(=O)N(C)C1(C#N)CCCCC1)S(=O)(=O)c1ccc(-n2cnnn2)cc1NC(=O)OC(C)(C)C,,random_balanced,BB-0336,BB-1507,1,0,0.5201641148369593
BB-2018 BB-0250,"[2018, 250]",[18],Cc1ccc(CCC2CCN(C(=O)CS(=O)(=O)c3ccccc3-c3cc(NC(=O)OC(C)(C)C)n[nH]3)CC2)cc1,,random_balanced,BB-2018,BB-0250,2,0,0.14490606292173064
BB-0701 BB-1043,"[701, 1043]",[96],CC(C)(C)OC(=O)N(C1CC1Cc1ccccc1C(F)(F)F)C(CN1CCNCC1)(C(=O)O)c1cccs1,,random_balanced,BB-0701,BB-1043,2,2,0.48704508798964846
BB-0218 BB-1331,"[218, 1331]",[96],COCCCCc1cccnc1N(C(=O)OC(C)(C)C)C1(C(=O)O)CC(C)Cc2ncc(NC(=O)OC(C)(C)C)cc21,,random_balanced,BB-0218,BB-1331,1,2,0.42736185404015364
BB-0797 BB-0844,"[797, 844]",[96],COC(=O)C[C@@H](Cc1cccc(F)c1)N(C(=O)OC(C)(C)C)C(C)(C(=O)O)c1ccc(C)c(C)c1O,,random_balanced,BB-0797,BB-0844,0,4,0.4711889718754808
BB-1496 BB-0565,"[1496, 565]",[17],CCOC(=O)c1c(NC(=O)OC(C)(C)C)c(S(=O)(=O)c2ccc(Cl)cc2OCC2CO2)cn1C,,random_balanced,BB-1496,BB-0565,2,1,0.6641241236495807
BB-0648 BB-2023,"[648, 2023]",[96],CC(C)(C)OC(=O)NCC1CC(C(=O)O)(N(C(=O)OC(C)(C)C)S(=O)(=O)C2c3ccccc3-c3ccccc32)c2ccccc2O1,,random_balanced,BB-0648,BB-2023,1,2,0.4325158936546706
BB-1831 BB-0451,"[1831, 451]",[96],CC(C)(C)OC(=O)NCc1nc(-c2ccc(F)cc2)cn1C1(C(=O)O)CC(NC(=O)OC(C)(C)C)C12CCC(F)CC2,,random_balanced,BB-1831,BB-0451,3,2,0.5152336464739962
BB-2127 BB-1948,"[2127, 1948]",[17],CCC(=O)c1ccc(S(=O)(=O)c2cc(C(F)(F)F)nc(NC(=O)OC(C)(C)C)n2)c(NC(=O)OC(C)(C)C)c1,,random_balanced,BB-2127,BB-1948,3,2,0.15089460030085067
BB-2064 BB-0876,"[2064, 876]",[107],Cc1cnc(C(O)c2cc(C)c(NC(=O)OC(C)(C)C)c(C(=O)O)c2C)cc1C,,random_balanced,BB-2064,BB-0876,2,0,0.680298756651638
BB-1052 BB-0087,"[1052, 87]",[96],CC(C)(C)OC(=O)N(C/C=C/C(F)F)C1(C(=O)O)CCN(Cc2cccs2)CC1,,random_balanced,BB-1052,BB-0087,1,2,0.5240994870911284
BB-1825 BB-1221,"[1825, 1221]",[96],COc1ccc(C(CCC(=O)O)(C(=O)O)n2nc(C(C)C)c(NC(=O)OC(C)(C)C)c2C(N)=O)c(Cl)c1,,random_balanced,BB-1825,BB-1221,1,0,0.8054405122789237
BB-0024 BB-1470,"[24, 1470]",[3],Cc1ccc(C2CCCCN2C(=O)/C=C/c2ccc(Cl)c(C(F)(F)F)c2)cc1NC(=O)OC(C)(C)C,,random_balanced,BB-0024,BB-1470,2,0,0.6193450833256443
BB-0798 BB-1669,"[798, 1669]",[96],CCCc1ccc(C(CCC(=O)O)(C(=O)O)N(C(=O)OC(C)(C)C)[C@H]2Cc3ccccc3[C@@H]2NC(=O)OC(C)(C)C)cc1,,random_balanced,BB-0798,BB-1669,0,0,0.5306571260123011
BB-0896 BB-0120,"[896, 120]",[96],CCOC(=O)c1[nH]c2c(c1C)C(C(=O)O)(N(C(=O)OC(C)(C)C)c1cc3c(cn1)OCC3)CC(C)(C)C2,,random_balanced,BB-0896,BB-0120,2,2,0.5149313733175762
BB-0145 BB-1218,"[145, 1218]",[88],CC(=O)NCCSc1ccc(Oc2ccc(NC(=O)OC(C)(C)C)c(CO)c2F)cc1,,random_balanced,BB-0145,BB-1218,2,0,0.37839028579388884
BB-1608 BB-2057,"[1608, 2057]",[96],CC(C)(C)OC(=O)Nc1cccc2c1OC(C)(C)CC2(C(=O)O)N(C(=O)OC(C)(C)C)c1ccc(-c2ccco2)cc1F,,random_balanced,BB-1608,BB-2057,3,2,0.41736236545779437
BB-0445 BB-1948,"[445, 1948]",[96],CCC(C(=O)O)(c1ccc(Cl)c(NC(=O)OC(C)(C)C)c1)N(CC12COCC(C(F)F)(C1)C2)C(=O)OC(C)(C)C,,random_balanced,BB-0445,BB-1948,2,3,0.6740408369301714
BB-0818 BB-1285,"[818, 1285]",[96],CC(C)(C)OC(=O)N(C(C)(C)COc1ccc(C(F)(F)F)cn1)C(C(=O)O)(c1cncc(F)c1)C1CC1,,random_balanced,BB-0818,BB-1285,2,1,0.4891068531386215
BB-1967 BB-0259,"[1967, 259]",[96],CC(C)Oc1ccc2c(c1)CCCC2(C(=O)O)N(Cc1cc(F)cc2c1OCOC2)C(=O)OC(C)(C)C,,random_balanced,BB-1967,BB-0259,0,3,0.6021836291091998
BB-0780 BB-1097,"[780, 1097]",[96],C=CCN1C(=O)C(C(=O)O)(N(C(=O)OC(C)(C)C)S(=O)(=O)c2cc(F)cc(F)c2)c2cc(C)ccc21,,random_balanced,BB-0780,BB-1097,1,0,0.4255867891457293
BB-0903 BB-0506,"[903, 506]",[10],COc1nc(Sc2cccc(-c3ccc(C)c(NC(=O)OC(C)(C)C)c3)c2)c(F)cc1NC(=O)OC(C)(C)C,,random_balanced,BB-0903,BB-0506,0,1,0.09299363826809968
BB-2067 BB-1461,"[2067, 1461]",[47],Cc1cc(-c2cccc3c2C(C)(C#N)C3)c(C)c([N+](=O)[O-])c1NC(=O)OC(C)(C)C,,random_balanced,BB-2067,BB-1461,1,0,0.7640281946743845
BB-0622 BB-0964,"[622, 964]",[106],CC(C)(C)OC(=O)NCc1cc2c(cc1C(=O)C1(C(=O)O)CCOCC1)OC(C)(C)O2,,random_balanced,BB-0622,BB-0964,0,0,0.7220810520331485
BB-2053 BB-2031,"[2053, 2031]",[96],CC(C)(C)OC(=O)NCC(C(=O)O)(c1cccnc1Cl)N(C(=O)OC(C)(C)C)c1nc(C(C)(C)C)c(Br)s1,,random_balanced,BB-2053,BB-2031,1,1,0.49869251783771207
BB-2108 BB-1936,"[2108, 1936]",[96],COc1cc(O)c(C(C)(C(=O)O)n2nc(NC(=O)OC(C)(C)C)c3ccc(Br)cc32)cc1Cl,,random_balanced,BB-2108,BB-1936,0,1,0.7817852325081478
BB-2040 BB-1830,"[2040, 1830]",[68],Cc1[nH]c(=O)c(Sc2cc(C(F)(F)F)cnc2N2CCNCC2)cc1NC(=O)OC(C)(C)C,,random_balanced,BB-2040,BB-1830,2,0,0.7216857393798283
BB-1963 BB-1636,"[1963, 1636]",[96],Cc1cc(Cl)c2c(c1)C(C(=O)O)(N(C(=O)OC(C)(C)C)C1(Cc3ccc(F)cc3F)CCCCC1)CCCO2,,random_balanced,BB-1963,BB-1636,2,2,0.2668607141356955
BB-1306 BB-0057,"[1306, 57]",[96],Cc1ccccc1NC(=O)CC(C)(C(=O)O)N(Cc1ccc2ccccc2c1F)C(=O)OC(C)(C)C,,random_balanced,BB-1306,BB-0057,1,1,0.6442595997859465
BB-0389 BB-0233,"[389, 233]",[96],COC(=O)c1c(CC(=O)O)[nH]c(C(C)(C(=O)O)N(CC(F)(F)C2CC2)C(=O)OC(C)(C)C)c1C,,random_balanced,BB-0389,BB-0233,1,1,0.6090118090971905
BB-2070 BB-1559,"[2070, 1559]",[74],CC(C)(C)OC(=O)Nc1ccc(C(C)(C)C)c(S(=O)(=O)c2cccc(Cl)c2S(=O)(=O)Cc2ccc(C(=O)O)o2)c1,,random_balanced,BB-2070,BB-1559,1,1,0.5487678778531923
BB-2174 BB-1285,"[2174, 1285]",[96],COCCc1ccc(Oc2ccc(N(C(=O)OC(C)(C)C)C(C(=O)O)(c3cncc(F)c3)C3CC3)cc2)cc1,,random_balanced,BB-2174,BB-1285,1,2,0.42104098962074993
BB-0733 BB-2062,"[733, 2062]",[96],CC(C)CC1(CN(C(=O)OC(C)(C)C)C(CCCNC(=O)OC(C)(C)C)(C(=O)O)c2ccc3c(c2)OCO3)N=N1,,random_balanced,BB-0733,BB-2062,1,3,0.4634339319678728
BB-1304 BB-1669,"[1304, 1669]",[96],CCCc1ccc(C(CCC(=O)O)(C(=O)O)N(C(=O)OC(C)(C)C)C(Cc2nccn2C(F)F)c2ccccc2)cc1,,random_balanced,BB-1304,BB-1669,2,1,0.4321081123068129
BB-2112 BB-0742,"[2112, 742]",[85],CN(C(=O)c1ccc(Cn2cc(Br)c([N+](=O)[O-])n2)o1)c1ncccc1S(=O)(=O)NC(=O)OC(C)(C)C,,random_balanced,BB-2112,BB-0742,1,0,0.3725382128113246
BB-0246 BB-0199,"[246, 199]",[96],CCC1CCC(NC(=O)OC(C)(C)C)(C2=NCCN2C2(C(=O)O)CCN(c3ncnc4c3cnn4C)CC2)CC1,,random_balanced,BB-0246,BB-0199,2,1,0.6700918531464624
BB-1011 BB-1830,"[1011, 1830]",[28],CC(C)(C)OC(=O)NC1c2cccc(O)c2CC1C(=O)N1CCN(c2ncc(C(F)(F)F)cc2Cl)CC1,,random_balanced,BB-1011,BB-1830,1,1,0.7413378940763617
BB-1273 BB-0463,"[1273, 463]",[61],CC(C)(C)OC(=O)NC(CC1CCOCC1)C(=O)N1CC(O)c2nc[nH]c2C12CCC2,,random_balanced,BB-1273,BB-0463,1,0,0.6826218642253905
BB-0112 BB-2024,"[112, 2024]",[96],Cn1nc(N(C(=O)OC(C)(C)C)C(CNC(=O)OC(C)(C)C)(C(=O)O)c2cnnn2C)cc1C1CC1,,random_balanced,BB-0112,BB-2024,1,0,0.6018918540412939
BB-1361 BB-0022,"[1361, 22]",[28],COC(=O)CCN(C(=O)c1c(C(C)(C)C)nsc1NC(=O)OC(C)(C)C)c1ncc(C)cc1Br,,random_balanced,BB-1361,BB-0022,1,0,0.6043440542325037
BB-0647 BB-0437,"[647, 437]",[62],CC(O)CC1CCCCCN1c1cc(CNC(=O)OC(C)(C)C)c2ncccc2c1,,random_balanced,BB-0647,BB-0437,0,2,0.7709496003316962
BB-2104 BB-0041,"[2104, 41]",[10],Cc1ccc(Sc2cnc(NC(=O)OC(C)(C)C)c(F)n2)cc1N1CCNCC1,,random_balanced,BB-2104,BB-0041,1,0,0.32223492669019094
BB-1775 BB-1431,"[1775, 1431]",[108],COC(=O)c1cn(-c2cc3ccccc3[nH]c2=O)c(C2(NC(=O)OC(C)(C)C)CCC2)n1,,random_balanced,BB-1775,BB-1431,1,0,0.5110543317817801
BB-1188 BB-1931,"[1188, 1931]",[40],CC(C)(C)OC(=O)NC(Cn1cnc2ccccc21)C(=O)OCc1cccc([N+](=O)[O-])c1,,random_balanced,BB-1188,BB-1931,1,0,0.6227809636242143
BB-0213 BB-0844,"[213, 844]",[96],Cc1cc(N(C(=O)OC(C)(C)C)C(C)(C(=O)O)c2ccc(C)c(C)c2O)ccc1N1CCCS1(=O)=O,,random_balanced,BB-0213,BB-0844,1,5,0.6463835893688041
BB-1929 BB-0616,"[1929, 616]",[62],CC(C)n1ncc(NC(=O)OC(C)(C)C)c1N1CC(Cc2cccs2)C1,,random_balanced,BB-1929,BB-0616,2,0,0.5551211420448852
BB-1950 BB-1550,"[1950, 1550]",[27],C#CC1CC(NC(=O)OC(C)(C)C)(c2nc(-c3c(NC(=O)OC(C)(C)C)ncc4c3CCOC4)no2)C1,,random_balanced,BB-1950,BB-1550,2,0,0.7293133503359011
BB-1077 BB-2003,"[1077, 2003]",[96],CC(C)(C)OC(=O)Nc1nc2c(o1)CCCC2(C(=O)O)N(CC1CN2CCCN1CC2)C(=O)OC(C)(C)C,,random_balanced,BB-1077,BB-2003,1,1,0.5586431570335649
BB-0596 BB-1495,"[596, 1495]",[96],COC(=O)CCCCC(C(=O)O)(N(C(=O)OC(C)(C)C)c1cccc(C)c1C(N)=O)C(F)(F)F,,random_balanced,BB-0596,BB-1495,1,1,0.5364378972031705
BB-1775 BB-2074,"[1775, 2074]",[96],COC(=O)c1cn(C(CNC(=O)OC(C)(C)C)(C(=O)O)c2ccn(C)n2)c(C2(NC(=O)OC(C)(C)C)CCC2)n1,,random_balanced,BB-1775,BB-2074,2,5,0.538272169111233
BB-2190 BB-2091,"[2190, 2091]",[96],CC(C)(C)OC(=O)NCC(CC1CC1)(C(=O)O)N(C(=O)OC(C)(C)C)S(=O)(=O)c1ccccc1C(F)(F)F,,random_balanced,BB-2190,BB-2091,1,2,0.43671456047290763
BB-1110 BB-0424,"[1110, 424]",[96],CC(CN(C(=O)OC(C)(C)C)C1(C(=O)O)C(=O)N(CCC(=O)O)c2cc(F)ccc21)c1nc2ccccc2n1C(F)F,,random_balanced,BB-1110,BB-0424,0,1,0.47397509364370344
BB-2166 BB-1627,"[2166, 1627]",[31],CCOC(=O)c1nc2n(c1OC(CNC(=O)OC(C)(C)C)c1ccc(S(C)(=O)=O)cc1)CCCC2,,random_balanced,BB-2166,BB-1627,2,1,0.473147540819304
BB-2024 BB-1096,"[2024, 1096]",[50],CCCOCCC(O)(CNC(=O)OC(C)(C)C)c1cnnn1C,,random_balanced,BB-2024,BB-1096,1,0,0.7165857424949298
BB-1652 BB-0527,"[1652, 527]",[40],CC(C)(C)OC(=O)NCCc1occc1C(=O)O[C@@H]1[C@H](O)[C@@H](CO)O[C@H]1n1cc(I)c(=O)[nH]c1=O,,random_balanced,BB-1652,BB-0527,0,0,0.7084793219572616
BB-1832 BB-0883,"[1832, 883]",[96],C[C@@H](CN(C(=O)OC(C)(C)C)C(CCCl)(C(=O)O)c1ccccc1F)Oc1ccccc1,,random_balanced,BB-1832,BB-0883,1,3,0.2671723656726322
BB-0249 BB-1670,"[249, 1670]",[96],CNC(=O)CCC(c1ccccc1)N(C(=O)OC(C)(C)C)C(C)(/C=C/c1ccc([N+](=O)[O-])cc1)C(=O)O,,random_balanced,BB-0249,BB-1670,0,3,0.44003264649604934
BB-1282 BB-1176,"[1282, 1176]",[96],COCC(=O)Nc1cccc(CN(C(=O)OC(C)(C)C)C2(C(=O)O)C=C(NCc3ccccc3)CC(C)(C)C2)c1,,random_balanced,BB-1282,BB-1176,2,2,0.4996141135413803
BB-0508 BB-0262,"[508, 262]",[40],CC(C)(C)OC(=O)NC(c1cccc(C(=O)O[C@@H](C(=O)O)c2ccc(C#N)cc2)c1)C(C)(C)C,,random_balanced,BB-0508,BB-0262,1,0,0.4849798785066427
BB-0247 BB-0339,"[247, 339]",[96],COC(=O)c1ccc(C2(N(C(=O)OC(C)(C)C)C3(C(=O)O)CCCc4cc[nH]c43)CC2)o1,,random_balanced,BB-0247,BB-0339,1,2,0.29994560751189686
BB-2025 BB-1661,"[2025, 1661]",[55],CO[C@@H]1C[C@H](CNc2c(N3CCC(NC(=O)OC(C)(C)C)C3)cn[nH]c2=O)N(c2cc(N)ncn2)C1,,random_balanced,BB-2025,BB-1661,2,1,0.55735981129682
BB-1501 BB-0354,"[1501, 354]",[96],CC(=O)N1CCC(C(C(=O)O)(c2ccc(F)cc2F)N(C(=O)OC(C)(C)C)C(c2ccccc2)c2ccoc2)CC1,,random_balanced,BB-1501,BB-0354,1,1,0.25789385284434085
BB-1459 BB-1983,"[1459, 1983]",[96],CC(C)c1nnc(CN(C(=O)OC(C)(C)C)C(C)(C(=O)O)c2ccc(OCC(F)(F)F)cc2)s1,,random_balanced,BB-1459,BB-1983,2,1,0.6096562905608325
BB-2077 BB-1452,"[2077, 1452]",[86],Cc1cccc(-c2ccc3c(c2)CN(C)C3=O)c1CNC(=O)OC(C)(C)C,,random_balanced,BB-2077,BB-1452,2,0,0.5630034729016179
BB-1138 BB-0118,"[1138, 118]",[10],CC(C)(C)OC(=O)NCC1(c2cccc(Sc3cccc(-n4nc5c(c4NC(=O)OC(C)(C)C)CCC5)c3)c2)CCC1,,random_balanced,BB-1138,BB-0118,1,2,0.2578115012408706
BB-2055 BB-1774,"[2055, 1774]",[68],CC(C)(C)OC(=O)Nc1nc2c(Sc3ccc(NS(=O)(=O)C4=CCS(=O)(=O)C4)cc3)cccc2[nH]1,,random_balanced,BB-2055,BB-1774,1,0,0.3168390728567277
BB-0780 BB-1937,"[780, 1937]",[96],CCOC(=O)c1cc(C(C)(C(=O)O)N(C(=O)OC(C)(C)C)S(=O)(=O)c2cc(F)cc(F)c2)n[nH]1,,random_balanced,BB-0780,BB-1937,2,3,0.5963786343645163
BB-0936 BB-2018,"[936, 2018]",[31],CC(C)(C)OC(=O)Nc1cc(-c2ccccc2OCCCN2CCCC(NC(=O)OC(C)(C)C)C2)[nH]n1,,random_balanced,BB-0936,BB-2018,0,3,0.10382214909183302
BB-1950 BB-0212,"[1950, 212]",[27],COC(=O)c1c(NC(=O)OC(C)(C)C)nc2n1CC(c1nc(-c3c(NC(=O)OC(C)(C)C)ncc4c3CCOC4)no1)CC2,,random_balanced,BB-1950,BB-0212,3,2,0.21839338755271062
BB-1121 BB-1572,"[1121, 1572]",[68],Cc1oc(-c2cccc(Sc3cnc(F)c(C#CCNC(=O)OC(C)(C)C)c3)c2)nc1CCl,,random_balanced,BB-1121,BB-1572,1,0,0.06516837859672488
BB-0983 BB-1533,"[983, 1533]",[96],Cn1c(NC(=O)OC(C)(C)C)c(C(CCl)(OC(=O)C(NC(=O)OC(C)(C)C)c2ccc3ccccc3c2)C(=O)O)c(=O)n(C)c1=O,,random_balanced,BB-0983,BB-1533,1,4,0.37366638873483715
BB-1198 BB-1997,"[1198, 1997]",[28],CC(C)(C)OC(=O)Nc1ccccc1[C@@H]1C[C@H]1C(=O)N1CCC(n2cnc3cccnc32)CC1,,random_balanced,BB-1198,BB-1997,1,0,0.4075395074135036
BB-1355 BB-1104,"[1355, 1104]",[61],COc1ccc(Cl)cc1N(CCC(=O)O)C(=O)CCCC1CCC(NC(=O)OC(C)(C)C)C1,,random_balanced,BB-1355,BB-1104,1,2,0.7265675148783864
BB-0350 BB-2022,"[350, 2022]",[96],CC(C)(C)OC(=O)NCC(C(=O)O)(c1ccc(F)cc1Br)N(C(=O)OC(C)(C)C)c1nnc2[nH]cnn12,,random_balanced,BB-0350,BB-2022,1,3,0.47366896431027555
BB-2126 BB-1794,"[2126, 1794]",[96],COC(=CC(C(=O)O)(N(C(=O)OC(C)(C)C)c1ccc(Oc2ccc(OC)cc2)nc1)C(F)(F)F)OC,,random_balanced,BB-2126,BB-1794,1,1,0.35803592479319807
BB-0741 BB-0478,"[741, 478]",[104],Cc1cc(C)c(S(=O)(=O)NC(=O)OC(C)(C)C)cc1CC12CCC(C1)C(=O)N2,,random_balanced,BB-0741,BB-0478,1,0,0.6927929211713562
BB-1808 BB-1294,"[1808, 1294]",[84],COc1ccc(Br)cc1CC(NC(=O)OC(C)(C)C)c1nc(C(c2ccc(F)cc2)N2CCN(C(=O)CCl)CC2)no1,,random_balanced,BB-1808,BB-1294,0,0,0.6294695124662544
BB-0607 BB-1242,"[607, 1242]",[96],CCn1cc([C@H]2[C@H](NC(=O)OC(C)(C)C)CCC(=O)N2C2(C(=O)O)CCOc3cc(C)c(Cl)c(C)c32)cn1,,random_balanced,BB-0607,BB-1242,0,1,0.6119358563185319
BB-1808 BB-0825,"[1808, 825]",[62],COC(=O)C1(F)CN(c2ccc(OC)c(CC(NC(=O)OC(C)(C)C)C(=O)O)c2)CC12CCOCC2,,random_balanced,BB-1808,BB-0825,1,0,0.5997498964301333
BB-2065 BB-0866,"[2065, 866]",[39],CCC(OC(=O)C#CC1CC12CCC2)(C(=O)O)c1cc(NC(=O)OC(C)(C)C)ccc1F,,random_balanced,BB-2065,BB-0866,3,0,0.4407070806577342
BB-2103 BB-0134,"[2103, 134]",[96],Cc1ccc2c(c1)C(N(C(=O)OC(C)(C)C)C1(C(=O)O)CSCCc3ccccc31)C(=O)N2C,,random_balanced,BB-2103,BB-0134,1,2,0.3888267699857404
BB-0158 BB-1085,"[158, 1085]",[24],CC(C)(C)OC(=O)NCCC1CC1(Cl)S(=O)c1nnc(-c2ccsc2)o1,,random_balanced,BB-0158,BB-1085,4,0,0.34787123739724096
BB-0035 BB-1701,"[35, 1701]",[96],CC(C)(C)OC(=O)NC1CC(C(=O)O)(N(CC23CCC(F)(CO2)C3)C(=O)OC(C)(C)C)C12CC(C(F)F)C2,,random_balanced,BB-0035,BB-1701,0,1,0.6999284088799858
BB-2149 BB-1989,"[2149, 1989]",[96],COc1c(F)ccc(N(C(=O)OC(C)(C)C)C(C)(C(=O)O)c2cc3cccc(F)c3o2)c1F,,random_balanced,BB-2149,BB-1989,1,0,0.5680755389202453
BB-1594 BB-1251,"[1594, 1251]",[75],Cc1cc(C)c(NC(=O)OC(C)(C)C)c(S(=O)(=O)c2cccc(-n3ccc(C(=O)O)n3)c2)c1,,random_balanced,BB-1594,BB-1251,1,0,0.5228956183656621
BB-0956 BB-1907,"[956, 1907]",[91],COc1ccc(Br)c(C(C(=O)O)N(C)C2CC(CNC(=O)OC(C)(C)C)CCC2C(=O)O)c1,,random_balanced,BB-0956,BB-1907,2,1,0.480549503631899
BB-0601 BB-0362,"[601, 362]",[96],COC(=O)[C@@H](Cc1cn(C(C)(C(=O)O)c2ncccc2C(=O)O)c2ccccc12)NC(=O)OC(C)(C)C,,random_balanced,BB-0601,BB-0362,1,1,0.7499401303766757
BB-1017 BB-1555,"[1017, 1555]",[96],CCOC(=O)C1(C)C=CC(C(=O)O)(N(Cc2cc(F)ccc2N2CCOCC2)C(=O)OC(C)(C)C)CC1,,random_balanced,BB-1017,BB-1555,0,4,0.6420469296600707
BB-1017 BB-0113,"[1017, 113]",[96],CCCCCC(C(=O)O)(c1c(O)cc(O)cc1O)N(Cc1cc(F)ccc1N1CCOCC1)C(=O)OC(C)(C)C,,random_balanced,BB-1017,BB-0113,1,2,0.5135290308200005
BB-1934 BB-0651,"[1934, 651]",[96],Cc1cccc(NC(=O)OC(C)(C)C)c1C(=O)OC(CBr)(C(=O)O)c1ccc(OCc2ccccc2)c([N+](=O)[O-])c1,,random_balanced,BB-1934,BB-0651,2,2,0.29835545824432125
BB-1967 BB-2091,"[1967, 2091]",[96],CC(C)(C)OC(=O)NCC(CC1CC1)(C(=O)O)N(Cc1cc(F)cc2c1OCOC2)C(=O)OC(C)(C)C,,random_balanced,BB-1967,BB-2091,1,3,0.570535417748434
BB-2097 BB-0711,"[2097, 711]",[88],COCCn1cnnc1Sc1ccc(OC)cc1CCNC(=O)OC(C)(C)C,,random_balanced,BB-2097,BB-0711,3,0,0.7296498193342396
BB-0846 BB-2027,"[846, 2027]",[39],CC(C)Cn1c(NC(=O)OC(C)(C)C)c(C(CCl)(C(=O)O)N(C(=O)OC(C)(C)C)c2ccc(Br)c3c2CCC3)c(=O)[nH]c1=O,,random_balanced,BB-0846,BB-2027,3,1,0.39932666455474225
BB-2146 BB-1285,"[2146, 1285]",[96],CC(C)(C)OC(=O)N(NC(=O)c1cccc([N+](=O)[O-])c1)C(C(=O)O)(c1cncc(F)c1)C1CC1,,random_balanced,BB-2146,BB-1285,2,3,0.2870835569780836
BB-0563 BB-1718,"[563, 1718]",[96],CC(C)(C)OC(=O)NS(=O)(=O)c1ccc(N(C(=O)C2CC2)C(C(=O)O)(c2ccc(Cl)cc2)C(F)Br)cc1,,random_balanced,BB-0563,BB-1718,2,1,0.6485627144684242
BB-0158 BB-0985,"[158, 985]",[88],CCN1CCc2c(sc3nc(SC4(Cl)CC4CCNC(=O)OC(C)(C)C)n(Cc4ccccc4)c(=O)c23)C1,,random_balanced,BB-0158,BB-0985,5,0,0.22440884851741158
BB-0505 BB-0713,"[505, 713]",[28],CC(C)(C)OC(=O)Nc1c(C(=O)N2CCC(c3cc(-c4ccco4)n[nH]3)CC2)cnc2ncnn12,,random_balanced,BB-0505,BB-0713,1,1,0.5371586244003986
BB-2184 BB-0166,"[2184, 166]",[10],COCn1ncc(Sc2ccc(CO)cc2C(F)(F)F)c1S(=O)(=O)NC(=O)OC(C)(C)C,,random_balanced,BB-2184,BB-0166,5,1,0.5573932944539741
BB-1758 BB-1112,"[1758, 1112]",[96],CCCCCN1C(=O)C(C(=O)O)(N(CCCN2C(=O)NC(C)(CC)C2=O)C(=O)OC(C)(C)C)c2ccccc21,,random_balanced,BB-1758,BB-1112,1,3,0.5537494419149712
BB-2142 BB-0251,"[2142, 251]",[47],CN1CC(=O)Nc2ccc(-c3ccc(NC(=O)OC(C)(C)C)c(-c4nc[nH]n4)c3)cc21,,random_balanced,BB-2142,BB-0251,1,1,0.44878536011300807
BB-0144 BB-0586,"[144, 586]",[96],Cc1ccc(N(C(=O)OC(C)(C)C)C2(C(=O)O)C=CC(C)(c3ccccc3)CC2)cc1-c1ccccc1,,random_balanced,BB-0144,BB-0586,3,3,0.5427775228605479
BB-2069 BB-0567,"[2069, 567]",[88],CC(C)(C)OC(=O)NCc1cccc(Oc2ccc(NC(=O)OC(C)(C)C)cc2NC(=O)OC(C)(C)C)c1C(F)F,,random_balanced,BB-2069,BB-0567,1,0,0.11685098830392297
BB-2021 BB-0070,"[2021, 70]",[107],Cc1nn(C)c2nc(Cl)c(C(O)c3cc4c(cc3CCNC(=O)OC(C)(C)C)OCO4)cc12,,random_balanced,BB-2021,BB-0070,1,1,0.6456894403621918
BB-2155 BB-1046,"[2155, 1046]",[96],Cc1ccc(CC(C(=O)O)(C2CC2)N(C(=O)OC(C)(C)C)c2cccc(NC(=O)OC(C)(C)C)n2)cc1,,random_balanced,BB-2155,BB-1046,1,2,0.38655514704169047
BB-1111 BB-0366,"[1111, 366]",[21],COC(=O)C(NC(=O)OC(C)(C)C)c1cc(Br)cc(S(=O)(=O)C[C@@H](NC(=O)OCc2ccccc2)C(=O)O)c1,,random_balanced,BB-1111,BB-0366,4,0,0.2642704518849155
BB-2054 BB-1856,"[2054, 1856]",[79],COCCN(CCCNC(=O)OC(C)(C)C)C(=O)C(=O)N1CCN(c2nc(Cl)nc(N3CCOCC3)n2)CC1,,random_balanced,BB-2054,BB-1856,2,1,0.10777337032429743
BB-2145 BB-1408,"[2145, 1408]",[96],CC(C)(C)OC(=O)N(c1cccc(CS(=O)(=O)c2ccccc2)c1)C(C)(C(=O)O)C1=Cc2ccccc2OC1,,random_balanced,BB-2145,BB-1408,2,4,0.5441876405461739
BB-2199 BB-1444,"[2199, 1444]",[88],CC(C)(C)OC(=O)Nc1cc(OCc2ccc3c(c2)C2(CC2)CN3C(=O)OC(C)(C)C)c(Cl)cc1F,,random_balanced,BB-2199,BB-1444,2,0,0.5660394484710343
BB-2024 BB-1278,"[2024, 1278]",[39],Cn1nncc1C(CNC(=O)OC(C)(C)C)(OC(=O)c1ccc2cnccc2n1)C(=O)O,,random_balanced,BB-2024,BB-1278,2,0,0.4278474432837369
BB-1506 BB-1411,"[1506, 1411]",[96],COCOc1ccc(C(C)(C(=O)O)N(C(=O)OC(C)(C)C)c2c(C(N)=O)sc3nc(C(F)(F)F)cc(-c4ccco4)c23)c(O)c1C,,random_balanced,BB-1506,BB-1411,0,1,0.5401697977687374
BB-2188 BB-2003,"[2188, 2003]",[96],CC(C)(C)OC(=O)Nc1nc2c(o1)CCCC2(C(=O)O)N(C(=O)OC(C)(C)C)C1C2CC3C(C2)C31,,random_balanced,BB-2188,BB-2003,1,2,0.5500803297988343
BB-1967 BB-2062,"[1967, 2062]",[96],CC(C)(C)OC(=O)NCCCC(C(=O)O)(c1ccc2c(c1)OCO2)N(Cc1cc(F)cc2c1OCOC2)C(=O)OC(C)(C)C,,random_balanced,BB-1967,BB-2062,2,4,0.4649590182534844
BB-0249 BB-1427,"[249, 1427]",[103],CNC(=O)C(CC(NC(=O)OC(C)(C)C)c1ccccc1)C(=O)C(C)(F)C1CCCC1,,random_balanced,BB-0249,BB-1427,1,0,0.6682759774308897
BB-2124 BB-1862,"[2124, 1862]",[96],CCOC(=O)c1cc2c([nH]1)CCCC2(C(=O)O)N(C(=O)OC(C)(C)C)C(CC)CCOC,,random_balanced,BB-2124,BB-1862,0,1,0.5633524362325439
BB-2071 BB-0365,"[2071, 365]",[54],CC(C)CC(=CC(=O)[C@@H](COCc1ccccc1)NC(=O)OC(C)(C)C)CNC(=O)OC(C)(C)C,,random_balanced,BB-2071,BB-0365,3,2,0.3934157381181946
BB-0701 BB-1345,"[701, 1345]",[96],CCOC(=O)C(C(=O)O)(c1sc(C)cc1Br)N(C(=O)OC(C)(C)C)C1CC1Cc1ccccc1C(F)(F)F,,random_balanced,BB-0701,BB-1345,3,2,0.426272047571048
BB-0211 BB-1658,"[211, 1658]",[96],COc1cccc(C=CC(C)(C(=O)O)N(C(=O)OC(C)(C)C)C2CCC(C(F)(F)F)CC2)c1,,random_balanced,BB-0211,BB-1658,1,3,0.7498770681983885
BB-1010 BB-0682,"[1010, 682]",[106],CSc1nn(C)c(NC(=O)OC(C)(C)C)c1C(=O)c1c(F)c(F)cc(F)c1NC(=O)OC(C)(C)C,,random_balanced,BB-1010,BB-0682,1,2,0.6043790584063327
BB-0399 BB-0150,"[399, 150]",[96],Cn1cc(C(C)(C(=O)O)N(C(=O)OC(C)(C)C)c2nnn(C)n2)c(C2CCC2)n1,,random_balanced,BB-0399,BB-0150,0,0,0.5116789299106244
BB-1629 BB-1125,"[1629, 1125]",[16],COC(=O)c1ccccc1COC(=O)c1cc(C)cc(F)c1NC(=O)OC(C)(C)C,,random_balanced,BB-1629,BB-1125,1,0,0.5264983871623101
BB-1921 BB-2088,"[1921, 2088]",[96],CN1CCC(Oc2ccc(N(C(=O)OC(C)(C)C)C3(C(=O)O)CCCC(NC(=O)OC(C)(C)C)=C3Br)cn2)CC1,,random_balanced,BB-1921,BB-2088,2,2,0.2902966392524749
BB-2099 BB-1049,"[2099, 1049]",[74],CN(C)C(=O)c1cc(NC(=O)OC(C)(C)C)ccc1S(=O)(=O)c1ccc(B2OC(C)(C)C(C)(C)O2)cc1C=O,,random_balanced,BB-2099,BB-1049,1,2,0.17352773501460375
BB-0520 BB-1005,"[520, 1005]",[96],CN1C(=C(C#N)C(CCl)(C(=O)O)N(CC2(c3cccc(C(F)(F)F)c3)CCCC2)C(=O)OC(C)(C)C)Nc2ccccc21,,random_balanced,BB-0520,BB-1005,1,3,0.4567521840283759
BB-1574 BB-2040,"[1574, 2040]",[104],Cc1[nH]c(=O)c(-c2ccc(NC(=O)OC(C)(C)C)c(C(F)(F)F)c2)cc1NC(=O)OC(C)(C)C,,random_balanced,BB-1574,BB-2040,1,3,0.25605912746413145
BB-2173 BB-0631,"[2173, 631]",[3],Cn1ncc2c1CC(C(=O)N(Cc1ccc3c(c1)OCO3)S(=O)(=O)NC(=O)OC(C)(C)C)N(C(=O)OC(C)(C)C)C2,,random_balanced,BB-2173,BB-0631,1,0,0.44899767764628745
BB-2051 BB-1199,"[2051, 1199]",[17],Cc1c[n+]([O-])ccc1S(=O)(=O)c1cc(C(F)(F)F)cnc1CCNC(=O)OC(C)(C)C,,random_balanced,BB-2051,BB-1199,2,1,0.7557489559054804
BB-2014 BB-0205,"[2014, 205]",[47],Cn1cc(CCNC(=O)OC(C)(C)C)c(-c2cccnc2OC2CCNCC2)n1,,random_balanced,BB-2014,BB-0205,2,1,0.6099427975862912
BB-0617 BB-2020,"[617, 2020]",[96],CC(C)(C)OC(=O)NCC(C(=O)O)(c1ccc(F)cc1Cl)N(Cc1ccc(-c2cccc(F)c2)o1)C(=O)OC(C)(C)C,,random_balanced,BB-0617,BB-2020,1,2,0.4713143636740079
BB-1118 BB-1887,"[1118, 1887]",[96],COC(=O)c1ccc2c(c1)CCC2(C(=O)O)N(C(=O)OC(C)(C)C)c1ccc(-c2cnn(C)c2)c(C)n1,,random_balanced,BB-1118,BB-1887,1,1,0.6537284795948992
BB-0814 BB-0950,"[814, 950]",[31],COCc1cc(Oc2ccc(OC)cc2C(C)NC(=O)OC(C)(C)C)cc(C(=O)O)c1,,random_balanced,BB-0814,BB-0950,1,1,0.5641682893259771
BB-1616 BB-1372,"[1616, 1372]",[96],CCOC(=O)C1Cc2c(C)cccc2C(C(=O)O)(N(C(=O)OC(C)(C)C)c2ccc3c(c2)N(Cc2ccc(F)cc2)CC3)C1,,random_balanced,BB-1616,BB-1372,1,1,0.35266173589608424
BB-1270 BB-0486,"[1270, 486]",[75],Cc1cc(S(=O)(=O)c2cc(Cl)c(F)cc2NNC(=O)OC(C)(C)C)c2nncn2n1,,random_balanced,BB-1270,BB-0486,2,0,0.6547463131650104
BB-0577 BB-1636,"[577, 1636]",[96],Cc1cc(Cl)c2c(c1)C(C(=O)O)(N(C(=O)C(C)NC(=O)OC(C)(C)C)c1cc(C(F)(F)F)n[nH]1)CCCO2,,random_balanced,BB-0577,BB-1636,0,3,0.6426524483993777
BB-1044 BB-0203,"[1044, 203]",[96],CCOC(=O)c1cnn(C2(C(=O)O)CC3(CCCC3NC(=O)OC(C)(C)C)C2)c1CNC(=O)OC(C)(C)C,,random_balanced,BB-1044,BB-0203,0,4,0.5430675485346923
BB-1491 BB-0349,"[1491, 349]",[96],Cc1cccc(C(C(N)=O)(C(=O)O)N(C(=O)OC(C)(C)C)C2CCc3cc(F)cc(F)c32)c1,,random_balanced,BB-1491,BB-0349,0,2,0.21826326345353947
BB-1081 BB-1101,"[1081, 1101]",[96],CCOC(=O)c1c(NC(=O)OC(C)(C)C)sc(C(C)(C(=O)O)N(C(=O)OC(C)(C)C)S(=O)(=O)c2nnc(C)s2)c1C,,random_balanced,BB-1081,BB-1101,3,3,0.2581570727471942
BB-0668 BB-0555,"[668, 555]",[96],CC(C)(C)OC(=O)N(c1nc(-c2ccc3c(c2)-c2ccccc2C3)cs1)C(C)(C(=O)O)c1cc(Cl)sc1Cl,,random_balanced,BB-0668,BB-0555,0,2,0.47011151389019745
BB-2138 BB-0206,"[2138, 206]",[96],CC(C)(C)OC(=O)N([C@@H]1CCCN(S(=O)(=O)c2cccs2)C1)C1(C(=O)O)CCC(c2cncc(F)c2)C1,,random_balanced,BB-2138,BB-0206,1,1,0.6713560212832667
BB-2164 BB-0986,"[2164, 986]",[96],Cc1nccnc1CCN(C(=O)OC(C)(C)C)C(C)(CC1(O)CCC1)C(=O)O,,random_balanced,BB-2164,BB-0986,1,4,0.4908230156656735
BB-1673 BB-2098,"[1673, 2098]",[96],CC([C@@H]1C[C@H]1c1ccccc1)N(C(=O)OC(C)(C)C)C(C)(C(=O)O)c1ccc(Br)c(NC(=O)OC(C)(C)C)c1,,random_balanced,BB-1673,BB-2098,1,2,0.5951023420059934
BB-0390 BB-1884,"[390, 1884]",[96],CCOC(=O)CC(C(=O)O)(n1c(=O)[nH]c2ccc(NC(=O)OC(C)(C)C)cc21)C(F)(F)Cl,,random_balanced,BB-0390,BB-1884,1,1,0.7035843718689915
BB-0506 BB-0977,"[506, 977]",[55],Cc1ccc(-c2cccc(N3CCC(O)(C(N)=O)C3)c2)cc1NC(=O)OC(C)(C)C,,random_balanced,BB-0506,BB-0977,2,0,0.6501193225865449
BB-2099 BB-0934,"[2099, 934]",[107],COc1c(Cl)ccc2c1NC(=O)C2(O)c1ccc(NC(=O)OC(C)(C)C)cc1C(=O)N(C)C,,random_balanced,BB-2099,BB-0934,2,2,0.7788531400663776
BB-2030 BB-2006,"[2030, 2006]",[10],Cn1cc(NC(=O)OC(C)(C)C)c(Sc2cc(NC(=O)OC(C)(C)C)ccc2CS(C)(=O)=O)n1,,random_balanced,BB-2030,BB-2006,2,3,0.486870905727929
BB-1855 BB-1242,"[1855, 1242]",[96],COC(=O)C(CN(C(=O)OC(C)(C)C)C1(C(=O)O)CCOc2cc(C)c(Cl)c(C)c21)c1ccc(C)cc1,,random_balanced,BB-1855,BB-1242,1,2,0.5007427223819367
BB-0567 BB-1628,"[567, 1628]",[96],Cn1cc(C(CBr)(C(=O)O)N(C(=O)OC(C)(C)C)c2ccc(O)c(NC(=O)OC(C)(C)C)c2)c2ccccc21,,random_balanced,BB-0567,BB-1628,1,2,0.47099222807886876
BB-2148 BB-0452,"[2148, 452]",[28],CCN(C(=O)C(CCC(C)C)NC(=O)OC(C)(C)C)C1CCSc2ccc(Br)cc21,,random_balanced,BB-2148,BB-0452,2,0,0.4290356121291397
BB-0308 BB-1504,"[308, 1504]",[96],CC(C)c1nc2cc(CN(C(=O)OC(C)(C)C)C3(C(=O)O)CCOc4ccc(C(C)(C)C)cc43)ccc2o1,,random_balanced,BB-0308,BB-1504,2,1,0.6384893929146018
BB-0963 BB-1554,"[963, 1554]",[104],COC(=O)CCc1cnc(NC(=O)OC(C)(C)C)c(C(=O)OC)n1,,random_balanced,BB-0963,BB-1554,1,0,0.3090658006036944
BB-1183 BB-0753,"[1183, 753]",[6],COC(=O)c1cnn(C)c1S(=O)(=O)N(NC(=O)OC(C)(C)C)c1c(OC)cccc1S(C)(=O)=O,,random_balanced,BB-1183,BB-0753,2,0,0.34879748667049
BB-0772 BB-0391,"[772, 391]",[96],Cc1c(N(C(=O)OC(C)(C)C)C2(C(=O)O)CCCCC2CCCC2CC2)c(C(N)=O)nn1C,,random_balanced,BB-0772,BB-0391,2,2,0.4461689381780935
BB-1587 BB-0790,"[1587, 790]",[47],CC(C)c1c[nH]c(-c2cccc3c2OC(C)(C)CC3NC(=O)OC(C)(C)C)n1,,random_balanced,BB-1587,BB-0790,0,0,0.8083252804833142
BB-1132 BB-0109,"[1132, 109]",[96],CNCC(C(=O)O)(c1c[nH]c2ccc(F)cc12)N(C(=O)OC(C)(C)C)C1(c2nccs2)CCCC1,,random_balanced,BB-1132,BB-0109,2,1,0.32486933560622633
BB-1770 BB-0495,"[1770, 495]",[27],CC(C)C(NC(=O)OC(C)(C)C)c1noc([C@@]2(NC(=O)OC(C)(C)C)CC[C@H](O)C2)n1,,random_balanced,BB-1770,BB-0495,1,1,0.31758882187201903
BB-1729 BB-1268,"[1729, 1268]",[96],Cc1ccc(F)c(C(OC(=O)c2ccc(I)c(NC(=O)OC(C)(C)C)c2)(C(=O)O)C2CCCCCCC2)c1,,random_balanced,BB-1729,BB-1268,3,2,0.4825650155014773
BB-0759 BB-1024,"[759, 1024]",[96],Cc1nn(C)c(N2CCC2)c1N(C(=O)OC(C)(C)C)C1(C(=O)O)C(=O)N(CC(C)C)c2ccccc21,,random_balanced,BB-0759,BB-1024,1,1,0.42322999757075974
BB-2036 BB-1456,"[2036, 1456]",[39],CC1(C)Cc2oc(NC(=O)OC(C)(C)C)nc2C(C(=O)O)(N(C(=O)OC(C)(C)C)c2ccc(B(O)O)cc2)C1,,random_balanced,BB-2036,BB-1456,3,0,0.6169143823811482
BB-1604 BB-0378,"[1604, 378]",[96],CC(C)(C)OC(=O)N(C(C)(C)c1ccc2c(c1)OCO2)C(CBr)(C(=O)O)C1COc2ccccc2O1,,random_balanced,BB-1604,BB-0378,0,1,0.5519095583674344
BB-0688 BB-0214,"[688, 214]",[96],Cc1ccccc1-c1cc(N(C(=O)OC(C)(C)C)C2(C(=O)O)CNc3c2c(=O)n(C)c(=O)n3CC(C)C)n(Cc2ccccc2)n1,,random_balanced,BB-0688,BB-0214,0,2,0.4425210813287033
BB-0201 BB-1842,"[201, 1842]",[96],CNS(=O)(=O)N1CCC(N(C(=O)OC(C)(C)C)C(Cc2ccccc2)(C(=O)O)c2ccc(Br)s2)CC1,,random_balanced,BB-0201,BB-1842,1,3,0.533539908832959
BB-2009 BB-0088,"[2009, 88]",[98],Cc1c(Br)cc(COC(=O)C2CCC2CS(C)(=O)=O)cc1NC(=O)OC(C)(C)C,,random_balanced,BB-2009,BB-0088,5,0,0.5727827879614774
BB-1666 BB-0412,"[1666, 412]",[28],CCCN(C(=O)c1c[nH]c(C2(NC(=O)OC(C)(C)C)CCOCC2)n1)C(C(=O)O)C(C)C,,random_balanced,BB-1666,BB-0412,2,0,0.7241381249248782
BB-1184 BB-1797,"[1184, 1797]",[16],CC(NNC(=O)OC(C)(C)C)c1ccc(C(=O)OC[C@H]2CC[C@H](C(=O)OC(C)(C)C)CC2)cc1,,random_balanced,BB-1184,BB-1797,0,0,0.11376750084130462
BB-1630 BB-1504,"[1630, 1504]",[96],Cc1cc(N=[N+]=[N-])ccc1N(C(=O)OC(C)(C)C)C1(C(=O)O)CCOc2ccc(C(C)(C)C)cc21,,random_balanced,BB-1630,BB-1504,0,2,0.3620691879186904
BB-2133 BB-0423,"[2133, 423]",[61],Cn1nccc1C(NC(=O)OC(C)(C)C)C(=O)N1CCCC(Oc2ncccc2Br)C1,,random_balanced,BB-2133,BB-0423,1,0,0.7383522548123942
BB-2078 BB-0675,"[2078, 675]",[68],COCc1ccc(NC(=O)OC(C)(C)C)cc1SCCS(=O)(=O)CCBr,,random_balanced,BB-2078,BB-0675,1,0,0.6399799903035022
BB-0931 BB-1694,"[931, 1694]",[96],Cc1cc(N(C(=O)OC(C)(C)C)C(C)(C(=O)O)c2nnn(-c3cccc4ncccc34)c2C)c(C)nn1,,random_balanced,BB-0931,BB-1694,3,1,0.6029246869128456
BB-0059 BB-1768,"[59, 1768]",[96],CCOC(=O)C(C(=O)O)(c1c(Br)nc(C)n1C)N(C(=O)C(C)CNC(=O)OC(C)(C)C)c1c(C)n[nH]c1C,,random_balanced,BB-0059,BB-1768,1,2,0.49935845731560996
BB-1311 BB-1175,"[1311, 1175]",[10],COc1ccc(NC(=O)OC(C)(C)C)cc1S(=O)(=O)Nc1ccc(Sc2ccc(C3CNCCO3)nc2)cc1,,random_balanced,BB-1311,BB-1175,1,1,0.08925790087019256
BB-2091 BB-0698,"[2091, 698]",[39],CCOC(=O)C1(F)CN(C(CNC(=O)OC(C)(C)C)(CC2CC2)C(=O)O)CC12CCC2,,random_balanced,BB-2091,BB-0698,4,2,0.8206715542643278
BB-0558 BB-1164,"[558, 1164]",[10],COC(=O)c1cc(C)cc(Sc2ccc(N3CCCC(NC(=O)OC(C)(C)C)C3=O)c(Cl)c2)c1,,random_balanced,BB-0558,BB-1164,2,0,0.2397065192107038
BB-1094 BB-0031,"[1094, 31]",[84],CC(C)(C)OC(=O)NC(Cc1ccc(O)c(O)c1)c1nc(Cc2ccc(O)cc2)no1,,random_balanced,BB-1094,BB-0031,1,0,0.5230220738463072
BB-1691 BB-1514,"[1691, 1514]",[96],Cc1noc(C)c1C(C)(C(=O)O)N(C(=O)OC(C)(C)C)c1nc2ccc(F)cc2n1C(C)C,,random_balanced,BB-1691,BB-1514,1,0,0.23739372363719038
BB-2021 BB-1390,"[2021, 1390]",[104],C=CCCOCc1c(Br)cncc1-c1cc2c(cc1CCNC(=O)OC(C)(C)C)OCO2,,random_balanced,BB-2021,BB-1390,2,0,0.5578091944513293
BB-2199 BB-0179,"[2199, 179]",[18],CC(C)(C)OC(=O)Nc1cc(Cl)c(S(=O)(=O)c2cccc(-n3cnnc3S)c2)cc1F,,random_balanced,BB-2199,BB-0179,3,0,0.34978973364826704
BB-0435 BB-1043,"[435, 1043]",[96],CC(C)(C)OC(=O)N(Cc1noc2cc(F)ccc12)C(CN1CCNCC1)(C(=O)O)c1cccs1,,random_balanced,BB-0435,BB-1043,0,3,0.44285419223692174
BB-0921 BB-0415,"[921, 415]",[96],CC(C)(C)OC(=O)N(C1CCCN(c2ccccc2F)C1=O)C(C(=O)O)(c1ccccc1)c1ccc(B2OC(C)(C)C(C)(C)O2)cc1,,random_balanced,BB-0921,BB-0415,3,1,0.3606434791425496
BB-2095 BB-1171,"[2095, 1171]",[68],COc1cc(Sc2cc(C)c(NC(=O)OC(C)(C)C)cc2C)c(C(=O)O)cc1S(=O)(=O)Cl,,random_balanced,BB-2095,BB-1171,2,1,0.6765631351954375
BB-0920 BB-1027,"[920, 1027]",[31],CC(C)(C)OC(=O)N[C@@](C)(COc1ccc(CN2CCN(C(=O)OC(C)(C)C)C(C)(C)C2)nn1)c1ccccc1,,random_balanced,BB-0920,BB-1027,2,0,0.06314408241997269
BB-1369 BB-1887,"[1369, 1887]",[107],COC(=O)c1ccc2c(c1)CCC2(O)c1cc(C)cc(C(NC(=O)OC(C)(C)C)C(=O)OC)c1,,random_balanced,BB-1369,BB-1887,2,2,0.6198247039474131
BB-0295 BB-0376,"[295, 376]",[107],COC(=O)c1ccc(C)c(C2(O)CCCc3cc(NC(=O)OC(C)(C)C)ccc32)c1NC(=O)OC(C)(C)C,,random_balanced,BB-0295,BB-0376,0,1,0.45650246197309596
BB-1100 BB-1303,"[1100, 1303]",[10],C/C=C(/CNC(=O)OC(C)(C)C)Sc1ccc2c(c1)CCC(NC(=O)OC(C)(C)C)C(=O)N2,,random_balanced,BB-1100,BB-1303,1,2,0.6644488973511555
BB-1792 BB-2052,"[1792, 2052]",[96],CC#CC1(N(C(=O)OC(C)(C)C)C2(C(=O)O)CCC(NC(=O)OC(C)(C)C)c3ccc(OC(F)F)cc32)COC1,,random_balanced,BB-1792,BB-2052,1,2,0.6549320239036751
BB-1308 BB-2101,"[1308, 2101]",[96],CC(C)(C)OC(=O)NC(C1CC1)C(C)(C(=O)O)N(C(=O)OC(C)(C)C)[C@H]1CCCC[C@H]1c1ccccc1,,random_balanced,BB-1308,BB-2101,1,3,0.49407930878359907
BB-1994 BB-1108,"[1994, 1108]",[107],CC(C)(C)OC(=O)NC(CO)Cc1ccccc1C(O)CC1(NC(=O)OC(C)(C)C)CCCC1,,random_balanced,BB-1994,BB-1108,3,0,0.5092297294458247
BB-1855 BB-1340,"[1855, 1340]",[96],COC(=O)C(CN(C(=O)OC(C)(C)C)C1(C(=O)O)CC(C)(C)c2cc(OC)ccc21)c1ccc(C)cc1,,random_balanced,BB-1855,BB-1340,2,3,0.36764714621765193
BB-1729 BB-1310,"[1729, 1310]",[16],Cc1cc(C(=O)COC(=O)c2ccc(I)c(NC(=O)OC(C)(C)C)c2)c(C)[nH]1,,random_balanced,BB-1729,BB-1310,4,2,0.3807416355791807
BB-0148 BB-1715,"[148, 1715]",[28],COC(=O)c1ccc2c(c1)C(C)CN2C(=O)/C=C/CC(C)(C)NC(=O)OC(C)(C)C,,random_balanced,BB-0148,BB-1715,1,0,0.7623436868483382
BB-0158 BB-1354,"[158, 1354]",[68],CCc1cc(SC2(Cl)CC2CCNC(=O)OC(C)(C)C)cc2c1NC(=O)C2,,random_balanced,BB-0158,BB-1354,6,1,0.5449324066997567
BB-1403 BB-1176,"[1403, 1176]",[28],CCCCCC(NC(=O)OC(C)(C)C)C(=O)N(Cc1ccccc1)C1=CC(=O)CC(C)(C)C1,,random_balanced,BB-1403,BB-1176,0,3,0.5512933299573124
BB-1818 BB-1212,"[1818, 1212]",[28],CC(C)(C)OC(=O)NCC(=O)NC1CCN(C(=O)c2cc(C(F)(F)F)ccc2NC(=O)OC(C)(C)C)CC1,,random_balanced,BB-1818,BB-1212,2,0,0.20059183181068982
BB-0063 BB-1435,"[63, 1435]",[84],CC(C)(C)OC(=O)Nc1ccc(C(=O)O)cc1CCCc1nc(C2CCCC(CC(=O)O)C2)no1,,random_balanced,BB-0063,BB-1435,1,1,0.2915133711184128
BB-2186 BB-1779,"[2186, 1779]",[96],CC(=O)Nc1ccc(C(C(=O)O)(C(C)Cl)n2nc(C(C)(C)NC(=O)OC(C)(C)C)cc2C(=O)OC(C)(C)C)cc1,,random_balanced,BB-2186,BB-1779,0,2,0.45114874751913764
BB-0096 BB-1732,"[96, 1732]",[10],COc1ccc(C(=O)CNC(=O)OC(C)(C)C)cc1SCC(=O)Nc1cccc(C(=O)N2CCSCC2)c1,,random_balanced,BB-0096,BB-1732,3,0,0.047677556056740004
BB-0148 BB-0731,"[148, 731]",[91],COC(=O)CC(CC(C)(C)NC(=O)OC(C)(C)C)N1CCO[C@H](C(F)F)C1,,random_balanced,BB-0148,BB-0731,2,0,0.6559199608527061
BB-0601 BB-0150,"[601, 150]",[96],COC(=O)[C@@H](Cc1cn(C(C)(C(=O)O)c2cn(C)nc2C2CCC2)c2ccccc12)NC(=O)OC(C)(C)C,,random_balanced,BB-0601,BB-0150,2,1,0.6952881286718624
BB-2041 BB-0851,"[2041, 851]",[105],C=C(COc1c(C)cccc1C(=O)O)c1cc(NC(=O)OC(C)(C)C)c(C)cc1F,,random_balanced,BB-2041,BB-0851,3,0,0.6360246052048182
BB-0295 BB-2012,"[295, 2012]",[96],CCC(C(=O)O)(c1ccc(F)c(NC(=O)OC(C)(C)C)c1)N(C(=O)OC(C)(C)C)c1c(C(=O)OC)ccc(C)c1Br,,random_balanced,BB-0295,BB-2012,1,3,0.4591768093786063
BB-1460 BB-0074,"[1460, 74]",[96],COC(=O)c1cc2c([nH]1)C(C(=O)O)(N(C(=O)OC(C)(C)C)c1onc(-c3cc(C)ccc3F)c1C)CCC2,,random_balanced,BB-1460,BB-0074,0,2,0.6635639922697285
BB-0570 BB-0109,"[570, 109]",[96],CNCC(C(=O)O)(c1c[nH]c2ccc(F)cc12)N(C(=O)OC(C)(C)C)C(Cc1cccc(F)c1)C(N)=O,,random_balanced,BB-0570,BB-0109,2,2,0.4576632474937756
BB-1149 BB-0335,"[1149, 335]",[96],COc1cccc2c1C(C(=O)O)CC2(C(=O)O)N(C(=O)OC(C)(C)C)C(c1nc(C)no1)C1CCOCC1,,random_balanced,BB-1149,BB-0335,0,1,0.39389547649322587
BB-1304 BB-0391,"[1304, 391]",[96],CC(C)(C)OC(=O)N(C(Cc1nccn1C(F)F)c1ccccc1)C1(C(=O)O)CCCCC1CCCC1CC1,,random_balanced,BB-1304,BB-0391,3,3,0.3043815277714219
BB-0289 BB-0444,"[289, 444]",[96],CCCCCC(CC)(C(=O)O)N(C(=O)OC(C)(C)C)C1CC(CNC(=O)OC(C)(C)C)C1,,random_balanced,BB-0289,BB-0444,1,1,0.6624791087489752
BB-0754 BB-2019,"[754, 2019]",[84],CC(=O)c1c(C)oc(NC(=O)OC(C)(C)C)c1-c1noc(CC(NC(=O)OC(C)(C)C)c2ccncc2)n1,,random_balanced,BB-0754,BB-2019,3,3,0.3343215051862373
BB-1077 BB-1628,"[1077, 1628]",[96],Cn1cc(C(CBr)(C(=O)O)N(CC2CN3CCCN2CC3)C(=O)OC(C)(C)C)c2ccccc21,,random_balanced,BB-1077,BB-1628,2,3,0.48801122308243
BB-0858 BB-0234,"[858, 234]",[96],CC(C)(C)OC(=O)N(c1nnc(C(C)(F)F)o1)C1(C(=O)O)CCC(CC(=O)O)c2ccccc21,,random_balanced,BB-0858,BB-0234,1,1,0.43374000904791254
BB-0016 BB-1927,"[16, 1927]",[96],Cc1nn(C)c(C(N)=O)c1N(C(=O)OC(C)(C)C)C1(C(=O)O)CCCOC1C(C)(C)C,,random_balanced,BB-0016,BB-1927,1,2,0.19853734274920495
BB-0201 BB-1966,"[201, 1966]",[79],CN(C(=O)OC(C)(C)C)[C@H]1CCCN(C(=O)C(=O)N(C)S(=O)(=O)N2CCC(NC(=O)OC(C)(C)C)CC2)C1,,random_balanced,BB-0201,BB-1966,2,0,0.10627195271800378
BB-0466 BB-1876,"[466, 1876]",[96],CSCC1(CN(C(=O)OC(C)(C)C)C2(C(=O)O)CCN(Cc3ccccc3)CC2)CC(F)(F)C1,,random_balanced,BB-0466,BB-1876,1,1,0.6619525742509303
BB-1089 BB-0134,"[1089, 134]",[96],CCCCn1c(NC(=O)OC(C)(C)C)c(Br)c(=O)n(C2(C(=O)O)CSCCc3ccccc32)c1=O,,random_balanced,BB-1089,BB-0134,1,3,0.7519909438392092
BB-1430 BB-1983,"[1430, 1983]",[96],CCc1cc(=O)n2nc(N(C(=O)OC(C)(C)C)C(C)(C(=O)O)c3ccc(OCC(F)(F)F)cc3)[nH]c2n1,,random_balanced,BB-1430,BB-1983,2,2,0.703455234679979
BB-0798 BB-0949,"[798, 949]",[96],CC(C)(C)OC(=O)N[C@H]1Cc2ccccc2[C@@H]1N(C(=O)OC(C)(C)C)C1(C(=O)O)CCc2c(C(=O)O)cccc21,,random_balanced,BB-0798,BB-0949,1,1,0.5028798970837949
BB-2104 BB-0960,"[2104, 960]",[104],COc1ccc(-c2cnc(NC(=O)OC(C)(C)C)c(F)n2)cc1C(CO)NC(=O)OC(C)(C)C,,random_balanced,BB-2104,BB-0960,2,4,0.21326897925537
BB-1668 BB-0360,"[1668, 360]",[107],CCN(CC)S(=O)(=O)c1ccc(Oc2ccc(C(O)c3ccc(OC(F)F)c(F)c3F)cc2)c(NC(=O)OC(C)(C)C)c1,,random_balanced,BB-1668,BB-0360,1,0,0.43216581587549757
BB-2090 BB-0351,"[2090, 351]",[10],CCc1cc(Sc2cc3c(c(C(C)NC(=O)OC(C)(C)C)c2)OCC3)cc2c1NCCC2,,random_balanced,BB-2090,BB-0351,1,0,0.4653082011039825
BB-0988 BB-0161,"[988, 161]",[96],Cc1ccsc1C(Cc1ccccc1)N(C(=O)OC(C)(C)C)C(C)(C(=O)O)c1sc(-c2ccccc2Br)nc1C,,random_balanced,BB-0988,BB-0161,2,1,0.46951561170850903
BB-1574 BB-0102,"[1574, 102]",[107],CC(C)(C)OC(=O)Nc1ccc(C(C)(O)C23CC(c4ccccc4)(C2)C3(F)F)cc1C(F)(F)F,,random_balanced,BB-1574,BB-0102,2,2,0.6572521531266389
BB-1593 BB-1384,"[1593, 1384]",[55],Cc1ccc(C2(NC(=O)OC(C)(C)C)CCCCC2)c(N2CCC(c3cccs3)CC2)c1,,random_balanced,BB-1593,BB-1384,3,0,0.6009420802398107
BB-1248 BB-1158,"[1248, 1158]",[28],CCCC(CNC(=O)OC(C)(C)C)C(=O)N1C[C@@H](C)N(C)c2ccc(Br)cc21,,random_balanced,BB-1248,BB-1158,4,0,0.73614926275938
BB-2044 BB-1125,"[2044, 1125]",[68],COC(=O)c1ccccc1CSc1cnc2n1CC(NC(=O)OC(C)(C)C)CC2,,random_balanced,BB-2044,BB-1125,1,1,0.526449117559001
BB-0428 BB-1519,"[428, 1519]",[96],Cc1cc(N2CCC(N(C(=O)OC(C)(C)C)C3(C(=O)O)CCCc4oc(=O)c(C(N)=O)cc43)CC2)[nH]n1,,random_balanced,BB-0428,BB-1519,1,2,0.7102701825779534
BB-1430 BB-1628,"[1430, 1628]",[96],CCc1cc(=O)n2nc(N(C(=O)OC(C)(C)C)C(CBr)(C(=O)O)c3cn(C)c4ccccc34)[nH]c2n1,,random_balanced,BB-1430,BB-1628,3,4,0.5982119706031161
BB-2197 BB-0776,"[2197, 776]",[96],COC(=O)C12CCCC(CN(C(=O)OC(C)(C)C)C(C(=O)O)(c3ccc(F)cc3)c3cc(Br)ccc3NC(=O)OC(C)(C)C)(C1)OC2,,random_balanced,BB-2197,BB-0776,0,2,0.45878882423332207
BB-1463 BB-1328,"[1463, 1328]",[96],COc1ccc(/C=C/C(C)(C(=O)O)N(C(=O)OC(C)(C)C)S(=O)(=O)C2CC2)cc1O,,random_balanced,BB-1463,BB-1328,0,2,0.5161073413643877
BB-1832 BB-1905,"[1832, 1905]",[96],C[C@@H](CN(C(=O)OC(C)(C)C)C(C(=O)O)(c1ncc[nH]1)C1CCCCC1)Oc1ccccc1,,random_balanced,BB-1832,BB-1905,2,2,0.3096121041718818
BB-1511 BB-1345,"[1511, 1345]",[96],CCOC(=O)C(C(=O)O)(c1sc(C)cc1Br)N(C(=O)OC(C)(C)C)C(C(=O)OC)C1CCOC1,,random_balanced,BB-1511,BB-1345,0,3,0.27580853832714197
BB-0678 BB-1694,"[678, 1694]",[96],CO[C@H]1C[C@@H](CN(C(=O)OC(C)(C)C)C(C)(C(=O)O)c2nnn(-c3cccc4ncccc34)c2C)N(c2cc(C)ncn2)C1,,random_balanced,BB-0678,BB-1694,0,2,0.49894771542975536
BB-1010 BB-1167,"[1010, 1167]",[96],CCCC1CC(C(=O)O)(N(C(=O)OC(C)(C)C)c2c(F)cc(F)c(F)c2I)CCO1,,random_balanced,BB-1010,BB-1167,2,1,0.4932689321030314
BB-0980 BB-1970,"[980, 1970]",[96],Cc1ccc(C(=O)CCC(CCC(=O)O)(C(=O)O)N(NC(=O)OC(C)(C)C)C(=O)c2ccccc2OCc2ccc(F)cc2)s1,,random_balanced,BB-0980,BB-1970,2,3,0.3806813054525194
BB-0953 BB-1745,"[953, 1745]",[98],C#CC(CNC(=O)OC(C)(C)C)OC(=O)Cc1c(C)nc2[nH]n(C)c(=O)c2c1C,,random_balanced,BB-0953,BB-1745,1,0,0.6392480035867587
BB-2003 BB-1191,"[2003, 1191]",[54],CN(CCC=C1CCCc2oc(NC(=O)OC(C)(C)C)nc21)c1ccccc1,,random_balanced,BB-2003,BB-1191,3,0,0.7641732995897738
BB-1625 BB-0760,"[1625, 760]",[96],COC(=O)[C@H]1CCCC[C@H]1S(=O)(=O)N(C(=O)OC(C)(C)C)C(C)(C(=O)O)c1ncc(C)cc1Br,,random_balanced,BB-1625,BB-0760,2,2,0.5973681565474906
BB-2133 BB-0627,"[2133, 627]",[96],Cn1nccc1C(NC(=O)OC(C)(C)C)C(=O)OC(/C=C(/[O-])C(F)(F)F)(C(=O)O)c1cccnc1,,random_balanced,BB-2133,BB-0627,2,2,0.7256332059849296
BB-0533 BB-1805,"[533, 1805]",[96],CC(C)(C)OC(=O)N([C@H]1C[C@H]2CCCC[C@H]2C1)C1(C(=O)O)CCc2ccc(Cl)cc21,,random_balanced,BB-0533,BB-1805,2,1,0.4504548210378421
BB-0795 BB-1266,"[795, 1266]",[96],Cc1cc2c(cc1Br)OCCC2(C(=O)O)N(CC12CC3CC(C1)CC(C(F)(F)F)(C3)C2)C(=O)OC(C)(C)C,,random_balanced,BB-0795,BB-1266,0,2,0.25571673132948225
BB-1247 BB-1912,"[1247, 1912]",[96],CC(=O)Nc1cc2c(cc1Br)C(C(=O)O)(N(C(=O)OC(C)(C)C)C13CCC(F)(CC1)C3)CC2,,random_balanced,BB-1247,BB-1912,1,2,0.534706595471849
BB-1709 BB-0376,"[1709, 376]",[96],Cc1cc(C)c(C(=O)OC2(C(=O)O)CCCc3cc(NC(=O)OC(C)(C)C)ccc32)cc1NC(=O)OC(C)(C)C,,random_balanced,BB-1709,BB-0376,2,2,0.17972982181098185
BB-0545 BB-1504,"[545, 1504]",[96],CC(C)(C)OC(=O)Nc1cnn(CCN2CCN(C3(C(=O)O)CCOc4ccc(C(C)(C)C)cc43)C2=O)c1,,random_balanced,BB-0545,BB-1504,2,3,0.5591033197074567
BB-1284 BB-1466,"[1284, 1466]",[96],CC(C)(C)OC(=O)N(CCc1nccn1C(F)F)C1(C(=O)O)CCC(O)(c2cccc(Cl)c2)CC1,,random_balanced,BB-1284,BB-1466,1,2,0.6096988940430161
BB-1940 BB-0961,"[1940, 961]",[46],C=CCOc1ccc(C[C@H](NC(=O)OC(C)(C)C)C(=O)C(Cc2nnc(CNC(=O)OCC3c4ccccc4-c4ccccc43)s2)C(=O)O)cc1,,random_balanced,BB-1940,BB-0961,1,1,0.2604173638301068
BB-1623 BB-1566,"[1623, 1566]",[104],Cc1cc2cc(-c3cccc(NC4CCCNC4)c3)c(F)cc2nc1NC(=O)OC(C)(C)C,,random_balanced,BB-1623,BB-1566,1,0,0.12442027665102413
BB-1585 BB-0492,"[1585, 492]",[96],COc1cc(Br)cc(C(C)(C(=O)O)N(Cc2ccc(-c3ccc(C(F)(F)F)cc3)cc2)C(=O)OC(C)(C)C)c1O,,random_balanced,BB-1585,BB-0492,0,2,0.6706830218543268
BB-1985 BB-1167,"[1985, 1167]",[96],CCCC1CC(C(=O)O)(N(C(=O)OC(C)(C)C)c2nc(-c3ccc(OC)cc3)c(CC)s2)CCO1,,random_balanced,BB-1985,BB-1167,0,2,0.6367311277327027
BB-2085 BB-0680,"[2085, 680]",[55],C=CCOc1ccc(CN(c2ccc3c(c2)C(NC(=O)OC(C)(C)C)C(=O)N3C)C(C)(C)C)cc1,,random_balanced,BB-2085,BB-0680,0,0,0.7123242660205891
BB-0648 BB-2020,"[648, 2020]",[96],CC(C)(C)OC(=O)NCC(C(=O)O)(c1ccc(F)cc1Cl)N(C(=O)OC(C)(C)C)S(=O)(=O)C1c2ccccc2-c2ccccc21,,random_balanced,BB-0648,BB-2020,2,3,0.18984398160755486
BB-0969 BB-0109,"[969, 109]",[96],CNCC(C(=O)O)(c1c[nH]c2ccc(F)cc12)N(C(=O)OC(C)(C)C)[C@@H]1C[C@H]1CNC(=O)OC(C)(C)C,,random_balanced,BB-0969,BB-0109,0,3,0.6877267578303695
BB-0482 BB-1777,"[482, 1777]",[10],COC(=O)c1ccc(CCNC(=O)OC(C)(C)C)c(Sc2ncc(-c3ccccc3)o2)c1,,random_balanced,BB-0482,BB-1777,1,0,0.7027387286054246
BB-1824 BB-1701,"[1824, 1701]",[107],CC(C)(C)OC(=O)Nc1nc(-c2ccccc2)cc(C2(O)CC(NC(=O)OC(C)(C)C)C23CC(C(F)F)C3)n1,,random_balanced,BB-1824,BB-1701,2,2,0.5210820901458901
BB-0264 BB-1152,"[264, 1152]",[3],CN(C(=O)C1CCCCO1)c1ncc(F)cc1NC(=O)OC(C)(C)C,,random_balanced,BB-0264,BB-1152,1,0,0.3888379315932959
BB-2110 BB-0168,"[2110, 168]",[96],CCc1ccc(C(=O)N(NC(=O)OC(C)(C)C)C(CCCC(=O)O)(C(=O)O)c2ccccc2NC(=O)OC(C)(C)C)cc1,,random_balanced,BB-2110,BB-0168,3,1,0.2575260008514913
BB-0116 BB-0164,"[116, 164]",[96],CCOC(=O)C12CCCC1=CC(C(=O)O)(N(C(=O)OC(C)(C)C)C(c1ccc(F)cc1)c1noc(C)n1)C2,,random_balanced,BB-0116,BB-0164,2,2,0.5277611981098977
BB-1775 BB-2026,"[1775, 2026]",[96],COC(=O)c1c[nH]c(C2(N(C(=O)OC(C)(C)C)C3(C(=O)O)CC(C)(C)CC(NC(=O)OC(C)(C)C)=C3Br)CCC2)n1,,random_balanced,BB-1775,BB-2026,3,3,0.5819743079897953
BB-0887 BB-0037,"[887, 37]",[96],CC(C)(C)OC(=O)N(c1ncn(-c2ccncc2)n1)C(CC(=O)C(F)(F)F)(C(=O)O)c1ccc([N+](=O)[O-])cc1,,random_balanced,BB-0887,BB-0037,1,1,0.4217426739928596
BB-1511 BB-0517,"[1511, 517]",[28],CC(C)n1cc(C2(O)CCCN(C(=O)C(NC(=O)OC(C)(C)C)C3CCOC3)C2)nn1,,random_balanced,BB-1511,BB-0517,1,0,0.6518482188888316
BB-0538 BB-0848,"[538, 848]",[40],CC(C)(C)OC(=O)N[C@@H](Cc1ccc([N+](=O)[O-])cc1)C(=O)OC1(c2cccc(C(F)(F)F)c2)CCNCC1,,random_balanced,BB-0538,BB-0848,2,0,0.6982112777459476
BB-2130 BB-0723,"[2130, 723]",[96],CC(C)(C)OC(=O)N(CCNC(=O)C1CCCC1)C1(C(=O)O)CCN(C(=O)OCc2ccccc2)CC1CC#N,,random_balanced,BB-2130,BB-0723,3,3,0.4641358966709874
BB-0457 BB-0269,"[457, 269]",[96],CC(C)(C)OC(=O)N(C1(c2nc(C3CCOCC3)no2)CCOCC1)C1(C(=O)O)C(F)=CCCc2ccc(Br)cc21,,random_balanced,BB-0457,BB-0269,0,1,0.5475763962714124
BB-2062 BB-1203,"[2062, 1203]",[39],CC(C)(C)OC(=O)NCCCC(OC(=O)c1ccc(-c2coc(=O)[nH]2)cc1)(C(=O)O)c1ccc2c(c1)OCO2,,random_balanced,BB-2062,BB-1203,5,0,0.43701303518940915
BB-2156 BB-2071,"[2156, 2071]",[96],CC(C)CC(CNC(=O)OC(C)(C)C)(C(=O)O)N(C(=O)OC(C)(C)C)C1CCN(C(=O)c2ccco2)CC1,,random_balanced,BB-2156,BB-2071,2,4,0.37261414203727794
BB-0434 BB-1330,"[434, 1330]",[96],CC(C)(C)CC1CC1N(C(=O)OC(C)(C)C)C(C)(C(=O)O)c1nc2c(s1)CCC2,,random_balanced,BB-0434,BB-1330,0,3,0.47621552815837487
BB-1332 BB-1690,"[1332, 1690]",[62],CC(C)(C)OC(=O)NCc1cc(OC(F)(F)F)cc(N2CC(C)(C)c3cc([N+](=O)[O-])ccc32)c1,,random_balanced,BB-1332,BB-1690,1,0,0.6946138341710236
BB-1625 BB-1864,"[1625, 1864]",[96],CCOC(=O)C1(C)CCCCC1(C(=O)O)N(C(=O)OC(C)(C)C)S(=O)(=O)[C@@H]1CCCC[C@@H]1C(=O)OC,,random_balanced,BB-1625,BB-1864,3,1,0.2929437319282435
BB-0596 BB-0426,"[596, 426]",[96],Cc1cccc(N(C(=O)OC(C)(C)C)C(CBr)(C(=O)O)C2CC(F)(F)C2)c1C(N)=O,,random_balanced,BB-0596,BB-0426,2,2,0.21787717637516757
BB-0523 BB-0038,"[523, 38]",[107],Cn1c(=O)c2c(nc(NCCNC(=O)OC(C)(C)C)n2Cc2ccc(C(O)c3cnc4c(Br)cc(F)cn34)cc2Cl)n(C)c1=O,,random_balanced,BB-0523,BB-0038,2,0,0.3095534344283495
BB-1309 BB-1469,"[1309, 1469]",[96],CCc1nnc2ccc(N(C(=O)OC(C)(C)C)C(C)(Cn3c(=O)oc(=O)c4ccccc43)C(=O)O)cn12,,random_balanced,BB-1309,BB-1469,1,1,0.5301194425981457
BB-0490 BB-1180,"[490, 1180]",[96],CNS(=O)(=O)c1ccccc1CN(C(=O)OC(C)(C)C)C(C)(C(=O)O)c1cc(CBr)ccc1[N+](=O)[O-],,random_balanced,BB-0490,BB-1180,1,2,0.3577746326377258
BB-1491 BB-1783,"[1491, 1783]",[96],CC(C)(C)OC(=O)N1C2CCCC1CC1(C2)CC(C(=O)O)(N(C(=O)OC(C)(C)C)C2CCc3cc(F)cc(F)c32)C1,,random_balanced,BB-1491,BB-1783,1,3,0.6134911379960426
BB-0154 BB-1046,"[154, 1046]",[96],Cc1ccc(CC(C(=O)O)(C2CC2)N(C(=O)OC(C)(C)C)[C@@H]2CCCO[C@H]2c2ccc(C)cc2)cc1,,random_balanced,BB-0154,BB-1046,0,3,0.5397981216675544
BB-0146 BB-2049,"[146, 2049]",[96],CCCC(C(=O)O)(c1cc(NC(=O)OC(C)(C)C)ccc1F)N(CC1(c2cccc(C(F)(F)F)c2)CCOCC1)C(=O)OC(C)(C)C,,random_balanced,BB-0146,BB-2049,1,2,0.3706336388535406
BB-1726 BB-0518,"[1726, 518]",[74],COc1ccc(CCNC(=O)OC(C)(C)C)c(S(=O)(=O)c2cc(NC(=O)OC(C)(C)C)cs2)c1,,random_balanced,BB-1726,BB-0518,3,0,0.09636433157946393
BB-2061 BB-0554,"[2061, 554]",[104],COc1ccc(-c2ccc(NC(=O)OC(C)(C)C)c3c2OCCO3)c2[nH]c(C(=O)O)cc12,,random_balanced,BB-2061,BB-0554,0,0,0.5310423030960515
BB-0180 BB-1390,"[180, 1390]",[10],C=CCCOCc1c(Br)cncc1Sc1c(C)nn(-c2ncccn2)c1NC(=O)OC(C)(C)C,,random_balanced,BB-0180,BB-1390,1,1,0.5576840868696044
BB-1630 BB-1113,"[1630, 1113]",[96],Cc1cc(N=[N+]=[N-])ccc1N(C(=O)OC(C)(C)C)C1(C(=O)O)CCC(OC2CCCCC2)CC1,,random_balanced,BB-1630,BB-1113,1,2,0.639935718364558
BB-2025 BB-1537,"[2025, 1537]",[17],CC(C)(C)OC(=O)NC1CCN(c2cn[nH]c(=O)c2S(=O)(=O)Cc2coc(-c3cc(Cl)cc(Cl)c3)n2)C1,,random_balanced,BB-2025,BB-1537,3,0,0.3570255690906323
BB-1111 BB-1619,"[1111, 1619]",[18],COC(=O)C(NC(=O)OC(C)(C)C)c1cc(Br)cc(S(=O)(=O)c2c(C3CC3)nc3onc(C)c3c2C(=O)O)c1,,random_balanced,BB-1111,BB-1619,5,1,0.6520094717486015
BB-0348 BB-1300,"[348, 1300]",[39],CCOC(=O)CC(CC1CCCC1)N(C(=O)OC(C)(C)C)C(C)(C(=O)O)c1cc(C(NC(=O)OC(C)(C)C)C(=O)O)ccc1O,,random_balanced,BB-0348,BB-1300,1,0,0.43840696757374914
BB-0328 BB-0480,"[328, 480]",[96],COCC[C@@H]1C[C@H]1N(C(=O)OC(C)(C)C)C(C)(CCc1ccccc1[N+](=O)[O-])C(=O)O,,random_balanced,BB-0328,BB-0480,3,2,0.5429142139509814
BB-1956 BB-0159,"[1956, 159]",[27],Cc1cc(NC(=O)OC(C)(C)C)ncc1-c1noc([C@H](C(C)C)n2sc3ccccc3c2=O)n1,,random_balanced,BB-1956,BB-0159,0,0,0.30496768019725706
BB-2162 BB-1752,"[2162, 1752]",[18],CCc1cccc(S(=O)(=O)c2ccc(B(O)O)cc2NC(=O)OC(C)(C)C)c1Br,,random_balanced,BB-2162,BB-1752,2,1,0.6637540665982498
BB-1798 BB-0603,"[1798, 603]",[88],CC(COc1cc(C(=O)O)cc2nc(NC(=O)OC(C)(C)C)n(C)c12)NCc1ccccc1,,random_balanced,BB-1798,BB-0603,2,1,0.7318914428676329
BB-2087 BB-0257,"[2087, 257]",[10],Cn1cc(CNC(=O)OC(C)(C)C)c(Sc2ccc3cc(C=O)ccc3c2)n1,,random_balanced,BB-2087,BB-0257,0,1,0.4515735032940766
BB-0535 BB-1466,"[535, 1466]",[96],COc1cc(CCN(C(=O)OC(C)(C)C)C2(C(=O)O)CCC(O)(c3cccc(Cl)c3)CC2)cc(OC)c1C,,random_balanced,BB-0535,BB-1466,2,3,0.7011030363106173
BB-1591 BB-2013,"[1591, 2013]",[68],CC(C)(C)OC(=O)Nc1ccc(F)c(Sc2ccccc2N2CCC(NC(=O)OC(C)(C)C)C2)c1F,,random_balanced,BB-1591,BB-2013,2,1,0.21035979262396284
BB-2002 BB-1245,"[2002, 1245]",[104],CCc1noc(NC(=O)OC(C)(C)C)c1-c1c(C)ccc2[nH]c(=O)ccc12,,random_balanced,BB-2002,BB-1245,0,0,0.7771915633413948
BB-0943 BB-1859,"[943, 1859]",[84],CC(C#Cc1nc(-c2nn(C)cc2NC(=O)OC(C)(C)C)no1)NC(=O)OC(C)(C)C,,random_balanced,BB-0943,BB-1859,3,1,0.05618034644527309
BB-0289 BB-1386,"[289, 1386]",[96],CN(C)/C=C1\OCCN(C(=O)OC(C)(C)C)CC1(C(=O)O)N(C(=O)OC(C)(C)C)C1CC(CNC(=O)OC(C)(C)C)C1,,random_balanced,BB-0289,BB-1386,2,3,0.2915336543981618
BB-1770 BB-0009,"[1770, 9]",[49],CC(C)C(NC(=O)OC(C)(C)C)C(=O)CCC(Cl)(Cl)Cl,,random_balanced,BB-1770,BB-0009,2,0,0.3274546228169214
BB-2181 BB-1145,"[2181, 1145]",[96],CC(C)(C)OC(=O)N1CC(C2CCCC(C(=O)O)(N(CCN3C(=O)c4ccccc4S3(=O)=O)C(=O)OC(C)(C)C)C2)C1,,random_balanced,BB-2181,BB-1145,1,1,0.4726134808151247
BB-0431 BB-1864,"[431, 1864]",[96],CCOC(=O)C1(C)CCCCC1(C(=O)O)N(C(=O)OC(C)(C)C)C1CCCc2cc(C(=O)O)ccc21,,random_balanced,BB-0431,BB-1864,1,2,0.2506939473282976
BB-0882 BB-1714,"[882, 1714]",[96],CCCc1ccc(N(C(=O)OC(C)(C)C)C(C)(CCc2cccc(C(F)(F)F)c2)C(=O)O)c(C#N)c1,,random_balanced,BB-0882,BB-1714,1,2,0.6925995175988724
BB-1832 BB-1927,"[1832, 1927]",[96],C[C@@H](CN(C(=O)OC(C)(C)C)C1(C(=O)O)CCCOC1C(C)(C)C)Oc1ccccc1,,random_balanced,BB-1832,BB-1927,3,3,0.3064022519598229
BB-1608 BB-1710,"[1608, 1710]",[96],CN1C=CC(=C(C#N)C(CCl)(C(=O)O)N(C(=O)OC(C)(C)C)c2ccc(-c3ccco3)cc2F)C=C1,,random_balanced,BB-1608,BB-1710,4,1,0.610835068613004
BB-1101 BB-1171,"[1101, 1171]",[39],CCOC(=O)c1c(NC(=O)OC(C)(C)C)sc(C(C)(OC(=O)c2cc(S(=O)(=O)Cl)c(OC)cc2Br)C(=O)O)c1C,,random_balanced,BB-1101,BB-1171,4,2,0.22739323571921574
BB-0672 BB-1302,"[672, 1302]",[62],CC(C)(C)OC(=O)NCc1ncc(N2CCCC2Cc2cc(F)ccc2F)s1,,random_balanced,BB-0672,BB-1302,2,0,0.6245785942817527
BB-1819 BB-0986,"[1819, 986]",[96],CCOC(=O)c1nc(C2CC2)n(Cc2ccccc2)c1N(C(=O)OC(C)(C)C)C(C)(CC1(O)CCC1)C(=O)O,,random_balanced,BB-1819,BB-0986,2,5,0.37851920513081666
BB-1044 BB-1849,"[1044, 1849]",[28],CC(C)(C)OC(=O)NCc1[nH]ncc1C(=O)N1CCCC1c1nc2ccccc2s1,,random_balanced,BB-1044,BB-1849,1,1,0.7202421575133203
BB-0884 BB-0037,"[884, 37]",[96],Cc1cccc(C(CCO)N(C(=O)OC(C)(C)C)C(CC(=O)C(F)(F)F)(C(=O)O)c2ccc([N+](=O)[O-])cc2)c1,,random_balanced,BB-0884,BB-0037,2,2,0.2856718049850653
BB-2017 BB-1260,"[2017, 1260]",[88],Cc1cc(O[C@H]2C[C@](O)(C(F)(F)F)C2)c(C)cc1NC(=O)OC(C)(C)C,,random_balanced,BB-2017,BB-1260,1,0,0.6830456530746111
BB-1754 BB-0395,"[1754, 395]",[96],CN(C)S(=O)(=O)c1ccc(C(C)(C(=O)O)N(CCc2ccc(OCC(=O)O)cc2)C(=O)OC(C)(C)C)cc1,,random_balanced,BB-1754,BB-0395,1,1,0.6318753949310026
BB-1179 BB-0566,"[1179, 566]",[96],Cn1c(C(C)(C(=O)O)N(C(=O)OC(C)(C)C)c2cc(F)c3c(c2)CCC(=O)N3)nc2ccc(Cl)cc21,,random_balanced,BB-1179,BB-0566,2,1,0.5624873791553241
BB-1392 BB-1191,"[1392, 1191]",[31],CN(CCCOCC1OC2(C)CC1(NC(=O)OC(C)(C)C)C2)c1ccccc1,,random_balanced,BB-1392,BB-1191,1,1,0.6556416863954444
BB-0319 BB-1180,"[319, 1180]",[96],CC(C)(C)OC(=O)N(CCc1nnc2ccccn12)C(C)(C(=O)O)c1cc(CBr)ccc1[N+](=O)[O-],,random_balanced,BB-0319,BB-1180,1,3,0.4285580497334191
BB-2107 BB-0041,"[2107, 41]",[17],Cc1ccc(S(=O)(=O)c2cnn(C)c2NC(=O)OC(C)(C)C)cc1N1CCNCC1,,random_balanced,BB-2107,BB-0041,3,1,0.45129956395319304
BB-0430 BB-1912,"[430, 1912]",[107],CC(=O)Nc1cc2c(cc1Br)C(O)(c1c(NC(=O)OC(C)(C)C)cccc1C(=O)OC(C)(C)C)CC2,,random_balanced,BB-0430,BB-1912,2,3,0.7059077587279932
BB-0301 BB-1987,"[301, 1987]",[10],Cc1nc(NC(=O)OC(C)(C)C)c2cccc(Sc3cncc(C4(C#N)CCC4)c3)c2n1,,random_balanced,BB-0301,BB-1987,3,0,0.45790565027726277
BB-1463 BB-1266,"[1463, 1266]",[96],Cc1cc2c(cc1Br)OCCC2(C(=O)O)N(C(=O)OC(C)(C)C)S(=O)(=O)C1CC1,,random_balanced,BB-1463,BB-1266,1,3,0.37870748545722377
BB-0737 BB-0367,"[737, 367]",[61],CC(C)(C)OC(=O)NCC(O)C(=O)N1CCCC(c2nc3ccccc3o2)C1,,random_balanced,BB-0737,BB-0367,1,0,0.6790914261869351
BB-0858 BB-1983,"[858, 1983]",[96],CC(C)(C)OC(=O)N(c1nnc(C(C)(F)F)o1)C(C)(C(=O)O)c1ccc(OCC(F)(F)F)cc1,,random_balanced,BB-0858,BB-1983,2,3,0.6727182416350421
BB-0650 BB-0006,"[650, 6]",[96],CSc1ccc([N+](=O)[O-])cc1C(C)(C(=O)O)N(C(=O)OC(C)(C)C)c1nnc(C2CN(C(=O)OC(C)(C)C)C2)o1,,random_balanced,BB-0650,BB-0006,2,1,0.35569119211677996
BB-2087 BB-0496,"[2087, 496]",[62],Cn1cc(CNC(=O)OC(C)(C)C)c(N2CC3CN(C4CC4)CC3C2)n1,,random_balanced,BB-2087,BB-0496,1,0,0.5964753169953603
BB-1592 BB-1853,"[1592, 1853]",[68],C#CCCCC(NC(=O)OC(C)(C)C)c1ccc(Sc2cc(-n3ccc(C(=O)O)n3)ccc2Cl)cc1,,random_balanced,BB-1592,BB-1853,2,1,0.46930299494921357
BB-0439 BB-1700,"[439, 1700]",[40],CC(CC(C)C1CCCCC1)OC(=O)[C@H](CNC(=O)OC(C)(C)C)NC(=O)OC(C)(C)C,,random_balanced,BB-0439,BB-1700,2,0,0.2132832567512425
BB-2045 BB-2052,"[2045, 2052]",[107],Cn1c(NC(=O)OC(C)(C)C)nc2cccc(C3(O)CCC(NC(=O)OC(C)(C)C)c4ccc(OC(F)F)cc43)c21,,random_balanced,BB-2045,BB-2052,1,3,0.46585852510294545
BB-0822 BB-2086,"[822, 2086]",[96],CC(=O)N(c1ccc(C)cc1NC(=O)OC(C)(C)C)C(CNC(=O)OC(C)(C)C)(C(=O)O)c1ccc(C)cc1C,,random_balanced,BB-0822,BB-2086,1,3,0.36851175496261557
BB-2190 BB-0206,"[2190, 206]",[96],CC(C)(C)OC(=O)N(C1(C(=O)O)CCC(c2cncc(F)c2)C1)S(=O)(=O)c1ccccc1C(F)(F)F,,random_balanced,BB-2190,BB-0206,2,2,0.5191831162619334
BB-0563 BB-0395,"[563, 395]",[96],CN(C)S(=O)(=O)c1ccc(C(C)(C(=O)O)N(C(=O)OC(C)(C)C)S(=O)(=O)c2ccc(NC(=O)C3CC3)cc2)cc1,,random_balanced,BB-0563,BB-0395,3,2,0.5514292019699037
BB-0714 BB-1099,"[714, 1099]",[79],CN(C)C(=O)C1c2cnn(C)c2CCN1C(=O)C(=O)N1CCC(n2cnc(C(N)=O)c2NC(=O)OC(C)(C)C)CC1,,random_balanced,BB-0714,BB-1099,2,1,0.4492489516128952
BB-2002 BB-0659,"[2002, 659]",[62],CCc1noc(NC(=O)OC(C)(C)C)c1N1CC(c2nc(C)no2)C2(COC2)C1,,random_balanced,BB-2002,BB-0659,1,0,0.8680328453469104
BB-1280 BB-0167,"[1280, 167]",[61],Cc1ccc2c(c1)CC(N(C)C(=O)c1cccc(-c3ccc(CNC(=O)OC(C)(C)C)cc3)c1)C2,,random_balanced,BB-1280,BB-0167,1,0,0.607708982625415
BB-2137 BB-1481,"[2137, 1481]",[96],Cc1c(C(C)(C(=O)O)N(CC(C)(C)CC(F)F)C(=O)OC(C)(C)C)oc2ccccc12,,random_balanced,BB-2137,BB-1481,2,2,0.4360183730578848
BB-1668 BB-0443,"[1668, 443]",[47],CCN(CC)S(=O)(=O)c1ccc(Oc2ccc(-c3cncc(NC(=O)OC(C)(C)C)c3O)cc2)c(NC(=O)OC(C)(C)C)c1,,random_balanced,BB-1668,BB-0443,2,1,0.14133040663418575
BB-2005 BB-1802,"[2005, 1802]",[106],COc1cc(C(=O)c2cn(C)c(=O)c(NC(=O)OC(C)(C)C)c2C)c2ccccc2n1,,random_balanced,BB-2005,BB-1802,1,0,0.6506101226864874
BB-2196 BB-1034,"[2196, 1034]",[28],COC(=O)[C@@H]1C[C@H]1C(NC(=O)OC(C)(C)C)C(=O)N1CCCC1c1c(C)nn(CC(C)C)c1Cl,,random_balanced,BB-2196,BB-1034,2,1,0.6498238708259266
BB-1041 BB-0555,"[1041, 555]",[96],CCC1CCCC(CN(C(=O)OC(C)(C)C)C(C)(C(=O)O)c2cc(Cl)sc2Cl)CC1,,random_balanced,BB-1041,BB-0555,2,3,0.4753094072906316
BB-2142 BB-0430,"[2142, 430]",[68],CC(C)(C)OC(=O)Nc1ccc(Sc2c(NC(=O)OC(C)(C)C)cccc2C(=O)OC(C)(C)C)cc1-c1nc[nH]n1,,random_balanced,BB-2142,BB-0430,2,3,0.45091789568906515
BB-0217 BB-1026,"[217, 1026]",[29],CC(C)c1cc(-c2cccc(CNC(=O)OC(C)(C)C)c2)n2ncnc2n1,,random_balanced,BB-0217,BB-1026,1,0,0.6237073695556591
BB-1666 BB-0096,"[1666, 96]",[96],COC(=O)c1c[nH]c(C2(N(C(=O)OC(C)(C)C)C(CNC(=O)OC(C)(C)C)(C(=O)O)c3ccc(OC)c(Cl)c3)CCOCC2)n1,,random_balanced,BB-1666,BB-0096,3,4,0.3096642602032662
BB-0096 BB-0870,"[96, 870]",[75],CCC1CCCCN1C(=O)C(C)S(=O)(=O)c1cc(C(=O)CNC(=O)OC(C)(C)C)ccc1OC,,random_balanced,BB-0096,BB-0870,5,1,0.424240970818439
BB-1854 BB-0501,"[1854, 501]",[96],COc1ccc2[nH]c3c(c2c1)CCCC3(C(=O)O)N(C[C@H]1C[C@@H](C(C)C)c2ccccc21)C(=O)OC(C)(C)C,,random_balanced,BB-1854,BB-0501,1,1,0.5792948673627139
BB-0176 BB-0546,"[176, 546]",[96],COCc1cc(C(C)(C(=O)O)N(C(=O)OC(C)(C)C)c2cc(C)c(F)c(C)c2)ccc1OC,,random_balanced,BB-0176,BB-0546,1,1,0.5155939524667024
BB-0519 BB-2036,"[519, 2036]",[96],CC1(C)Cc2oc(NC(=O)OC(C)(C)C)nc2C(C(=O)O)(N(C(=O)OC(C)(C)C)c2cc(F)cc(C(=O)OC(C)(C)C)c2)C1,,random_balanced,BB-0519,BB-2036,2,4,0.35596012637851066
BB-2017 BB-0702,"[2017, 702]",[88],Cc1cc(OCC2(c3ccccc3)CNC(=O)C2)c(C)cc1NC(=O)OC(C)(C)C,,random_balanced,BB-2017,BB-0702,2,0,0.6874964828937399
BB-0979 BB-0046,"[979, 46]",[107],CCOC(=O)c1[nH]c(C(O)c2cccc(CC(CC)CNC(=O)OC(C)(C)C)c2)cc1C,,random_balanced,BB-0979,BB-0046,2,0,0.32224831531172754
BB-0160 BB-0259,"[160, 259]",[96],CC(C)Oc1ccc2c(c1)CCCC2(C(=O)O)N(Cc1c(F)cccc1OC(F)(F)F)C(=O)OC(C)(C)C,,random_balanced,BB-0160,BB-0259,2,4,0.581703907198862
BB-2152 BB-1896,"[2152, 1896]",[96],C=CCC1(N(C(=O)OC(C)(C)C)C2(C(=O)O)CCOc3cc(C)c(Br)cc32)CCC1,,random_balanced,BB-2152,BB-1896,2,1,0.22082335683979698
BB-1198 BB-0199,"[1198, 199]",[96],COC(=O)[C@@H]1C[C@H]1c1ccccc1N(C(=O)OC(C)(C)C)C1(C(=O)O)CCN(c2ncnc3c2cnn3C)CC1,,random_balanced,BB-1198,BB-0199,2,2,0.6196707504702438
BB-2186 BB-1821,"[2186, 1821]",[96],CC(C)(C)OC(=O)NC(C)(C)c1cc(C(=O)OC(C)(C)C)n(C2(C(=O)O)CCN(C(=O)OC(C)(C)C)C(=O)C2)n1,,random_balanced,BB-2186,BB-1821,1,2,0.3490009037996733
BB-0171 BB-0372,"[171, 372]",[28],CC(C)(C)OC(=O)NCC(CC1CCCC1)C(=O)N1CCc2c([nH]c3ccccc23)C1C(=O)O,,random_balanced,BB-0171,BB-0372,1,0,0.761937063748289
BB-2176 BB-2049,"[2176, 2049]",[96],CCCC(C(=O)O)(c1cc(NC(=O)OC(C)(C)C)ccc1F)N(C(=O)OC(C)(C)C)c1nnc(-c2c(F)cccc2F)s1,,random_balanced,BB-2176,BB-2049,2,3,0.3517201276216756
BB-2043 BB-1507,"[2043, 1507]",[50],CC(C(=O)N(C)C1(C#N)CCCCC1)C1(O)CCC(NC(=O)OC(C)(C)C)c2cc(Br)ccc21,,random_balanced,BB-2043,BB-1507,1,1,0.7264894665012737
BB-0797 BB-1274,"[797, 1274]",[28],Cc1nc2c(n1C)CN(C(=O)C[C@@H](Cc1cccc(F)c1)NC(=O)OC(C)(C)C)CC2,,random_balanced,BB-0797,BB-1274,1,1,0.679156425459953
BB-1306 BB-0208,"[1306, 208]",[96],Cc1cc2c(cc1C)C(C(=O)O)(N(Cc1ccc3ccccc3c1F)C(=O)OC(C)(C)C)CCC2,,random_balanced,BB-1306,BB-0208,2,3,0.4710752104618935
BB-0160 BB-0168,"[160, 168]",[96],CC(C)(C)OC(=O)Nc1ccccc1C(CCCC(=O)O)(C(=O)O)N(Cc1c(F)cccc1OC(F)(F)F)C(=O)OC(C)(C)C,,random_balanced,BB-0160,BB-0168,3,2,0.2971776254362286
BB-0853 BB-1727,"[853, 1727]",[96],COc1ccc2c(c1)C(N(C(=O)OC(C)(C)C)C(C)(C(=O)O)c1ccc(C(F)(F)F)s1)C(OC)CC2,,random_balanced,BB-0853,BB-1727,1,1,0.3937374095353746
BB-2002 BB-1753,"[2002, 1753]",[10],CCc1noc(NC(=O)OC(C)(C)C)c1Sc1c(C)cncc1C=O,,random_balanced,BB-2002,BB-1753,2,0,0.5642968200685409
BB-0121 BB-1344,"[121, 1344]",[97],Cc1cc(C)cc(C(COC(=O)CCc2cccc(C)c2F)NC(=O)OC(C)(C)C)c1,,random_balanced,BB-0121,BB-1344,1,0,0.5315227541039927
BB-0925 BB-0592,"[925, 592]",[96],CCCCc1cc(=O)oc2c(C)c(O)c(C(C=CN(C)C)(C(=O)O)N(C(=O)OC(C)(C)C)c3cncc(-c4cnn(C5CCCCO5)c4)c3)cc12,,random_balanced,BB-0925,BB-0592,2,2,0.24581470136965636
BB-2170 BB-0546,"[2170, 546]",[96],COCc1cc(C(C)(C(=O)O)N(C(=O)OC(C)(C)C)S(=O)(=O)c2cn(C)c3ccccc23)ccc1OC,,random_balanced,BB-2170,BB-0546,2,2,0.5072698766532102
BB-1300 BB-1161,"[1300, 1161]",[46],CC(C)(C)OC(=O)NC(CC(=O)C1CCN(c2cc(C(=O)O)ccc2Cl)C1=O)CC1CCCC1,,random_balanced,BB-1300,BB-1161,1,0,0.6118073653493703
BB-0920 BB-1951,"[920, 1951]",[98],CC(C)(C)OC(=O)N[C@@](C)(COC(=O)C1(C(F)(F)F)CC2(CCC2)C1)c1ccccc1,,random_balanced,BB-0920,BB-1951,3,0,0.6883475463654994
BB-1859 BB-1988,"[1859, 1988]",[27],Cn1cc(NC(=O)OC(C)(C)C)c(-c2noc(-c3cc(CNC(=O)OC(C)(C)C)n4c3CCCC4)n2)n1,,random_balanced,BB-1859,BB-1988,2,1,0.17384617528636742
BB-1974 BB-1996,"[1974, 1996]",[96],Cc1nc(C)c2c(C)c(C(C)(OC(=O)C[C@H]3C[C@@H](NC(=O)OC(C)(C)C)C3)C(=O)O)sc2n1,,random_balanced,BB-1974,BB-1996,2,2,0.5712787438770787
BB-0903 BB-0197,"[903, 197]",[68],COc1nc(Sc2nccn(C(F)F)c2=O)c(F)cc1NC(=O)OC(C)(C)C,,random_balanced,BB-0903,BB-0197,1,0,0.4861603426415356
BB-0446 BB-2023,"[446, 2023]",[96],CC(CNC(=O)OC(C)(C)C)Cc1cnn(C2(C(=O)O)CC(CNC(=O)OC(C)(C)C)Oc3ccccc32)c1,,random_balanced,BB-0446,BB-2023,1,3,0.328856319195315
BB-1391 BB-1097,"[1391, 1097]",[96],C=CCN1C(=O)C(C(=O)O)(N(C(=O)OC(C)(C)C)c2ncn(C(=O)OC(C)(C)C)n2)c2cc(C)ccc21,,random_balanced,BB-1391,BB-1097,1,1,0.6281795595844656
BB-2043 BB-1662,"[2043, 1662]",[82],CCc1nc2ccccc2n1C1CCCN(C2CCC(NC(=O)OC(C)(C)C)c3cc(Br)ccc32)C1,,random_balanced,BB-2043,BB-1662,2,0,0.7022706214890592
BB-2185 BB-0708,"[2185, 708]",[96],CCOc1cccc(N(C(=O)OC(C)(C)C)C2(C(=O)O)CC3(CCCCC3)CC2C(=O)OC)n1,,random_balanced,BB-2185,BB-0708,2,2,0.4036404534483909
BB-2142 BB-1074,"[2142, 1074]",[10],Cc1nc(Sc2ccc(NC(=O)OC(C)(C)C)c(-c3nc[nH]n3)c2)ccc1B(O)O,,random_balanced,BB-2142,BB-1074,3,0,0.4247829501949702
BB-1814 BB-0915,"[1814, 915]",[96],Cc1cc(Cl)cc2c1OCCCC2(C(=O)O)N(CC1(c2cccc(C(F)(F)F)c2)CC1)C(=O)OC(C)(C)C,,random_balanced,BB-1814,BB-0915,1,2,0.5514286738869784
BB-0118 BB-0425,"[118, 425]",[107],CC(C)(C)OC(=O)NCC1(c2cccc(C(O)c3cn[nH]c3NC(=O)OC(C)(C)C)c2)CCC1,,random_balanced,BB-0118,BB-0425,3,5,0.6435991199856584
BB-2155 BB-2062,"[2155, 2062]",[96],CC(C)(C)OC(=O)NCCCC(C(=O)O)(c1ccc2c(c1)OCO2)N(C(=O)OC(C)(C)C)c1cccc(NC(=O)OC(C)(C)C)n1,,random_balanced,BB-2155,BB-2062,2,6,0.09639317726361875
BB-0615 BB-0228,"[615, 228]",[96],COCC(=O)N(NC(=O)OC(C)(C)C)C(C)(C(=O)O)c1cc(C)cc(Cl)c1O,,random_balanced,BB-0615,BB-0228,2,3,0.43564041747415067
BB-0834 BB-1723,"[834, 1723]",[10],Cc1ccc(Sc2ccc3c(c2)CCC(C(=O)O)O3)cc1NC(=O)CNC(=O)OC(C)(C)C,,random_balanced,BB-0834,BB-1723,2,1,0.2163438593355561
BB-1179 BB-1320,"[1179, 1320]",[0],Cc1cc(C=C2Cc3cc(NC(=O)OC(C)(C)C)cc(F)c3NC2=O)c(C)n1CC(C)C,,random_balanced,BB-1179,BB-1320,3,0,0.2086648452146459
BB-2075 BB-1576,"[2075, 1576]",[55],Cc1cc2c(cc1N1CCc3cc(C(=O)O)cnc3C1)C(NC(=O)OC(C)(C)C)CO2,,random_balanced,BB-2075,BB-1576,3,2,0.593738103262494
BB-1271 BB-2087,"[1271, 2087]",[10],Cn1cc(CNC(=O)OC(C)(C)C)c(Sc2ccc(OCn3ccc(C(=O)NNC(=O)OC(C)(C)C)n3)cc2)n1,,random_balanced,BB-1271,BB-2087,2,2,0.09805492514028659
BB-1477 BB-0143,"[1477, 143]",[96],CCN(C1CC1)S(=O)(=O)N(C(=O)OC(C)(C)C)C(C(=O)O)(c1ccc(C)cc1)C(F)(F)F,,random_balanced,BB-1477,BB-0143,1,1,0.311774227583347
BB-1144 BB-1495,"[1144, 1495]",[96],COC(=O)CCCCC(C(=O)O)(N(C(=O)OC(C)(C)C)[C@H]1C[C@H]2C[C@@H](NC(=O)OC(C)(C)C)C[C@H]2C1)C(F)(F)F,,random_balanced,BB-1144,BB-1495,1,2,0.5070940871366613
BB-1939 BB-0603,"[1939, 603]",[88],CC(COc1c(F)cc(I)c(NC(=O)OC(C)(C)C)c1F)NCc1ccccc1,,random_balanced,BB-1939,BB-0603,1,2,0.4042154267033592
BB-0596 BB-1172,"[596, 1172]",[15],Cc1cccc(NC(=O)OC(C)(C)C)c1C(=O)N1C(=O)N[C@H]2C=C[C@H](C2)C1=O,,random_balanced,BB-0596,BB-1172,3,0,0.5530786626136834
BB-1220 BB-1296,"[1220, 1296]",[61],CC(C)(C)OC(=O)N[C@@H]1C[C@H]2CC[C@@H]1C[C@@]2(C)C(=O)N1CCCn2cc(-c3ccccc3)nc21,,random_balanced,BB-1220,BB-1296,1,0,0.7854765852734376
BB-1709 BB-1715,"[1709, 1715]",[61],COC(=O)c1ccc2c(c1)C(C)CN2C(=O)c1cc(NC(=O)OC(C)(C)C)c(C)cc1C,,random_balanced,BB-1709,BB-1715,3,1,0.7281582238358161
BB-1361 BB-2015,"[1361, 2015]",[96],COC(=O)c1c(C(C)(C)C)nsc1N(C(=O)OC(C)(C)C)C1(C(=O)O)CCC(NC(=O)OC(C)(C)C)c2ccc(Br)cc21,,random_balanced,BB-1361,BB-2015,2,4,0.5282718177907857
BB-2098 BB-1003,"[2098, 1003]",[104],CC(=O)c1ccc(-c2ccc(/C=C/C(=O)O)cc2C)c(NC(=O)OC(C)(C)C)c1,,random_balanced,BB-2098,BB-1003,3,0,0.6856969694753451
BB-0771 BB-1029,"[771, 1029]",[96],CC(CSCc1ccccc1)N(C(=O)OC(C)(C)C)C1(C(=O)O)c2cc(Br)ccc2CC1C(F)(F)F,,random_balanced,BB-0771,BB-1029,2,2,0.54711742426838
BB-2115 BB-0269,"[2115, 269]",[96],CCOc1ccc(N(C(=O)OC(C)(C)C)C2(C(=O)O)C(F)=CCCc3ccc(Br)cc32)c2ncccc12,,random_balanced,BB-2115,BB-0269,2,2,0.5210147310509354
BB-1193 BB-1727,"[1193, 1727]",[96],CCOc1ccc(Cl)cc1CCN(C(=O)OC(C)(C)C)C(C)(C(=O)O)c1ccc(C(F)(F)F)s1,,random_balanced,BB-1193,BB-1727,1,2,0.6291544726719177
BB-0317 BB-0380,"[317, 380]",[68],Cc1cc(F)cc(Sc2c(C(=O)NNC(=O)OC(C)(C)C)nn(C)c2C)c1,,random_balanced,BB-0317,BB-0380,1,0,0.6780903071054859
BB-0523 BB-2069,"[523, 2069]",[18],Cn1c(=O)c2c(nc(NCCNC(=O)OC(C)(C)C)n2Cc2ccc(S(=O)(=O)c3cccc(CNC(=O)OC(C)(C)C)c3C(F)F)cc2Cl)n(C)c1=O,,random_balanced,BB-0523,BB-2069,3,2,0.09384878034632842
BB-0804 BB-2041,"[804, 2041]",[50],Cc1cc(F)c(C(O)c2c(NC(=O)OC(C)(C)C)oc3ccc(F)cc3c2=O)cc1NC(=O)OC(C)(C)C,,random_balanced,BB-0804,BB-2041,1,4,0.38513036778606413
BB-0249 BB-0504,"[249, 504]",[96],CCOC(=O)c1cnn(C)c1C(C)(C(=O)O)N(C(=O)OC(C)(C)C)C(CCC(=O)NC)c1ccccc1,,random_balanced,BB-0249,BB-0504,2,2,0.4038017571087755
BB-2153 BB-0372,"[2153, 372]",[98],CC(C)(C)OC(=O)NC1(COC(=O)C2NCCc3c2[nH]c2ccccc32)COCC12CCC2,,random_balanced,BB-2153,BB-0372,1,1,0.5162851915135895
BB-0931 BB-0451,"[931, 451]",[96],Cc1cc(N(C(=O)OC(C)(C)C)C2(C(=O)O)CC(NC(=O)OC(C)(C)C)C23CCC(F)CC3)c(C)nn1,,random_balanced,BB-0931,BB-0451,4,3,0.6814726929441386
BB-2172 BB-0861,"[2172, 861]",[61],CCc1csc(C2CCCN(C(=O)c3cc(NC(=O)OC(C)(C)C)ccc3[N+](=O)[O-])C2)n1,,random_balanced,BB-2172,BB-0861,1,0,0.7432068989998165
BB-2069 BB-1830,"[2069, 1830]",[10],CC(C)(C)OC(=O)NCc1cccc(Sc2cc(C(F)(F)F)cnc2N2CCNCC2)c1C(F)F,,random_balanced,BB-2069,BB-1830,3,2,0.7574672130547232
BB-0323 BB-0420,"[323, 420]",[96],CC(C)(C)OC(=O)N(C[C@]1(C)COC[C@@H]2CCCN21)C1(C(=O)O)CC(C(=O)O)Oc2ccccc21,,random_balanced,BB-0323,BB-0420,1,2,0.46851499025941695
BB-2120 BB-0669,"[2120, 669]",[96],COC(=O)c1cc2c(o1)CCCC2(C(=O)O)N(C(=O)OC(C)(C)C)c1ccc(N2C[C@@H](C)O[C@@H](C)C2)cc1,,random_balanced,BB-2120,BB-0669,1,1,0.6525297415293138
BB-0389 BB-2062,"[389, 2062]",[96],CC(C)(C)OC(=O)NCCCC(C(=O)O)(c1ccc2c(c1)OCO2)N(CC(F)(F)C1CC1)C(=O)OC(C)(C)C,,random_balanced,BB-0389,BB-2062,2,7,0.5536629955109605
BB-1651 BB-0768,"[1651, 768]",[46],C[C@H](NC(=O)OC(C)(C)C)C(=O)C(C(=O)O)C(NC(=O)OC(C)(C)C)c1cccc(I)c1,,random_balanced,BB-1651,BB-0768,1,1,0.5305987879708624
BB-0125 BB-1386,"[125, 1386]",[96],CC(Cc1c(F)cccc1F)N(C(=O)OC(C)(C)C)C1(C(=O)O)CN(C(=O)OC(C)(C)C)CCO/C1=C\N(C)C,,random_balanced,BB-0125,BB-1386,1,4,0.3345689564088306
BB-1304 BB-2096,"[1304, 2096]",[96],Cn1cnc(C(CNC(=O)OC(C)(C)C)(C(=O)O)N(C(=O)OC(C)(C)C)C(Cc2nccn2C(F)F)c2ccccc2)c1,,random_balanced,BB-1304,BB-2096,4,1,0.36104667526767065
BB-1317 BB-0395,"[1317, 395]",[96],Cc1ccc2c(c1)[C@@H](N(C(=O)OC(C)(C)C)C(C)(C(=O)O)c1ccc(S(=O)(=O)N(C)C)cc1)[C@@H](C(=O)O)C2,,random_balanced,BB-1317,BB-0395,1,3,0.6210224435630541
BB-0613 BB-1411,"[613, 1411]",[96],COCOc1ccc(C(C)(C(=O)O)N(Cc2cc(NC(=O)OC(C)(C)C)cc(C(F)(F)F)c2)C(=O)OC(C)(C)C)c(O)c1C,,random_balanced,BB-0613,BB-1411,1,2,0.4042165284376487
BB-2117 BB-1221,"[2117, 1221]",[96],COc1ccc(C(CCC(=O)O)(C(=O)O)N(C(=O)OC(C)(C)C)[C@H](CC(C)C)C(F)(F)F)c(Cl)c1,,random_balanced,BB-2117,BB-1221,3,1,0.38074997710221004
BB-0963 BB-0349,"[963, 349]",[96],COC(=O)c1nc(Br)cnc1N(C(=O)OC(C)(C)C)C(C(N)=O)(C(=O)O)c1cccc(C)c1,,random_balanced,BB-0963,BB-0349,2,3,0.15671850625911443
BB-2053 BB-1861,"[2053, 1861]",[68],CCc1cc(C(=O)O)c(Sc2sc(NC(=O)OC(C)(C)C)nc2C(C)(C)C)s1,,random_balanced,BB-2053,BB-1861,2,0,0.6861688506903841
BB-1556 BB-0470,"[1556, 470]",[31],Cc1nc(N2CC[C@@H](NC(=O)OC(C)(C)C)C2)c(OC[C@@H](NC(=O)OC(C)(C)C)C2CCCCC2)cc1C#N,,random_balanced,BB-1556,BB-0470,1,1,0.2144622908782283
BB-2180 BB-0271,"[2180, 271]",[96],CC(CONC(=O)OC(C)(C)C)OC1(C(=O)O)CC(C)(C)Oc2cnc(Br)cc21,,random_balanced,BB-2180,BB-0271,1,2,0.6932932872597711
BB-2029 BB-1072,"[2029, 1072]",[107],Cn1nc(CNC(=O)OC(C)(C)C)c(C(O)c2nn(C3CCCC3)cc2I)n1,,random_balanced,BB-2029,BB-1072,2,0,0.5870499686913978
BB-1780 BB-1989,"[1780, 1989]",[96],CC(C)(C)OC(=O)N(c1cccc(N2CCOCC2)c1)C(C)(C(=O)O)c1cc2cccc(F)c2o1,,random_balanced,BB-1780,BB-1989,0,1,0.6855864009715735
BB-0035 BB-0444,"[35, 444]",[96],CCCCCC(CC)(C(=O)O)N(CC12CCC(F)(CO1)C2)C(=O)OC(C)(C)C,,random_balanced,BB-0035,BB-0444,1,2,0.41634466523136626
BB-1909 BB-1658,"[1909, 1658]",[96],COc1cccc(C=CC(C)(C(=O)O)N(C(=O)OC(C)(C)C)[C@@H]2CCOC2)c1,,random_balanced,BB-1909,BB-1658,2,4,0.24070097859423537
BB-1184 BB-0053,"[1184, 53]",[40],COC(=O)CC1CCCC(OC(=O)c2ccc(C(C)NNC(=O)OC(C)(C)C)cc2)C1,,random_balanced,BB-1184,BB-0053,1,0,0.17629828317438445
BB-0508 BB-1614,"[508, 1614]",[84],Cc1cc(Br)cc([N+](=O)[O-])c1-c1noc(-c2cccc(C(NC(=O)OC(C)(C)C)C(C)(C)C)c2)n1,,random_balanced,BB-0508,BB-1614,2,0,0.49897943408394585
BB-0797 BB-1120,"[797, 1120]",[0],COC(=O)C(=Cc1cn(CC(=O)O)c2ccccc12)[C@@H](Cc1cccc(F)c1)NC(=O)OC(C)(C)C,,random_balanced,BB-0797,BB-1120,2,0,0.6437330084023841
BB-1392 BB-0583,"[1392, 583]",[97],CCOC(=O)c1[nH]c(C)c(C(=O)OCC2OC3(C)CC2(NC(=O)OC(C)(C)C)C3)c1CC,,random_balanced,BB-1392,BB-0583,2,0,0.6042976720549925
BB-1988 BB-0006,"[1988, 6]",[96],CSc1ccc([N+](=O)[O-])cc1C(C)(C(=O)O)N(Cc1cc(C(=O)O)c2n1CCCC2)C(=O)OC(C)(C)C,,random_balanced,BB-1988,BB-0006,2,2,0.33913813084364636
BB-2096 BB-0787,"[2096, 787]",[39],Cn1cnc(C(CNC(=O)OC(C)(C)C)(C(=O)O)N(Cc2cccc(Br)c2Cl)C(=O)OC(C)(C)C)c1,,random_balanced,BB-2096,BB-0787,2,0,0.37923923008385246
BB-2101 BB-0378,"[2101, 378]",[96],CC(=O)C(C1CC1)N(C(=O)OC(C)(C)C)C(CBr)(C(=O)O)C1COc2ccccc2O1,,random_balanced,BB-2101,BB-0378,4,2,0.24119295619496398
BB-1649 BB-1469,"[1649, 1469]",[96],CC(C)(C)OC(=O)N(Cc1ccc(Oc2ccc(F)cc2)nc1)C(C)(Cn1c(=O)oc(=O)c2ccccc21)C(=O)O,,random_balanced,BB-1649,BB-1469,1,2,0.5087749867849098
BB-2182 BB-2033,"[2182, 2033]",[96],CC(C)(C)OC(=O)Nc1ccc2c(c1)C(C(=O)O)(N(NC(=O)OC(C)(C)C)c1ncnc3c1oc1ccccc13)CCC2,,random_balanced,BB-2182,BB-2033,3,2,0.29052597794624613
BB-1616 BB-0721,"[1616, 721]",[96],CC(=O)N1CC2CCC(C(=O)O)(N(C(=O)OC(C)(C)C)c3ccc4c(c3)N(Cc3ccc(F)cc3)CC4)c3cccc1c32,,random_balanced,BB-1616,BB-0721,2,2,0.5597009283401644
BB-0902 BB-1862,"[902, 1862]",[96],CCOC(=O)c1cc2c([nH]1)CCCC2(C(=O)O)N(CCCN1CCN(c2cccc(C)c2)CC1)C(=O)OC(C)(C)C,,random_balanced,BB-0902,BB-1862,2,2,0.46124986915946814
BB-1148 BB-0504,"[1148, 504]",[96],CCCC(C(=O)N(CC)C1CCCC1)N(C(=O)OC(C)(C)C)C(C)(C(=O)O)c1c(C(=O)OCC)cnn1C,,random_balanced,BB-1148,BB-0504,3,3,0.4111971596359946
BB-0156 BB-0110,"[156, 110]",[96],CC(C)CC(C1CC1c1ccccc1)N(C(=O)OC(C)(C)C)C(C(=O)O)(c1cccc(Br)c1)C(F)F,,random_balanced,BB-0156,BB-0110,0,3,0.3275242116295675
BB-0960 BB-1371,"[960, 1371]",[47],COc1ccc(-c2c(S(=O)(=O)F)sc3ccccc23)cc1C(CO)NC(=O)OC(C)(C)C,,random_balanced,BB-0960,BB-1371,5,0,0.6630367902828777
BB-0834 BB-1653,"[834, 1653]",[10],Cc1ccc(SCC(=O)N2CCN(C)C2=O)cc1NC(=O)CNC(=O)OC(C)(C)C,,random_balanced,BB-0834,BB-1653,3,0,0.27186145741466894
BB-1265 BB-1769,"[1265, 1769]",[31],Cc1nc(C(CNC(=O)OC(C)(C)C)Oc2ccc([C@@H]3OCC[C@H]3NC(=O)OC(C)(C)C)cc2F)cs1,,random_balanced,BB-1265,BB-1769,2,0,0.23935274366084422
BB-0171 BB-0150,"[171, 150]",[96],COC(=O)C(CC1CCCC1)CN(C(=O)OC(C)(C)C)C(C)(C(=O)O)c1cn(C)nc1C1CCC1,,random_balanced,BB-0171,BB-0150,2,2,0.5327668984679413
BB-0822 BB-0993,"[822, 993]",[0],Cc1ccc(NC(=O)C=Cc2cocc2C)c(NC(=O)OC(C)(C)C)c1,,random_balanced,BB-0822,BB-0993,2,0,0.49436062294907185
BB-2004 BB-1125,"[2004, 1125]",[31],COC(=O)c1ccccc1COCC(CNC(=O)OC(C)(C)C)c1ccccc1Cl,,random_balanced,BB-2004,BB-1125,2,2,0.6723325566410931
BB-0213 BB-0354,"[213, 354]",[96],CC(=O)N1CCC(C(C(=O)O)(c2ccc(F)cc2F)N(C(=O)OC(C)(C)C)c2ccc(N3CCCS3(=O)=O)c(C)c2)CC1,,random_balanced,BB-0213,BB-0354,2,2,0.526733779238893
BB-0479 BB-1176,"[479, 1176]",[96],CCCc1ccc(C(=O)O)cc1N(C(=O)OC(C)(C)C)C1(C(=O)O)C=C(NCc2ccccc2)CC(C)(C)C1,,random_balanced,BB-0479,BB-1176,1,4,0.4551948081521011
BB-2114 BB-1877,"[2114, 1877]",[28],CN(C(=O)C1(NC(=O)OC(C)(C)C)CC(C(F)F)C1)C1CCN(c2ccc(C(F)(F)F)nc2)CC1,,random_balanced,BB-2114,BB-1877,2,0,0.805156700806509
BB-2060 BB-0100,"[2060, 100]",[73],CC(C)(C)OC(=O)NCC1(COC(=O)CN2Cc3c(cnn3-c3ccccc3)C2=O)CCOCC1,,random_balanced,BB-2060,BB-0100,3,0,0.6830085440393706
BB-0772 BB-1172,"[772, 1172]",[15],Cc1c(NC(=O)OC(C)(C)C)c(C(=O)N2C(=O)N[C@H]3C=C[C@H](C3)C2=O)nn1C,,random_balanced,BB-0772,BB-1172,3,1,0.6151580495291649
BB-0734 BB-0111,"[734, 111]",[84],Cc1ccc(C2(c3noc(-c4cnc5c(c4)C(NC(=O)OC(C)(C)C)CCO5)n3)CCOCC2)cc1,,random_balanced,BB-0734,BB-0111,0,0,0.3268220893384027
BB-1041 BB-1310,"[1041, 1310]",[96],CCC1CCCC(CN(C(=O)OC(C)(C)C)C(CCl)(C(=O)O)c2cc(C)[nH]c2C)CC1,,random_balanced,BB-1041,BB-1310,3,3,0.4884132791321498
BB-2108 BB-0993,"[2108, 993]",[107],Cc1cocc1C(O)c1ccc2c(NC(=O)OC(C)(C)C)n[nH]c2c1,,random_balanced,BB-2108,BB-0993,1,1,0.5360444055074527
BB-1988 BB-1326,"[1988, 1326]",[96],COc1cccc(C(C(=O)O)(c2ccc(C(=O)O)cc2)N(Cc2cc(C(=O)O)c3n2CCCC3)C(=O)OC(C)(C)C)c1,,random_balanced,BB-1988,BB-1326,3,1,0.5266149442139273
BB-0545 BB-0233,"[545, 233]",[96],COC(=O)c1c(CC(=O)O)[nH]c(C(C)(C(=O)O)N(C(=O)OC(C)(C)C)c2cnn(CCN3CCNC3=O)c2)c1C,,random_balanced,BB-0545,BB-0233,3,2,0.5504497873278991
BB-2021 BB-1800,"[2021, 1800]",[47],CC(C)(C)OC(=O)NCCc1cc2c(cc1-c1cncnc1C=O)OCO2,,random_balanced,BB-2021,BB-1800,3,0,0.5925454701084165
BB-1950 BB-1192,"[1950, 1192]",[49],CC(C)(C)OC(=O)Nc1ncc2c(c1C(=O)Cc1nnnn1-c1ccc(S(C)(=O)=O)cc1)CCOC2,,random_balanced,BB-1950,BB-1192,4,0,0.6458745278635605
BB-0806 BB-0927,"[806, 927]",[49],COC(=O)c1c(NC(=O)OC(C)(C)C)c(C(=O)c2ccc3c(c2)nc(C)n3C)c2n1CCOC2,,random_balanced,BB-0806,BB-0927,1,0,0.7325040985846233
BB-0734 BB-1680,"[734, 1680]",[84],CC(C)(C)OC(=O)NC1CCOc2ncc(-c3nc([C@]4(c5ccccc5)C[C@@H](N=[N+]=[N-])C4)no3)cc21,,random_balanced,BB-0734,BB-1680,1,0,0.2870730079568247
BB-2150 BB-0161,"[2150, 161]",[96],COC(=O)C1(N(C(=O)OC(C)(C)C)C(C)(C(=O)O)c2sc(-c3ccccc3Br)nc2C)CCCCC1,,random_balanced,BB-2150,BB-0161,1,2,0.42126136579726525
BB-0346 BB-1896,"[346, 1896]",[96],Cc1cc2c(cc1Br)C(C(=O)O)(N(C(=O)OC(C)(C)C)C(CC(C)C)c1nnc3ccccn13)CCO2,,random_balanced,BB-0346,BB-1896,1,2,0.39371360312699427
BB-0506 BB-1698,"[506, 1698]",[68],Cc1ccc(-c2cccc(Sc3ccc(C(NC(=O)OC(C)(C)C)c4cccc(C#N)c4)cc3)c2)cc1NC(=O)OC(C)(C)C,,random_balanced,BB-0506,BB-1698,3,1,0.10461785664781133
BB-2075 BB-0595,"[2075, 595]",[10],Cc1cc2c(cc1SCC(=O)Nc1ccccc1C(=O)OC1CC(C)CCC1C(C)C)C(NC(=O)OC(C)(C)C)CO2,,random_balanced,BB-2075,BB-0595,4,1,0.22049948531586314
BB-1168 BB-0143,"[1168, 143]",[96],Cc1ccc(C(C(=O)O)(N(CC(C)(C)CC2CCN(C(=O)OC(C)(C)C)CC2)C(=O)OC(C)(C)C)C(F)(F)F)cc1,,random_balanced,BB-1168,BB-0143,1,2,0.5498515327666742
BB-2014 BB-1944,"[2014, 1944]",[68],CCC1(CSc2nn(C)cc2CCNC(=O)OC(C)(C)C)COC1,,random_balanced,BB-2014,BB-1944,3,0,0.552256640116098
BB-2045 BB-1352,"[2045, 1352]",[55],Cc1noc(CC2(O)CCCN(c3cccc4nc(NC(=O)OC(C)(C)C)n(C)c34)C2)n1,,random_balanced,BB-2045,BB-1352,2,0,0.747113952272837
BB-0926 BB-0492,"[926, 492]",[96],COc1cc(Br)cc(C(C)(C(=O)O)N(C(=O)OC(C)(C)C)c2nccc3c2CN(C(=O)OC(C)(C)C)CC3)c1O,,random_balanced,BB-0926,BB-0492,1,3,0.3748238840699967
BB-0007 BB-1789,"[7, 1789]",[96],CCCCC(C)(C(=O)O)N(C(=O)OC(C)(C)C)c1ccn2c(C)nnc2c1,,random_balanced,BB-0007,BB-1789,1,3,0.4423457053119984
BB-1311 BB-0976,"[1311, 976]",[75],COc1ccc(NC(=O)OC(C)(C)C)cc1S(=O)(=O)Nc1ccc(S(=O)(=O)Cc2nnc(-c3cc4c(s3)CCC(C(C)(C)C)C4)o2)cc1,,random_balanced,BB-1311,BB-0976,2,0,0.042311693859540374
BB-0059 BB-1145,"[59, 1145]",[96],Cc1n[nH]c(C)c1NC(=O)C(C)CN(C(=O)OC(C)(C)C)C1(C(=O)O)CCCC(C2CN(C(=O)OC(C)(C)C)C2)C1,,random_balanced,BB-0059,BB-1145,2,2,0.6026368214622911
BB-0506 BB-0086,"[506, 86]",[55],Cc1ccc(-c2cccc(N3CCN(c4nsc(C5CC5)n4)CC3)c2)cc1NC(=O)OC(C)(C)C,,random_balanced,BB-0506,BB-0086,4,0,0.2031743937406761
BB-0457 BB-1029,"[457, 1029]",[96],CC(C)(C)OC(=O)N(C1(c2nc(C3CCOCC3)no2)CCOCC1)C1(C(=O)O)c2cc(Br)ccc2CC1C(F)(F)F,,random_balanced,BB-0457,BB-1029,1,3,0.5360553280128315
BB-0672 BB-1670,"[672, 1670]",[107],CC(C)(C)OC(=O)NCc1ncc(C(C)(O)/C=C/c2ccc([N+](=O)[O-])cc2)s1,,random_balanced,BB-0672,BB-1670,3,4,0.4968511129574179
BB-1909 BB-2024,"[1909, 2024]",[96],Cn1nncc1C(CNC(=O)OC(C)(C)C)(C(=O)O)N(C(=O)OC(C)(C)C)[C@@H]1CCOC1,,random_balanced,BB-1909,BB-2024,3,3,0.44163607251328224
BB-0780 BB-1037,"[780, 1037]",[96],Cc1ccc2c(CC(=O)O)c(C(C)(C(=O)O)N(C(=O)OC(C)(C)C)S(=O)(=O)c3cc(F)cc(F)c3)oc2c1,,random_balanced,BB-0780,BB-1037,3,2,0.5318193043744605
BB-0515 BB-0721,"[515, 721]",[96],CC(=O)N1CC2CCC(C(=O)O)(N(C(=O)OC(C)(C)C)c3nccc4cnccc34)c3cccc1c32,,random_balanced,BB-0515,BB-0721,1,3,0.5955836744594271
BB-0538 BB-1605,"[538, 1605]",[84],CC(C)(C)OC(=O)N[C@@H](Cc1ccc([N+](=O)[O-])cc1)c1nc(CSCC(=O)O)no1,,random_balanced,BB-0538,BB-1605,3,0,0.5357793724761462
BB-0617 BB-0230,"[617, 230]",[96],CC(C)(C)OC(=O)N(Cc1ccc(-c2cccc(F)c2)o1)C1(C(=O)O)CCN(c2cnccn2)CC1,,random_balanced,BB-0617,BB-0230,2,1,0.7181278613192426
BB-1092 BB-0162,"[1092, 162]",[31],CC(C)(C)OC(=O)Nc1ccc(Oc2ccc(C(=O)O)cc2F)cc1,,random_balanced,BB-1092,BB-0162,2,0,0.22780130674429808
BB-2028 BB-0407,"[2028, 407]",[47],CC(C)(C)OC(=O)Nc1cc(-c2cccc3c2CN(C2CCC(=O)NC2=O)C3=O)c2[nH]ncc2c1,,random_balanced,BB-2028,BB-0407,1,1,0.6360822867062463
BB-0390 BB-0010,"[390, 10]",[96],CC(C)(C)OC(=O)N(c1ccc2[nH]c(=O)[nH]c2c1)C1(C(=O)O)c2ccccc2CC12CCOCC2,,random_balanced,BB-0390,BB-0010,2,2,0.33154812277572493
BB-0563 BB-0391,"[563, 391]",[96],CC(C)(C)OC(=O)N(C1(C(=O)O)CCCCC1CCCC1CC1)S(=O)(=O)c1ccc(NC(=O)C2CC2)cc1,,random_balanced,BB-0563,BB-0391,4,4,0.5268039535870371
BB-2073 BB-1178,"[2073, 1178]",[62],CC(NC(=O)OC(C)(C)C)c1cc(N2CCNCC2c2ccccc2Cl)n(C)n1,,random_balanced,BB-2073,BB-1178,2,1,0.6392489179200124
BB-2083 BB-0982,"[2083, 982]",[68],CCc1cc(NC(=O)OC(C)(C)C)cc(Sc2ccc(NC(=O)OC(C)(C)C)c3c2OCC3)n1,,random_balanced,BB-2083,BB-0982,2,2,0.28674123778987026
BB-0771 BB-1884,"[771, 1884]",[96],CCOC(=O)CC(C(=O)O)(N(C(=O)OC(C)(C)C)C(C)CSCc1ccccc1)C(F)(F)Cl,,random_balanced,BB-0771,BB-1884,3,2,0.606346529467175
BB-0951 BB-1864,"[951, 1864]",[96],CCOC(=O)C1(C)CCCCC1(C(=O)O)N(C(=O)OC(C)(C)C)c1c(C)nn(CCOC)c1C,,random_balanced,BB-0951,BB-1864,2,3,0.404455407210233
BB-2032 BB-1214,"[2032, 1214]",[10],CSCc1ccc(Sc2cn(C)c3cc(F)ccc3c2=O)c(NC(=O)OC(C)(C)C)c1,,random_balanced,BB-2032,BB-1214,2,0,0.6816640555099135
BB-0055 BB-1242,"[55, 1242]",[96],CCCn1c(N(C(=O)OC(C)(C)C)C2(C(=O)O)CCOc3cc(C)c(Cl)c(C)c32)c(N2CCOCC2)c(=O)[nH]c1=O,,random_balanced,BB-0055,BB-1242,2,3,0.20925220688337523
BB-1651 BB-1995,"[1651, 1995]",[96],CC(C)COC(=O)[C@H](C)N(C(=O)OC(C)(C)C)C1(C(=O)O)CC(Oc2ccccc2)C1(C)C,,random_balanced,BB-1651,BB-1995,2,2,0.5582977432379203
BB-0750 BB-1530,"[750, 1530]",[74],C=Cc1ncc(C(F)(F)F)cc1S(=O)(=O)c1ccc(C(CO)NC(=O)OC(C)(C)C)c(OC)c1,,random_balanced,BB-0750,BB-1530,2,0,0.625519886293029
BB-2081 BB-0402,"[2081, 402]",[39],CC(C)(C)OC(=O)NCC(CC1CCOCC1)(C(=O)O)N(C(=O)OC(C)(C)C)c1cccc2c1CCCN2C(N)=O,,random_balanced,BB-2081,BB-0402,2,1,0.3666525661744345
BB-1719 BB-0645,"[1719, 645]",[96],CN1CC2CCC1C(CN(C(=O)OC(C)(C)C)C(C(=O)O)(/C(=N/N=C/c1ccc3c(c1)OCO3)c1ccccc1)c1ccccc1)C2,,random_balanced,BB-1719,BB-0645,1,1,0.33429808859671173
BB-0484 BB-1895,"[484, 1895]",[49],CCOC(=O)c1c(C)oc(NC(=O)OC(C)(C)C)c1C(=O)c1cc(Cl)c([N+](=O)[O-])cc1C(F)(F)F,,random_balanced,BB-0484,BB-1895,2,0,0.7308218605829108
BB-1325 BB-1015,"[1325, 1015]",[96],CC(=O)c1cc(C(C)(C(=O)O)N(C(=O)OC(C)(C)C)C(CCOc2ccccc2)c2ccc(F)cc2F)ccc1O,,random_balanced,BB-1325,BB-1015,2,1,0.5292029109785247
BB-1317 BB-1602,"[1317, 1602]",[96],CCc1c(C(C)(OC(=O)[C@H]2Cc3ccc(C)cc3[C@H]2NC(=O)OC(C)(C)C)C(=O)O)oc2ccc(C)cc12,,random_balanced,BB-1317,BB-1602,2,3,0.5843721237667494
BB-1300 BB-0011,"[1300, 11]",[28],CC(C)(C)OC(=O)NC(CC(=O)N1CCOCC1CC(=O)c1ccccc1)CC1CCCC1,,random_balanced,BB-1300,BB-0011,2,1,0.6041271503784513
BB-0373 BB-0502,"[373, 502]",[16],Cc1cc(NC(=O)C(C)OC(=O)C(Cc2ccn(C)n2)NC(=O)OC(C)(C)C)on1,,random_balanced,BB-0373,BB-0502,1,0,0.6250355988837887
BB-0146 BB-1927,"[146, 1927]",[96],CC(C)(C)OC(=O)N(CC1(c2cccc(C(F)(F)F)c2)CCOCC1)C1(C(=O)O)CCCOC1C(C)(C)C,,random_balanced,BB-0146,BB-1927,2,4,0.2471452275101835
BB-1463 BB-1453,"[1463, 1453]",[96],Cn1c(=O)[nH]c(=O)c2c1nc(Br)n2CC(C)(C(=O)O)N(C(=O)OC(C)(C)C)S(=O)(=O)C1CC1,,random_balanced,BB-1463,BB-1453,2,1,0.4778298449264418
BB-1332 BB-2013,"[1332, 2013]",[10],CC(C)(C)OC(=O)NCc1cc(OC(F)(F)F)cc(Sc2ccccc2N2CCC(NC(=O)OC(C)(C)C)C2)c1,,random_balanced,BB-1332,BB-2013,2,2,0.20900110240501418
BB-1479 BB-0517,"[1479, 517]",[22],CC(C)n1cc(C2(O)CCCN(C(=O)C(=O)N(c3ccc(C#N)cc3)S(=O)(=O)NC(=O)OC(C)(C)C)C2)nn1,,random_balanced,BB-1479,BB-0517,3,1,0.2118952678759277
BB-0804 BB-1978,"[804, 1978]",[82],CC(C)(C)OC(=O)Nc1oc2ccc(F)cc2c(=O)c1CN1CCC(C#N)C12CC2,,random_balanced,BB-0804,BB-1978,2,0,0.7412975092664782
BB-0733 BB-1699,"[733, 1699]",[96],CC(C)CC1(CN(C(=O)OC(C)(C)C)C(C)(C(=O)O)c2cnc(Cl)c(Br)c2)N=N1,,random_balanced,BB-0733,BB-1699,2,2,0.2718164816351806
BB-0454 BB-0986,"[454, 986]",[96],Cc1ccc(C(C)N(C(=O)OC(C)(C)C)C(C)(CC2(O)CCC2)C(=O)O)cc1[N+](=O)[O-],,random_balanced,BB-0454,BB-0986,1,6,0.31120615017734016
BB-1501 BB-1714,"[1501, 1714]",[96],CC(C)(C)OC(=O)N(C(c1ccccc1)c1ccoc1)C(C)(CCc1cccc(C(F)(F)F)c1)C(=O)O,,random_balanced,BB-1501,BB-1714,2,3,0.279313445160384
BB-2188 BB-0109,"[2188, 109]",[96],CNCC(C(=O)O)(c1c[nH]c2ccc(F)cc12)N(C(=O)OC(C)(C)C)C1C2CC3C(C2)C31,,random_balanced,BB-2188,BB-0109,2,4,0.18875072006736116
BB-0297 BB-0681,"[297, 681]",[55],COC(=O)C1(F)CCN(c2cccc3c2CC[C@@H]3NC(=O)OC(C)(C)C)CC1,,random_balanced,BB-0297,BB-0681,2,0,0.7186296869511557
BB-2105 BB-1546,"[2105, 1546]",[31],CC(C)(C)OC(=O)Nc1c(O)cccc1Oc1cnn2c1N(C(=O)OC(C)(C)C)CC2,,random_balanced,BB-2105,BB-1546,1,0,0.4770856642116669
BB-2136 BB-1362,"[2136, 1362]",[31],CC(=O)c1c(Cl)cccc1Oc1cc(C(=O)NNC(=O)OC(C)(C)C)ccc1O,,random_balanced,BB-2136,BB-1362,1,1,0.23053285086549416
BB-1736 BB-0638,"[1736, 638]",[98],CC(C)(C)OC(=O)NC(COC(=O)Cc1csc(NS(=O)(=O)c2ccc(F)cc2)n1)C1CCC(F)(F)CC1,,random_balanced,BB-1736,BB-0638,1,0,0.2748815443007263
BB-1331 BB-0431,"[1331, 431]",[39],CC1Cc2ncc(NC(=O)OC(C)(C)C)cc2C(OC(=O)c2ccc3c(c2)CCCC3NC(=O)OC(C)(C)C)(C(=O)O)C1,,random_balanced,BB-1331,BB-0431,3,2,0.11811818912966243
BB-0577 BB-0124,"[577, 124]",[96],CC(=O)Nc1cc(C(CCl)(C(=O)O)N(C(=O)OC(C)(C)C)C(C)C(=O)Nc2cc(C(F)(F)F)n[nH]2)ccc1O,,random_balanced,BB-0577,BB-0124,1,4,0.5876298015144413
BB-1678 BB-0689,"[1678, 689]",[107],Cc1cc(C(O)c2ncc(C(F)(F)F)cc2CC(NC(=O)OC(C)(C)C)C(=O)O)c(C)n1-c1cc(C(F)(F)F)ccc1Cl,,random_balanced,BB-1678,BB-0689,1,1,0.5441809075467473
BB-1028 BB-1117,"[1028, 1117]",[96],COc1ccc(-n2ncc(C(N)=O)c2N(C(=O)OC(C)(C)C)C(CCl)(C(=O)O)c2ccc(Br)cc2)cc1,,random_balanced,BB-1028,BB-1117,1,5,0.3503988000766829
BB-2086 BB-0086,"[2086, 86]",[39],Cc1ccc(C(CNC(=O)OC(C)(C)C)(C(=O)O)N2CCN(c3nsc(C4CC4)n3)CC2)c(C)c1,,random_balanced,BB-2086,BB-0086,4,1,0.6458649710785372
BB-1703 BB-0340,"[1703, 340]",[96],COc1cc(C2(CN(C(=O)OC(C)(C)C)C(CBr)(C(=O)O)c3ccc(C#N)c([N+](=O)[O-])c3)CCC2)ccn1,,random_balanced,BB-1703,BB-0340,1,3,0.389695693564286
BB-0765 BB-1956,"[765, 1956]",[84],Cc1cc(NC(=O)OC(C)(C)C)ncc1-c1noc(CC(Cc2ccc([N+](=O)[O-])cc2)NC(=O)OC(C)(C)C)n1,,random_balanced,BB-0765,BB-1956,2,1,0.15896666720249802
BB-0125 BB-0168,"[125, 168]",[96],CC(Cc1c(F)cccc1F)N(C(=O)OC(C)(C)C)C(CCCC(=O)O)(C(=O)O)c1ccccc1NC(=O)OC(C)(C)C,,random_balanced,BB-0125,BB-0168,2,3,0.4495234961396151
BB-2124 BB-1768,"[2124, 1768]",[96],CCOC(=O)C(C(=O)O)(c1c(Br)nc(C)n1C)N(C(=O)OC(C)(C)C)C(CC)CCOC,,random_balanced,BB-2124,BB-1768,1,3,0.22505611544988752
BB-0185 BB-0826,"[185, 826]",[96],CCCC1Oc2ccc(C)cc2C1(C(=O)O)N(CCc1csc(N(C)C)n1)C(=O)OC(C)(C)C,,random_balanced,BB-0185,BB-0826,1,2,0.5905741097972937
BB-0575 BB-1943,"[575, 1943]",[96],CCC(C(=O)O)(c1cccc(Br)c1)n1cc(NC(=O)OC(C)(C)C)c(C(=O)N2CCCOC(C)C2)n1,,random_balanced,BB-0575,BB-1943,1,3,0.7722089938636698
BB-1338 BB-1254,"[1338, 1254]",[96],CC(C)(C)OC(=O)N(c1ccc2ccnn2c1)C(CCOc1ccccc1)(C(=O)O)C1CC1,,random_balanced,BB-1338,BB-1254,1,2,0.4147607086670161
BB-0238 BB-2034,"[238, 2034]",[96],CCn1c(N(C(=O)OC(C)(C)C)C(C)(C(=O)O)c2cc(C(=O)OC)[nH]c2NC(=O)OC(C)(C)C)c(-c2csc(C)n2)c(=O)[nH]c1=O,,random_balanced,BB-0238,BB-2034,2,3,0.36122948642846653
BB-0081 BB-0643,"[81, 643]",[88],Cc1cc(NC(=O)OC(C)(C)C)n(-c2ccc(OCCCCCC=O)cc2)n1,,random_balanced,BB-0081,BB-0643,3,0,0.7300721913674876
BB-1985 BB-0161,"[1985, 161]",[96],CCc1sc(N(C(=O)OC(C)(C)C)C(C)(C(=O)O)c2sc(-c3ccccc3Br)nc2C)nc1-c1ccc(OC)cc1,,random_balanced,BB-1985,BB-0161,1,3,0.3221450106750188
BB-0979 BB-0847,"[979, 847]",[47],CCC(CNC(=O)OC(C)(C)C)Cc1cccc(-c2ccc(C)c3[nH]c(C(=O)OC)cc23)c1,,random_balanced,BB-0979,BB-0847,3,0,0.34821373084113394
BB-1349 BB-1096,"[1349, 1096]",[16],CCCOCCOC(=O)C(NC(=O)OC(C)(C)C)c1cc(F)ccc1F,,random_balanced,BB-1349,BB-1096,2,1,0.6657726991991766
BB-1253 BB-0469,"[1253, 469]",[62],CC(C)(C)OC(=O)Nc1cc(N(CCO)c2nc(N3CCN(c4ccccc4)CC3)nc3ccccc23)ccc1C(=O)C1CCCOC1,,random_balanced,BB-1253,BB-0469,1,0,0.11153470592001609
BB-1681 BB-1603,"[1681, 1603]",[96],CCOC(=O)c1ccc(CN(C(=O)OC(C)(C)C)C(C)(C(=O)O)C(=NNc2ccc(S(=O)(=O)Nc3nnc(C)s3)cc2)C(=O)Nc2ccc(OCC)cc2)o1,,random_balanced,BB-1681,BB-1603,0,3,0.0
BB-2116 BB-1076,"[2116, 1076]",[61],CCOC(=O)C12CC(CO)(C1)OC21CCN(C(=O)CC(CNC(=O)OC(C)(C)C)OC)CC1,,random_balanced,BB-2116,BB-1076,2,1,0.5800044003686015
BB-2197 BB-1816,"[2197, 1816]",[28],CN(Cc1ccc2c(c1)oc(=O)n2C)C(=O)C12CCCC(CNC(=O)OC(C)(C)C)(C1)OC2,,random_balanced,BB-2197,BB-1816,1,0,0.6136540594722492
BB-0154 BB-0337,"[154, 337]",[96],Cc1ccc([C@@H]2OCCC[C@H]2N(C(=O)OC(C)(C)C)C(C(=O)O)(c2ccc3c(c2)CCC(=O)N3)C(C)Br)cc1,,random_balanced,BB-0154,BB-0337,1,3,0.4476295625291925
BB-0290 BB-1684,"[290, 1684]",[79],COCc1nccc(C2CCCN(C(=O)C(=O)N(c3cc(CNC(=O)OC(C)(C)C)ccn3)C3CC3)C2)n1,,random_balanced,BB-0290,BB-1684,2,0,0.5104971482594203
BB-2042 BB-1843,"[2042, 1843]",[17],CC(C)(C)OC(=O)Nc1ccc(S(=O)(=O)c2cc3c(cc2[N+](=O)[O-])CN(C(=O)OC(C)(C)C)CC3)c(C(C)(F)F)c1,,random_balanced,BB-2042,BB-1843,1,0,0.09118423672347642
BB-2055 BB-1494,"[2055, 1494]",[10],CC(C)(C)OC(=O)NCC(CO)Cc1ccc(F)c(Sc2cccc3[nH]c(NC(=O)OC(C)(C)C)nc23)c1,,random_balanced,BB-2055,BB-1494,2,2,0.16214445045018444
BB-1053 BB-0037,"[1053, 37]",[96],CC(C)(C)OC(=O)N(C1COc2ccccc2C1)C(CC(=O)c1ccc([N+](=O)[O-])cc1)(C(=O)O)C(F)(F)F,,random_balanced,BB-1053,BB-0037,2,3,0.6766703091121894
BB-1517 BB-0400,"[1517, 400]",[97],Cc1cccc(CC(COC(=O)C2(C(N)=O)CC2)NC(=O)OC(C)(C)C)c1,,random_balanced,BB-1517,BB-0400,2,0,0.6325419357881745
BB-1477 BB-1015,"[1477, 1015]",[96],CCN(C1CC1)S(=O)(=O)N(C(=O)OC(C)(C)C)C(C)(C(=O)O)c1ccc(O)c(C(C)=O)c1,,random_balanced,BB-1477,BB-1015,2,2,0.3602218528276139
BB-1769 BB-1860,"[1769, 1860]",[68],CC(C)(C)OC(=O)N[C@@H]1CCO[C@H]1c1ccc(Sc2ccc(OCC(N)=O)c(Br)c2)c(F)c1,,random_balanced,BB-1769,BB-1860,1,0,0.4869572345107035
BB-0903 BB-0184,"[903, 184]",[10],COc1nc(Sc2cc(C#N)ccc2C=O)c(F)cc1NC(=O)OC(C)(C)C,,random_balanced,BB-0903,BB-0184,2,1,0.3566969271994653
BB-0969 BB-0244,"[969, 244]",[96],CC(C)(C)OC(=O)N[C@@H]1C[C@H]1CN(C(=O)OC(C)(C)C)C(C)(C(=O)O)/C(=C/c1ccc(Cl)c(Cl)c1)C(N)=O,,random_balanced,BB-0969,BB-0244,1,3,0.7187368552018607
BB-1333 BB-1661,"[1333, 1661]",[79],CO[C@@H]1C[C@H](CN)N(c2cc(NC(=O)C(=O)N(c3ccc(C(N)=O)cc3NC(=O)OC(C)(C)C)C3CC3)ncn2)C1,,random_balanced,BB-1333,BB-1661,1,2,0.11950570317967653
BB-0563 BB-0083,"[563, 83]",[96],COC(=O)N1CCC(C(=O)O)(N(C(=O)OC(C)(C)C)S(=O)(=O)c2ccc(NC(=O)C3CC3)cc2)C1(C)C,,random_balanced,BB-0563,BB-0083,5,1,0.5071780180856978
BB-1574 BB-0844,"[1574, 844]",[88],CC(=O)c1ccc(C)c(C)c1Oc1ccc(NC(=O)OC(C)(C)C)c(C(F)(F)F)c1,,random_balanced,BB-1574,BB-0844,3,6,0.6423145714378198
BB-0929 BB-0846,"[929, 846]",[96],CC(C)Cn1c(NC(=O)OC(C)(C)C)c(C(CCl)(C(=O)O)N(C(=O)OC(C)(C)C)[C@@]2(C)C[C@@H]2C)c(=O)[nH]c1=O,,random_balanced,BB-0929,BB-0846,1,4,0.3858399111233834
BB-2008 BB-0725,"[2008, 725]",[96],COc1ccc(C(C(=O)O)(C2CCCN2)N(Cc2c(Br)nc(C)n2C)C(=O)OC(C)(C)C)cc1,,random_balanced,BB-2008,BB-0725,1,2,0.44862013656394867
BB-0887 BB-1549,"[887, 1549]",[96],Cc1ccc(C(CNC(=O)OC(C)(C)C)(C(=O)O)N(C(=O)OC(C)(C)C)c2ncn(-c3ccncc3)n2)cc1Br,,random_balanced,BB-0887,BB-1549,2,2,0.40975498121203774
BB-1271 BB-0326,"[1271, 326]",[68],Cc1nn(CCCO)c(C)c1Sc1ccc(OCn2ccc(C(=O)NNC(=O)OC(C)(C)C)n2)cc1,,random_balanced,BB-1271,BB-0326,3,0,0.08469236499504879
BB-2163 BB-2057,"[2163, 2057]",[96],CC1(CN(C(=O)OC(C)(C)C)C2(C(=O)O)CC(C)(C)Oc3c(NC(=O)OC(C)(C)C)cccc32)CCCOC1,,random_balanced,BB-2163,BB-2057,2,3,0.4780675014386096
BB-0572 BB-0101,"[572, 101]",[96],CCCCO/C=C/C(C(=O)O)(N(C(=O)OC(C)(C)C)c1cc(C(F)(F)F)ccc1OC)C(F)(F)F,,random_balanced,BB-0572,BB-0101,1,3,0.517843312564424
BB-2006 BB-0137,"[2006, 137]",[68],Cn1cc(NC(=O)OC(C)(C)C)c(Sc2ccc(Cl)cc2C(=O)OC(C)(C)C)n1,,random_balanced,BB-2006,BB-0137,4,0,0.5157613026348196
BB-1111 BB-1060,"[1111, 1060]",[74],COC(=O)C(NC(=O)OC(C)(C)C)c1cc(Br)cc(S(=O)(=O)c2ccc(Cl)c(O)c2)c1,,random_balanced,BB-1111,BB-1060,6,0,0.5835318577340319
BB-1030 BB-1250,"[1030, 1250]",[10],Cc1cc(NC(=O)OC(C)(C)C)cnc1Sc1nc(N(C)C)n(C)c1C=O,,random_balanced,BB-1030,BB-1250,3,0,0.6826232518093319
BB-0917 BB-0562,"[917, 562]",[40],C=CC(F)(F)COC(=O)[C@H]1CC[C@](NC(=O)OC(C)(C)C)(C(F)(F)F)CC1,,random_balanced,BB-0917,BB-0562,0,1,0.5621232478695165
BB-2166 BB-0183,"[2166, 183]",[31],CC(C)(C)OC(=O)NCC(Oc1cnc2c(F)cccc2n1)c1ccc(S(C)(=O)=O)cc1,,random_balanced,BB-2166,BB-0183,3,0,0.5645456082236439
BB-0858 BB-0376,"[858, 376]",[96],CC(C)(C)OC(=O)Nc1ccc2c(c1)CCCC2(C(=O)O)N(C(=O)OC(C)(C)C)c1nnc(C(C)(F)F)o1,,random_balanced,BB-0858,BB-0376,3,3,0.6186542133229846
BB-0353 BB-0113,"[353, 113]",[96],CCCCCC(C(=O)O)(c1c(O)cc(O)cc1O)N(C(=O)OC(C)(C)C)C1C2CCOC2C12CCC2,,random_balanced,BB-0353,BB-0113,2,3,0.29096956023820564
BB-1591 BB-2105,"[1591, 2105]",[88],CC(C)(C)OC(=O)Nc1ccc(F)c(Oc2cccc(O)c2NC(=O)OC(C)(C)C)c1F,,random_balanced,BB-1591,BB-2105,3,2,0.3280032768905411
BB-0818 BB-0725,"[818, 725]",[96],COc1ccc(C(C(=O)O)(C2CCCN2)N(C(=O)OC(C)(C)C)C(C)(C)COc2ccc(C(F)(F)F)cn2)cc1,,random_balanced,BB-0818,BB-0725,3,3,0.47654281108307384
BB-2132 BB-0493,"[2132, 493]",[28],COC(=O)C1Cc2cccc(Br)c2CN1C(=O)Cc1ccccc1NC(=O)OC(C)(C)C,,random_balanced,BB-2132,BB-0493,1,0,0.5652121819027431
BB-0741 BB-0494,"[741, 494]",[107],C#Cc1cc(OC)c(C(O)c2cc(S(=O)(=O)NC(=O)OC(C)(C)C)c(C)cc2C)c(OC)c1,,random_balanced,BB-0741,BB-0494,2,1,0.6213276763749409
BB-2087 BB-0149,"[2087, 149]",[68],Cc1nc(Sc2nn(C)cc2CNC(=O)OC(C)(C)C)c(Cl)cc1C(=O)O,,random_balanced,BB-2087,BB-0149,3,0,0.4668048631136127
BB-0157 BB-1932,"[157, 1932]",[96],CC(C)(C)OC(=O)N(c1cc(-c2ccc(-c3ccccc3)cc2)[nH]n1)C1(C(=O)O)CC2CCCC1C2,,random_balanced,BB-0157,BB-1932,1,2,0.4163034591446168
BB-0065 BB-0973,"[65, 973]",[68],CC(C)(C)OC(=O)NC1CCCN(c2ccc(Sc3nccn3C3CC3)c(Cl)c2)C1,,random_balanced,BB-0065,BB-0973,2,0,0.5311200024646671
BB-2183 BB-1861,"[2183, 1861]",[97],CCc1cc(C(=O)OCc2nc(O)nc(NC(=O)OC(C)(C)C)n2)c(Br)s1,,random_balanced,BB-2183,BB-1861,1,1,0.14090338169144417
BB-0577 BB-1213,"[577, 1213]",[96],Cc1cc(C)c2c(c1)NC(=O)C2(C(=O)O)N(C(=O)C(C)NC(=O)OC(C)(C)C)c1cc(C(F)(F)F)n[nH]1,,random_balanced,BB-0577,BB-1213,2,1,0.7501946450580016
BB-2170 BB-0821,"[2170, 821]",[96],COc1ccc2c(c1OC)CCC2(C(=O)O)N(C(=O)OC(C)(C)C)S(=O)(=O)c1cn(C)c2ccccc12,,random_balanced,BB-2170,BB-0821,3,2,0.5666297002658074
BB-1867 BB-1669,"[1867, 1669]",[96],CCCc1ccc(C(CCC(=O)O)(C(=O)O)N(C(=O)OC(C)(C)C)c2nc(C)c(-c3ccncc3)o2)cc1,,random_balanced,BB-1867,BB-1669,2,2,0.5768643272767645
BB-0621 BB-0700,"[621, 700]",[10],CCc1cc(OCC(=O)O)ccc1Sc1c(NC(=O)OC(C)(C)C)ccnc1F,,random_balanced,BB-0621,BB-0700,2,0,0.5501436585272871
BB-2176 BB-1411,"[2176, 1411]",[96],COCOc1ccc(C(C)(C(=O)O)N(C(=O)OC(C)(C)C)c2nnc(-c3c(F)cccc3F)s2)c(O)c1C,,random_balanced,BB-2176,BB-1411,3,3,0.46932000995771467
BB-2079 BB-0744,"[2079, 744]",[55],CC(C)(C)OC(=O)Nc1nc2c(N(Cc3ccccc3Cl)C3CC3)cccc2n1CC(F)(F)F,,random_balanced,BB-2079,BB-0744,1,1,0.7337794709377068
BB-1223 BB-0074,"[1223, 74]",[96],COC(=O)c1cc2c([nH]1)C(C(=O)O)(N(C(=O)OC(C)(C)C)c1c3c(nc4ccccc14)CCOC3)CCC2,,random_balanced,BB-1223,BB-0074,1,3,0.48674114734690255
BB-0942 BB-0090,"[942, 90]",[48],COC(=O)c1cc(C2=C(CCNC(=O)OC(C)(C)C)CCCC2)nc2ccccc12,,random_balanced,BB-0942,BB-0090,1,1,0.8252910719366738
BB-1247 BB-2020,"[1247, 2020]",[96],CC(C)(C)OC(=O)NCC(C(=O)O)(c1ccc(F)cc1Cl)N(C(=O)OC(C)(C)C)C12CCC(F)(CC1)C2,,random_balanced,BB-1247,BB-2020,2,4,0.3788145574969268
BB-0618 BB-1765,"[618, 1765]",[61],CCCc1ccc(NC(=O)OC(C)(C)C)c(C(=O)N2Cc3cc(F)c(Br)cc3C2)c1,,random_balanced,BB-0618,BB-1765,1,1,0.6626092817627398
BB-0346 BB-1080,"[346, 1080]",[96],CC(C)CC(c1nnc2ccccn12)N(C(=O)OC(C)(C)C)C(C(=O)O)(c1ccc(F)cc1)c1ccn(C)n1,,random_balanced,BB-0346,BB-1080,2,1,0.2404336909443371
BB-1866 BB-0393,"[1866, 393]",[28],CC(C)(C)OC(=O)Nc1ccc(C(C)(C)CC(=O)N2CCC(C(=O)O)c3cccc(C(F)(F)F)c32)cc1,,random_balanced,BB-1866,BB-0393,2,0,0.6641571862532281
BB-1863 BB-2035,"[1863, 2035]",[96],Cc1csc(C(CNC(=O)OC(C)(C)C)(C(=O)O)N(C(=O)OC(C)(C)C)C(C)(C(=O)O)c2ccc(C(F)(F)F)cc2)c1Cl,,random_balanced,BB-1863,BB-2035,3,6,0.34297680939222275
BB-2075 BB-1115,"[2075, 1115]",[68],COC(=O)C#Cc1ccccc1Sc1cc2c(cc1C)OCC2NC(=O)OC(C)(C)C,,random_balanced,BB-2075,BB-1115,5,1,0.45589391304999016
BB-0908 BB-0244,"[908, 244]",[75],CC(=O)/C(=C/c1ccc(S(=O)(=O)c2nnc(Cl)c(NC(=O)OC(C)(C)C)c2[N+](=O)[O-])c(Cl)c1)C(N)=O,,random_balanced,BB-0908,BB-0244,2,4,0.2651786108458983
BB-2156 BB-1242,"[2156, 1242]",[96],Cc1cc2c(c(C)c1Cl)C(C(=O)O)(N(C(=O)OC(C)(C)C)C1CCN(C(=O)c3ccco3)CC1)CCO2,,random_balanced,BB-2156,BB-1242,3,4,0.6581285695387342
BB-2001 BB-0492,"[2001, 492]",[96],COc1cc(Br)cc(C(C)(C(=O)O)N(C(=O)OC(C)(C)C)C2CCc3cccc(Br)c3C2)c1O,,random_balanced,BB-2001,BB-0492,1,4,0.5447317494571471
BB-1183 BB-1163,"[1183, 1163]",[96],COc1cccc(S(C)(=O)=O)c1N(NC(=O)OC(C)(C)C)C1(C(=O)O)CC(C)(C)CC(C)(C)C1,,random_balanced,BB-1183,BB-1163,3,1,0.37069176448622926
BB-2082 BB-1774,"[2082, 1774]",[50],Cc1noc(NC(=O)OC(C)(C)C)c1C(O)c1ccc(NS(=O)(=O)C2=CCS(=O)(=O)C2)cc1,,random_balanced,BB-2082,BB-1774,2,1,0.6380235121951223
BB-2064 BB-0579,"[2064, 579]",[88],Cc1cc(C)c2ccc(Oc3cc(C)c(NC(=O)OC(C)(C)C)c(C(=O)O)c3C)cc2n1,,random_balanced,BB-2064,BB-0579,3,0,0.5832803501999648
BB-0668 BB-1884,"[668, 1884]",[96],CCOC(=O)CC(C(=O)O)(N(C(=O)OC(C)(C)C)c1nc(-c2ccc3c(c2)-c2ccccc2C3)cs1)C(F)(F)Cl,,random_balanced,BB-0668,BB-1884,1,3,0.48042236494053664
BB-2005 BB-1480,"[2005, 1480]",[47],Cc1c(-c2cc(F)c3nn(C)cc3c2)cn(C)c(=O)c1NC(=O)OC(C)(C)C,,random_balanced,BB-2005,BB-1480,2,0,0.6717250779471704
BB-2054 BB-1176,"[2054, 1176]",[34],COCCN(CCCNC(=O)OC(C)(C)C)C1(NCc2ccccc2)CC(=O)CC(C)(C)C1,,random_balanced,BB-2054,BB-1176,3,5,0.7357851375279538
BB-2171 BB-1241,"[2171, 1241]",[96],CCCCC(C(=O)O)(c1ccc(C)cc1O)N(C(=O)OC(C)(C)C)C1COC(C(C)C)C1,,random_balanced,BB-2171,BB-1241,2,4,0.3470473104587329
BB-2029 BB-1065,"[2029, 1065]",[62],Cn1nc(CNC(=O)OC(C)(C)C)c(N(Cc2cccs2)C2CCOC2)n1,,random_balanced,BB-2029,BB-1065,3,0,0.7138939565827279
BB-2159 BB-1446,"[2159, 1446]",[31],CC(C)(C)OC(=O)NOC(COc1nnco1)C1CCCC1,,random_balanced,BB-2159,BB-1446,1,0,0.5821747764474929
BB-1818 BB-0270,"[1818, 270]",[28],CSCC1CCCN(C(=O)c2cc(C(F)(F)F)ccc2NC(=O)OC(C)(C)C)CC1,,random_balanced,BB-1818,BB-0270,3,0,0.7788587083529918
BB-1303 BB-0862,"[1303, 862]",[10],C/C=C(/CNC(=O)OC(C)(C)C)Sc1cc(Br)ccc1OCc1ccc(C(=O)O)o1,,random_balanced,BB-1303,BB-0862,3,0,0.6717921930695587
BB-1707 BB-0546,"[1707, 546]",[96],COCc1cc(C(C)(C(=O)O)N(Cc2nnc3n2CCN(C(=O)OC(C)(C)C)C3)C(=O)OC(C)(C)C)ccc1OC,,random_balanced,BB-1707,BB-0546,1,3,0.5985884819148239
BB-1719 BB-0348,"[1719, 348]",[96],CN1CC2CCC1C(CN(C(=O)OC(C)(C)C)C(C)(C(=O)O)c1cc(C(NC(=O)OC(C)(C)C)C(=O)O)ccc1O)C2,,random_balanced,BB-1719,BB-0348,2,2,0.5393798763288924
BB-1587 BB-1966,"[1587, 1966]",[55],CN(C(=O)OC(C)(C)C)[C@H]1CCCN(c2cccc3c2OC(C)(C)CC3NC(=O)OC(C)(C)C)C1,,random_balanced,BB-1587,BB-1966,1,1,0.3166464054341597
BB-2134 BB-1658,"[2134, 1658]",[96],COc1cccc(C=CC(C)(C(=O)O)N(CCCCc2ccccc2)C(=O)OC(C)(C)C)c1,,random_balanced,BB-2134,BB-1658,3,5,0.57375987631356
BB-1593 BB-1868,"[1593, 1868]",[47],Cc1ccc(C2(NC(=O)OC(C)(C)C)CCCCC2)c(-c2ccc3c(C=O)c(C(=O)O)[nH]c3c2)c1,,random_balanced,BB-1593,BB-1868,4,1,0.7099225433993084
BB-0969 BB-0826,"[969, 826]",[96],CCCC1Oc2ccc(C)cc2C1(C(=O)O)N(C[C@@H]1C[C@H]1NC(=O)OC(C)(C)C)C(=O)OC(C)(C)C,,random_balanced,BB-0969,BB-0826,2,3,0.6892982001722022
BB-0317 BB-0624,"[317, 624]",[68],COc1cc(Sc2c(C(=O)NNC(=O)OC(C)(C)C)nn(C)c2C)c(C2CC2)cc1Cl,,random_balanced,BB-0317,BB-0624,2,0,0.6834304063817165
BB-1855 BB-0840,"[1855, 840]",[28],Cc1ccc(C(CNC(=O)OC(C)(C)C)C(=O)N2CCC(C(=O)O)(c3cccc(Cl)c3)CC2)cc1,,random_balanced,BB-1855,BB-0840,3,0,0.6430609618373249
BB-0568 BB-1450,"[568, 1450]",[0],COC(=O)C1(CNC(=O)OC(C)(C)C)CC1S(=O)(=O)C=Cc1cnc(-c2cnn(C)c2)nc1,,random_balanced,BB-0568,BB-1450,3,0,0.3561259224212753
BB-0929 BB-0208,"[929, 208]",[96],Cc1cc2c(cc1C)C(C(=O)O)(N(C(=O)OC(C)(C)C)[C@@]1(C)C[C@@H]1C)CCC2,,random_balanced,BB-0929,BB-0208,2,4,0.34656285552402843
BB-2063 BB-0044,"[2063, 44]",[47],CNCc1ccc(-c2nc(CNC(=O)OC(C)(C)C)c(Cl)cc2C)cc1F,,random_balanced,BB-2063,BB-0044,2,1,0.5514347091134999
BB-0570 BB-1386,"[570, 1386]",[96],CN(C)/C=C1\OCCN(C(=O)OC(C)(C)C)CC1(C(=O)O)N(C(=O)OC(C)(C)C)C(Cc1cccc(F)c1)C(N)=O,,random_balanced,BB-0570,BB-1386,3,5,0.35818868801153797
BB-1364 BB-1817,"[1364, 1817]",[10],COc1ccc(C(NC(=O)OC(C)(C)C)C(F)(F)F)cc1SCc1cc(C)c(C)cc1Cl,,random_balanced,BB-1364,BB-1817,2,1,0.5920742686303558
BB-1479 BB-1177,"[1479, 1177]",[49],CN(C)c1nc(C(=O)c2ccc(NS(=O)(=O)NC(=O)OC(C)(C)C)cc2)c(C=O)s1,,random_balanced,BB-1479,BB-1177,4,0,0.5391292813679008
BB-0568 BB-0707,"[568, 707]",[28],COC(=O)c1cc2c([nH]1)CN(C(=O)C1(CNC(=O)OC(C)(C)C)CC1S(C)(=O)=O)CC2,,random_balanced,BB-0568,BB-0707,4,0,0.6777757973185763
BB-1972 BB-0296,"[1972, 296]",[50],CCOc1ccc(C(C)(O)c2nccc3c2S(=O)(=O)NCCN3)cc1S(=O)(=O)NC(=O)OC(C)(C)C,,random_balanced,BB-1972,BB-0296,3,1,0.5599702092144633
BB-1780 BB-1905,"[1780, 1905]",[96],CC(C)(C)OC(=O)N(c1cccc(N2CCOCC2)c1)C(C(=O)O)(c1ncc[nH]1)C1CCCCC1,,random_balanced,BB-1780,BB-1905,1,3,0.5408591663477688
BB-1811 BB-0161,"[1811, 161]",[96],Cc1nc(-c2ccccc2Br)sc1C(C)(C(=O)O)N(C(=O)OC(C)(C)C)C1CC2(CCC(C)(C)C2)C1,,random_balanced,BB-1811,BB-0161,2,4,0.4565088939340544
BB-2194 BB-1739,"[2194, 1739]",[62],CC(C)(C)OC(=O)NCC#Cc1cccc(N[C@@H](CN)C(=O)O)c1,,random_balanced,BB-2194,BB-1739,2,0,0.24666551363010866
BB-2050 BB-1725,"[2050, 1725]",[47],Cc1ccc(CCNC(=O)OC(C)(C)C)c(-c2cccc(S(=N)(=O)Cc3cccnc3)c2)c1,,random_balanced,BB-2050,BB-1725,2,0,0.6594356228106485
BB-1833 BB-1969,"[1833, 1969]",[96],CC(C)(C)OC(=O)N(Cc1cccc(C(=N)N)c1)C(C)(CCCN1C(=O)c2ccccc2C1=O)C(=O)O,,random_balanced,BB-1833,BB-1969,0,3,0.5750565969050012
BB-2169 BB-0164,"[2169, 164]",[96],CCOC(=O)C12CCCC1=CC(C(=O)O)(N(C(=O)OC(C)(C)C)C(CN(C)c1ccccc1)C(=O)O)C2,,random_balanced,BB-2169,BB-0164,2,3,0.7167523322265199
BB-0892 BB-0398,"[892, 398]",[98],CCC1CN(C(=O)OC(C)(C)C)CCC1C(=O)OCC(C)(C)C(CNC(=O)OC(C)(C)C)c1ccccc1,,random_balanced,BB-0892,BB-0398,1,0,0.317510235409049
BB-1665 BB-1388,"[1665, 1388]",[10],CC(C)(C)OC(=O)NC(COc1ccccc1)c1ccc(Sc2ccc(Cl)c(OCc3cccc(C(=O)O)c3)c2)c(F)c1,,random_balanced,BB-1665,BB-1388,1,0,0.11260225972732044
BB-0978 BB-1562,"[978, 1562]",[96],COc1ccc(C(F)F)cc1S(=O)(=O)N(C(=O)OC(C)(C)C)C(CCC(=O)O)(C(=O)O)c1cc(Br)c(C)cc1O,,random_balanced,BB-0978,BB-1562,1,2,0.3832674873074847
BB-2125 BB-1582,"[2125, 1582]",[10],CNC1CCOc2ccc(Sc3ccc(C(CO)NC(=O)OC(C)(C)C)cc3C)cc21,,random_balanced,BB-2125,BB-1582,2,0,0.5336114856171593
BB-0194 BB-0006,"[194, 6]",[96],COCC(c1ccccc1)(c1nc2ccccc2n1C)N(C(=O)OC(C)(C)C)C(C)(C(=O)O)c1cc([N+](=O)[O-])ccc1SC,,random_balanced,BB-0194,BB-0006,1,3,0.2181943203428787
BB-2158 BB-1779,"[2158, 1779]",[49],CC(=O)Nc1ccc(C(=O)C(C)C(=O)c2ccc3c(c2)CCCC3NC(=O)OC(C)(C)C)cc1,,random_balanced,BB-2158,BB-1779,3,3,0.30450843493476754
BB-0042 BB-0623,"[42, 623]",[55],CC(C)(C)OC(=O)NS(=O)(=O)c1cc(C(=O)O)c(F)c(N2CCOCC2Cc2c[nH]c3ccccc23)c1,,random_balanced,BB-0042,BB-0623,2,1,0.6002529070099993
BB-1585 BB-0362,"[1585, 362]",[96],CC(C)(C)OC(=O)N(Cc1ccc(-c2ccc(C(F)(F)F)cc2)cc1)C(C)(C(=O)O)c1ncccc1C(=O)O,,random_balanced,BB-1585,BB-0362,1,2,0.5930244511063573
BB-2079 BB-1009,"[2079, 1009]",[75],CC(C)(C)OC(=O)Nc1nc2c(S(=O)(=O)c3ccc(CC(=O)O)cc3[N+](=O)[O-])cccc2n1CC(F)(F)F,,random_balanced,BB-2079,BB-1009,2,0,0.6975455925270843
BB-1567 BB-1374,"[1567, 1374]",[28],CC1CN(C(=O)c2cc(NC(=O)OC(C)(C)C)n(C(C)C)n2)CCC(c2ccccc2)O1,,random_balanced,BB-1567,BB-1374,1,0,0.6796239759907621
BB-0346 BB-1794,"[346, 1794]",[96],COC(=CC(C(=O)O)(N(C(=O)OC(C)(C)C)C(CC(C)C)c1nnc2ccccn12)C(F)(F)F)OC,,random_balanced,BB-0346,BB-1794,3,2,0.463729262990616
BB-1460 BB-0164,"[1460, 164]",[96],CCOC(=O)C12CCCC1=CC(C(=O)O)(N(C(=O)OC(C)(C)C)c1onc(-c3cc(C)ccc3F)c1C)C2,,random_balanced,BB-1460,BB-0164,1,4,0.6121632486211417
BB-0216 BB-1012,"[216, 1012]",[106],CC(C)(C)OC(=O)Nc1ccc2c(C(=O)[C@H]3CC[C@@H](C#N)CC3)nccc2n1,,random_balanced,BB-0216,BB-1012,1,0,0.4243403523886707
BB-2109 BB-1140,"[2109, 1140]",[96],CCn1cc(N2CCC(C(=O)O)(N(C(=O)OC(C)(C)C)c3ccc(F)c(OCC(F)(F)F)c3)CC2=O)cn1,,random_balanced,BB-2109,BB-1140,3,3,0.6610461299847561
BB-2039 BB-0444,"[2039, 444]",[107],CCCCCC(O)(CC)c1cccc(NC(=O)OC(C)(C)C)c1O,,random_balanced,BB-2039,BB-0444,2,3,0.7693754079194111
BB-1333 BB-0486,"[1333, 486]",[4],Cc1cc(N(c2ccc(C(N)=O)cc2NC(=O)OC(C)(C)C)C2CC2)c2nncn2n1,,random_balanced,BB-1333,BB-0486,2,1,0.5188366934860252
BB-0932 BB-0076,"[932, 76]",[96],C=CC(C(=O)O)(c1c(F)cccc1Cl)N(NC(=O)OC(C)(C)C)C(=O)[C@@H]1CN(C)C[C@H](C)O1,,random_balanced,BB-0932,BB-0076,2,2,0.5593736555732112
BB-0138 BB-0097,"[138, 97]",[68],CNCc1cc(OC)ccc1Sc1c(NNC(=O)OC(C)(C)C)cccc1OC,,random_balanced,BB-0138,BB-0097,1,0,0.6309236792324018
BB-1736 BB-0267,"[1736, 267]",[97],CC(C)(C)OC(=O)NC(COC(=O)CN1CCOc2ccc(Cl)cc21)C1CCC(F)(F)CC1,,random_balanced,BB-1736,BB-0267,2,0,0.7386004977170231
BB-1897 BB-2151,"[1897, 2151]",[31],CC(Oc1c(Cl)nnc(C(N)=O)c1NC(=O)OC(C)(C)C)c1ccc(S(=O)(=O)NC(=O)OC(C)(C)C)cc1,,random_balanced,BB-1897,BB-2151,2,2,0.24161284972169111
BB-2178 BB-0826,"[2178, 826]",[96],CCCC1Oc2ccc(C)cc2C1(C(=O)O)N(C(=O)OC(C)(C)C)C(C)CCC1CCCC1,,random_balanced,BB-2178,BB-0826,2,4,0.4375913563852943
BB-2098 BB-1351,"[2098, 1351]",[62],COC(=O)C1CN(c2ccc(C(C)=O)cc2NC(=O)OC(C)(C)C)Cc2[nH]ncc21,,random_balanced,BB-2098,BB-1351,4,0,0.6097316983097619
BB-1673 BB-1669,"[1673, 1669]",[96],CCCc1ccc(C(CCC(=O)O)(C(=O)O)N(C(=O)OC(C)(C)C)C(C)[C@@H]2C[C@H]2c2ccccc2)cc1,,random_balanced,BB-1673,BB-1669,2,3,0.5417534986331717
BB-0185 BB-1062,"[185, 1062]",[96],Cc1ccc(N2CCC(C(=O)O)(N(CCc3csc(N(C)C)n3)C(=O)OC(C)(C)C)CC2=O)cc1,,random_balanced,BB-0185,BB-1062,2,4,0.6415486237626371
BB-2144 BB-1706,"[2144, 1706]",[96],CC(C)(C)OC(=O)N(Cc1ccc2c(c1)CCO2)C1(C(=O)O)CC(C(=O)O)(c2cccc(Br)c2)C1,,random_balanced,BB-2144,BB-1706,3,4,0.4738172361198281
BB-1556 BB-0186,"[1556, 186]",[97],Cc1coc(/C=C/C(=O)OC[C@@H](NC(=O)OC(C)(C)C)C2CCCCC2)n1,,random_balanced,BB-1556,BB-0186,2,0,0.49724491544270927
BB-1957 BB-2036,"[1957, 2036]",[96],CC1(C)Cc2oc(NC(=O)OC(C)(C)C)nc2C(C(=O)O)(N(CCCN2CCc3ccccc32)C(=O)OC(C)(C)C)C1,,random_balanced,BB-1957,BB-2036,1,5,0.5614164128147306
BB-0323 BB-1326,"[323, 1326]",[96],COc1cccc(C(C(=O)O)(c2ccc(C(=O)O)cc2)N(C[C@]2(C)COC[C@@H]3CCCN32)C(=O)OC(C)(C)C)c1,,random_balanced,BB-0323,BB-1326,2,2,0.42014271073966386
BB-2128 BB-1062,"[2128, 1062]",[96],Cc1ccc(N2CCC(C(=O)O)(N(Cc3ccc(OC(C)C)cc3)C(=O)OC(C)(C)C)CC2=O)cc1,,random_balanced,BB-2128,BB-1062,1,5,0.7162142015464199
BB-0065 BB-0158,"[65, 158]",[74],CC(C)(C)OC(=O)NCCC1CC1(Cl)S(=O)(=O)c1ccc(N2CCCC(NC(=O)OC(C)(C)C)C2)cc1Cl,,random_balanced,BB-0065,BB-0158,3,7,0.08297932290251632
BB-2142 BB-0493,"[2142, 493]",[104],COC(=O)C1Cc2cccc(-c3ccc(NC(=O)OC(C)(C)C)c(-c4nc[nH]n4)c3)c2CN1,,random_balanced,BB-2142,BB-0493,4,1,0.631098014476343
BB-0417 BB-1047,"[417, 1047]",[68],Cc1nn(-c2ccncc2)c(Sc2cccc3cc(NC(=O)OC(C)(C)C)ncc23)c1C=O,,random_balanced,BB-0417,BB-1047,2,0,0.6765266277667399
BB-0399 BB-0934,"[399, 934]",[96],COc1c(Cl)ccc2c1NC(=O)C2(C(=O)O)N(C(=O)OC(C)(C)C)c1nnn(C)n1,,random_balanced,BB-0399,BB-0934,1,3,0.4081892450036545
BB-2029 BB-1015,"[2029, 1015]",[107],CC(=O)c1ccc(O)c(C(C)(O)c2nn(C)nc2CNC(=O)OC(C)(C)C)c1,,random_balanced,BB-2029,BB-1015,4,3,0.5285622928613132
BB-1592 BB-1937,"[1592, 1937]",[96],C#CCCCC(c1ccc(Br)cc1)N(C(=O)OC(C)(C)C)C(C)(C(=O)O)c1cc(C(=O)OCC)[nH]n1,,random_balanced,BB-1592,BB-1937,3,4,0.49479983080968176
BB-1934 BB-1768,"[1934, 1768]",[96],CCOC(=O)C(C(=O)O)(c1c(Br)nc(C)n1C)N(C(=O)OC(C)(C)C)c1cccc(C)c1C(=O)O,,random_balanced,BB-1934,BB-1768,3,4,0.30847682884419647
BB-1736 BB-1362,"[1736, 1362]",[96],CC(C)(C)OC(=O)NC(COC(C)(C(=O)O)c1c(Cl)cccc1Cl)C1CCC(F)(F)CC1,,random_balanced,BB-1736,BB-1362,3,2,0.7303839826892664
BB-1678 BB-1236,"[1678, 1236]",[68],COC(=O)c1c(Sc2ncc(C(F)(F)F)cc2CC(NC(=O)OC(C)(C)C)C(=O)O)[nH]c2ccc(Br)cc12,,random_balanced,BB-1678,BB-1236,2,0,0.6620252541886268
BB-0121 BB-1398,"[121, 1398]",[96],Cc1cc(C)cc(C(COC(C)(C(=O)O)c2c[nH]c3ccc([N+](=O)[O-])cc23)NC(=O)OC(C)(C)C)c1,,random_balanced,BB-0121,BB-1398,2,2,0.7338692164746413
BB-2021 BB-0553,"[2021, 553]",[106],CCC1CCC(C(=O)c2cc3c(cc2CCNC(=O)OC(C)(C)C)OCO3)CC1,,random_balanced,BB-2021,BB-0553,4,0,0.7128873539887183
BB-1639 BB-1261,"[1639, 1261]",[61],CC(C)(C)OC(=O)NC1CCc2c(C(=O)O)cc(C(=O)N3CC=C(c4cccc(Cl)c4F)CC3)cc21,,random_balanced,BB-1639,BB-1261,1,0,0.5748506604231116
BB-1691 BB-1932,"[1691, 1932]",[96],CC(C)n1c(N(C(=O)OC(C)(C)C)C2(C(=O)O)CC3CCCC2C3)nc2ccc(F)cc21,,random_balanced,BB-1691,BB-1932,2,3,0.3277378617202792
BB-2151 BB-1530,"[2151, 1530]",[68],C=Cc1ncc(C(F)(F)F)cc1Sc1nnc(C(N)=O)c(NC(=O)OC(C)(C)C)c1Cl,,random_balanced,BB-2151,BB-1530,3,1,0.6450263118171657
BB-1405 BB-1432,"[1405, 1432]",[88],COC(=O)c1cc(Oc2ccc3c4c(c(=O)oc3c2C)CCC(C)C4)cc(S(=O)(=O)NC(=O)OC(C)(C)C)c1F,,random_balanced,BB-1405,BB-1432,1,0,0.20057559540022735
BB-0255 BB-0915,"[255, 915]",[96],Cc1cc(Cl)cc2c1OCCCC2(C(=O)O)N(C(=O)OC(C)(C)C)c1nc(C)c(Cc2ccc(F)c(F)c2F)s1,,random_balanced,BB-0255,BB-0915,1,3,0.6356896646508489
BB-2156 BB-0832,"[2156, 832]",[96],CC(C)C(C(=O)O)(c1cnccc1NC(=O)OC(C)(C)C)N(C(=O)OC(C)(C)C)C1CCN(C(=O)c2ccco2)CC1,,random_balanced,BB-2156,BB-0832,4,3,0.39498004427307126
BB-0308 BB-0037,"[308, 37]",[96],CC(C)c1nc2cc(CN(C(=O)OC(C)(C)C)C(CC(=O)C(F)(F)F)(C(=O)O)c3ccc([N+](=O)[O-])cc3)ccc2o1,,random_balanced,BB-0308,BB-0037,3,4,0.6072546773231959
BB-0387 BB-1005,"[387, 1005]",[96],CN1C(=C(C#N)C(CCl)(C(=O)O)N(C(=O)OC(C)(C)C)c2c3c(nn2-c2ccccc2)COC3)Nc2ccccc21,,random_balanced,BB-0387,BB-1005,2,4,0.34429303825574037
BB-0759 BB-0501,"[759, 501]",[96],COc1ccc2[nH]c3c(c2c1)CCCC3(C(=O)O)N(C(=O)OC(C)(C)C)c1c(C)nn(C)c1N1CCC1,,random_balanced,BB-0759,BB-0501,2,2,0.49501398666653335
BB-1782 BB-0589,"[1782, 589]",[97],CC(C)(C)OC(=O)NC(C1CC1)C1(COC(=O)[C@@H]2COCCN2C(=O)OC(C)(C)C)CCCO1,,random_balanced,BB-1782,BB-0589,1,1,0.6113423068562502
BB-1613 BB-0068,"[1613, 68]",[49],CC(C)(C)OC(=O)Nc1c(F)c(F)c(C(=O)c2cc([N+](=O)[O-])cc3c2OCC3)c(F)c1F,,random_balanced,BB-1613,BB-0068,2,1,0.49575809478256894
BB-0466 BB-1200,"[466, 1200]",[96],CSCC1(CN(C(=O)OC(C)(C)C)C2(C(=O)O)C(=O)Nc3ccc(C)cc32)CC(F)(F)C1,,random_balanced,BB-0466,BB-1200,2,2,0.2943573525163491
BB-1479 BB-1070,"[1479, 1070]",[49],CC(C)(C)OC(=O)NS(=O)(=O)Nc1ccc(C(=O)c2ccc3c(c2)C(CC(=O)O)C(=O)N3)cc1,,random_balanced,BB-1479,BB-1070,5,0,0.41383473352191
BB-2056 BB-0195,"[2056, 195]",[62],CN(CCCCc1cccc(Br)c1)c1cnccc1CCNC(=O)OC(C)(C)C,,random_balanced,BB-2056,BB-0195,2,0,0.5169360037655527
BB-1815 BB-0750,"[1815, 750]",[10],COc1cc(Sc2cc(NC(=O)OC(C)(C)C)cc(Cl)c2OC)ccc1C(CO)NC(=O)OC(C)(C)C,,random_balanced,BB-1815,BB-0750,2,3,0.23559980743264594
BB-1053 BB-1927,"[1053, 1927]",[96],CC(C)(C)OC(=O)N(C1COc2ccccc2C1)C1(C(=O)O)CCCOC1C(C)(C)C,,random_balanced,BB-1053,BB-1927,3,5,0.28166018632243345
BB-0515 BB-0395,"[515, 395]",[96],CN(C)S(=O)(=O)c1ccc(C(C)(C(=O)O)N(C(=O)OC(C)(C)C)c2nccc3cnccc23)cc1,,random_balanced,BB-0515,BB-0395,2,4,0.6375243884447122
BB-2040 BB-0432,"[2040, 432]",[86],Cc1[nH]c(=O)c(-c2ccsc2C=O)cc1NC(=O)OC(C)(C)C,,random_balanced,BB-2040,BB-0432,4,0,0.7058843311918629
BB-1915 BB-0008,"[1915, 8]",[4],CC(C)(C)OC(=O)NS(=O)(=O)c1ccc(S(=O)(=O)N2CCN(c3cccc4c(=O)[nH]sc34)CC2)cc1,,random_balanced,BB-1915,BB-0008,2,0,0.27575596934686014
BB-1738 BB-0168,"[1738, 168]",[96],CC(C)(C)OC(=O)Nc1ccccc1C(CCCC(=O)O)(C(=O)O)N(CCCC1CCN(C(=O)OC(C)(C)C)CC1)C(=O)OC(C)(C)C,,random_balanced,BB-1738,BB-0168,1,4,0.152672144953891
BB-2114 BB-0292,"[2114, 292]",[96],COC(=O)C1(N(C(=O)OC(C)(C)C)C(CCCC(=O)O)(C(=O)O)c2c(C)cc(C)cc2C)CC(C(F)F)C1,,random_balanced,BB-2114,BB-0292,3,2,0.19064463308569293
BB-0216 BB-0502,"[216, 502]",[68],Cc1cc(NC(=O)C(C)Sc2nccc3nc(NC(=O)OC(C)(C)C)ccc23)on1,,random_balanced,BB-0216,BB-0502,2,1,0.4964835420716778
BB-0600 BB-0109,"[600, 109]",[96],CNCC(C(=O)O)(c1c[nH]c2ccc(F)cc12)N(CCCOc1ccc(C(C)(C)C)cc1)C(=O)OC(C)(C)C,,random_balanced,BB-0600,BB-0109,1,5,0.6299006281194601
BB-1921 BB-0792,"[1921, 792]",[96],CCCN1C(=O)C(C(=O)O)(N(C(=O)OC(C)(C)C)c2ccc(OC3CCN(C)CC3)nc2)c2cc(Br)ccc21,,random_balanced,BB-1921,BB-0792,3,0,0.5681297925295717
BB-2123 BB-1264,"[2123, 1264]",[98],Cc1ccccc1-n1nc(C)c(C(=O)OC(C)(C)C2(CNC(=O)OC(C)(C)C)CCOCC2)c1C,,random_balanced,BB-2123,BB-1264,1,0,0.7414591700395431
BB-1044 BB-0501,"[1044, 501]",[96],CCOC(=O)c1cnn(C2(C(=O)O)CCCc3c2[nH]c2ccc(OC)cc32)c1CNC(=O)OC(C)(C)C,,random_balanced,BB-1044,BB-0501,2,3,0.6624251639436132
BB-0284 BB-0228,"[284, 228]",[96],Cc1cc(Cl)c(O)c(C(C)(C(=O)O)N(O)CCNC(=O)OC(C)(C)C)c1,,random_balanced,BB-0284,BB-0228,2,4,0.7510195187986269
BB-1832 BB-1836,"[1832, 1836]",[96],C[C@@H](CN(C(=O)OC(C)(C)C)C(C)(Cc1ccccc1S(=O)(=O)NC(=O)OC(C)(C)C)C(=O)O)Oc1ccccc1,,random_balanced,BB-1832,BB-1836,4,1,0.34996601215475637
BB-0917 BB-1987,"[917, 1987]",[84],CC(C)(C)OC(=O)N[C@]1(C(F)(F)F)CC[C@H](c2nc(C3(c4cncc(Br)c4)CCC3)no2)CC1,,random_balanced,BB-0917,BB-1987,1,1,0.47926506470853175
BB-2118 BB-1482,"[2118, 1482]",[96],CC(C)(C)OC(=O)N(c1ccc(N2CCSCC2)cc1)C(C)(C(=O)O)c1c(O)ccc2ccccc12,,random_balanced,BB-2118,BB-1482,2,3,0.5210886357346292
BB-0125 BB-2026,"[125, 2026]",[96],CC(Cc1c(F)cccc1F)N(C(=O)OC(C)(C)C)C1(C(=O)O)CC(C)(C)CC(NC(=O)OC(C)(C)C)=C1Br,,random_balanced,BB-0125,BB-2026,3,4,0.5862480507072915
BB-0903 BB-0474,"[903, 474]",[104],COc1ccc(-c2nc(OC)c(NC(=O)OC(C)(C)C)cc2F)c2c1OCCNC2,,random_balanced,BB-0903,BB-0474,3,0,0.6569893072917814
BB-0678 BB-1969,"[678, 1969]",[96],CO[C@H]1C[C@@H](CN(C(=O)OC(C)(C)C)C(C)(CCCN2C(=O)c3ccccc3C2=O)C(=O)O)N(c2cc(C)ncn2)C1,,random_balanced,BB-0678,BB-1969,1,4,0.5548175801676432
BB-0556 BB-0915,"[556, 915]",[74],Cc1cc(S(=O)(=O)c2cc(C)c3c(c2)C(=O)CCCO3)ccc1CCNC(=O)OC(C)(C)C,,random_balanced,BB-0556,BB-0915,3,4,0.3046937792582776
BB-1929 BB-0237,"[1929, 237]",[74],COCOc1cc(C)cc(S(=O)(=O)c2c(NC(=O)OC(C)(C)C)cnn2C(C)C)c1Br,,random_balanced,BB-1929,BB-0237,3,0,0.5807912770017924
BB-0238 BB-0143,"[238, 143]",[96],CCn1c(N(C(=O)OC(C)(C)C)C(C(=O)O)(c2ccc(C)cc2)C(F)(F)F)c(-c2csc(C)n2)c(=O)[nH]c1=O,,random_balanced,BB-0238,BB-0143,3,3,0.26854497500508884
BB-1665 BB-0261,"[1665, 261]",[55],CC(C)(C)OC(=O)NC(COc1ccccc1)c1ccc(N2C(CO)CC23CCC(F)(F)CC3)c(F)c1,,random_balanced,BB-1665,BB-0261,2,0,0.5350992514296482
BB-2136 BB-1614,"[2136, 1614]",[31],Cc1cc(Oc2cc(C(=O)NNC(=O)OC(C)(C)C)ccc2O)cc([N+](=O)[O-])c1C#N,,random_balanced,BB-2136,BB-1614,2,1,0.17715883563406867
BB-1556 BB-1524,"[1556, 1524]",[31],CNC(=O)COC1CCCOc2cc(OC[C@@H](NC(=O)OC(C)(C)C)C3CCCCC3)ccc21,,random_balanced,BB-1556,BB-1524,3,1,0.4772946790726386
BB-0156 BB-1701,"[156, 1701]",[96],CC(C)CC(C1CC1c1ccccc1)N(C(=O)OC(C)(C)C)C1(C(=O)O)CC(NC(=O)OC(C)(C)C)C12CC(C(F)F)C2,,random_balanced,BB-0156,BB-1701,1,3,0.5208003946663365
BB-2134 BB-1905,"[2134, 1905]",[96],CC(C)(C)OC(=O)N(CCCCc1ccccc1)C(C(=O)O)(c1ncc[nH]1)C1CCCCC1,,random_balanced,BB-2134,BB-1905,4,4,0.6008374130438773
BB-0812 BB-1997,"[812, 1997]",[55],Cc1ccc(C)c(-c2cc(C)c(NC(=O)OC(C)(C)C)cc2N2CCC(n3cnc4cccnc43)CC2)c1,,random_balanced,BB-0812,BB-1997,1,1,0.6286960173978163
BB-1929 BB-0052,"[1929, 52]",[106],Cc1oc(C)c(C(=O)Nc2cccc(OCC(=O)c3c(NC(=O)OC(C)(C)C)cnn3C(C)C)c2)c1C,,random_balanced,BB-1929,BB-0052,4,0,0.4045645043715696
BB-2059 BB-1358,"[2059, 1358]",[62],COC(=O)C1CCN(c2cc(C)cc(NC(=O)OC(C)(C)C)c2C)C(C(C)C)C1,,random_balanced,BB-2059,BB-1358,2,0,0.7760573804837351
BB-0004 BB-1705,"[4, 1705]",[79],CC(C)(C)OC(=O)NCCN(C(=O)C(=O)N1CC(CCCC2CCCN(C(=O)OC(C)(C)C)C2)C1)c1ccc(C(F)(F)F)cc1C#N,,random_balanced,BB-0004,BB-1705,3,0,0.18589946965423204
BB-0881 BB-1164,"[881, 1164]",[49],COC(=O)c1cc(C)cc(C(=O)c2cc(Cl)cc(C)c2NC(=O)OC(C)(C)C)c1,,random_balanced,BB-0881,BB-1164,1,1,0.6578339187660529
BB-2085 BB-1393,"[2085, 1393]",[104],Cc1nc2cc(-c3ccc4c(c3)C(NC(=O)OC(C)(C)C)C(=O)N4C)ccc2c(C)c1C(=O)O,,random_balanced,BB-2085,BB-1393,1,0,0.6224862961932279
BB-1770 BB-1494,"[1770, 1494]",[49],CC(C)C(NC(=O)OC(C)(C)C)C(=O)c1cc(CC(CO)CNC(=O)OC(C)(C)C)ccc1F,,random_balanced,BB-1770,BB-1494,3,3,0.2585939786562323
BB-2150 BB-1588,"[2150, 1588]",[28],CN(C(=O)C1(NC(=O)OC(C)(C)C)CCCCC1)C(CC(=O)O)C(F)(F)F,,random_balanced,BB-2150,BB-1588,2,1,0.410918360896007
BB-0926 BB-0832,"[926, 832]",[96],CC(C)C(C(=O)O)(c1cnccc1NC(=O)OC(C)(C)C)N(C(=O)OC(C)(C)C)c1nccc2c1CN(C(=O)OC(C)(C)C)CC2,,random_balanced,BB-0926,BB-0832,2,4,0.1729854155410894
BB-2089 BB-2027,"[2089, 2027]",[47],CC(CNC(=O)OC(C)(C)C)c1ccncc1-c1ccc(NC(=O)OC(C)(C)C)c2c1CCC2,,random_balanced,BB-2089,BB-2027,2,2,0.6175891690704655
BB-2188 BB-0592,"[2188, 592]",[96],CCCCc1cc(=O)oc2c(C)c(O)c(C(C=CN(C)C)(C(=O)O)N(C(=O)OC(C)(C)C)C3C4CC5C(C4)C53)cc12,,random_balanced,BB-2188,BB-0592,3,3,0.30863045615558954
BB-0575 BB-0199,"[575, 199]",[96],CC1CN(C(=O)c2nn(C3(C(=O)O)CCN(c4ncnc5c4cnn5C)CC3)cc2NC(=O)OC(C)(C)C)CCCO1,,random_balanced,BB-0575,BB-0199,2,3,0.4675942683456245
BB-1197 BB-1821,"[1197, 1821]",[96],CC(C)(C)OC(=O)N1CCC(C(=O)O)(N(C(=O)OC(C)(C)C)C(C)(C)c2cn(CC3CC3)nn2)CC1=O,,random_balanced,BB-1197,BB-1821,2,3,0.6905070541732027
BB-1291 BB-0585,"[1291, 585]",[10],Cc1cc(C(CC(=O)O)CC(=O)O)ccc1Sc1cccc(F)c1C(=O)NNC(=O)OC(C)(C)C,,random_balanced,BB-1291,BB-0585,4,0,0.5736929697096232
BB-0213 BB-1514,"[213, 1514]",[96],Cc1cc(N(C(=O)OC(C)(C)C)C(C)(C(=O)O)c2c(C)noc2C)ccc1N1CCCS1(=O)=O,,random_balanced,BB-0213,BB-1514,3,1,0.5176922293593028
BB-1205 BB-0087,"[1205, 87]",[96],CC(C)(C)OC(=O)N(c1nccn1-c1ccccc1)C1(C(=O)O)CCN(Cc2cccs2)CC1,,random_balanced,BB-1205,BB-0087,2,3,0.5105686362939454
BB-0373 BB-1923,"[373, 1923]",[61],Cn1ccc(CC(NC(=O)OC(C)(C)C)C(=O)N2CC[C@H](CF)C2)n1,,random_balanced,BB-0373,BB-1923,2,1,0.654789332774529
BB-2186 BB-1456,"[2186, 1456]",[108],CC(C)(C)OC(=O)Nc1ccc(-n2nc(C(C)(C)NC(=O)OC(C)(C)C)cc2C(=O)OC(C)(C)C)cc1,,random_balanced,BB-2186,BB-1456,2,1,0.1755256138149018
BB-0813 BB-1552,"[813, 1552]",[4],COC(=O)c1cc(N(c2ccccc2NC(=O)OC(C)(C)C)C2CCN(C(=O)OC(C)(C)C)C2)c(F)cc1F,,random_balanced,BB-0813,BB-1552,1,0,0.3100951889649606
BB-1110 BB-1972,"[1110, 1972]",[96],CCOc1ccc(C(C)(C(=O)O)N(CC(C)c2nc3ccccc3n2C(F)F)C(=O)OC(C)(C)C)cc1S(=O)(=O)NC(=O)OC(C)(C)C,,random_balanced,BB-1110,BB-1972,1,4,0.2571080989201079
BB-1811 BB-1145,"[1811, 1145]",[96],CC1(C)CCC2(CC(N(C(=O)OC(C)(C)C)C3(C(=O)O)CCCC(C4CN(C(=O)OC(C)(C)C)C4)C3)C2)C1,,random_balanced,BB-1811,BB-1145,3,3,0.5860291316929832
BB-1738 BB-1029,"[1738, 1029]",[96],CC(C)(C)OC(=O)N1CCC(CCCN(C(=O)OC(C)(C)C)C2(C(=O)O)c3cc(Br)ccc3CC2C(F)(F)F)CC1,,random_balanced,BB-1738,BB-1029,2,4,0.5799877582083509
BB-1831 BB-0432,"[1831, 432]",[108],CC(C)(C)OC(=O)NCc1nc(-c2ccc(F)cc2)cn1-c1ccsc1C=O,,random_balanced,BB-1831,BB-0432,4,1,0.6033177396210866
BB-0701 BB-1112,"[701, 1112]",[96],CCCCCN1C(=O)C(C(=O)O)(N(C(=O)OC(C)(C)C)C2CC2Cc2ccccc2C(F)(F)F)c2ccccc21,,random_balanced,BB-0701,BB-1112,4,4,0.5089499188843629
BB-2120 BB-0234,"[2120, 234]",[96],C[C@@H]1CN(c2ccc(N(C(=O)OC(C)(C)C)C3(C(=O)O)CCC(CC(=O)O)c4ccccc43)cc2)C[C@H](C)O1,,random_balanced,BB-2120,BB-0234,2,2,0.6437131434105462
BB-2071 BB-0770,"[2071, 770]",[39],CC(C)CC(CNC(=O)OC(C)(C)C)(OC(=O)c1ccc(Oc2ccc(F)cc2)cn1)C(=O)O,,random_balanced,BB-2071,BB-0770,5,0,0.44545596186395287
BB-0034 BB-2025,"[34, 2025]",[4],Cc1cnc(N(CCNC(=O)OC(C)(C)C)c2c(N3CCC(NC(=O)OC(C)(C)C)C3)cn[nH]c2=O)nc1,,random_balanced,BB-0034,BB-2025,1,4,0.4132369324433168
BB-2027 BB-1201,"[2027, 1201]",[107],Cc1c(Cl)c(O)cc(O)c1C(O)c1ccc(NC(=O)OC(C)(C)C)c2c1CCC2,,random_balanced,BB-2027,BB-1201,3,0,0.7145693021784488
BB-0125 BB-1896,"[125, 1896]",[96],Cc1cc2c(cc1Br)C(C(=O)O)(N(C(=O)OC(C)(C)C)C(C)Cc1c(F)cccc1F)CCO2,,random_balanced,BB-0125,BB-1896,4,3,0.5186643128349928
BB-1604 BB-0468,"[1604, 468]",[96],CC(C)(C)OC(=O)N(C(C)(C)c1ccc2c(c1)OCO2)C(C)(C(=O)O)C(C#N)c1cccc(Br)c1,,random_balanced,BB-1604,BB-0468,1,3,0.31454792666434017
BB-0919 BB-1606,"[919, 1606]",[62],Cn1cc(N(CC2CCC2)c2nc3ccccc3cc2NC(=O)OC(C)(C)C)cn1,,random_balanced,BB-0919,BB-1606,2,0,0.597925606633441
BB-0906 BB-1018,"[906, 1018]",[96],Cc1ccc(C(CCCC(=O)O)(C(=O)O)N(Cc2cccnc2P(C)(C)=O)C(=O)OC(C)(C)C)cc1,,random_balanced,BB-0906,BB-1018,1,3,0.41884899392966446
BB-2010 BB-0413,"[2010, 413]",[39],COc1ccc(N(C(=O)OC(C)(C)C)C2(C(=O)O)CCc3c2cc2c(c3NC(=O)OC(C)(C)C)CCC2)cc1-n1nnnc1C,,random_balanced,BB-2010,BB-0413,3,1,0.5158591060146943
BB-2012 BB-2026,"[2012, 2026]",[96],CCC(=O)c1ccc(F)c(N(C(=O)OC(C)(C)C)C2(C(=O)O)CC(C)(C)CC(NC(=O)OC(C)(C)C)=C2Br)c1,,random_balanced,BB-2012,BB-2026,4,5,0.48847538732066437
BB-0216 BB-1128,"[216, 1128]",[68],CC(C)(C)OC(=O)Nc1ccc2c(Sc3cc(C4CCNC4)ccc3O)nccc2n1,,random_balanced,BB-0216,BB-1128,3,0,0.42465999422992157
BB-1325 BB-2010,"[1325, 2010]",[96],CC(C)(C)OC(=O)Nc1c2c(cc3c1CCC3(C(=O)O)N(C(=O)OC(C)(C)C)C(CCOc1ccccc1)c1ccc(F)cc1F)CCC2,,random_balanced,BB-1325,BB-2010,3,4,0.45735334635098546
BB-0317 BB-1399,"[317, 1399]",[62],Cc1c(N(C)c2cc(C(F)F)no2)c(C(=O)NNC(=O)OC(C)(C)C)nn1C,,random_balanced,BB-0317,BB-1399,3,0,0.6889462870100304
BB-1651 BB-1090,"[1651, 1090]",[46],CCOC(=O)C1(C(=O)[C@H](C)NC(=O)OC(C)(C)C)CCN(c2ncnc3c2cnn3-c2ccccc2)CC1,,random_balanced,BB-1651,BB-1090,3,0,0.4432474902734864
BB-1184 BB-1858,"[1184, 1858]",[40],COC(=O)c1cccc(COC(=O)c2ccc(C(C)NNC(=O)OC(C)(C)C)cc2)c1F,,random_balanced,BB-1184,BB-1858,2,0,0.1257327281960385
BB-0531 BB-0708,"[531, 708]",[96],COC(=O)C1CC2(CCCCC2)CC1(C(=O)O)N(CCc1ccccc1)C(=O)CNC(=O)OC(C)(C)C,,random_balanced,BB-0531,BB-0708,3,3,0.6525228955052383
BB-1485 BB-1098,"[1485, 1098]",[103],CCC(C)(C)c1ccc(OCCC(C(=O)NNC(=O)OC(C)(C)C)C(=O)[C@H]2[CH]OC(C)(C)O2)c(C(C)(C)CC)c1,,random_balanced,BB-1485,BB-1098,1,0,0.3948733481011894
BB-0777 BB-1871,"[777, 1871]",[96],COc1cc(Cl)c2c(c1)C(C(=O)O)(N(C(=O)OC(C)(C)C)c1nc(-c3sccc3F)cs1)CCC2,,random_balanced,BB-0777,BB-1871,1,2,0.5399878290094184
BB-1574 BB-1210,"[1574, 1210]",[68],CC(C)(C)OC(=O)Nc1ccc(Sc2cc(Cl)c(S(=O)(=O)Nc3ccc(F)c(Cl)c3)cc2Cl)cc1C(F)(F)F,,random_balanced,BB-1574,BB-1210,4,0,0.4710948924156862
BB-1630 BB-1727,"[1630, 1727]",[96],Cc1cc(N=[N+]=[N-])ccc1N(C(=O)OC(C)(C)C)C(C)(C(=O)O)c1ccc(C(F)(F)F)s1,,random_balanced,BB-1630,BB-1727,2,3,0.388980795962627
BB-2180 BB-0037,"[2180, 37]",[96],CC(O)CON(C(=O)OC(C)(C)C)C(CC(=O)c1ccc([N+](=O)[O-])cc1)(C(=O)O)C(F)(F)F,,random_balanced,BB-2180,BB-0037,2,5,0.60000252603301
BB-2195 BB-0915,"[2195, 915]",[96],Cc1cc(Cl)cc2c1OCCCC2(C(=O)O)N(C(=O)OC(C)(C)C)c1cccnc1F,,random_balanced,BB-2195,BB-0915,1,5,0.33344994172583925
BB-2104 BB-1173,"[2104, 1173]",[10],CC(C)(C)OC(=O)Nc1ncc(SC2(Cl)CCCNS2(=O)=O)nc1F,,random_balanced,BB-2104,BB-1173,3,0,0.2662911356818753
BB-1183 BB-0794,"[1183, 794]",[96],COc1cccc(S(C)(=O)=O)c1N(NC(=O)OC(C)(C)C)C1(C(=O)O)CC(C)c2c(C)ccc(OCC(=O)O)c21,,random_balanced,BB-1183,BB-0794,4,2,0.38331369880493465
BB-2141 BB-0602,"[2141, 602]",[96],CC(C)c1cccc2c1OCCCC2(C(=O)O)N(Cc1ccc(Oc2ccc([N+](=O)[O-])cc2)cc1)C(=O)OC(C)(C)C,,random_balanced,BB-2141,BB-0602,1,2,0.5061808081914569
BB-2100 BB-1080,"[2100, 1080]",[96],CC(C)c1ccccc1CN(C(=O)OC(C)(C)C)C(C(=O)O)(c1ccc(F)cc1)c1ccn(C)n1,,random_balanced,BB-2100,BB-1080,2,2,0.3047430815669262
BB-1477 BB-1328,"[1477, 1328]",[96],CCN(C1CC1)S(=O)(=O)N(C(=O)OC(C)(C)C)C(C)(/C=C/c1ccc(OC)c(O)c1)C(=O)O,,random_balanced,BB-1477,BB-1328,3,3,0.5421896628825031
BB-1709 BB-1682,"[1709, 1682]",[96],Cc1cc(C)c(N(C(=O)OC(C)(C)C)C(CNC(=O)OC(C)(C)C)(C(=O)O)c2ccc(Br)cc2)cc1C(=O)O,,random_balanced,BB-1709,BB-1682,4,4,0.4476512808854221
BB-0217 BB-0266,"[217, 266]",[29],Cc1ccc(-c2cccc(CNC(=O)OC(C)(C)C)c2)cc1C(N)=O,,random_balanced,BB-0217,BB-0266,2,0,0.6444527799670252
BB-2011 BB-0089,"[2011, 89]",[55],CC1CN(c2c(F)ccc(F)c2CCNC(=O)OC(C)(C)C)CC2(C1)OC(=O)Nc1ccc(Cl)c(F)c12,,random_balanced,BB-2011,BB-0089,2,1,0.7925575096965244
BB-0678 BB-0821,"[678, 821]",[96],COc1ccc2c(c1OC)CCC2(C(=O)O)N(C[C@@H]1C[C@H](OC)CN1c1cc(C)ncn1)C(=O)OC(C)(C)C,,random_balanced,BB-0678,BB-0821,2,3,0.46974487647376484
BB-1533 BB-0796,"[1533, 796]",[39],Cn1c(NC(=O)OC(C)(C)C)c(C(CCl)(C(=O)O)n2nnc3cc(F)c(C(=O)O)cc32)c(=O)n(C)c1=O,,random_balanced,BB-1533,BB-0796,5,0,0.5755487859876028
BB-1517 BB-0103,"[1517, 103]",[31],CCC(C)Oc1ccc(OCC(Cc2cccc(C)c2)NC(=O)OC(C)(C)C)cc1,,random_balanced,BB-1517,BB-0103,3,0,0.6137412586504468
BB-0034 BB-0972,"[34, 972]",[96],Cc1cnc(NCCN(C(=O)OC(C)(C)C)C(C(=O)O)(C(=O)O)c2cnn(C(C)(C)C)c2)nc1,,random_balanced,BB-0034,BB-0972,2,1,0.5297289363173996
BB-0664 BB-1589,"[664, 1589]",[28],CCCN(C(=O)Cc1nnc(CNC(=O)OC(C)(C)C)s1)c1ccc(C)c(Cl)c1,,random_balanced,BB-0664,BB-1589,3,1,0.5146411259562648
BB-0963 BB-0348,"[963, 348]",[96],COC(=O)c1nc(Br)cnc1N(C(=O)OC(C)(C)C)C(C)(C(=O)O)c1cc(C(NC(=O)OC(C)(C)C)C(=O)O)ccc1O,,random_balanced,BB-0963,BB-0348,3,3,0.31432196109282856
BB-2096 BB-1419,"[2096, 1419]",[50],COC(=O)c1cc(C(O)(CNC(=O)OC(C)(C)C)c2cn(C)cn2)c(NC(=O)OC(C)(C)C)c(C)n1,,random_balanced,BB-2096,BB-1419,3,1,0.535592987680034
BB-0621 BB-1732,"[621, 1732]",[10],CC(C)(C)OC(=O)Nc1ccnc(F)c1SCC(=O)Nc1cccc(C(=O)N2CCSCC2)c1,,random_balanced,BB-0621,BB-1732,3,1,0.3262050666980406
BB-1426 BB-0383,"[1426, 383]",[88],CC(C)(C)OC(=O)NNCc1ccc(Cl)cc1Oc1ccc2c(c1)OCC2(C)C,,random_balanced,BB-1426,BB-0383,2,0,0.46744150663707956
BB-2143 BB-0348,"[2143, 348]",[96],COC(=O)c1sc2ncncc2c1N(C(=O)OC(C)(C)C)C(C)(C(=O)O)c1cc(C(NC(=O)OC(C)(C)C)C(=O)O)ccc1O,,random_balanced,BB-2143,BB-0348,1,4,0.4382221794933822
BB-2139 BB-1514,"[2139, 1514]",[96],CCOc1ccc(N(C(=O)OC(C)(C)C)C(C)(C(=O)O)c2c(C)noc2C)cc1C,,random_balanced,BB-2139,BB-1514,1,2,0.4698045117183743
BB-2120 BB-1876,"[2120, 1876]",[96],C[C@@H]1CN(c2ccc(N(C(=O)OC(C)(C)C)C3(C(=O)O)CCN(Cc4ccccc4)CC3)cc2)C[C@H](C)O1,,random_balanced,BB-2120,BB-1876,3,2,0.4601521775283873
BB-0353 BB-0376,"[353, 376]",[96],CC(C)(C)OC(=O)Nc1ccc2c(c1)CCCC2(C(=O)O)N(C(=O)OC(C)(C)C)C1C2CCOC2C12CCC2,,random_balanced,BB-0353,BB-0376,3,4,0.43591967746597127
BB-0116 BB-2047,"[116, 2047]",[96],Cc1nc(C(c2ccc(F)cc2)N(C(=O)OC(C)(C)C)C(CNC(=O)OC(C)(C)C)(C(=O)O)c2cn(C)nc2C(F)F)no1,,random_balanced,BB-0116,BB-2047,3,3,0.3807934836001216
BB-0125 BB-1927,"[125, 1927]",[96],CC(Cc1c(F)cccc1F)N(C(=O)OC(C)(C)C)C1(C(=O)O)CCCOC1C(C)(C)C,,random_balanced,BB-0125,BB-1927,5,6,0.18695062994961645
BB-1738 BB-1669,"[1738, 1669]",[96],CCCc1ccc(C(CCC(=O)O)(C(=O)O)N(CCCC2CCN(C(=O)OC(C)(C)C)CC2)C(=O)OC(C)(C)C)cc1,,random_balanced,BB-1738,BB-1669,3,4,0.5011200679155108
BB-2072 BB-1241,"[2072, 1241]",[96],CCCCC(C(=O)O)(c1ccc(C)cc1O)N(CCc1cc(F)ccc1Br)C(=O)OC(C)(C)C,,random_balanced,BB-2072,BB-1241,1,5,0.4592317205180897
BB-0212 BB-1346,"[212, 1346]",[61],COC(=O)c1c(NC(=O)OC(C)(C)C)nc2n1CC(C(=O)N1CCC/C1=C/[N+](=O)[O-])CC2,,random_balanced,BB-0212,BB-1346,3,1,0.6704630476864892
BB-0798 BB-1326,"[798, 1326]",[96],COc1cccc(C(C(=O)O)(c2ccc(C(=O)O)cc2)N(C(=O)OC(C)(C)C)[C@H]2c3ccccc3C[C@@H]2NC(=O)OC(C)(C)C)c1,,random_balanced,BB-0798,BB-1326,2,3,0.296624808538938
BB-0942 BB-1207,"[942, 1207]",[48],CC(C)(C)OC(=O)NCCC1=C(c2ccc(NS(C)(=O)=O)cc2)CCCC1,,random_balanced,BB-0942,BB-1207,2,0,0.8311575537128225
BB-1556 BB-1596,"[1556, 1596]",[98],CC(C)(C)OC(=O)N[C@H](COC(=O)CCC1CN(C(=O)OC(C)(C)C)CCO1)C1CCCCC1,,random_balanced,BB-1556,BB-1596,4,0,0.4095754535761791
BB-0160 BB-0507,"[160, 507]",[96],CC(C)(C)OC(=O)N(Cc1c(F)cccc1OC(F)(F)F)C(C)(CCc1n[nH]c2ccccc12)C(=O)O,,random_balanced,BB-0160,BB-0507,4,1,0.46701165042467935
BB-1780 BB-1714,"[1780, 1714]",[96],CC(C)(C)OC(=O)N(c1cccc(N2CCOCC2)c1)C(C)(CCc1cccc(C(F)(F)F)c1)C(=O)O,,random_balanced,BB-1780,BB-1714,2,4,0.7117265431784375
BB-1377 BB-0415,"[1377, 415]",[96],CC(C)(C)OC(=O)N(CCCN1C(=O)NC(c2ccccc2)(c2ccccc2)C1=O)C(C(=O)O)(c1ccccc1)c1ccc(B2OC(C)(C)C(C)(C)O2)cc1,,random_balanced,BB-1377,BB-0415,2,2,0.24739494442895382
BB-0445 BB-1254,"[445, 1254]",[96],CC(C)(C)OC(=O)N(CC12COCC(C(F)F)(C1)C2)C(CCOc1ccccc1)(C(=O)O)C1CC1,,random_balanced,BB-0445,BB-1254,3,3,0.4807445560242862
BB-0856 BB-0832,"[856, 832]",[96],COc1ccc(C(C(F)F)N(C(=O)OC(C)(C)C)C(C(=O)O)(c2cnccc2NC(=O)OC(C)(C)C)C(C)C)cc1F,,random_balanced,BB-0856,BB-0832,2,5,0.28664655971100805
BB-1300 BB-1656,"[1300, 1656]",[28],CN(C(=O)CC(CC1CCCC1)NC(=O)OC(C)(C)C)c1ncnc2cc(C(=O)O)ccc12,,random_balanced,BB-1300,BB-1656,3,0,0.5654314730905394
BB-1956 BB-1370,"[1956, 1370]",[27],CCC(C)(C)OCc1nc(-c2cnc(NC(=O)OC(C)(C)C)cc2C)no1,,random_balanced,BB-1956,BB-1370,2,0,0.20105459146790122
BB-2025 BB-1174,"[2025, 1174]",[75],CC(C)(C)OC(=O)NC1CCN(c2cn[nH]c(=O)c2S(=O)(=O)CCC(=O)Nc2cccc(C(F)(F)F)c2)C1,,random_balanced,BB-2025,BB-1174,5,0,0.2669260576285662
BB-1317 BB-0705,"[1317, 705]",[96],Cc1ccc2c(c1)[C@@H](N(C(=O)OC(C)(C)C)C(C(=O)O)(C(=NNC(=O)OC(C)(C)C)c1ccccc1)c1ccccc1)[C@@H](C(=O)O)C2,,random_balanced,BB-1317,BB-0705,3,3,0.3675984361589397
BB-1197 BB-0269,"[1197, 269]",[96],CC(C)(C)OC(=O)N(C(C)(C)c1cn(CC2CC2)nn1)C1(C(=O)O)C(F)=CCCc2ccc(Br)cc21,,random_balanced,BB-1197,BB-0269,3,3,0.52140083664493
BB-2084 BB-2192,"[2084, 2192]",[61],Cc1c(Br)c(F)cc(C(=O)N2CCC(c3ccc(NC(=O)OC(C)(C)C)nc3)CC2)c1NC(=O)OC(C)(C)C,,random_balanced,BB-2084,BB-2192,1,2,0.18310196055629907
BB-1956 BB-1146,"[1956, 1146]",[27],Cc1cc(NC(=O)OC(C)(C)C)ncc1-c1noc(CCN2CCN(CCCNC(=O)OC(C)(C)C)CC2)n1,,random_balanced,BB-1956,BB-1146,3,1,0.06506885875427422
BB-1587 BB-1054,"[1587, 1054]",[68],Cc1cnc(C2CC2)nc1Sc1cccc2c1OC(C)(C)CC2NC(=O)OC(C)(C)C,,random_balanced,BB-1587,BB-1054,2,0,0.7684241369286544
BB-0774 BB-2033,"[774, 2033]",[96],COCCN(C(=O)c1c(NC(=O)OC(C)(C)C)sc2c1CCCC2)C1(C(=O)O)CCCc2ccc(NC(=O)OC(C)(C)C)cc21,,random_balanced,BB-0774,BB-2033,1,3,0.3638486700798293
BB-1527 BB-1650,"[1527, 1650]",[96],C#Cc1cccc(C(C)(C(=O)O)n2nnnc2COc2ccc(NC(=O)OC(C)(C)C)cc2)c1F,,random_balanced,BB-1527,BB-1650,2,2,0.42994889806791453
BB-0016 BB-1989,"[16, 1989]",[96],Cc1nn(C)c(C(N)=O)c1N(C(=O)OC(C)(C)C)C(C)(C(=O)O)c1cc2cccc(F)c2o1,,random_balanced,BB-0016,BB-1989,2,2,0.436370148519631
BB-2021 BB-0569,"[2021, 569]",[55],CC(C)(C)OC(=O)NCCc1cc2c(cc1N1CCc3c(Br)ccc(Cl)c3C1)OCO2,,random_balanced,BB-2021,BB-0569,5,0,0.8215611067079133
BB-0523 BB-1250,"[523, 1250]",[4],CN(C)c1nc(N(CCNC(=O)OC(C)(C)C)c2nc3c(c(=O)n(C)c(=O)n3C)n2Cc2ccc(Cl)cc2Cl)c(C=O)n1C,,random_balanced,BB-0523,BB-1250,4,1,0.5679874575140478
BB-0015 BB-0674,"[15, 674]",[74],Cc1ccc(C(NC(=O)OC(C)(C)C)c2ccc(F)cc2S(=O)(=O)c2cc(/C=C/C(=O)O)cc3c2OCO3)cc1,,random_balanced,BB-0015,BB-0674,2,0,0.5425812546818324
BB-0926 BB-0651,"[926, 651]",[96],CC(C)(C)OC(=O)N1CCc2ccnc(N(C(=O)OC(C)(C)C)C(CBr)(C(=O)O)c3ccc(OCc4ccccc4)c([N+](=O)[O-])c3)c2C1,,random_balanced,BB-0926,BB-0651,3,3,0.2551374462134206
BB-2089 BB-0050,"[2089, 50]",[104],COc1ccc(C2CC(=O)NC(=O)C2)cc1-c1cnccc1C(C)CNC(=O)OC(C)(C)C,,random_balanced,BB-2089,BB-0050,3,0,0.5549082763984206
BB-1734 BB-1252,"[1734, 1252]",[62],COC(=O)c1ccc(C2(N(C)c3ccccc3Cn3cc(NC(=O)OC(C)(C)C)ccc3=O)CC2)o1,,random_balanced,BB-1734,BB-1252,0,1,0.5855194715493485
BB-1111 BB-0966,"[1111, 966]",[28],CC(C)N(Cc1nc2ccccc2c(=O)[nH]1)C(=O)C(NC(=O)OC(C)(C)C)c1cc(Cl)cc(Br)c1,,random_balanced,BB-1111,BB-0966,7,1,0.6762597312312154
BB-2125 BB-0224,"[2125, 224]",[98],Cc1cc(C(COC(=O)C2CCOC(CNC(=O)OCC3c4ccccc4-c4ccccc43)C2)NC(=O)OC(C)(C)C)ccc1Br,,random_balanced,BB-2125,BB-0224,3,0,0.18492021145033072
BB-0085 BB-0337,"[85, 337]",[96],CC(Br)C(C(=O)O)(c1ccc2c(c1)CCC(=O)N2)N(C(=O)c1ccncc1)c1ccccc1NC(=O)OC(C)(C)C,,random_balanced,BB-0085,BB-0337,2,4,0.4553805735125177
BB-2157 BB-0335,"[2157, 335]",[96],COc1cccc2c1C(C(=O)O)CC2(C(=O)O)N(C(=O)OC(C)(C)C)S(=O)(=O)CCc1ccccn1,,random_balanced,BB-2157,BB-0335,1,2,0.5574084933779159
BB-0777 BB-1718,"[777, 1718]",[96],CC(C)(C)OC(=O)N(c1nc(-c2sccc2F)cs1)C(C(=O)O)(c1ccc(Cl)cc1)C(F)Br,,random_balanced,BB-0777,BB-1718,2,2,0.4051587900130774
BB-0575 BB-1876,"[575, 1876]",[96],CC1CN(C(=O)c2n[nH]cc2N(C(=O)OC(C)(C)C)C2(C(=O)O)CCN(Cc3ccccc3)CC2)CCCO1,,random_balanced,BB-0575,BB-1876,3,3,0.5850344324796566
BB-2053 BB-1210,"[2053, 1210]",[10],CC(C)(C)OC(=O)Nc1nc(C(C)(C)C)c(Sc2cc(S(=O)(=O)Nc3ccc(F)c(Cl)c3)c(Cl)cc2Cl)s1,,random_balanced,BB-2053,BB-1210,3,1,0.26414683123194105
BB-2032 BB-0072,"[2032, 72]",[10],COc1ccnc2nc(Sc3ccc(CSC)cc3NC(=O)OC(C)(C)C)ccc12,,random_balanced,BB-2032,BB-0072,3,1,0.5990916101495773
BB-1110 BB-0415,"[1110, 415]",[96],CC(CN(C(=O)OC(C)(C)C)C(C(=O)O)(c1ccccc1)c1ccc(B2OC(C)(C)C(C)(C)O2)cc1)c1nc2ccccc2n1C(F)F,,random_balanced,BB-1110,BB-0415,2,3,0.4345846393693987
BB-0428 BB-0087,"[428, 87]",[96],Cc1cc(N2CCC(NC(=O)OC(C)(C)C)CC2)n(C2(C(=O)O)CCN(Cc3cccs3)CC2)n1,,random_balanced,BB-0428,BB-0087,2,4,0.7592444189651988
BB-0482 BB-1449,"[482, 1449]",[10],COC(=O)c1ccc(CCNC(=O)OC(C)(C)C)c(SC(C(=O)Cl)C2CCCC2)c1,,random_balanced,BB-0482,BB-1449,2,0,0.5643966991378029
BB-2088 BB-1323,"[2088, 1323]",[82],CCS(=O)(=O)NC1CCCN(C2CCCC(NC(=O)OC(C)(C)C)=C2Br)C1,,random_balanced,BB-2088,BB-1323,3,0,0.7003087653743909
BB-0140 BB-0415,"[140, 415]",[96],CC(C)(C)OC(=O)NC[C@@]12CCCC[C@]1(C(=O)OC(C(=O)O)(c1ccccc1)c1ccc(B3OC(C)(C)C(C)(C)O3)cc1)C2,,random_balanced,BB-0140,BB-0415,3,4,0.35153767281326115
BB-0600 BB-2052,"[600, 2052]",[96],CC(C)(C)OC(=O)NC1CCC(C(=O)O)(N(CCCOc2ccc(C(C)(C)C)cc2)C(=O)OC(C)(C)C)c2cc(OC(F)F)ccc21,,random_balanced,BB-0600,BB-2052,2,4,0.3287704996412578
BB-1369 BB-1150,"[1369, 1150]",[68],CCOC(=O)c1n[nH]c(Sc2cc(C)cc(C(NC(=O)OC(C)(C)C)C(=O)OC)c2)c1C,,random_balanced,BB-1369,BB-1150,3,0,0.5325921274529634
BB-2061 BB-1313,"[2061, 1313]",[55],CC(C)(C)OC(=O)Nc1ccc(N2CCc3nn(-c4ccccc4)cc3C2)c2c1OCCO2,,random_balanced,BB-2061,BB-1313,1,0,0.41572654882658744
BB-1042 BB-1255,"[1042, 1255]",[27],CC(C)(C)OC(=O)Nc1[nH]nc(OCCCO)c1-c1noc(-c2ccc(Sc3ccc(F)cc3)c([N+](=O)[O-])c2)n1,,random_balanced,BB-1042,BB-1255,3,0,0.21537674141142316
BB-0443 BB-0364,"[443, 364]",[62],CC(C)c1ccc2c(c1)N(c1cncc(NC(=O)OC(C)(C)C)c1O)CCO2,,random_balanced,BB-0443,BB-0364,2,0,0.6602626165917141
BB-1338 BB-2047,"[1338, 2047]",[96],Cn1cc(C(CNC(=O)OC(C)(C)C)(C(=O)O)N(C(=O)OC(C)(C)C)c2ccc3ccnn3c2)c(C(F)F)n1,,random_balanced,BB-1338,BB-2047,2,4,0.4365363078302259
BB-1645 BB-1862,"[1645, 1862]",[96],CCOC(=O)c1cc2c([nH]1)CCCC2(OC(=O)C(CCSCCO)NC(=O)OC(C)(C)C)C(=O)O,,random_balanced,BB-1645,BB-1862,2,3,0.6038239706532798
BB-0617 BB-0113,"[617, 113]",[96],CCCCCC(C(=O)O)(c1c(O)cc(O)cc1O)N(Cc1ccc(-c2cccc(F)c2)o1)C(=O)OC(C)(C)C,,random_balanced,BB-0617,BB-0113,3,4,0.5115259081912027
BB-1630 BB-0507,"[1630, 507]",[96],Cc1cc(N=[N+]=[N-])ccc1N(C(=O)OC(C)(C)C)C(C)(CCc1n[nH]c2ccccc12)C(=O)O,,random_balanced,BB-1630,BB-0507,3,2,0.5030969647982241
BB-2051 BB-0646,"[2051, 646]",[74],Cc1cc(S(=O)(=O)c2cc(C(F)(F)F)cnc2CCNC(=O)OC(C)(C)C)cc(Br)c1C(N)=O,,random_balanced,BB-2051,BB-0646,3,0,0.6776616203093444
BB-1899 BB-1636,"[1899, 1636]",[96],Cc1cc(Cl)c2c(c1)C(C(=O)O)(N(C(=O)OC(C)(C)C)c1ccccc1N1CC(C)(C)C1=O)CCCO2,,random_balanced,BB-1899,BB-1636,2,4,0.24103614060735742
BB-0446 BB-0489,"[446, 489]",[108],COC(=O)Cc1cc(-n2cc(CC(C)CNC(=O)OC(C)(C)C)cn2)ccc1OC,,random_balanced,BB-0446,BB-0489,2,1,0.510154792411218
BB-1673 BB-1641,"[1673, 1641]",[96],CC([C@@H]1C[C@H]1c1ccccc1)N(C(=O)OC(C)(C)C)C(C)(C(=O)O)c1ccc(N2CCNC2=O)cc1,,random_balanced,BB-1673,BB-1641,3,2,0.6235256828910386
BB-1758 BB-1682,"[1758, 1682]",[96],CCC1(C)C(=O)N(CCCNC(=O)OC(C)(C)C)C(=O)N1C(CNC(=O)OC(C)(C)C)(C(=O)O)c1ccc(Br)cc1,,random_balanced,BB-1758,BB-1682,2,5,0.5559577950021188
BB-2055 BB-1587,"[2055, 1587]",[10],CC(C)(C)OC(=O)Nc1nc2c(Sc3cccc4c3OC(C)(C)CC4NC(=O)OC(C)(C)C)cccc2[nH]1,,random_balanced,BB-2055,BB-1587,3,3,0.4483429788008617
BB-2057 BB-0467,"[2057, 467]",[82],COC(=O)c1ccc(Cl)c2c1CCN(C1CC(C)(C)Oc3c(NC(=O)OC(C)(C)C)cccc31)C2C,,random_balanced,BB-2057,BB-0467,4,1,0.4717069773348996
BB-0236 BB-1285,"[236, 1285]",[96],CC(C)(C)OC(=O)N(C1CCCN(c2ccc3c(c2)OCO3)C1)C(C(=O)O)(c1cncc(F)c1)C1CC1,,random_balanced,BB-0236,BB-1285,2,4,0.5281774966666779
BB-2044 BB-0810,"[2044, 810]",[10],CC(C)(C)OC(=O)NC1CCc2ncc(Sc3cnc4c(c3)OCCN4C(=O)OC(C)(C)C)n2C1,,random_balanced,BB-2044,BB-0810,2,0,0.16388652527834666
BB-0035 BB-0429,"[35, 429]",[96],CC(C)(C)OC(=O)N(CC12CCC(F)(CO1)C2)C(C)(Cc1ccncc1)C(=O)O,,random_balanced,BB-0035,BB-0429,2,2,0.3904120817259065
BB-1017 BB-1038,"[1017, 1038]",[96],COc1ccc2c(c1[N+](=O)[O-])CCCC2(C(=O)O)N(Cc1cc(F)ccc1N1CCOCC1)C(=O)OC(C)(C)C,,random_balanced,BB-1017,BB-1038,2,1,0.5873184782628487
BB-2132 BB-2034,"[2132, 2034]",[96],CCOC(=O)Cc1ccccc1N(C(=O)OC(C)(C)C)C(C)(C(=O)O)c1cc(C(=O)OC)[nH]c1NC(=O)OC(C)(C)C,,random_balanced,BB-2132,BB-2034,2,4,0.42782213396116164
BB-0774 BB-1718,"[774, 1718]",[96],COCCNC(=O)c1c(N(C(=O)OC(C)(C)C)C(C(=O)O)(c2ccc(Cl)cc2)C(F)Br)sc2c1CCCC2,,random_balanced,BB-0774,BB-1718,2,3,0.52302641071487
BB-0887 BB-1840,"[887, 1840]",[96],CCC(C)(C)c1cc(C(C)=O)c(O)c(C(C)(C(=O)O)N(C(=O)OC(C)(C)C)c2ncn(-c3ccncc3)n2)c1,,random_balanced,BB-0887,BB-1840,3,3,0.5550780583424149
BB-0430 BB-0825,"[430, 825]",[62],COC(=O)C1(F)CN(c2c(NC(=O)OC(C)(C)C)cccc2C(=O)OC(C)(C)C)CC12CCOCC2,,random_balanced,BB-0430,BB-0825,4,1,0.5568276979325717
BB-0484 BB-0897,"[484, 897]",[49],CCOC(=O)c1c(C)oc(NC(=O)OC(C)(C)C)c1C(=O)c1cc(OC)c(OC)cc1C,,random_balanced,BB-0484,BB-0897,3,0,0.6144969677110005
BB-1859 BB-0511,"[1859, 511]",[49],CC(C)n1c(=O)n(C)c2cnc3cc(F)c(C(=O)c4nn(C)cc4NC(=O)OC(C)(C)C)cc3c21,,random_balanced,BB-1859,BB-0511,3,0,0.7258532915212377
BB-2121 BB-1378,"[2121, 1378]",[55],CC(C)(C)OC(=O)NS(=O)(=O)Cc1cc(Cl)cc(N2CCCCCO[C@@H]3C[C@]3(C)C2)c1,,random_balanced,BB-2121,BB-1378,1,1,0.5644039724095307
BB-2033 BB-1877,"[2033, 1877]",[39],CN(C1CCN(c2ccc(C(F)(F)F)nc2)CC1)C1(C(=O)O)CCCc2ccc(NC(=O)OC(C)(C)C)cc21,,random_balanced,BB-2033,BB-1877,4,1,0.3801819798069098
BB-2131 BB-1521,"[2131, 1521]",[28],CC(C)(C)OC(=O)NC(C)(Cn1cccn1)C(=O)N1CCOC[C@@H]1c1ccccc1,,random_balanced,BB-2131,BB-1521,2,0,0.5190446254826441
BB-2076 BB-1495,"[2076, 1495]",[96],COC(=O)CCCCC(C(=O)O)(N(CCc1ccc(C)cc1Cl)C(=O)OC(C)(C)C)C(F)(F)F,,random_balanced,BB-2076,BB-1495,1,3,0.5386337924170929
BB-1111 BB-2011,"[1111, 2011]",[104],COC(=O)C(NC(=O)OC(C)(C)C)c1cc(Cl)cc(-c2c(F)ccc(F)c2CCNC(=O)OC(C)(C)C)c1,,random_balanced,BB-1111,BB-2011,8,3,0.4603394688299742
BB-0804 BB-1219,"[804, 1219]",[50],COC(=O)c1cccc(C(O)c2c(NC(=O)OC(C)(C)C)oc3ccc(F)cc3c2=O)c1OC,,random_balanced,BB-0804,BB-1219,3,1,0.621782225437022
BB-0600 BB-0057,"[600, 57]",[96],Cc1ccccc1NC(=O)CC(C)(C(=O)O)N(CCCOc1ccc(C(C)(C)C)cc1)C(=O)OC(C)(C)C,,random_balanced,BB-0600,BB-0057,3,2,0.3561866973056732
BB-1110 BB-1905,"[1110, 1905]",[96],CC(CN(C(=O)OC(C)(C)C)C(C(=O)O)(c1ncc[nH]1)C1CCCCC1)c1nc2ccccc2n1C(F)F,,random_balanced,BB-1110,BB-1905,3,5,0.3536055356732552
BB-2133 BB-0784,"[2133, 784]",[61],Cn1nccc1C(NC(=O)OC(C)(C)C)C(=O)N1c2ccccc2CCCC1C(N)=O,,random_balanced,BB-2133,BB-0784,3,0,0.45467539709931193
BB-2064 BB-2050,"[2064, 2050]",[68],Cc1ccc(CCNC(=O)OC(C)(C)C)c(Sc2cc(C)c(NC(=O)OC(C)(C)C)c(C(=O)O)c2C)c1,,random_balanced,BB-2064,BB-2050,4,3,0.41608536800284823
BB-2034 BB-1231,"[2034, 1231]",[50],COC(=O)c1cc(C(C)(O)c2ccc(C=O)o2)c(NC(=O)OC(C)(C)C)[nH]1,,random_balanced,BB-2034,BB-1231,5,0,0.7626430748408202
BB-1818 BB-1555,"[1818, 1555]",[96],CCOC(=O)C1(C)C=CC(C(=O)O)(N(C(=O)OC(C)(C)C)c2ccc(C(F)(F)F)cc2C(=O)OC)CC1,,random_balanced,BB-1818,BB-1555,4,5,0.5523110885731929
BB-1077 BB-1519,"[1077, 1519]",[96],CC(C)(C)OC(=O)N(CC1CN2CCCN1CC2)C1(C(=O)O)CCCc2oc(=O)c(C(N)=O)cc21,,random_balanced,BB-1077,BB-1519,3,3,0.5008424533280174
BB-1769 BB-1655,"[1769, 1655]",[10],CC(C)(C)OC(=O)NC(COc1ccccc1)c1ccc(F)c(Sc2ccc([C@@H]3OCC[C@H]3NC(=O)OC(C)(C)C)cc2F)c1,,random_balanced,BB-1769,BB-1655,2,2,0.09121952576871169
BB-2112 BB-0264,"[2112, 264]",[22],CN(C(=O)C(=O)N(C)c1ncccc1S(=O)(=O)NC(=O)OC(C)(C)C)c1ncc(F)cc1NC(=O)OC(C)(C)C,,random_balanced,BB-2112,BB-0264,2,2,0.21960731599835936
BB-1757 BB-2037,"[1757, 2037]",[96],CCOC(=O)CC(CN(C(=O)OC(C)(C)C)C(C)(C(=O)O)c1cc(NC(=O)OC(C)(C)C)c(F)cc1OC)B1OC(C)(C)C(C)(C)O1,,random_balanced,BB-1757,BB-2037,2,2,0.26561814771411874
BB-1308 BB-0271,"[1308, 271]",[96],CC(C)(C)OC(=O)N([C@H]1CCCC[C@H]1c1ccccc1)C1(C(=O)O)CC(C)(C)Oc2cnc(Br)cc21,,random_balanced,BB-1308,BB-0271,2,3,0.257285929874153
BB-2190 BB-1943,"[2190, 1943]",[96],CCC(C(=O)O)(c1cccc(Br)c1)N(C(=O)OC(C)(C)C)S(=O)(=O)c1ccccc1C(F)(F)F,,random_balanced,BB-2190,BB-1943,3,4,0.24050638512914696
BB-2168 BB-0725,"[2168, 725]",[96],COc1ccc(C(C(=O)O)(C2CCCN2)N(C(=O)OC(C)(C)C)c2cccn(CCF)c2=O)cc1,,random_balanced,BB-2168,BB-0725,3,4,0.47876995087593255
BB-1957 BB-0378,"[1957, 378]",[96],CC(C)(C)OC(=O)N(CCCN1CCc2ccccc21)C(CBr)(C(=O)O)C1COc2ccccc2O1,,random_balanced,BB-1957,BB-0378,2,3,0.6602388766217222
BB-1703 BB-2026,"[1703, 2026]",[96],COc1cc(C2(CN(C(=O)OC(C)(C)C)C3(C(=O)O)CC(C)(C)CC(NC(=O)OC(C)(C)C)=C3Br)CCC2)ccn1,,random_balanced,BB-1703,BB-2026,2,6,0.49632549002350085
BB-2134 BB-1996,"[2134, 1996]",[96],Cc1nc(C)c2c(C)c(C(C)(C(=O)O)N(CCCCc3ccccc3)C(=O)OC(C)(C)C)sc2n1,,random_balanced,BB-2134,BB-1996,5,3,0.6091563187852596
BB-0568 BB-1771,"[568, 1771]",[28],COC(=O)C1(N2CCN(C(=O)C3(CNC(=O)OC(C)(C)C)CC3S(C)(=O)=O)CC2)COC1,,random_balanced,BB-0568,BB-1771,5,2,0.509661057736023
BB-0734 BB-0240,"[734, 240]",[84],Cc1nc(Cl)c(-c2noc(-c3cnc4c(c3)C(NC(=O)OC(C)(C)C)CCO4)n2)s1,,random_balanced,BB-0734,BB-0240,2,0,0.37018547891722725
BB-1974 BB-1931,"[1974, 1931]",[40],CC(C)(C)OC(=O)N[C@H]1C[C@@H](CC(=O)OCc2cccc([N+](=O)[O-])c2)C1,,random_balanced,BB-1974,BB-1931,3,1,0.4330185605168551
BB-2109 BB-0354,"[2109, 354]",[96],CC(=O)N1CCC(C(C(=O)O)(c2ccc(F)cc2F)N(C(=O)OC(C)(C)C)c2ccc(F)c(OCC(F)(F)F)c2)CC1,,random_balanced,BB-2109,BB-0354,4,3,0.4347061242706936
BB-0831 BB-0986,"[831, 986]",[96],CC(C)(C)OC(=O)N(c1nccn(C2CC2)c1=O)C(C)(CC1(O)CCC1)C(=O)O,,random_balanced,BB-0831,BB-0986,2,7,0.49240911775846075
BB-1863 BB-0272,"[1863, 272]",[40],CC(C)(C)OC(=O)NC(C)(C(=O)OCCCn1nc(C(F)F)cc1C(F)F)c1ccc(C(F)(F)F)cc1,,random_balanced,BB-1863,BB-0272,4,0,0.6166879593663925
BB-0896 BB-0206,"[896, 206]",[96],CC(C)(C)OC(=O)N(c1cc2c(cn1)OCC2)C1(C(=O)O)CCC(c2cncc(F)c2)C1,,random_balanced,BB-0896,BB-0206,3,3,0.5785212756878739
BB-1645 BB-1400,"[1645, 1400]",[97],CC(C)(C)OC(=O)NC(CCSCCOC(=O)c1cc2n(c1C=O)CCCC2)C(=O)O,,random_balanced,BB-1645,BB-1400,3,1,0.3713342412676518
BB-0402 BB-0230,"[402, 230]",[96],CC(C)(C)OC(=O)N(c1cccc2c1CCCN2C(N)=O)C1(C(=O)O)CCN(c2cnccn2)CC1,,random_balanced,BB-0402,BB-0230,2,2,0.5519201933067864
BB-0515 BB-1241,"[515, 1241]",[96],CCCCC(C(=O)O)(c1ccc(C)cc1O)N(C(=O)OC(C)(C)C)c1nccc2cnccc12,,random_balanced,BB-0515,BB-1241,3,6,0.29177768573698987
BB-2080 BB-0105,"[2080, 105]",[107],Cc1cc(C(O)c2cn(C)nc2C2CCC2)c(CNC(=O)OC(C)(C)C)cc1O,,random_balanced,BB-2080,BB-0105,1,0,0.7235621938056519
BB-0020 BB-1204,"[20, 1204]",[107],CCOC(=O)c1nc2c(C(O)c3ccc(I)cc3)cccn2c1NC(=O)OC(C)(C)C,,random_balanced,BB-0020,BB-1204,1,0,0.7607783034624854
BB-1391 BB-1864,"[1391, 1864]",[96],CCOC(=O)C1(C)CCCCC1(C(=O)O)N(C(=O)OC(C)(C)C)c1ncn(C(=O)OC(C)(C)C)n1,,random_balanced,BB-1391,BB-1864,2,4,0.4526188496739717
BB-2017 BB-0470,"[2017, 470]",[74],Cc1cc(S(=O)(=O)c2cc(C#N)c(C)nc2N2CC[C@@H](NC(=O)OC(C)(C)C)C2)c(C)cc1NC(=O)OC(C)(C)C,,random_balanced,BB-2017,BB-0470,3,2,0.12158382601779803
BB-0832 BB-1022,"[832, 1022]",[39],CC(C)C(OC(=O)c1c(C=O)c2ccccc2n1C)(C(=O)O)c1cnccc1NC(=O)OC(C)(C)C,,random_balanced,BB-0832,BB-1022,6,1,0.661444283698093
BB-2120 BB-1217,"[2120, 1217]",[96],Cc1cc(O)cc2c1C(C(=O)O)(N(C(=O)OC(C)(C)C)c1ccc(N3C[C@@H](C)O[C@@H](C)C3)cc1)CO2,,random_balanced,BB-2120,BB-1217,4,2,0.7333548173765408
BB-1994 BB-0595,"[1994, 595]",[18],CC1CCC(C(C)C)C(OC(=O)c2ccccc2NC(=O)CS(=O)(=O)c2ccccc2CC(CO)NC(=O)OC(C)(C)C)C1,,random_balanced,BB-1994,BB-0595,4,2,0.14286293986638235
BB-2189 BB-1433,"[2189, 1433]",[79],CC1CCC2(CN1C(=O)C(=O)N(CCNC(=O)OC(C)(C)C)S(=O)(=O)c1ccc([N+](=O)[O-])cc1)OCc1ccccc12,,random_balanced,BB-2189,BB-1433,2,0,0.3399698234524223
BB-2192 BB-0539,"[2192, 539]",[79],CCOC(=O)C1CC(C)CN1C(=O)C(=O)N1CCC(c2ccc(NC(=O)OC(C)(C)C)nc2)CC1,,random_balanced,BB-2192,BB-0539,3,1,0.2684769244865561
BB-1915 BB-2052,"[1915, 2052]",[96],CC(C)(C)OC(=O)NC1CCC(C(=O)O)(N(C(=O)OC(C)(C)C)S(=O)(=O)c2ccc(S(=O)(=O)N3CCNCC3)cc2)c2cc(OC(F)F)ccc21,,random_balanced,BB-1915,BB-2052,3,5,0.4431623674841187
BB-0344 BB-1302,"[344, 1302]",[28],CC(C)(C)OC(=O)N[C@@H](CC(=O)N1CCCC1Cc1cc(F)ccc1F)c1cc([N+](=O)[O-])ccc1F,,random_balanced,BB-0344,BB-1302,3,1,0.6834051994828813
BB-1782 BB-1026,"[1782, 1026]",[31],CC(C)c1cc(OCC2(C(NC(=O)OC(C)(C)C)C3CC3)CCCO2)n2ncnc2n1,,random_balanced,BB-1782,BB-1026,2,1,0.836123441837689
BB-1567 BB-1007,"[1567, 1007]",[28],Cc1noc(C2CC3CCC2N3C(=O)c2cc(NC(=O)OC(C)(C)C)n(C(C)C)n2)n1,,random_balanced,BB-1567,BB-1007,2,1,0.5952855359269696
BB-0301 BB-1986,"[301, 1986]",[88],Cc1nc(NC(=O)OC(C)(C)C)c2cccc(OCC3CN(C)CCC3(F)F)c2n1,,random_balanced,BB-0301,BB-1986,4,0,0.6875773353426736
BB-2189 BB-1847,"[2189, 1847]",[6],COC(=O)CCCS(=O)(=O)N(CCNC(=O)OC(C)(C)C)S(=O)(=O)c1ccc([N+](=O)[O-])cc1,,random_balanced,BB-2189,BB-1847,3,0,0.6450905549963716
BB-2002 BB-0178,"[2002, 178]",[47],CCc1noc(NC(=O)OC(C)(C)C)c1-c1cc(CNC)cc([N+](=O)[O-])c1,,random_balanced,BB-2002,BB-0178,3,2,0.8230818716673245
BB-0599 BB-0200,"[599, 200]",[96],COC(=O)c1cc(C(CCC(=O)O)(C(=O)O)N(Cc2ccccc2CN2CC(C)OC(C)C2)C(=O)OC(C)(C)C)c[nH]1,,random_balanced,BB-0599,BB-0200,2,2,0.5897722608602454
BB-2090 BB-1476,"[2090, 1476]",[10],CC(NC(=O)OC(C)(C)C)c1cc(Sc2n[nH]c3cnccc23)cc2c1OCC2,,random_balanced,BB-2090,BB-1476,2,0,0.49080472254021756
BB-2090 BB-1572,"[2090, 1572]",[68],Cc1oc(-c2cccc(Sc3cc4c(c(C(C)NC(=O)OC(C)(C)C)c3)OCC4)c2)nc1CCl,,random_balanced,BB-2090,BB-1572,3,1,0.40437658395798626
BB-2061 BB-1397,"[2061, 1397]",[68],Cn1c(C(=O)O)c(Sc2ccc(NC(=O)OC(C)(C)C)c3c2OCCO3)c2ccc(Cl)cc21,,random_balanced,BB-2061,BB-1397,2,0,0.741810742623166
BB-0814 BB-1628,"[814, 1628]",[31],COc1ccc(OCC(=O)c2cn(C)c3ccccc23)c(C(C)NC(=O)OC(C)(C)C)c1,,random_balanced,BB-0814,BB-1628,2,5,0.6271031178787687
BB-1377 BB-1912,"[1377, 1912]",[96],CC(=O)Nc1cc2c(cc1Br)C(C(=O)O)(N(CCCN1C(=O)NC(c3ccccc3)(c3ccccc3)C1=O)C(=O)OC(C)(C)C)CC2,,random_balanced,BB-1377,BB-1912,3,4,0.38033974396742926
BB-0727 BB-0376,"[727, 376]",[96],CC(C)(C)OC(=O)Nc1ccc2c(c1)CCCC2(C(=O)O)N(C(=O)C(C)(C)NC(=O)OC(C)(C)C)c1ccccc1,,random_balanced,BB-0727,BB-0376,2,5,0.4227898381266665
BB-0621 BB-1613,"[621, 1613]",[106],CC(C)(C)OC(=O)Nc1ccnc(F)c1C(=O)c1c(F)c(F)c(NC(=O)OC(C)(C)C)c(F)c1F,,random_balanced,BB-0621,BB-1613,4,3,0.39968869536863766
BB-2042 BB-1594,"[2042, 1594]",[17],Cc1cc(C)c(NC(=O)OC(C)(C)C)c(S(=O)(=O)c2ccc(NC(=O)OC(C)(C)C)cc2C(C)(F)F)c1,,random_balanced,BB-2042,BB-1594,2,2,0.4034898144938203
BB-1349 BB-1835,"[1349, 1835]",[61],CC(C)(C)OC(=O)NC(C(=O)N(Cc1ccco1)S(=O)(=O)c1ccccc1)c1cc(F)ccc1F,,random_balanced,BB-1349,BB-1835,3,0,0.4190043091088975
BB-0376 BB-0165,"[376, 165]",[82],CC(C)(C)OC(=O)Nc1ccc2c(c1)CCCC2N1CCN(c2ccc(Br)cc2C(F)(F)F)CC1,,random_balanced,BB-0376,BB-0165,6,0,0.7555140300666187
BB-2152 BB-1089,"[2152, 1089]",[48],CCCCn1c(NC(=O)OC(C)(C)C)c(C=CCC2(NC(=O)OC(C)(C)C)CCC2)c(=O)[nH]c1=O,,random_balanced,BB-2152,BB-1089,3,2,0.6911180919618903
BB-1501 BB-2034,"[1501, 2034]",[96],COC(=O)c1cc(C(C)(C(=O)O)N(C(=O)OC(C)(C)C)C(c2ccccc2)c2ccoc2)c(NC(=O)OC(C)(C)C)[nH]1,,random_balanced,BB-1501,BB-2034,3,6,0.5106196226985603
BB-0085 BB-1453,"[85, 1453]",[96],Cn1c(=O)[nH]c(=O)c2c1nc(Br)n2CC(C)(C(=O)O)N(C(=O)OC(C)(C)C)c1ccccc1NC(=O)c1ccncc1,,random_balanced,BB-0085,BB-1453,3,2,0.44086179627259575
BB-0575 BB-1024,"[575, 1024]",[96],CC(C)CN1C(=O)C(C(=O)O)(n2cc(NC(=O)OC(C)(C)C)c(C(=O)N3CCCOC(C)C3)n2)c2ccccc21,,random_balanced,BB-0575,BB-1024,4,2,0.6260573317342508
BB-1855 BB-2031,"[1855, 2031]",[96],COC(=O)C(CN(C(=O)OC(C)(C)C)C(CNC(=O)OC(C)(C)C)(C(=O)O)c1cccnc1Cl)c1ccc(C)cc1,,random_balanced,BB-1855,BB-2031,4,2,0.29472890698946647
BB-0812 BB-0840,"[812, 840]",[55],Cc1ccc(C)c(-c2cc(C)c(NC(=O)OC(C)(C)C)cc2N2CCC(C(=O)O)(c3cccc(Cl)c3)CC2)c1,,random_balanced,BB-0812,BB-0840,2,1,0.7174276820960661
BB-1028 BB-2092,"[1028, 2092]",[96],COc1ccc(-n2ncc(C(N)=O)c2N(C(=O)OC(C)(C)C)C2(C(=O)O)C(C)=C(NC(=O)OC(C)(C)C)O/C2=C(/C)C#N)cc1,,random_balanced,BB-1028,BB-2092,2,2,0.41803377957452204
BB-2123 BB-1245,"[2123, 1245]",[31],Cc1ccc2[nH]c(=O)ccc2c1OC(C)(C)C1(CNC(=O)OC(C)(C)C)CCOCC1,,random_balanced,BB-2123,BB-1245,2,1,0.5908055754796561
BB-1666 BB-0260,"[1666, 260]",[28],Cc1nc2n(c1C)CCN(C(=O)c1c[nH]c(C3(NC(=O)OC(C)(C)C)CCOCC3)n1)C2,,random_balanced,BB-1666,BB-0260,4,0,0.5712357175493292
BB-2038 BB-0021,"[2038, 21]",[10],CC(C)(C)OC(=O)Nc1n[nH]c2ccc(F)c(Sc3cnc4cc([N+](=O)[O-])ccc4c3)c12,,random_balanced,BB-2038,BB-0021,3,0,0.5620636413521802
BB-0535 BB-1411,"[535, 1411]",[96],COCOc1ccc(C(C)(C(=O)O)N(CCc2cc(OC)c(C)c(OC)c2)C(=O)OC(C)(C)C)c(O)c1C,,random_balanced,BB-0535,BB-1411,3,4,0.6155878533778572
BB-1447 BB-1232,"[1447, 1232]",[68],COC(=O)C1(NC(=O)OC(C)(C)C)CC(c2ccccc2Sc2cccc3cnn(C4CCCCO4)c23)C1,,random_balanced,BB-1447,BB-1232,3,0,0.30248374966591
BB-1291 BB-1298,"[1291, 1298]",[21],Cn1nnc(CS(=O)(=O)c2cccc(F)c2C(=O)NNC(=O)OC(C)(C)C)n1,,random_balanced,BB-1291,BB-1298,5,0,0.6326105538971971
BB-2049 BB-0726,"[2049, 726]",[96],CCCC(=O)c1cc(N(C(=O)OC(C)(C)C)C(C(=O)O)(c2cccc(Br)c2)C(C)(C)O)ccc1F,,random_balanced,BB-2049,BB-0726,4,3,0.4674445435898027
BB-1691 BB-0504,"[1691, 504]",[96],CCOC(=O)c1cnn(C)c1C(C)(C(=O)O)N(C(=O)OC(C)(C)C)c1nc2ccc(F)cc2n1C(C)C,,random_balanced,BB-1691,BB-0504,3,4,0.3215451754374424
BB-0413 BB-0844,"[413, 844]",[96],COc1ccc(N(C(=O)OC(C)(C)C)C(C)(C(=O)O)c2ccc(C)c(C)c2O)cc1-n1nnnc1C,,random_balanced,BB-0413,BB-0844,2,7,0.5980201889223862
BB-0787 BB-0165,"[787, 165]",[62],CC(C)(C)OC(=O)NCc1cccc(Br)c1N1CCN(c2ccc(Br)cc2C(F)(F)F)CC1,,random_balanced,BB-0787,BB-0165,1,1,0.6847497513071252
BB-2181 BB-1694,"[2181, 1694]",[96],Cc1c(C(C)(C(=O)O)N(CCN2C(=O)c3ccccc3S2(=O)=O)C(=O)OC(C)(C)C)nnn1-c1cccc2ncccc12,,random_balanced,BB-2181,BB-1694,2,3,0.4131229783053875
BB-2013 BB-1497,"[2013, 1497]",[68],Cc1nc2ccc(Sc3ccccc3N3CCC(NC(=O)OC(C)(C)C)C3)cc2c(C)c1C(=O)O,,random_balanced,BB-2013,BB-1497,3,1,0.4419923637182016
BB-2037 BB-0462,"[2037, 462]",[39],COc1cc(F)c(NC(=O)OC(C)(C)C)cc1C(C)(C(=O)O)N(CCc1ccc(S(=O)(=O)F)cc1)C(C)=O,,random_balanced,BB-2037,BB-0462,3,0,0.5153575844002308
BB-2130 BB-1783,"[2130, 1783]",[96],CC(C)(C)OC(=O)NCCN(C(=O)C1CCCC1)C1(C(=O)O)CC2(CC3CCCC(C2)N3C(=O)OC(C)(C)C)C1,,random_balanced,BB-2130,BB-1783,4,4,0.5094647170749891
BB-1707 BB-1571,"[1707, 1571]",[96],CC(C)(C)OC(=O)N1CCn2c(nnc2CN(C(=O)OC(C)(C)C)C(C(=O)O)(c2ccccc2)c2nccs2)C1,,random_balanced,BB-1707,BB-1571,2,3,0.5125982324362648
BB-2111 BB-0651,"[2111, 651]",[96],COc1ccc(-c2csc(CCN(C(=O)OC(C)(C)C)C(CBr)(C(=O)O)c3ccc(OCc4ccccc4)c([N+](=O)[O-])c3)n2)cc1,,random_balanced,BB-2111,BB-0651,1,4,0.4146331587509365
BB-0776 BB-0132,"[776, 132]",[50],COC(=O)C1(c2cc(C(O)(c3ccc(F)cc3)c3cc(Br)ccc3NC(=O)OC(C)(C)C)ccc2C#N)CC1,,random_balanced,BB-0776,BB-0132,3,0,0.6023977558939991
BB-0730 BB-0990,"[730, 990]",[31],CC(Oc1ncc(F)cc1Cl)C(NC(=O)OC(C)(C)C)c1ccccc1F,,random_balanced,BB-0730,BB-0990,2,0,0.5665288165115383
BB-1188 BB-0779,"[1188, 779]",[61],CCOC(=O)C1Cc2cccc(F)c2N(C(=O)C(Cn2cnc3ccccc32)NC(=O)OC(C)(C)C)C1,,random_balanced,BB-1188,BB-0779,2,0,0.5205553750553791
BB-0140 BB-1386,"[140, 1386]",[96],CN(C)/C=C1\OCCN(C(=O)OC(C)(C)C)CC1(OC(=O)[C@]12CCCC[C@@]1(CNC(=O)OC(C)(C)C)C2)C(=O)O,,random_balanced,BB-0140,BB-1386,4,6,0.38445278042192615
BB-1403 BB-0636,"[1403, 636]",[28],CCCCCC(NC(=O)OC(C)(C)C)C(=O)Nc1cc(S(N)(=O)=O)ccc1N,,random_balanced,BB-1403,BB-0636,1,0,0.5713769683467377
BB-0013 BB-1065,"[13, 1065]",[61],CC(C)(C)OC(=O)N[C@@H](CCC(=O)N(Cc1cccs1)C1CCOC1)C(=O)O,,random_balanced,BB-0013,BB-1065,2,1,0.5920619671019227
BB-1757 BB-1992,"[1757, 1992]",[28],CC(C)(C)OC(=O)NCC(CC(=O)N1CNS(=O)(=O)c2cc(S(=O)(=O)NC(=O)OC(C)(C)C)c(Cl)cc21)B1OC(C)(C)C(C)(C)O1,,random_balanced,BB-1757,BB-1992,3,3,0.21535143641735513
BB-1623 BB-1508,"[1623, 1508]",[104],Cc1cc2cc(C[C@H](C)O)c(F)cc2nc1NC(=O)OC(C)(C)C,,random_balanced,BB-1623,BB-1508,2,2,0.6929131231507271
BB-0160 BB-0230,"[160, 230]",[96],CC(C)(C)OC(=O)N(Cc1c(F)cccc1OC(F)(F)F)C1(C(=O)O)CCN(c2cnccn2)CC1,,random_balanced,BB-0160,BB-0230,5,3,0.5066929512207545
BB-1036 BB-1453,"[1036, 1453]",[96],Cc1ccc(S(=O)(=O)N(c2ccc(NC(=O)OC(C)(C)C)cc2)C(C)(Cn2c(Br)nc3c2c(=O)[nH]c(=O)n3C)C(=O)O)cc1,,random_balanced,BB-1036,BB-1453,2,3,0.4957802048561928
BB-2084 BB-2019,"[2084, 2019]",[96],Cc1oc(NC(=O)OC(C)(C)C)c(C#N)c1C(C)(OC(=O)c1cc(F)c(Br)c(C)c1NC(=O)OC(C)(C)C)C(=O)O,,random_balanced,BB-2084,BB-2019,2,4,0.5051859887609509
BB-0350 BB-0244,"[350, 244]",[96],CC(C)(C)OC(=O)N(c1nnc2[nH]cnn12)C(C)(C(=O)O)/C(=C/c1ccc(Cl)c(Cl)c1)C(N)=O,,random_balanced,BB-0350,BB-0244,2,5,0.4733742593890775
BB-1253 BB-1507,"[1253, 1507]",[18],CC(C(=O)N(C)C1(C#N)CCCCC1)S(=O)(=O)c1ccc(C(=O)C2CCCOC2)c(NC(=O)OC(C)(C)C)c1,,random_balanced,BB-1253,BB-1507,2,2,0.4583056356739674
BB-0763 BB-1176,"[763, 1176]",[96],CC1(C)CC(NCc2ccccc2)=CC(C(=O)O)(n2ccc(C(C)(C)CNC(=O)OC(C)(C)C)cc2=O)C1,,random_balanced,BB-0763,BB-1176,1,6,0.4064826172855105
BB-1131 BB-0644,"[1131, 644]",[10],CCOC(=O)c1cc(SCc2cc(-c3cccc(F)c3F)ccc2F)cc(CC)c1NC(=O)OC(C)(C)C,,random_balanced,BB-1131,BB-0644,1,0,0.44704286574562907
BB-1208 BB-2037,"[1208, 2037]",[96],COc1cc(F)c(NC(=O)OC(C)(C)C)cc1C(C)(C(=O)O)N(C(=O)OC(C)(C)C)c1cnc(C)n1CC(F)(F)F,,random_balanced,BB-1208,BB-2037,1,4,0.5188915132499377
BB-0664 BB-1995,"[664, 1995]",[96],COC(=O)Cc1nnc(CN(C(=O)OC(C)(C)C)C2(C(=O)O)CC(Oc3ccccc3)C2(C)C)s1,,random_balanced,BB-0664,BB-1995,4,3,0.5901890313366069
BB-0969 BB-1876,"[969, 1876]",[96],CC(C)(C)OC(=O)N[C@@H]1C[C@H]1CN(C(=O)OC(C)(C)C)C1(C(=O)O)CCN(Cc2ccccc2)CC1,,random_balanced,BB-0969,BB-1876,3,4,0.613773793788453
BB-0516 BB-0110,"[516, 110]",[96],CCOc1ccc2c(c1)C(N(C(=O)OC(C)(C)C)C(C(=O)O)(c1cccc(Br)c1)C(F)F)CCO2,,random_balanced,BB-0516,BB-0110,0,4,0.47311644580718143
BB-2078 BB-0667,"[2078, 667]",[74],COCc1ccc(NC(=O)OC(C)(C)C)cc1S(=O)(=O)C(C(Cl)Cl)C(Cl)Cl,,random_balanced,BB-2078,BB-0667,2,0,0.7259559665659688
BB-0430 BB-0521,"[430, 521]",[10],CC(C)(C)OC(=O)Nc1cccc(C(=O)OC(C)(C)C)c1SCc1ccnc(F)c1Cl,,random_balanced,BB-0430,BB-0521,5,0,0.6131924188140836
BB-2111 BB-1996,"[2111, 1996]",[96],COc1ccc(-c2csc(CCN(C(=O)OC(C)(C)C)C(C)(C(=O)O)c3sc4nc(C)nc(C)c4c3C)n2)cc1,,random_balanced,BB-2111,BB-1996,2,4,0.45237116787424014
BB-0804 BB-1526,"[804, 1526]",[58],CC(C)(C)OC(=O)Nc1oc2ccc(F)cc2c(=O)c1C=C1C(=O)NN=C1C(F)(F)F,,random_balanced,BB-0804,BB-1526,4,0,0.717936379059747
BB-1597 BB-1531,"[1597, 1531]",[10],CN(C)CC(NC(=O)OC(C)(C)C)c1ccc(Sc2c(Cl)ccc3c2NC(=O)CC3)cc1,,random_balanced,BB-1597,BB-1531,1,0,0.5679619377984739
BB-0140 BB-0782,"[140, 782]",[61],Cc1ccc(S(=O)(=O)N(C(=O)[C@]23CCCC[C@@]2(CNC(=O)OC(C)(C)C)C3)C(C(=O)O)C(C)C)cc1C,,random_balanced,BB-0140,BB-0782,5,0,0.6068683681349449
BB-0780 BB-0233,"[780, 233]",[96],COC(=O)c1c(CC(=O)O)[nH]c(C(C)(C(=O)O)N(C(=O)OC(C)(C)C)S(=O)(=O)c2cc(F)cc(F)c2)c1C,,random_balanced,BB-0780,BB-0233,4,3,0.6175266451248966
BB-0207 BB-0057,"[207, 57]",[96],Cc1ccccc1NC(=O)CC(C)(C(=O)O)N(C(=O)OC(C)(C)C)C(C)C(=O)N1CCc2ccccc21,,random_balanced,BB-0207,BB-0057,2,3,0.4767127748950803
BB-2140 BB-1912,"[2140, 1912]",[96],CC(=O)Nc1cc2c(cc1Br)C(C(=O)O)(N(C[C@@H]1CCO[C@@H]1c1nc(C3CC3)no1)C(=O)OC(C)(C)C)CC2,,random_balanced,BB-2140,BB-1912,1,5,0.5660872448864683
BB-1616 BB-1701,"[1616, 1701]",[96],CC(C)(C)OC(=O)NC1CC(C(=O)O)(N(C(=O)OC(C)(C)C)c2ccc3c(c2)N(Cc2ccc(F)cc2)CC3)C12CC(C(F)F)C2,,random_balanced,BB-1616,BB-1701,3,4,0.47944097127078694
BB-1568 BB-2007,"[1568, 2007]",[96],CC1CC(NC(=O)OC(C)(C)C)=CC(C(=O)O)(N(NC(=O)OC(C)(C)C)c2ccccc2S(C)(=O)=O)C1,,random_balanced,BB-1568,BB-2007,2,2,0.45284380860616574
BB-1988 BB-1392,"[1988, 1392]",[40],CC(C)(C)OC(=O)NCc1cc(C(=O)OCC2OC3(C)CC2(NC(=O)OC(C)(C)C)C3)c2n1CCCC2,,random_balanced,BB-1988,BB-1392,4,3,0.27253804417343147
BB-2048 BB-0418,"[2048, 418]",[17],C#Cc1sc(S(=O)(=O)c2cccc(NC(=O)OC(C)(C)C)c2CO)cc1Cl,,random_balanced,BB-2048,BB-0418,1,0,0.4727967647269273
BB-1618 BB-1628,"[1618, 1628]",[96],Cn1cc(C(CBr)(C(=O)O)N(C(=O)OC(C)(C)C)c2csc3c(=O)[nH]cnc23)c2ccccc21,,random_balanced,BB-1618,BB-1628,2,6,0.3787990557196612
BB-0545 BB-1217,"[545, 1217]",[96],Cc1cc(O)cc2c1C(C(=O)O)(N1CCN(CCn3cc(NC(=O)OC(C)(C)C)cn3)C1=O)CO2,,random_balanced,BB-0545,BB-1217,4,3,0.6719437478875501
BB-1083 BB-1281,"[1083, 1281]",[97],CC(C)(C)OC(=O)N[C@@H](COC(=O)c1cc(C=O)n2c1CCCC2)Cc1ccc([N+](=O)[O-])cc1,,random_balanced,BB-1083,BB-1281,2,1,0.6833071330815772
BB-2092 BB-0298,"[2092, 298]",[39],COc1c(C(F)(F)F)ccnc1C(=O)OC1(C(=O)O)C(C)=C(NC(=O)OC(C)(C)C)O/C1=C(/C)C#N,,random_balanced,BB-2092,BB-0298,3,1,0.623368952021793
BB-2159 BB-1805,"[2159, 1805]",[96],CC(C)(C)OC(=O)N(OC(CO)C1CCCC1)C1(C(=O)O)CCc2ccc(Cl)cc21,,random_balanced,BB-2159,BB-1805,2,2,0.3614561914978476
BB-0818 BB-1884,"[818, 1884]",[96],CCOC(=O)CC(C(=O)O)(N(C(=O)OC(C)(C)C)C(C)(C)COc1ccc(C(F)(F)F)cn1)C(F)(F)Cl,,random_balanced,BB-0818,BB-1884,4,4,0.5921688465868676
BB-1703 BB-1073,"[1703, 1073]",[96],CCc1ccc2c(c1)C(C(=O)O)(N(CC1(c3ccnc(OC)c3)CCC1)C(=O)OC(C)(C)C)C(=O)N2C,,random_balanced,BB-1703,BB-1073,3,2,0.5307704574152768
BB-1118 BB-0110,"[1118, 110]",[96],Cc1nc(N(C(=O)OC(C)(C)C)C(C(=O)O)(c2cccc(Br)c2)C(F)F)ccc1-c1cnn(C)c1,,random_balanced,BB-1118,BB-0110,2,5,0.5608846579801746
BB-1223 BB-0120,"[1223, 120]",[96],CCOC(=O)c1[nH]c2c(c1C)C(C(=O)O)(N(C(=O)OC(C)(C)C)c1c3c(nc4ccccc14)CCOC3)CC(C)(C)C2,,random_balanced,BB-1223,BB-0120,2,3,0.35416893203272903
BB-2007 BB-0006,"[2007, 6]",[96],CSc1ccc([N+](=O)[O-])cc1C(C)(C(=O)O)N(C(=O)OC(C)(C)C)C1=CC(=O)CC(C)C1,,random_balanced,BB-2007,BB-0006,3,4,0.4430046244407933
BB-0813 BB-0539,"[813, 539]",[79],CCOC(=O)C1CC(C)CN1C(=O)C(=O)N(c1ccccc1NC(=O)OC(C)(C)C)C1CCN(C(=O)OC(C)(C)C)C1,,random_balanced,BB-0813,BB-0539,2,2,0.25682572746622234
BB-1549 BB-1573,"[1549, 1573]",[55],Cc1ccc(C(=O)CNC(=O)OC(C)(C)C)cc1N1CCC(C(O)c2ccnn2C)CC1,,random_balanced,BB-1549,BB-1573,3,0,0.53791459919622
BB-0417 BB-0094,"[417, 94]",[10],Cc1cc(C)c([N+](=O)[O-])cc1CSc1cccc2cc(NC(=O)OC(C)(C)C)ncc12,,random_balanced,BB-0417,BB-0094,3,0,0.5536777677507794
BB-2149 BB-2101,"[2149, 2101]",[96],COc1c(F)ccc(N(C(=O)OC(C)(C)C)C(C)(C(=O)O)C(NC(=O)OC(C)(C)C)C2CC2)c1F,,random_balanced,BB-2149,BB-2101,2,5,0.3999632182343929
BB-1759 BB-2033,"[1759, 2033]",[96],COC(=O)c1cc(F)c(N(C(=O)OC(C)(C)C)C2(C(=O)O)CCCc3ccc(NC(=O)OC(C)(C)C)cc32)cc1F,,random_balanced,BB-1759,BB-2033,2,5,0.4025295165855629
BB-1798 BB-0986,"[1798, 986]",[107],Cn1c(NC(=O)OC(C)(C)C)nc2cc(C(=O)O)cc(C(C)(O)CC3(O)CCC3)c21,,random_balanced,BB-1798,BB-0986,3,8,0.8511535775609014
BB-1485 BB-1940,"[1485, 1940]",[103],C=CCOc1ccc(C[C@H](NC(=O)OC(C)(C)C)C(=O)C(CCOc2ccc(C(C)(C)CC)cc2C(C)(C)CC)C(=O)NNC(=O)OC(C)(C)C)cc1,,random_balanced,BB-1485,BB-1940,2,2,0.0
BB-1419 BB-0200,"[1419, 200]",[107],COC(=O)c1cc(C(O)(CCC(=O)O)c2c[nH]c(C(=O)OC)c2)c(NC(=O)OC(C)(C)C)c(C)n1,,random_balanced,BB-1419,BB-0200,2,3,0.5813117240128017
BB-2106 BB-1163,"[2106, 1163]",[96],CC1(C)CC(C)(C)CC(C(=O)O)(N(C(=O)OC(C)(C)C)C2CCC23CCC3)C1,,random_balanced,BB-2106,BB-1163,1,2,0.21761379295519281
BB-0730 BB-1410,"[730, 1410]",[98],CC(OC(=O)c1cc2sccn2n1)C(NC(=O)OC(C)(C)C)c1ccccc1F,,random_balanced,BB-0730,BB-1410,3,0,0.55791909950874
BB-1188 BB-0602,"[1188, 602]",[96],CC(C)c1cccc2c1OCCCC2(C(=O)O)N(C(=O)OC(C)(C)C)C(Cn1cnc2ccccc21)C(=O)O,,random_balanced,BB-1188,BB-0602,3,3,0.6115729415638825
BB-1083 BB-0631,"[1083, 631]",[98],Cn1ncc2c1CC(C(=O)OC[C@@H](Cc1ccc([N+](=O)[O-])cc1)NC(=O)OC(C)(C)C)N(C(=O)OC(C)(C)C)C2,,random_balanced,BB-1083,BB-0631,3,1,0.4892029554879752
BB-0482 BB-1774,"[482, 1774]",[18],COC(=O)c1ccc(CCNC(=O)OC(C)(C)C)c(S(=O)(=O)c2ccc(NS(=O)(=O)C3=CCS(=O)(=O)C3)cc2)c1,,random_balanced,BB-0482,BB-1774,3,2,0.19310245620304067
BB-1089 BB-1236,"[1089, 1236]",[10],CCCCn1c(NC(=O)OC(C)(C)C)c(Sc2[nH]c3ccc(Br)cc3c2C(=O)OC)c(=O)[nH]c1=O,,random_balanced,BB-1089,BB-1236,3,1,0.5399916927368253
BB-0317 BB-0046,"[317, 46]",[107],CCOC(=O)c1[nH]c(C(O)c2c(C(=O)NNC(=O)OC(C)(C)C)nn(C)c2C)cc1C,,random_balanced,BB-0317,BB-0046,4,1,0.5741330715688491
BB-1280 BB-1305,"[1280, 1305]",[61],CC(C)(C)OC(=O)NCc1ccc(-c2cccc(C(=O)N3CCCC(CNC(=O)c4ccco4)C3)c2)cc1,,random_balanced,BB-1280,BB-1305,2,0,0.14551031967772293
BB-2083 BB-1305,"[2083, 1305]",[62],CC(C)(C)OC(=O)Nc1ccc(N2CCCC(CNC(=O)c3ccco3)C2)c2c1CCO2,,random_balanced,BB-2083,BB-1305,3,1,0.6779048037888549
BB-0538 BB-2031,"[538, 2031]",[96],CC(C)(C)OC(=O)NCC(C(=O)O)(c1cccnc1Cl)N(C(=O)OC(C)(C)C)[C@@H](Cc1ccc([N+](=O)[O-])cc1)C(=O)O,,random_balanced,BB-0538,BB-2031,4,3,0.37120324632225377
BB-1859 BB-1266,"[1859, 1266]",[96],Cc1cc2c(cc1Br)OCCC2(C(=O)O)N(C(=O)OC(C)(C)C)c1cn(C)nc1C#N,,random_balanced,BB-1859,BB-1266,4,4,0.3783286659810014
BB-1557 BB-1805,"[1557, 1805]",[96],CC(C)(C)OC(=O)N([C@H]1CCCN(Cc2ccccc2)C1)C1(C(=O)O)CCc2ccc(Cl)cc21,,random_balanced,BB-1557,BB-1805,3,3,0.5964245907478386
BB-2094 BB-0863,"[2094, 863]",[10],CC(C)(C)OC(=O)NCCc1conc1SCC(=O)NNC(=O)c1ccc(C#N)cc1,,random_balanced,BB-2094,BB-0863,4,0,0.6193986496579468
BB-0983 BB-0128,"[983, 128]",[61],Cc1cc(CN)ccc1NC(=O)C(NC(=O)OC(C)(C)C)c1ccc2ccccc2c1,,random_balanced,BB-0983,BB-0128,2,0,0.4907615813502882
BB-1198 BB-2179,"[1198, 2179]",[28],CC(C)(C)OC(=O)Nc1ccc(N(C(=O)[C@@H]2C[C@H]2c2ccccc2NC(=O)OC(C)(C)C)c2ncccn2)cc1,,random_balanced,BB-1198,BB-2179,3,3,0.11231252137919823
BB-1649 BB-1453,"[1649, 1453]",[96],Cn1c(=O)[nH]c(=O)c2c1nc(Br)n2CC(C)(C(=O)O)N(Cc1ccc(Oc2ccc(F)cc2)nc1)C(=O)OC(C)(C)C,,random_balanced,BB-1649,BB-1453,2,4,0.600670994451001
BB-0777 BB-0429,"[777, 429]",[96],CC(C)(C)OC(=O)N(c1nc(-c2sccc2F)cs1)C(C)(Cc1ccncc1)C(=O)O,,random_balanced,BB-0777,BB-0429,3,3,0.5112858548375655
BB-1738 BB-0725,"[1738, 725]",[96],COc1ccc(C(C(=O)O)(C2CCCN2)N(CCCC2CCN(C(=O)OC(C)(C)C)CC2)C(=O)OC(C)(C)C)cc1,,random_balanced,BB-1738,BB-0725,4,5,0.5115429784507478
BB-1617 BB-1174,"[1617, 1174]",[46],CC(C)(C)OC(=O)NC(CC(=O)C(CCl)C(=O)Nc1cccc(C(F)(F)F)c1)c1ccccc1,,random_balanced,BB-1617,BB-1174,3,1,0.5414471384209913
BB-0299 BB-0960,"[299, 960]",[31],COc1ccc(OC(C)C(C)(CNC(=O)OC(C)(C)C)Cc2ccc(F)cc2)cc1C(CO)NC(=O)OC(C)(C)C,,random_balanced,BB-0299,BB-0960,2,6,0.4743279346165017
BB-1629 BB-0394,"[1629, 394]",[16],COC(=O)c1nnsc1COC(=O)c1cc(C)cc(F)c1NC(=O)OC(C)(C)C,,random_balanced,BB-1629,BB-0394,2,1,0.5655850965737503
BB-0399 BB-2071,"[399, 2071]",[96],CC(C)CC(CNC(=O)OC(C)(C)C)(C(=O)O)N(C(=O)OC(C)(C)C)c1nnn(C)n1,,random_balanced,BB-0399,BB-2071,2,6,0.2915845552288786
BB-1135 BB-2049,"[1135, 2049]",[107],CCCC(O)(c1cc(NC(=O)OC(C)(C)C)ccc1F)c1ccc(NNC(=O)OC(C)(C)C)c(C)c1C,,random_balanced,BB-1135,BB-2049,2,5,0.4029228061240963
BB-0884 BB-2086,"[884, 2086]",[96],Cc1cccc(C(CCOC(CNC(=O)OC(C)(C)C)(C(=O)O)c2ccc(C)cc2C)NC(=O)OC(C)(C)C)c1,,random_balanced,BB-0884,BB-2086,3,5,0.5738417716914699
BB-2003 BB-0388,"[2003, 388]",[39],CC(C)(C)OC(=O)Nc1nc2c(o1)CCCC2(C(=O)O)N1CC(N2CCN(C(=O)OC(C)(C)C)CC2)C1,,random_balanced,BB-2003,BB-0388,4,1,0.21302498790817595
BB-0519 BB-0746,"[519, 746]",[96],CC(C)CC1CCC(C(=O)O)(N(C(=O)OC(C)(C)C)c2cc(F)cc(C(=O)OC(C)(C)C)c2)C1,,random_balanced,BB-0519,BB-0746,3,2,0.6616802124299977
BB-2134 BB-1080,"[2134, 1080]",[96],Cn1ccc(C(C(=O)O)(c2ccc(F)cc2)N(CCCCc2ccccc2)C(=O)OC(C)(C)C)n1,,random_balanced,BB-2134,BB-1080,6,3,0.5237979370214995
BB-1100 BB-1415,"[1100, 1415]",[107],CCOC(C1CCCC1)C(O)c1ccc2c(c1)CCC(NC(=O)OC(C)(C)C)C(=O)N2,,random_balanced,BB-1100,BB-1415,2,0,0.4680468946294044
BB-1506 BB-1147,"[1506, 1147]",[96],COCC(C(=O)O)(c1ccc2cc(OC)ccc2n1)N(C(=O)OC(C)(C)C)c1c(C(N)=O)sc2nc(C(F)(F)F)cc(-c3ccco3)c12,,random_balanced,BB-1506,BB-1147,1,2,0.33435306796826403
BB-1832 BB-0480,"[1832, 480]",[96],C[C@@H](CN(C(=O)OC(C)(C)C)C(C)(CCc1ccccc1[N+](=O)[O-])C(=O)O)Oc1ccccc1,,random_balanced,BB-1832,BB-0480,5,3,0.4825603700856484
BB-0007 BB-2007,"[7, 2007]",[96],Cc1nnc2cc(N(C(=O)OC(C)(C)C)C3(C(=O)O)C=C(NC(=O)OC(C)(C)C)CC(C)C3)ccn12,,random_balanced,BB-0007,BB-2007,2,4,0.6248531668979594
BB-0885 BB-0076,"[885, 76]",[96],C=CC(C(=O)O)(c1c(F)cccc1Cl)N(C(=O)OC(C)(C)C)c1cc(-c2cnccn2)ccc1C,,random_balanced,BB-0885,BB-0076,1,3,0.40922192693903475
BB-1053 BB-0602,"[1053, 602]",[96],CC(C)c1cccc2c1OCCCC2(C(=O)O)N(C(=O)OC(C)(C)C)C1COc2ccccc2C1,,random_balanced,BB-1053,BB-0602,4,4,0.5186927894514192
BB-0413 BB-1253,"[413, 1253]",[96],COc1ccc(N(C(=O)OC(C)(C)C)C(C(=O)O)(c2ccc(Cl)cc2NC(=O)OC(C)(C)C)C2CCCOC2)cc1-n1nnnc1C,,random_balanced,BB-0413,BB-1253,3,3,0.2521551678462725
BB-1921 BB-0766,"[1921, 766]",[96],CCC(=O)CC(C(=O)O)(c1ccc(C(F)(F)F)cc1)N(C(=O)OC(C)(C)C)c1ccc(OC2CCN(C)CC2)nc1,,random_balanced,BB-1921,BB-0766,4,3,0.5205957175819717
BB-0246 BB-0340,"[246, 340]",[96],CCC1CCC(NC(=O)OC(C)(C)C)(C2=NCCN2C(CBr)(C(=O)O)c2ccc(C#N)c([N+](=O)[O-])c2)CC1,,random_balanced,BB-0246,BB-0340,3,4,0.6670563706782664
BB-0119 BB-0874,"[119, 874]",[68],CCCn1c(NC(=O)OC(C)(C)C)c(C(=O)CSCC(=O)N2CCc3[nH]c4ccccc4c3C2)c(=O)[nH]c1=O,,random_balanced,BB-0119,BB-0874,3,0,0.17462317148685538
BB-2083 BB-0555,"[2083, 555]",[96],CC(C)(C)OC(=O)N(c1ccc(Br)c2c1CCO2)C(C)(C(=O)O)c1cc(Cl)sc1Cl,,random_balanced,BB-2083,BB-0555,4,4,0.18273496912070936
BB-1665 BB-0226,"[1665, 226]",[88],CC(C)(C)OC(=O)NC(COc1ccccc1)c1ccc(OCc2cc(F)c(C=O)c(F)c2)c(F)c1,,random_balanced,BB-1665,BB-0226,3,0,0.43462398432912125
BB-2178 BB-2033,"[2178, 2033]",[96],CC(CCC1CCCC1)N(C(=O)OC(C)(C)C)C1(C(=O)O)CCCc2ccc(NC(=O)OC(C)(C)C)cc21,,random_balanced,BB-2178,BB-2033,3,6,0.5162258578087913
BB-1509 BB-1502,"[1509, 1502]",[17],COCCn1c(NC(=O)OC(C)(C)C)c(C(=O)CS(=O)(=O)c2cc(F)c(F)cc2CC(=O)O)c(=O)[nH]c1=O,,random_balanced,BB-1509,BB-1502,3,1,0.6239917130421057
BB-1994 BB-1209,"[1994, 1209]",[31],Cc1ccc(-c2ncn(C)n2)cc1OCC(Cc1ccccc1Cl)NC(=O)OC(C)(C)C,,random_balanced,BB-1994,BB-1209,5,0,0.6545526935726084
BB-1854 BB-0391,"[1854, 391]",[96],CC(C)[C@@H]1C[C@H](CN(C(=O)OC(C)(C)C)C2(C(=O)O)CCCCC2CCCC2CC2)c2ccccc21,,random_balanced,BB-1854,BB-0391,2,5,0.3980338982934944
BB-2119 BB-1928,"[2119, 1928]",[17],Cc1c(S(=O)(=O)c2cc(Cl)ccc2-c2nc(NC(=O)OC(C)(C)C)no2)ccc(CO)c1Cl,,random_balanced,BB-2119,BB-1928,1,0,0.448203129649629
BB-0920 BB-1165,"[920, 1165]",[31],CC(C)(C)OC(=O)N[C@@](C)(COc1cccc2c1OC(C)(C)CC2O)c1ccccc1,,random_balanced,BB-0920,BB-1165,4,0,0.6506443010682975
BB-1311 BB-1689,"[1311, 1689]",[74],CCCc1cc(C(=O)O)cc(S(=O)(=O)c2ccc(NS(=O)(=O)c3cc(NC(=O)OC(C)(C)C)ccc3OC)cc2)n1,,random_balanced,BB-1311,BB-1689,3,1,0.15454084514364994
BB-0557 BB-2034,"[557, 2034]",[96],COC(=O)c1cc(C(C)(C(=O)O)N(C(=O)OC(C)(C)C)C(c2nccc(C)n2)C2CC2)c(NC(=O)OC(C)(C)C)[nH]1,,random_balanced,BB-0557,BB-2034,1,7,0.5778089777181299
BB-0618 BB-1763,"[618, 1763]",[40],CCCc1ccc(NC(=O)OC(C)(C)C)c(C(=O)OCCn2ccc(C(=O)O)cc2=O)c1,,random_balanced,BB-0618,BB-1763,2,0,0.6965886329197479
BB-2031 BB-1753,"[2031, 1753]",[17],Cc1cncc(C=O)c1S(=O)(=O)c1ncccc1C(=O)CNC(=O)OC(C)(C)C,,random_balanced,BB-2031,BB-1753,4,1,0.7423204239731398
BB-2081 BB-0423,"[2081, 423]",[50],CC(C)(C)OC(=O)NCC(O)(CC1CCOCC1)c1cccnc1OC1CCCNC1,,random_balanced,BB-2081,BB-0423,3,1,0.7016220035908463
BB-2005 BB-1352,"[2005, 1352]",[88],Cc1noc(CC2(Oc3cn(C)c(=O)c(NC(=O)OC(C)(C)C)c3C)CCCNC2)n1,,random_balanced,BB-2005,BB-1352,3,1,0.7851639595996089
BB-2129 BB-1482,"[2129, 1482]",[96],CCc1nc(C)c(N(C(=O)OC(C)(C)C)C(C)(C(=O)O)c2c(O)ccc3ccccc23)s1,,random_balanced,BB-2129,BB-1482,1,4,0.38028454160340414
BB-0413 BB-0403,"[413, 403]",[96],CCO[C@@H]1CC(C(=O)O)(N(C(=O)OC(C)(C)C)c2ccc(OC)c(-n3nnnc3C)c2)[C@H]1N1C(=O)CCC1=O,,random_balanced,BB-0413,BB-0403,4,5,0.4505630881307708
BB-1942 BB-0592,"[1942, 592]",[96],CCCCc1cc(=O)oc2c(C)c(O)c(C(C=CN(C)C)(C(=O)O)N(C(=O)OC(C)(C)C)C(CC)c3nc(C)n[nH]3)cc12,,random_balanced,BB-1942,BB-0592,2,4,0.3558892313153949
BB-1544 BB-2052,"[1544, 2052]",[96],CC(C)(C)OC(=O)NC1CCC(C(=O)O)(N(CCCN2CCCN(C(=O)OC(C)(C)C)CC2)C(=O)OC(C)(C)C)c2cc(OC(F)F)ccc21,,random_balanced,BB-1544,BB-2052,2,6,0.22358660342021
BB-2189 BB-1252,"[2189, 1252]",[22],COC(=O)c1ccc(C2(N(C)C(=O)C(=O)N(CCNC(=O)OC(C)(C)C)S(=O)(=O)c3ccc([N+](=O)[O-])cc3)CC2)o1,,random_balanced,BB-2189,BB-1252,4,2,0.46022991114731837
BB-2115 BB-1970,"[2115, 1970]",[96],CCOc1ccc(N(C(=O)OC(C)(C)C)C(CCC(=O)CCC(=O)O)(C(=O)O)c2ccc(C)s2)c2ncccc12,,random_balanced,BB-2115,BB-1970,3,4,0.3787018164225718
BB-1967 BB-0354,"[1967, 354]",[96],CC(=O)N1CCC(C(C(=O)O)(c2ccc(F)cc2F)N(Cc2cc(F)cc3c2OCOC3)C(=O)OC(C)(C)C)CC1,,random_balanced,BB-1967,BB-0354,3,4,0.43449950719268765
BB-0804 BB-0703,"[804, 703]",[50],CC(C)Oc1ncc(NC(=O)OC(C)(C)C)cc1C(O)c1c(NC(=O)OC(C)(C)C)oc2ccc(F)cc2c1=O,,random_balanced,BB-0804,BB-0703,5,2,0.2927775552246946
BB-0374 BB-1670,"[374, 1670]",[96],Cc1cc(C)n(C(C)(/C=C/c2ccc([N+](=O)[O-])cc2)C(=O)O)c(=O)c1CNC(=O)OC(C)(C)C,,random_balanced,BB-0374,BB-1670,2,5,0.7835935680613935
BB-2041 BB-0340,"[2041, 340]",[96],Cc1cc(F)c(Br)cc1N(C(=O)OC(C)(C)C)C(CBr)(C(=O)O)c1ccc(C#N)c([N+](=O)[O-])c1,,random_balanced,BB-2041,BB-0340,5,5,0.3291472482811451
BB-1625 BB-1983,"[1625, 1983]",[96],COC(=O)[C@H]1CCCC[C@H]1S(=O)(=O)N(C(=O)OC(C)(C)C)C(C)(C(=O)O)c1ccc(OCC(F)(F)F)cc1,,random_balanced,BB-1625,BB-1983,4,4,0.5733449671696277
BB-1909 BB-0766,"[1909, 766]",[96],CCC(CC(=O)c1ccc(C(F)(F)F)cc1)(C(=O)O)N(C(=O)OC(C)(C)C)[C@@H]1CCOC1,,random_balanced,BB-1909,BB-0766,4,4,0.5079767514661416
BB-2043 BB-0375,"[2043, 375]",[107],CC(C)(C)OC(=O)NC1CCC(=O)c2ccc(C(O)c3cccc(NC(=O)C(F)(F)F)c3)cc21,,random_balanced,BB-2043,BB-0375,3,0,0.7332713739515434
BB-1719 BB-2015,"[1719, 2015]",[96],CN1CC2CCC1C(CN(C(=O)OC(C)(C)C)C1(C(=O)O)CCC(NC(=O)OC(C)(C)C)c3ccc(Br)cc31)C2,,random_balanced,BB-1719,BB-2015,3,5,0.5552874433840099
BB-2053 BB-0787,"[2053, 787]",[104],CC(C)(C)OC(=O)NCc1cccc(-c2sc(NC(=O)OC(C)(C)C)nc2C(C)(C)C)c1Cl,,random_balanced,BB-2053,BB-0787,4,2,0.5270822076140639
BB-0443 BB-0126,"[443, 126]",[62],CC(C)(C)OC(=O)Nc1cncc(N2CC(C)(C)c3ccncc32)c1O,,random_balanced,BB-0443,BB-0126,3,0,0.6097250214155494
BB-1593 BB-1055,"[1593, 1055]",[96],COCC(C)(C)CC(C(=O)O)(c1ccc2c(c1)OCC2(C)C)N(C(=O)OC(C)(C)C)C1(c2ccc(C)cc2Br)CCCCC1,,random_balanced,BB-1593,BB-1055,5,2,0.24224771024568598
BB-0428 BB-1514,"[428, 1514]",[96],Cc1cc(N2CCC(NC(=O)OC(C)(C)C)CC2)n(C(C)(C(=O)O)c2c(C)noc2C)n1,,random_balanced,BB-0428,BB-1514,3,3,0.6883883717815689
BB-1956 BB-1167,"[1956, 1167]",[96],CCCC1CC(C(=O)O)(N(C(=O)OC(C)(C)C)c2cc(C)c(C#N)cn2)CCO1,,random_balanced,BB-1956,BB-1167,4,3,0.472376081735135
BB-2199 BB-1192,"[2199, 1192]",[17],CC(C)(C)OC(=O)Nc1cc(Cl)c(S(=O)(=O)Cc2nnnn2-c2ccc(S(C)(=O)=O)cc2)cc1F,,random_balanced,BB-2199,BB-1192,4,1,0.33557177470801464
BB-2160 BB-0708,"[2160, 708]",[96],COC(=O)C1CC2(CCCCC2)CC1(C(=O)O)N(C(=O)OC(C)(C)C)c1ccc2c(c1)N(C(C)=O)CC2,,random_balanced,BB-2160,BB-0708,3,4,0.5535319254189961
BB-0771 BB-0087,"[771, 87]",[96],CC(CSCc1ccccc1)N(C(=O)OC(C)(C)C)C1(C(=O)O)CCN(Cc2cccs2)CC1,,random_balanced,BB-0771,BB-0087,4,5,0.6371289795888441
BB-0020 BB-1541,"[20, 1541]",[104],CCOC(=O)c1nc2c(-c3ccc4c(c3)S(=O)NC4=O)cccn2c1NC(=O)OC(C)(C)C,,random_balanced,BB-0020,BB-1541,2,0,0.5550038650615046
BB-0063 BB-0657,"[63, 657]",[16],CC(OC(=O)c1ccc(NC(=O)OC(C)(C)C)c(CCCC(=O)O)c1)C(=O)Nc1ccccc1C(C)C,,random_balanced,BB-0063,BB-0657,2,0,0.21775901502302256
BB-1567 BB-1562,"[1567, 1562]",[96],COC(=O)c1cc(N(C(=O)OC(C)(C)C)C(CCC(=O)O)(C(=O)O)c2cc(Br)c(C)cc2O)n(C(C)C)n1,,random_balanced,BB-1567,BB-1562,3,3,0.3865790135653029
BB-0020 BB-0923,"[20, 923]",[10],CCOC(=O)c1nc2c(Sc3c(CO)nn(C)c3Cl)cccn2c1NC(=O)OC(C)(C)C,,random_balanced,BB-0020,BB-0923,3,0,0.6936136925695565
BB-2194 BB-1200,"[2194, 1200]",[107],Cc1ccc2c(c1)C(O)(c1cccc(C#CCNC(=O)OC(C)(C)C)c1)C(=O)N2,,random_balanced,BB-2194,BB-1200,3,3,0.357041812181732
BB-1350 BB-1397,"[1350, 1397]",[75],Cn1c(C(=O)O)c(Cl)c2ccc(S(=O)(=O)c3cc(Cl)cc(C(NC(=O)OC(C)(C)C)C(F)(F)C(=O)O)c3)cc21,,random_balanced,BB-1350,BB-1397,3,1,0.42075790743462865
BB-1144 BB-0821,"[1144, 821]",[96],COc1ccc2c(c1OC)CCC2(C(=O)O)N(C(=O)OC(C)(C)C)[C@H]1C[C@H]2C[C@@H](NC(=O)OC(C)(C)C)C[C@H]2C1,,random_balanced,BB-1144,BB-0821,2,4,0.49687436740507757
BB-2140 BB-0206,"[2140, 206]",[96],CC(C)(C)OC(=O)N(C[C@@H]1CCO[C@@H]1c1nc(C2CC2)no1)C1(C(=O)O)CCC(c2cncc(F)c2)C1,,random_balanced,BB-2140,BB-0206,2,4,0.7277603202797036
BB-2024 BB-0326,"[2024, 326]",[50],Cc1nn(CCCO)c(C)c1C(O)(CNC(=O)OC(C)(C)C)c1cnnn1C,,random_balanced,BB-2024,BB-0326,4,1,0.788267209721289
BB-1968 BB-2028,"[1968, 2028]",[104],Cc1c(-c2cc(NC(=O)OC(C)(C)C)cc3cn[nH]c23)ccc(O)c1NC(=O)OC(C)(C)C,,random_balanced,BB-1968,BB-2028,1,2,0.5629692559759997
BB-2100 BB-0076,"[2100, 76]",[96],C=CC(C(=O)O)(c1c(F)cccc1Cl)N(Cc1ccccc1C(C)C)C(=O)OC(C)(C)C,,random_balanced,BB-2100,BB-0076,3,4,0.3363881437672343
BB-2046 BB-1001,"[2046, 1001]",[47],COc1cc(-c2ccc(OCc3cccc(C(=O)O)c3)cc2)c(CCNC(=O)OC(C)(C)C)cc1O,,random_balanced,BB-2046,BB-1001,3,0,0.33063821209944383
BB-2064 BB-1051,"[2064, 1051]",[10],COc1c(Sc2cc(C)c(NC(=O)OC(C)(C)C)c(C(=O)O)c2C)ccc2nccn12,,random_balanced,BB-2064,BB-1051,5,0,0.8008320855139339
BB-1036 BB-1296,"[1036, 1296]",[79],Cc1ccc(S(=O)(=O)N(C(=O)C(=O)N2CCCn3cc(-c4ccccc4)nc32)c2ccc(NC(=O)OC(C)(C)C)cc2)cc1,,random_balanced,BB-1036,BB-1296,3,1,0.23912854171861123
BB-1827 BB-0379,"[1827, 379]",[96],CC(C)(C)OC(=O)N(Cc1ccc2c(c1)C(=O)OC2)C1(C(=O)O)CCNc2ccc(C(=O)O)cc21,,random_balanced,BB-1827,BB-0379,3,4,0.5152398167532457
BB-2161 BB-2096,"[2161, 2096]",[96],Cc1c(NC(=O)OC(C)(C)C)cccc1N1C(=O)CCN(C(CNC(=O)OC(C)(C)C)(C(=O)O)c2cn(C)cn2)C1=O,,random_balanced,BB-2161,BB-2096,2,4,0.28884554207975693
BB-0806 BB-0317,"[806, 317]",[49],COC(=O)c1c(NC(=O)OC(C)(C)C)c(C(=O)c2c(C(=O)NNC(=O)OC(C)(C)C)nn(C)c2C)c2n1CCOC2,,random_balanced,BB-0806,BB-0317,2,5,0.48506443683315986
BB-1967 BB-1268,"[1967, 1268]",[96],Cc1ccc(F)c(C(C(=O)O)(C2CCCCCCC2)N(Cc2cc(F)cc3c2OCOC3)C(=O)OC(C)(C)C)c1,,random_balanced,BB-1967,BB-1268,4,3,0.31395148126134065
BB-1616 BB-0206,"[1616, 206]",[96],CC(C)(C)OC(=O)N(c1ccc2c(c1)N(Cc1ccc(F)cc1)CC2)C1(C(=O)O)CCC(c2cncc(F)c2)C1,,random_balanced,BB-1616,BB-0206,4,5,0.6297529398884213
BB-1953 BB-0792,"[1953, 792]",[96],CCCN1C(=O)C(C(=O)O)(N(C(=O)OC(C)(C)C)[C@H](C)c2coc3c(F)cccc23)c2cc(Br)ccc21,,random_balanced,BB-1953,BB-0792,2,1,0.3915804443403797
BB-0664 BB-1672,"[664, 1672]",[28],CC(C)(C)OC(=O)NCc1nnc(CC(=O)N2CCC3CCCC2C3)s1,,random_balanced,BB-0664,BB-1672,5,1,0.3746861749614249
BB-1668 BB-1051,"[1668, 1051]",[68],CCN(CC)S(=O)(=O)c1ccc(Oc2ccc(Sc3ccc4nccn4c3OC)cc2)c(NC(=O)OC(C)(C)C)c1,,random_balanced,BB-1668,BB-1051,3,1,0.2782098267976638
BB-0508 BB-0401,"[508, 401]",[61],CC(C)(C)OC(=O)NC(c1cccc(C(=O)N2CCCC(c3ncc(C(F)(F)F)[nH]3)C2)c1)C(C)(C)C,,random_balanced,BB-0508,BB-0401,3,0,0.6608904409806394
BB-0856 BB-1996,"[856, 1996]",[96],COc1ccc(C(C(F)F)N(C(=O)OC(C)(C)C)C(C)(C(=O)O)c2sc3nc(C)nc(C)c3c2C)cc1F,,random_balanced,BB-0856,BB-1996,3,5,0.6567408036982735
BB-0622 BB-1424,"[622, 1424]",[55],CC(C)(C)OC(=O)NCc1cc2c(cc1N1CCCCC1c1nccs1)OC(C)(C)O2,,random_balanced,BB-0622,BB-1424,1,2,0.7512699082726906
BB-0576 BB-1570,"[576, 1570]",[96],CNC(=O)C(CC1CCCCC1)N(C(=O)OC(C)(C)C)C1(C(=O)O)CC(c2cccc(Br)c2)C1,,random_balanced,BB-0576,BB-1570,2,1,0.33326097821950856
BB-0818 BB-0403,"[818, 403]",[96],CCO[C@@H]1CC(C(=O)O)(N(C(=O)OC(C)(C)C)C(C)(C)COc2ccc(C(F)(F)F)cn2)[C@H]1N1C(=O)CCC1=O,,random_balanced,BB-0818,BB-0403,5,6,0.585049314797024
BB-1967 BB-1995,"[1967, 1995]",[96],CC(C)(C)OC(=O)N(Cc1cc(F)cc2c1OCOC2)C1(C(=O)O)CC(Oc2ccccc2)C1(C)C,,random_balanced,BB-1967,BB-1995,5,4,0.4831024569393839
BB-1331 BB-1893,"[1331, 1893]",[39],CC1Cc2ncc(NC(=O)OC(C)(C)C)cc2C(OCC2(C(=O)OC(C)(C)C)CCCC2)(C(=O)O)C1,,random_balanced,BB-1331,BB-1893,4,0,0.4970702390008095
BB-0714 BB-0476,"[714, 476]",[85],CC(C)(C)OC(=O)Nc1ccc(B2OC(C)(C)C(C)(C)O2)cc1C(=O)N1CCC(n2cnc(C(N)=O)c2NC(=O)OC(C)(C)C)CC1,,random_balanced,BB-0714,BB-0476,3,0,0.1957150506570013
BB-2175 BB-1794,"[2175, 1794]",[96],CCc1ccc(S(=O)(=O)N(C(=O)OC(C)(C)C)C(C=C(OC)OC)(C(=O)O)C(F)(F)F)o1,,random_balanced,BB-2175,BB-1794,1,3,0.34443316714726746
BB-0978 BB-1896,"[978, 1896]",[96],COc1ccc(C(F)F)cc1S(=O)(=O)N(C(=O)OC(C)(C)C)C1(C(=O)O)CCOc2cc(C)c(Br)cc21,,random_balanced,BB-0978,BB-1896,2,4,0.38728064294241116
BB-0882 BB-0420,"[882, 420]",[96],CCCc1ccc(N(C(=O)OC(C)(C)C)C2(C(=O)O)CC(C(=O)O)Oc3ccccc32)c(C#N)c1,,random_balanced,BB-0882,BB-0420,2,3,0.5164716441134404
BB-2137 BB-2023,"[2137, 2023]",[96],CC(C)(CC(F)F)CN(C(=O)OC(C)(C)C)C1(C(=O)O)CC(CNC(=O)OC(C)(C)C)Oc2ccccc21,,random_balanced,BB-2137,BB-2023,3,4,0.5663292047211937
BB-2020 BB-2070,"[2020, 2070]",[50],CC(C)(C)OC(=O)NCC(O)(c1ccc(F)cc1Cl)c1cc(NC(=O)OC(C)(C)C)ccc1C(C)(C)C,,random_balanced,BB-2020,BB-2070,5,2,0.5327432114677445
BB-0374 BB-1046,"[374, 1046]",[96],Cc1ccc(CC(C(=O)O)(C2CC2)N(Cc2c(C)cc(C)[nH]c2=O)C(=O)OC(C)(C)C)cc1,,random_balanced,BB-0374,BB-1046,3,4,0.5387555876532718
BB-1182 BB-1509,"[1182, 1509]",[96],COCCn1c(NC(=O)OC(C)(C)C)c(C(CCl)(C(=O)O)N(C(=O)OC(C)(C)C)C(C)Cc2cc(F)cc(OC)c2)c(=O)[nH]c1=O,,random_balanced,BB-1182,BB-1509,3,4,0.3421809783008333
BB-2086 BB-0092,"[2086, 92]",[39],Cc1ccc(C(CNC(=O)OC(C)(C)C)(C(=O)O)n2ncc3cc([N+](=O)[O-])ccc32)c(C)c1,,random_balanced,BB-2086,BB-0092,6,0,0.7300284641461612
BB-2179 BB-0391,"[2179, 391]",[25],CC(C)(C)OC(=O)Nc1ccc(N(c2ncccn2)C2CCCCC2CCCC2CC2)cc1,,random_balanced,BB-2179,BB-0391,4,6,0.5452808938742897
BB-1815 BB-1112,"[1815, 1112]",[96],CCCCCN1C(=O)C(C(=O)O)(N(C(=O)OC(C)(C)C)c2cc(Cl)c(OC)c(Cl)c2)c2ccccc21,,random_balanced,BB-1815,BB-1112,3,5,0.5105428000497485
BB-1527 BB-1163,"[1527, 1163]",[96],CC1(C)CC(C)(C)CC(C(=O)O)(N(C(=O)OC(C)(C)C)c2ccc(OCc3nnn[nH]3)cc2)C1,,random_balanced,BB-1527,BB-1163,3,3,0.5852275943668275
BB-2000 BB-0751,"[2000, 751]",[47],CN1CCN(C(=O)CCc2cn(C)nc2NC(=O)OC(C)(C)C)CC1,,random_balanced,BB-2000,BB-0751,3,0,0.7493023287385935
BB-0434 BB-1386,"[434, 1386]",[96],CN(C)/C=C1\OCCN(C(=O)OC(C)(C)C)CC1(C(=O)O)N(C(=O)OC(C)(C)C)C1CC1CC(C)(C)C,,random_balanced,BB-0434,BB-1386,1,7,0.4037373653049305
BB-2169 BB-0694,"[2169, 694]",[61],Cc1ncsc1C(=O)N1CCCN(C(=O)C(CN(C)c2ccccc2)NC(=O)OC(C)(C)C)CC1,,random_balanced,BB-2169,BB-0694,3,0,0.6594021282652833
BB-2036 BB-1576,"[2036, 1576]",[82],CC1(C)Cc2oc(NC(=O)OC(C)(C)C)nc2C(N2CCc3cc(C(=O)O)cnc3C2)C1,,random_balanced,BB-2036,BB-1576,6,3,0.7952943048295334
BB-1822 BB-0893,"[1822, 893]",[88],Cc1c(CNC(=O)OC(C)(C)C)oc2ccc(OCC(F)(F)C(C)(F)F)cc12,,random_balanced,BB-1822,BB-0893,2,0,0.4404401518965638
BB-0814 BB-1334,"[814, 1334]",[31],COc1ccc(Oc2cc3nc(C)[nH]c3cc2Cl)c(C(C)NC(=O)OC(C)(C)C)c1,,random_balanced,BB-0814,BB-1334,3,0,0.6773952136878517
BB-0055 BB-2091,"[55, 2091]",[96],CCCn1c(NC(=O)OC(C)(C)C)c(N2CCOCC2)c(=O)n(C(CNC(=O)OC(C)(C)C)(CC2CC2)C(=O)O)c1=O,,random_balanced,BB-0055,BB-2091,3,5,0.5247045118831719
BB-2127 BB-1245,"[2127, 1245]",[10],Cc1ccc2[nH]c(=O)ccc2c1Sc1cc(C(F)(F)F)nc(NC(=O)OC(C)(C)C)n1,,random_balanced,BB-2127,BB-1245,4,2,0.6401137754642887
BB-1730 BB-1259,"[1730, 1259]",[31],Cc1nc2ccccc2nc1OC1(CNC(=O)OC(C)(C)C)CS(=O)(=O)C1,,random_balanced,BB-1730,BB-1259,1,0,0.7404578000404837
BB-0490 BB-1492,"[490, 1492]",[79],CC(C)N(CC(O)c1ccc(N(C(=O)C(=O)N(C)S(=O)(=O)c2ccccc2CNC(=O)OC(C)(C)C)S(C)(=O)=O)cc1)N=O,,random_balanced,BB-0490,BB-1492,2,0,0.11209517465271356
BB-2192 BB-2010,"[2192, 2010]",[25],CC(C)(C)OC(=O)Nc1ccc(C2CCN(C3CCc4c3cc3c(c4NC(=O)OC(C)(C)C)CCC3)CC2)cn1,,random_balanced,BB-2192,BB-2010,4,5,0.1517075497867025
BB-2099 BB-1434,"[2099, 1434]",[10],COC(=O)C1COc2c(F)cc(Sc3ccc(NC(=O)OC(C)(C)C)cc3C(=O)N(C)C)cc21,,random_balanced,BB-2099,BB-1434,3,0,0.6469129401019065
BB-1349 BB-1383,"[1349, 1383]",[61],CC(C)(C)OC(=O)NC(C(=O)NS(=O)(=O)c1cc(C(=O)O)ccc1N)c1cc(F)ccc1F,,random_balanced,BB-1349,BB-1383,4,0,0.48404575775093656
BB-2174 BB-0101,"[2174, 101]",[96],CCCCO/C=C/C(C(=O)O)(N(C(=O)OC(C)(C)C)c1ccc(Oc2ccc(CCOC)cc2)cc1)C(F)(F)F,,random_balanced,BB-2174,BB-0101,2,4,0.3042512286337571
BB-0042 BB-1688,"[42, 1688]",[47],CC(C)(C)OC(=O)NS(=O)(=O)c1cc(C(=O)O)c(F)c(-c2cc([N+](=O)[O-])ccc2C(=O)O)c1,,random_balanced,BB-0042,BB-1688,3,0,0.5475369553507019
BB-0980 BB-0286,"[980, 286]",[96],COC(=O)C1CCN(C(=O)CC(C)(C(=O)O)N(NC(=O)c2ccccc2OCc2ccc(F)cc2)C(=O)OC(C)(C)C)CC1,,random_balanced,BB-0980,BB-0286,3,2,0.37363762327413574
BB-0776 BB-0012,"[776, 12]",[10],CC(C)(C)OC(=O)Nc1ccc(Sc2nccn3nc(C(C)(C)C)cc23)cc1C(=O)c1ccc(F)cc1,,random_balanced,BB-0776,BB-0012,4,0,0.535155926881984
BB-1775 BB-1641,"[1775, 1641]",[96],COC(=O)c1cn(C(C)(C(=O)O)c2ccc(N3CCNC3=O)cc2)c(C2(NC(=O)OC(C)(C)C)CCC2)n1,,random_balanced,BB-1775,BB-1641,4,3,0.658858252969714
BB-0015 BB-0788,"[15, 788]",[74],Cc1ccc(C(NC(=O)OC(C)(C)C)c2ccc(F)cc2S(=O)(=O)c2ccc(CBr)c(I)c2)cc1,,random_balanced,BB-0015,BB-0788,3,1,0.5578258197416095
BB-1311 BB-1834,"[1311, 1834]",[79],COc1ccc(NC(=O)OC(C)(C)C)cc1S(=O)(=O)N(C(=O)C(=O)N(Cc1ccccc1)OCC(C)C)c1ccc(Cl)cc1,,random_balanced,BB-1311,BB-1834,4,0,0.158688284814852
BB-0688 BB-1570,"[688, 1570]",[96],Cc1ccccc1-c1cc(N(C(=O)OC(C)(C)C)C2(C(=O)O)CC(c3cccc(Br)c3)C2)n(Cc2ccccc2)n1,,random_balanced,BB-0688,BB-1570,1,2,0.2963576224133588
BB-1939 BB-1480,"[1939, 1480]",[10],Cn1cc2cc(Sc3cc(F)c(Br)c(F)c3NC(=O)OC(C)(C)C)cc(F)c2n1,,random_balanced,BB-1939,BB-1480,2,1,0.49306104513973026
BB-1623 BB-0710,"[1623, 710]",[62],Cc1cc2cc(N3C[C@@H]4OC[C@H]3[C@H]4O)c(F)cc2nc1NC(=O)OC(C)(C)C,,random_balanced,BB-1623,BB-0710,3,0,0.5584503399356631
BB-2053 BB-1537,"[2053, 1537]",[10],CC(C)(C)OC(=O)Nc1nc(C(C)(C)C)c(Sc2cc(Cl)cc(-c3nc(CCl)co3)c2)s1,,random_balanced,BB-2053,BB-1537,5,1,0.6013493971626103
BB-0885 BB-1682,"[885, 1682]",[96],Cc1ccc(-c2cnccn2)cc1N(C(=O)OC(C)(C)C)C(CNC(=O)OC(C)(C)C)(C(=O)O)c1ccc(Br)cc1,,random_balanced,BB-0885,BB-1682,2,6,0.28944677782677647
BB-1290 BB-1823,"[1290, 1823]",[27],CC(C)(C)OC(=O)N[C@@H]1CCc2c(-c3noc([C@@H]4C[C@H]5C[C@H](CN5C(=O)OC(C)(C)C)O4)n3)cccc21,,random_balanced,BB-1290,BB-1823,2,0,0.2950478894318259
BB-2035 BB-1523,"[2035, 1523]",[107],Cc1csc(C(=O)CNC(=O)OC(C)(C)C)c1C(O)c1c(C)ccc(C)c1[N+](=O)[O-],,random_balanced,BB-2035,BB-1523,7,0,0.7134491596450515
BB-0324 BB-0362,"[324, 362]",[96],CCOC(=O)c1sc2ncc(C(=O)OC)cc2c1N(C(=O)OC(C)(C)C)C(C)(C(=O)O)c1ncccc1C(=O)O,,random_balanced,BB-0324,BB-0362,3,3,0.32320138686854316
BB-1629 BB-0310,"[1629, 310]",[40],Cc1cccc(C(COC(=O)c2cc(C)cc(F)c2NC(=O)OC(C)(C)C)N2CCNCC2)c1,,random_balanced,BB-1629,BB-0310,3,0,0.5627427038143767
BB-2174 BB-1805,"[2174, 1805]",[96],COCCc1ccc(Oc2ccc(N(C(=O)OC(C)(C)C)C3(C(=O)O)CCc4ccc(Cl)cc43)cc2)cc1,,random_balanced,BB-2174,BB-1805,3,4,0.5465898929358646
BB-1233 BB-0369,"[1233, 369]",[79],COC(=O)c1cnc2n1CCCN2C(=O)C(=O)N(c1cc(C)nn1-c1ccccc1)S(=O)(=O)c1ccc(NC(=O)OC(C)(C)C)cc1,,random_balanced,BB-1233,BB-0369,3,0,0.15827567873382759
BB-0201 BB-1896,"[201, 1896]",[96],CNS(=O)(=O)N1CCC(N(C(=O)OC(C)(C)C)C2(C(=O)O)CCOc3cc(C)c(Br)cc32)CC1,,random_balanced,BB-0201,BB-1896,3,5,0.5661091948660385
BB-0028 BB-0878,"[28, 878]",[10],CCn1c(NC(=O)OC(C)(C)C)c(C(=O)CSc2cc3c(cc2CNC)OCO3)c(=O)[nH]c1=O,,random_balanced,BB-0028,BB-0878,4,1,0.6417905580854291
BB-2177 BB-0378,"[2177, 378]",[96],Cc1ccc(C2CCCC2N(C(=O)OC(C)(C)C)C(CBr)(C(=O)O)C2COc3ccccc3O2)cc1,,random_balanced,BB-2177,BB-0378,2,4,0.4555358665468519
BB-2099 BB-0073,"[2099, 73]",[74],CN(C)C(=O)c1cc(NC(=O)OC(C)(C)C)ccc1S(=O)(=O)c1cncnc1N(C)CC1CCOC1,,random_balanced,BB-2099,BB-0073,4,0,0.47217586436020437
BB-2180 BB-1755,"[2180, 1755]",[97],CC(CONC(=O)OC(C)(C)C)OC(=O)c1cccc[n+]1[O-],,random_balanced,BB-2180,BB-1755,3,0,0.3582086706451548
BB-1270 BB-0487,"[1270, 487]",[88],CC(C)(C)OC(=O)NNc1cc(F)c(Cl)cc1OC[C@@H]1CNCCO1,,random_balanced,BB-1270,BB-0487,3,1,0.5726289654753078
BB-0399 BB-0228,"[399, 228]",[96],Cc1cc(Cl)c(O)c(C(C)(C(=O)O)N(C(=O)OC(C)(C)C)c2nnn(C)n2)c1,,random_balanced,BB-0399,BB-0228,3,5,0.33471217347017246
BB-1939 BB-1230,"[1939, 1230]",[62],C[C@@H]1C[C@H](C(=O)O)C[C@H](C)N1c1c(F)cc(I)c(NC(=O)OC(C)(C)C)c1F,,random_balanced,BB-1939,BB-1230,3,1,0.7342072048707516
BB-1833 BB-0281,"[1833, 281]",[15],CC(C)(C)OC(=O)NCc1cccc(C(=N)N2C(=O)N[C@H]3C[C@H](C3)C2=O)c1,,random_balanced,BB-1833,BB-0281,1,0,0.6028529827937501
BB-1815 BB-2099,"[1815, 2099]",[18],COc1c(Cl)cc(NC(=O)OC(C)(C)C)cc1S(=O)(=O)c1ccc(NC(=O)OC(C)(C)C)cc1C(=O)N(C)C,,random_balanced,BB-1815,BB-2099,4,5,0.19258552272816878
BB-2034 BB-1688,"[2034, 1688]",[50],COC(=O)c1cc(C(C)(O)c2cc([N+](=O)[O-])ccc2C(=O)O)c(NC(=O)OC(C)(C)C)[nH]1,,random_balanced,BB-2034,BB-1688,8,1,0.6726829203854205
BB-2141 BB-0627,"[2141, 627]",[96],CC(C)(C)OC(=O)N(Cc1ccc(Oc2ccc([N+](=O)[O-])cc2)cc1)C(/C=C(/[O-])C(F)(F)F)(C(=O)O)c1cccnc1,,random_balanced,BB-2141,BB-0627,2,3,0.548524988348592
BB-0425 BB-0872,"[425, 872]",[50],CCOC(=O)c1nc2c(C(O)c3cn[nH]c3NC(=O)OC(C)(C)C)cccn2c1C,,random_balanced,BB-0425,BB-0872,6,0,0.5159377896281071
BB-0350 BB-0972,"[350, 972]",[96],CC(C)(C)OC(=O)N(c1nnc2[nH]cnn12)C(C(=O)O)(C(=O)O)c1cnn(C(C)(C)C)c1,,random_balanced,BB-0350,BB-0972,3,2,0.5812901969745767
BB-2161 BB-0883,"[2161, 883]",[96],Cc1c(N2C(=O)CCNC2=O)cccc1N(C(=O)OC(C)(C)C)C(CCCl)(C(=O)O)c1ccccc1F,,random_balanced,BB-2161,BB-0883,3,4,0.39169532899019427
BB-2038 BB-0099,"[2038, 99]",[68],CC(C)(C)OC(=O)Nc1n[nH]c2ccc(F)c(Sc3sccc3CBr)c12,,random_balanced,BB-2038,BB-0099,4,0,0.6628181616698662
BB-0572 BB-1570,"[572, 1570]",[96],COc1ccc(C(F)(F)F)cc1N(C(=O)OC(C)(C)C)C1(C(=O)O)CC(c2cccc(Br)c2)C1,,random_balanced,BB-0572,BB-1570,2,3,0.4045340149892704
BB-0558 BB-2127,"[558, 2127]",[10],CC(C)(C)OC(=O)Nc1nc(Sc2ccc(N3CCCC(NC(=O)OC(C)(C)C)C3=O)c(Cl)c2)cc(C(F)(F)F)n1,,random_balanced,BB-0558,BB-2127,3,5,0.03685298572551566
BB-2061 BB-1728,"[2061, 1728]",[88],CC1CC(Oc2ccc(NC(=O)OC(C)(C)C)c3c2OCCO3)CN1C,,random_balanced,BB-2061,BB-1728,3,0,0.5807736781409613
BB-2149 BB-1628,"[2149, 1628]",[96],COc1c(F)ccc(N(C(=O)OC(C)(C)C)C(CBr)(C(=O)O)c2cn(C)c3ccccc23)c1F,,random_balanced,BB-2149,BB-1628,3,7,0.5216186519671565
BB-0733 BB-1718,"[733, 1718]",[96],CC(C)CC1(CN(C(=O)OC(C)(C)C)C(C(=O)O)(c2ccc(Cl)cc2)C(F)Br)N=N1,,random_balanced,BB-0733,BB-1718,3,4,0.32318050578830254
BB-0599 BB-1989,"[599, 1989]",[96],CC1CN(Cc2ccccc2CN(C(=O)OC(C)(C)C)C(C)(C(=O)O)c2cc3cccc(F)c3o2)CC(C)O1,,random_balanced,BB-0599,BB-1989,3,3,0.49951041757540454
BB-0194 BB-1331,"[194, 1331]",[96],COCC(c1ccccc1)(c1nc2ccccc2n1C)N(C(=O)OC(C)(C)C)C1(C(=O)O)CC(C)Cc2ncc(NC(=O)OC(C)(C)C)cc21,,random_balanced,BB-0194,BB-1331,2,5,0.32318210686854437
BB-2154 BB-1708,"[2154, 1708]",[0],CC(C)(C)OC(=O)Nc1ccccc1C(=O)C(=Cc1cccc(CBr)c1)C1CCC1,,random_balanced,BB-2154,BB-1708,4,1,0.694253747924431
BB-0445 BB-2098,"[445, 2098]",[96],CC(C)(C)OC(=O)Nc1cc(C(C)(C(=O)O)N(CC23COCC(C(F)F)(C2)C3)C(=O)OC(C)(C)C)ccc1Br,,random_balanced,BB-0445,BB-2098,4,5,0.6558152590341312
BB-0336 BB-0750,"[336, 750]",[75],COc1cc(S(=O)(=O)c2ccc(-n3cnnn3)cc2NC(=O)OC(C)(C)C)ccc1C(CO)NC(=O)OC(C)(C)C,,random_balanced,BB-0336,BB-0750,2,4,0.1327332441393737
BB-2129 BB-1043,"[2129, 1043]",[96],CCc1nc(C)c(N(C(=O)OC(C)(C)C)C(CN2CCNCC2)(C(=O)O)c2cccs2)s1,,random_balanced,BB-2129,BB-1043,2,4,0.43838406523740464
BB-2085 BB-0827,"[2085, 827]",[88],CC(C)C(COc1ccc2c(c1)C(NC(=O)OC(C)(C)C)C(=O)N2C)C(=O)O,,random_balanced,BB-2085,BB-0827,2,0,0.772746931215596
BB-2159 BB-0961,"[2159, 961]",[98],CC(C)(C)OC(=O)NOC(COC(=O)CCc1nnc(CNC(=O)OCC2c3ccccc3-c3ccccc32)s1)C1CCCC1,,random_balanced,BB-2159,BB-0961,3,2,0.029477607512058607
BB-1149 BB-1326,"[1149, 1326]",[96],COc1cccc(C(C(=O)O)(c2ccc(C(=O)O)cc2)N(C(=O)OC(C)(C)C)C(c2nc(C)no2)C2CCOCC2)c1,,random_balanced,BB-1149,BB-1326,1,4,0.3069120725709639
BB-0346 BB-0746,"[346, 746]",[96],CC(C)CC1CCC(C(=O)O)(N(C(=O)OC(C)(C)C)C(CC(C)C)c2nnc3ccccn23)C1,,random_balanced,BB-0346,BB-0746,4,3,0.4736859202876704
BB-1376 BB-1029,"[1376, 1029]",[96],COC(=O)c1ccc(C(C)(C)N(C(=O)OC(C)(C)C)C2(C(=O)O)c3cc(Br)ccc3CC2C(F)(F)F)cc1,,random_balanced,BB-1376,BB-1029,2,5,0.40506559065686537
BB-2063 BB-0849,"[2063, 849]",[10],Cc1cc(Cl)c(CNC(=O)OC(C)(C)C)nc1Sc1cc(CO)c2c(c1)CCO2,,random_balanced,BB-2063,BB-0849,3,0,0.5825490796641596
BB-2134 BB-0028,"[2134, 28]",[96],CCn1c(NC(=O)OC(C)(C)C)c(C(CCl)(C(=O)O)N(CCCCc2ccccc2)C(=O)OC(C)(C)C)c(=O)[nH]c1=O,,random_balanced,BB-2134,BB-0028,7,5,0.428563278072644
BB-2168 BB-0120,"[2168, 120]",[96],CCOC(=O)c1[nH]c2c(c1C)C(C(=O)O)(N(C(=O)OC(C)(C)C)c1cccn(CCF)c1=O)CC(C)(C)C2,,random_balanced,BB-2168,BB-0120,4,4,0.4344535703957171
BB-1306 BB-1200,"[1306, 1200]",[96],Cc1ccc2c(c1)C(C(=O)O)(N(Cc1ccc3ccccc3c1F)C(=O)OC(C)(C)C)C(=O)N2,,random_balanced,BB-1306,BB-1200,3,4,0.5979695259829333
BB-2138 BB-1701,"[2138, 1701]",[96],CC(C)(C)OC(=O)NC1CC(C(=O)O)(N(C(=O)OC(C)(C)C)[C@@H]2CCCN(S(=O)(=O)c3cccs3)C2)C12CC(C(F)F)C2,,random_balanced,BB-2138,BB-1701,2,5,0.5928890055752126
BB-0034 BB-0498,"[34, 498]",[3],Cc1cnc(N(CCNC(=O)OC(C)(C)C)C(=O)C(C)NC(=O)Cc2cccc3ccccc23)nc1,,random_balanced,BB-0034,BB-0498,3,0,0.4346896360384465
BB-0577 BB-0011,"[577, 11]",[96],CC(NC(=O)OC(C)(C)C)C(=O)Nc1cc(C(F)(F)F)nn1C(CC1COCCN1)(C(=O)O)c1ccccc1,,random_balanced,BB-0577,BB-0011,3,2,0.7488229521719888
BB-1197 BB-0566,"[1197, 566]",[96],Cn1c(C(C)(C(=O)O)N(C(=O)OC(C)(C)C)C(C)(C)c2cn(CC3CC3)nn2)nc2ccc(Cl)cc21,,random_balanced,BB-1197,BB-0566,4,2,0.40799357536671516
BB-1754 BB-1533,"[1754, 1533]",[16],Cn1c(NC(=O)OC(C)(C)C)c(C(=O)COC(=O)COc2ccc(CCNC(=O)OC(C)(C)C)cc2)c(=O)n(C)c1=O,,random_balanced,BB-1754,BB-1533,2,6,0.16004528668522522
BB-0647 BB-2065,"[647, 2065]",[107],CCC(O)(c1cc(CNC(=O)OC(C)(C)C)c2ncccc2c1)c1cc(NC(=O)OC(C)(C)C)ccc1F,,random_balanced,BB-0647,BB-2065,1,4,0.1760435858152785
BB-1211 BB-0048,"[1211, 48]",[62],COc1cc(C)c(N2CCCC(n3cccn3)C2)cc1NC(=O)OC(C)(C)C,,random_balanced,BB-1211,BB-0048,3,0,0.7556435214609952
BB-0881 BB-0141,"[881, 141]",[107],Cc1cc(C(O)c2ccc(N=[N+]=[N-])c(F)c2)cc(C#N)c1NC(=O)OC(C)(C)C,,random_balanced,BB-0881,BB-0141,2,0,0.5455414740231584
BB-0838 BB-1862,"[838, 1862]",[96],CCCn1c(N(C(=O)OC(C)(C)C)C2(C(=O)O)CCCc3[nH]c(C(=O)OCC)cc32)nc2ccccc21,,random_balanced,BB-0838,BB-1862,1,4,0.5909615100796948
BB-1183 BB-1241,"[1183, 1241]",[96],CCCCC(C(=O)O)(c1ccc(C)cc1O)N(NC(=O)OC(C)(C)C)c1c(OC)cccc1S(C)(=O)=O,,random_balanced,BB-1183,BB-1241,5,7,0.31695414884070117
BB-0264 BB-0019,"[264, 19]",[3],CN(C(=O)C12CC(N(NC(=O)OC(C)(C)C)C(=O)OC(C)(C)C)(C1)C2)c1ncc(F)cc1NC(=O)OC(C)(C)C,,random_balanced,BB-0264,BB-0019,3,0,0.343208457465827
BB-0264 BB-0321,"[264, 321]",[85],CN(C(=O)C1=C(B2OC(C)(C)C(C)(C)O2)CCCC1)c1ncc(F)cc1NC(=O)OC(C)(C)C,,random_balanced,BB-0264,BB-0321,4,0,0.6532513314996706
BB-0559 BB-1337,"[559, 1337]",[106],CC(C)(C)OC(=O)Nc1cc(C(F)(F)F)ncc1C(=O)c1cc(F)cc(Br)c1CC(=O)O,,random_balanced,BB-0559,BB-1337,2,0,0.564539910003427
BB-1463 BB-1694,"[1463, 1694]",[96],Cc1c(C(C)(C(=O)O)N(C(=O)OC(C)(C)C)S(=O)(=O)C2CC2)nnn1-c1cccc2ncccc12,,random_balanced,BB-1463,BB-1694,3,4,0.5443542203937844
BB-1205 BB-2034,"[1205, 2034]",[96],COC(=O)c1cc(C(C)(C(=O)O)N(C(=O)OC(C)(C)C)c2nccn2-c2ccccc2)c(NC(=O)OC(C)(C)C)[nH]1,,random_balanced,BB-1205,BB-2034,3,9,0.5232163164926563
BB-0619 BB-1650,"[619, 1650]",[96],C#Cc1cccc(C(C)(C(=O)O)N(CCN2Cc3ncsc3C2)C(=O)OC(C)(C)C)c1F,,random_balanced,BB-0619,BB-1650,2,3,0.4726999905128235
BB-0520 BB-0837,"[520, 837]",[96],Cn1nc([N+](=O)[O-])cc1C(C)(C(=O)O)N(CC1(c2cccc(C(F)(F)F)c2)CCCC1)C(=O)OC(C)(C)C,,random_balanced,BB-0520,BB-0837,2,3,0.3500274174845792
BB-0622 BB-1114,"[622, 1114]",[68],CC(C)(C)OC(=O)NCc1cc2c(cc1Sc1cccc(C(CC(F)(F)F)C(=O)O)c1)OC(C)(C)O2,,random_balanced,BB-0622,BB-1114,2,0,0.5371949448455532
BB-1678 BB-0673,"[1678, 673]",[17],CC(C)(C)OC(=O)NC(Cc1cc(C(F)(F)F)cnc1S(=O)(=O)c1ccccc1C1(O)CCNCC1)C(=O)O,,random_balanced,BB-1678,BB-0673,3,1,0.5108516880556382
BB-1479 BB-0962,"[1479, 962]",[22],C[C@H]1CN(C(=O)C(=O)N(c2ccc(C#N)cc2)S(=O)(=O)NC(=O)OC(C)(C)C)CC[C@H]1N(C)C,,random_balanced,BB-1479,BB-0962,6,0,0.4415245417047151
BB-0389 BB-1018,"[389, 1018]",[96],Cc1ccc(C(CCCC(=O)O)(C(=O)O)N(CC(F)(F)C2CC2)C(=O)OC(C)(C)C)cc1,,random_balanced,BB-0389,BB-1018,3,4,0.3575255445971281
BB-2172 BB-0006,"[2172, 6]",[96],CSc1ccc([N+](=O)[O-])cc1C(C)(C(=O)O)N(C(=O)OC(C)(C)C)c1ccc([N+](=O)[O-])c(C(=O)O)c1,,random_balanced,BB-2172,BB-0006,2,5,0.3600301990587925
BB-0727 BB-0627,"[727, 627]",[96],CC(C)(C)OC(=O)N(C(C)(C)C(=O)Nc1ccccc1)C(/C=C(/[O-])C(F)(F)F)(C(=O)O)c1cccnc1,,random_balanced,BB-0727,BB-0627,3,4,0.4550895264774559
BB-0647 BB-0310,"[647, 310]",[62],Cc1cccc(C(CO)N2CCN(c3cc(CNC(=O)OC(C)(C)C)c4ncccc4c3)CC2)c1,,random_balanced,BB-0647,BB-0310,2,1,0.5615629210863514
BB-1101 BB-1006,"[1101, 1006]",[39],CCCN(Cc1ccc(B2OC(C)(C)C(C)(C)O2)cc1)C(C)(C(=O)O)c1sc(NC(=O)OC(C)(C)C)c(C(=O)OCC)c1C,,random_balanced,BB-1101,BB-1006,5,0,0.16518526825897387
BB-1544 BB-0792,"[1544, 792]",[96],CCCN1C(=O)C(C(=O)O)(N(CCCN2CCCN(C(=O)OC(C)(C)C)CC2)C(=O)OC(C)(C)C)c2cc(Br)ccc21,,random_balanced,BB-1544,BB-0792,3,2,0.5501290153184737
BB-1985 BB-0214,"[1985, 214]",[96],CCc1sc(N(C(=O)OC(C)(C)C)C2(C(=O)O)CNc3c2c(=O)n(C)c(=O)n3CC(C)C)nc1-c1ccc(OC)cc1,,random_balanced,BB-1985,BB-0214,2,3,0.3923403877873756
BB-0445 BB-1905,"[445, 1905]",[96],CC(C)(C)OC(=O)N(CC12COCC(C(F)F)(C1)C2)C(C(=O)O)(c1ncc[nH]1)C1CCCCC1,,random_balanced,BB-0445,BB-1905,5,6,0.24800225900309678
BB-0932 BB-2033,"[932, 2033]",[96],C[C@H]1CN(C)C[C@@H](C(=O)N(NC(=O)OC(C)(C)C)C2(C(=O)O)CCCc3ccc(NC(=O)OC(C)(C)C)cc32)O1,,random_balanced,BB-0932,BB-2033,3,7,0.43666256842787193
BB-1317 BB-1528,"[1317, 1528]",[61],Cc1ccc2c(c1)[C@@H](NC(=O)OC(C)(C)C)[C@@H](C(=O)N1CCC(c3nc4ccccc4o3)CC1)C2,,random_balanced,BB-1317,BB-1528,4,0,0.6486929758837301
BB-1639 BB-1748,"[1639, 1748]",[61],CC(C)(C)OC(=O)NC1CCc2c(C(=O)Nc3nc(N)cc(Br)n3)cc(C(=O)O)cc21,,random_balanced,BB-1639,BB-1748,2,1,0.35788494257856346
BB-0925 BB-1779,"[925, 1779]",[96],CC(=O)Nc1ccc(C(C(=O)O)(C(C)Cl)N(C(=O)OC(C)(C)C)c2cncc(-c3cnn(C4CCCCO4)c3)c2)cc1,,random_balanced,BB-0925,BB-1779,3,4,0.47406748377174657
BB-2077 BB-0923,"[2077, 923]",[104],Cc1cccc(-c2c(CO)nn(C)c2Cl)c1CNC(=O)OC(C)(C)C,,random_balanced,BB-2077,BB-0923,3,1,0.582088938906815
BB-1544 BB-1701,"[1544, 1701]",[96],CC(C)(C)OC(=O)NC1CC(C(=O)O)(N(CCCN2CCCN(C(=O)OC(C)(C)C)CC2)C(=O)OC(C)(C)C)C12CC(C(F)F)C2,,random_balanced,BB-1544,BB-1701,4,6,0.5191487032146005
BB-2139 BB-2074,"[2139, 2074]",[96],CCOc1ccc(N(C(=O)OC(C)(C)C)C(CNC(=O)OC(C)(C)C)(C(=O)O)c2ccn(C)n2)cc1C,,random_balanced,BB-2139,BB-2074,2,6,0.3700773309448129
BB-1587 BB-1266,"[1587, 1266]",[47],Cc1cc2c(cc1-c1cccc3c1OC(C)(C)CC3NC(=O)OC(C)(C)C)OCCC2=O,,random_balanced,BB-1587,BB-1266,4,5,0.7521333167785725
BB-1533 BB-0692,"[1533, 692]",[39],Cn1c(NC(=O)OC(C)(C)C)c(C(CCl)(OC(=O)C2CCc3cc(Br)ccc3N2)C(=O)O)c(=O)n(C)c1=O,,random_balanced,BB-1533,BB-0692,7,0,0.5512628501194976
BB-1681 BB-0933,"[1681, 933]",[28],CC1C(c2ccccc2)CCN1C(=O)c1ccc(CNC(=O)OC(C)(C)C)o1,,random_balanced,BB-1681,BB-0933,1,0,0.703715765754637
BB-1506 BB-2064,"[1506, 2064]",[15],Cc1cc(Cl)c(C)c2c(=O)n(C(=O)c3sc4nc(C(F)(F)F)cc(-c5ccco5)c4c3NC(=O)OC(C)(C)C)c(=O)[nH]c12,,random_balanced,BB-1506,BB-2064,2,6,0.4414319673413688
BB-0520 BB-0200,"[520, 200]",[96],COC(=O)c1cc(C(CCC(=O)O)(C(=O)O)N(CC2(c3cccc(C(F)(F)F)c3)CCCC2)C(=O)OC(C)(C)C)c[nH]1,,random_balanced,BB-0520,BB-0200,3,4,0.5992315140904815
BB-2163 BB-1217,"[2163, 1217]",[96],Cc1cc(O)cc2c1C(C(=O)O)(N(CC1(C)CCCOC1)C(=O)OC(C)(C)C)CO2,,random_balanced,BB-2163,BB-1217,3,4,0.30118497664775806
BB-2085 BB-1381,"[2085, 1381]",[62],CN1C(=O)C(NC(=O)OC(C)(C)C)c2cc(N3CCC(Cn4ccc([N+](=O)[O-])n4)CC3)ccc21,,random_balanced,BB-2085,BB-1381,3,0,0.5754219712348914
BB-1282 BB-0403,"[1282, 403]",[96],CCO[C@@H]1CC(C(=O)O)(N(Cc2cccc(NC(=O)COC)c2)C(=O)OC(C)(C)C)[C@H]1N1C(=O)CCC1=O,,random_balanced,BB-1282,BB-0403,3,7,0.5278862361761968
BB-2122 BB-1458,"[2122, 1458]",[49],CCN1CCC(NC(=O)OC(C)(C)C)(C(=O)CCC=C(F)F)CC1,,random_balanced,BB-2122,BB-1458,2,0,0.5359354061131671
BB-2138 BB-0292,"[2138, 292]",[96],Cc1cc(C)c(C(CCCC(=O)O)(C(=O)O)N(C(=O)OC(C)(C)C)[C@@H]2CCCN(S(=O)(=O)c3cccs3)C2)c(C)c1,,random_balanced,BB-2138,BB-0292,3,3,0.3944065973912949
BB-1511 BB-1845,"[1511, 1845]",[28],CC(C)(C)OC(=O)NC(C(=O)N1[C@@H]2C[C@@H](F)C[C@H]1C2)C1CCOC1,,random_balanced,BB-1511,BB-1845,2,0,0.3183540786110303
BB-2115 BB-0010,"[2115, 10]",[96],CCOc1ccc(N(C(=O)OC(C)(C)C)C2(C(=O)O)c3ccccc3CC23CCOCC3)c2ncccc12,,random_balanced,BB-2115,BB-0010,4,3,0.46869764160702587
BB-2139 BB-1864,"[2139, 1864]",[96],CCOC(=O)C1(C)CCCCC1(C(=O)O)N(C(=O)OC(C)(C)C)c1ccc(OCC)c(C)c1,,random_balanced,BB-2139,BB-1864,3,5,0.3515311375075497
BB-0798 BB-0134,"[798, 134]",[96],CC(C)(C)OC(=O)N[C@H]1Cc2ccccc2[C@@H]1N(C(=O)OC(C)(C)C)C1(C(=O)O)CSCCc2ccccc21,,random_balanced,BB-0798,BB-0134,3,4,0.3533259061355984
BB-2088 BB-0083,"[2088, 83]",[96],COC(=O)N1CCC(C(=O)O)(N(C(=O)OC(C)(C)C)C2=C(Br)C(=O)CCC2)C1(C)C,,random_balanced,BB-2088,BB-0083,4,2,0.20404122894259022
BB-0823 BB-2043,"[823, 2043]",[96],CC(C)(C)OC(=O)NC1CCC(C(=O)O)(N(C(=O)OC(C)(C)C)c2cccc3c2CN(CC(F)(F)F)C3)c2ccc(Br)cc21,,random_balanced,BB-0823,BB-2043,2,4,0.6030379295248837
BB-0759 BB-1117,"[759, 1117]",[96],Cc1nn(C)c(N2CCC2)c1N(C(=O)OC(C)(C)C)C(CCl)(C(=O)O)c1ccc(Br)cc1,,random_balanced,BB-0759,BB-1117,3,6,0.21743620398870223
BB-1355 BB-0285,"[1355, 285]",[40],C[C@H](OC(=O)CCCC1CCC(NC(=O)OC(C)(C)C)C1)c1ncccn1,,random_balanced,BB-1355,BB-0285,2,0,0.447300041202634
BB-1364 BB-1849,"[1364, 1849]",[62],COc1ccc(C(NC(=O)OC(C)(C)C)C(F)(F)F)cc1N1CCCC1c1nc2ccccc2s1,,random_balanced,BB-1364,BB-1849,3,2,0.7876389697351405
BB-0806 BB-0212,"[806, 212]",[27],COC(=O)c1c(NC(=O)OC(C)(C)C)nc2n1CC(c1nc(-c3c(NC(=O)OC(C)(C)C)c(C(=O)OC)n4c3COCC4)no1)CC2,,random_balanced,BB-0806,BB-0212,3,4,0.1494654596956206
BB-0596 BB-1073,"[596, 1073]",[96],CCc1ccc2c(c1)C(C(=O)O)(N(C(=O)OC(C)(C)C)c1cccc(C)c1C(N)=O)C(=O)N2C,,random_balanced,BB-0596,BB-1073,4,3,0.45833387820959376
BB-0065 BB-0850,"[65, 850]",[88],CCCc1cc(=O)[nH]c(Sc2ccc(N3CCCC(NC(=O)OC(C)(C)C)C3)cc2Cl)n1,,random_balanced,BB-0065,BB-0850,4,0,0.23250867285126803
BB-2077 BB-0467,"[2077, 467]",[68],COC(=O)c1ccc(Sc2cccc(C)c2CNC(=O)OC(C)(C)C)c2c1CCNC2C,,random_balanced,BB-2077,BB-0467,4,2,0.7803371432606304
BB-0004 BB-0061,"[4, 61]",[25],CC(C)(C)OC(=O)NCCN(Cc1cc(-c2ccc(Cl)cc2)on1)c1ccc(C(F)(F)F)cc1C#N,,random_balanced,BB-0004,BB-0061,4,1,0.6205762280069352
BB-0373 BB-0381,"[373, 381]",[61],CC1COC(c2cccc(C(F)(F)F)c2)CN1C(=O)C(Cc1ccn(C)n1)NC(=O)OC(C)(C)C,,random_balanced,BB-0373,BB-0381,3,0,0.6617927880013367
BB-1355 BB-1473,"[1355, 1473]",[0],Cc1cc(F)c(C=C(CCC2CCC(NC(=O)OC(C)(C)C)C2)C(=O)O)cc1[N+](=O)[O-],,random_balanced,BB-1355,BB-1473,3,1,0.3112342627064874
BB-2081 BB-0502,"[2081, 502]",[39],Cc1cc(N(C(=O)C(C)Cl)C(CNC(=O)OC(C)(C)C)(CC2CCOCC2)C(=O)O)on1,,random_balanced,BB-2081,BB-0502,4,2,0.6653995370937348
BB-2067 BB-1327,"[2067, 1327]",[68],COc1ccc(OC)c2nc(Sc3cc(C)c(NC(=O)OC(C)(C)C)c([N+](=O)[O-])c3C)ccc12,,random_balanced,BB-2067,BB-1327,2,0,0.6144640939708458
BB-2179 BB-1115,"[2179, 1115]",[85],CC(C)(C)OC(=O)Nc1ccc(N(C(=O)C#Cc2ccccc2Cl)c2ncccn2)cc1,,random_balanced,BB-2179,BB-1115,5,2,0.06597585045291882
BB-2195 BB-1887,"[2195, 1887]",[96],COC(=O)c1ccc2c(c1)CCC2(C(=O)O)N(C(=O)OC(C)(C)C)c1cccnc1F,,random_balanced,BB-2195,BB-1887,2,3,0.519285288439416
BB-2146 BB-1330,"[2146, 1330]",[96],CC(C)(C)OC(=O)N(NC(=O)c1cccc([N+](=O)[O-])c1)C(C)(C(=O)O)c1nc2c(s1)CCC2,,random_balanced,BB-2146,BB-1330,3,4,0.6498908397987686
BB-1833 BB-0214,"[1833, 214]",[96],CC(C)Cn1c2c(c(=O)n(C)c1=O)C(C(=O)O)(N(Cc1cccc(C(=N)N)c1)C(=O)OC(C)(C)C)CN2,,random_balanced,BB-1833,BB-0214,2,4,0.6252753800104239
BB-1567 BB-1113,"[1567, 1113]",[96],COC(=O)c1cc(N(C(=O)OC(C)(C)C)C2(C(=O)O)CCC(OC3CCCCC3)CC2)n(C(C)C)n1,,random_balanced,BB-1567,BB-1113,4,3,0.6242493590745771
BB-0402 BB-1932,"[402, 1932]",[96],CC(C)(C)OC(=O)N(c1cccc2c1CCCN2C(N)=O)C1(C(=O)O)CC2CCCC1C2,,random_balanced,BB-0402,BB-1932,3,4,0.38042492556063146
BB-0926 BB-0669,"[926, 669]",[96],COC(=O)c1cc2c(o1)CCCC2(C(=O)O)N(C(=O)OC(C)(C)C)c1nccc2c1CN(C(=O)OC(C)(C)C)CC2,,random_balanced,BB-0926,BB-0669,4,2,0.3917238158457082
BB-0253 BB-1140,"[253, 1140]",[96],CCn1cc(N2CCC(C(=O)O)(N(Cc3nc4cc5c(cc4n3CCOC)OCO5)C(=O)OC(C)(C)C)CC2=O)cn1,,random_balanced,BB-0253,BB-1140,2,4,0.6114642603609479
BB-2042 BB-1565,"[2042, 1565]",[18],CC(C)(C)OC(=O)Nc1ccc(S(=O)(=O)c2ccc(C(C)(F)F)cn2)c(C(C)(F)F)c1,,random_balanced,BB-2042,BB-1565,3,0,0.5316926372398898
BB-1903 BB-2123,"[1903, 2123]",[88],COc1c(OC(C)(C)C2(CNC(=O)OC(C)(C)C)CCOCC2)sc(S(=O)(=O)NC(=O)OC(C)(C)C)c1OC,,random_balanced,BB-1903,BB-2123,1,3,0.32405664762003794
BB-2013 BB-1022,"[2013, 1022]",[107],Cn1c(C(=O)O)c(C(O)c2ccccc2N2CCC(NC(=O)OC(C)(C)C)C2)c2ccccc21,,random_balanced,BB-2013,BB-1022,4,2,0.7495463403569417
BB-0207 BB-2036,"[207, 2036]",[96],CC(C(=O)N1CCc2ccccc21)N(C(=O)OC(C)(C)C)C1(C(=O)O)CC(C)(C)Cc2oc(NC(=O)OC(C)(C)C)nc21,,random_balanced,BB-0207,BB-2036,3,7,0.48694550045558344
BB-1331 BB-0635,"[1331, 635]",[39],CC1Cc2ncc(NC(=O)OC(C)(C)C)cc2C(C(=O)O)(n2c(=O)n(-c3ccccn3)c3ccccc32)C1,,random_balanced,BB-1331,BB-0635,6,0,0.6103624064355506
BB-0470 BB-0845,"[470, 845]",[68],Cc1nc(N2CC[C@@H](NC(=O)OC(C)(C)C)C2)c(Sc2cnc3c(O)ncnn23)cc1C#N,,random_balanced,BB-0470,BB-0845,3,1,0.725566712542448
BB-0399 BB-1336,"[399, 1336]",[96],Cn1nnc(N(C(=O)OC(C)(C)C)C2(C(=O)O)CCCC2C2CCCN2)n1,,random_balanced,BB-0399,BB-1336,4,2,0.25435964149071666
BB-2148 BB-0949,"[2148, 949]",[96],COC(=O)C(CCC(C)C)N(C(=O)OC(C)(C)C)C1(C(=O)O)CCc2c(C(=O)O)cccc21,,random_balanced,BB-2148,BB-0949,3,2,0.36118416690215377
BB-0838 BB-1180,"[838, 1180]",[96],CCCn1c(N(C(=O)OC(C)(C)C)C(C)(C(=O)O)c2cc(CBr)ccc2[N+](=O)[O-])nc2ccccc21,,random_balanced,BB-0838,BB-1180,2,4,0.43807239433442197
BB-1811 BB-1147,"[1811, 1147]",[96],COCC(C(=O)O)(c1ccc2cc(OC)ccc2n1)N(C(=O)OC(C)(C)C)C1CC2(CCC(C)(C)C2)C1,,random_balanced,BB-1811,BB-1147,4,3,0.43307082663512253
BB-1557 BB-1555,"[1557, 1555]",[96],CCOC(=O)C1(C)C=CC(C(=O)O)(N(C(=O)OC(C)(C)C)[C@H]2CCCN(Cc3ccccc3)C2)CC1,,random_balanced,BB-1557,BB-1555,4,6,0.7017669841415527
BB-1618 BB-0560,"[1618, 560]",[96],CC(C)(C)OC(=O)Nc1csc2c(=O)n(C3(C(=O)O)C=C(c4cccc(CO)n4)CCC3)cnc12,,random_balanced,BB-1618,BB-0560,3,3,0.4000578630563475
BB-1625 BB-0083,"[1625, 83]",[96],COC(=O)[C@H]1CCCC[C@H]1S(=O)(=O)N(C(=O)OC(C)(C)C)C1(C(=O)O)CCN(C(=O)OC)C1(C)C,,random_balanced,BB-1625,BB-0083,5,3,0.3460146003542186
BB-2119 BB-0695,"[2119, 695]",[68],CC(C)(C)OC(=O)Nc1noc(-c2ccc(Cl)cc2Sc2c(F)cccc2Cl)n1,,random_balanced,BB-2119,BB-0695,2,0,0.5738073880595087
BB-1148 BB-0037,"[1148, 37]",[96],CCCC(C(=O)N(CC)C1CCCC1)N(C(=O)OC(C)(C)C)C(CC(=O)c1ccc([N+](=O)[O-])cc1)(C(=O)O)C(F)(F)F,,random_balanced,BB-1148,BB-0037,4,6,0.4426955687318445
BB-1491 BB-1932,"[1491, 1932]",[96],CC(C)(C)OC(=O)N(C1CCc2cc(F)cc(F)c21)C1(C(=O)O)CC2CCCC1C2,,random_balanced,BB-1491,BB-1932,2,5,0.2214750669601102
BB-2042 BB-0881,"[2042, 881]",[106],Cc1cc(Cl)cc(C(=O)c2ccc(NC(=O)OC(C)(C)C)cc2C(C)(F)F)c1NC(=O)OC(C)(C)C,,random_balanced,BB-2042,BB-0881,4,3,0.4659096004979218
BB-2197 BB-1466,"[2197, 1466]",[96],COC(=O)C12CCCC(CN(C(=O)OC(C)(C)C)C3(C(=O)O)CCC(O)(c4cccc(Cl)c4)CC3)(C1)OC2,,random_balanced,BB-2197,BB-1466,2,4,0.6774301369804857
BB-1652 BB-1710,"[1652, 1710]",[96],CN1C=CC(=C(C#N)C(CCl)(OC(=O)c2ccoc2CCNC(=O)OC(C)(C)C)C(=O)O)C=C1,,random_balanced,BB-1652,BB-1710,1,2,0.7680727282104729
BB-2158 BB-0605,"[2158, 605]",[49],CC(C)(C)OC(=O)NC1CCCc2cc(C(=O)c3cc(F)ncc3I)ccc21,,random_balanced,BB-2158,BB-0605,4,0,0.6255580355020839
BB-0577 BB-0340,"[577, 340]",[96],CC(NC(=O)OC(C)(C)C)C(=O)Nc1cc(C(F)(F)F)nn1C(CBr)(C(=O)O)c1ccc(C#N)c([N+](=O)[O-])c1,,random_balanced,BB-0577,BB-0340,4,6,0.7470360381948892
BB-0816 BB-0622,"[816, 622]",[68],CC(C)(C)OC(=O)NCc1nnn(-c2ccc(Sc3cc4c(cc3CNC(=O)OC(C)(C)C)OC(C)(C)O4)c(C(F)(F)F)c2)n1,,random_balanced,BB-0816,BB-0622,4,3,0.10258545822972602
BB-1205 BB-0555,"[1205, 555]",[96],CC(C)(C)OC(=O)N(c1nccn1-c1ccccc1)C(C)(C(=O)O)c1cc(Cl)sc1Cl,,random_balanced,BB-1205,BB-0555,4,5,0.22998380463514942
BB-0218 BB-1469,"[218, 1469]",[96],COCCCCc1cccnc1N(C(=O)OC(C)(C)C)C(C)(Cn1c(=O)oc(=O)c2ccccc21)C(=O)O,,random_balanced,BB-0218,BB-1469,2,3,0.49739450793833334
BB-0042 BB-1165,"[42, 1165]",[88],CC(C)(C)OC(=O)NS(=O)(=O)c1cc(OC2CC(C)(C)Oc3c(Br)cccc32)c(F)c(C(=O)O)c1,,random_balanced,BB-0042,BB-1165,4,1,0.46622608652179615
BB-0919 BB-1519,"[919, 1519]",[96],CC(C)(C)OC(=O)N(c1cc2ccccc2nc1Cl)C1(C(=O)O)CCCc2oc(=O)c(C(N)=O)cc21,,random_balanced,BB-0919,BB-1519,3,4,0.5378901887147023
BB-1233 BB-0261,"[1233, 261]",[79],Cc1cc(N(C(=O)C(=O)N2C(CO)CC23CCC(F)(F)CC3)S(=O)(=O)c2ccc(NC(=O)OC(C)(C)C)cc2)n(-c2ccccc2)n1,,random_balanced,BB-1233,BB-0261,4,1,0.31171775421385495
BB-0834 BB-0924,"[834, 924]",[55],Cc1ccc(N2CCC(c3cccc(C(F)(F)F)n3)CC2)cc1NC(=O)CNC(=O)OC(C)(C)C,,random_balanced,BB-0834,BB-0924,4,1,0.24102341983249986
BB-0533 BB-2057,"[533, 2057]",[96],CC(C)(C)OC(=O)Nc1cccc2c1OC(C)(C)CC2(C(=O)O)N(C(=O)OC(C)(C)C)[C@H]1C[C@H]2CCCC[C@H]2C1,,random_balanced,BB-0533,BB-2057,3,5,0.3361236249114507
BB-2149 BB-0010,"[2149, 10]",[96],COc1c(F)ccc(N(C(=O)OC(C)(C)C)C2(C(=O)O)c3ccccc3CC23CCOCC3)c1F,,random_balanced,BB-2149,BB-0010,4,4,0.3280604876301367
BB-0942 BB-1297,"[942, 1297]",[48],CC(C)(C)OC(=O)NCCC1=C(c2nc[nH]c2Br)CCCC1,,random_balanced,BB-0942,BB-1297,3,0,0.5440588029374072
BB-0417 BB-0044,"[417, 44]",[104],CNCc1ccc(-c2cccc3cc(NC(=O)OC(C)(C)C)ncc23)cc1F,,random_balanced,BB-0417,BB-0044,4,2,0.5092551872730073
BB-2147 BB-1469,"[2147, 1469]",[96],Cc1ccc(Cn2nccc2N(C(=O)OC(C)(C)C)C(C)(Cn2c(=O)oc(=O)c3ccccc32)C(=O)O)s1,,random_balanced,BB-2147,BB-1469,2,4,0.3724710581158105
BB-1819 BB-1982,"[1819, 1982]",[28],CCCCCCCCCCN(CCCC(=O)OC)C(=O)c1nc(C2CC2)n(Cc2ccccc2)c1NC(=O)OC(C)(C)C,,random_balanced,BB-1819,BB-1982,3,1,0.3764181179532824
BB-1135 BB-1103,"[1135, 1103]",[10],COC(=O)c1cc2c(Sc3ccc(NNC(=O)OC(C)(C)C)c(C)c3C)cccc2o1,,random_balanced,BB-1135,BB-1103,3,1,0.4939735691614353
BB-1089 BB-1160,"[1089, 1160]",[88],CCCCn1c(NC(=O)OC(C)(C)C)c(Oc2ccc(NC(=O)c3ccccc3Cl)cc2)c(=O)[nH]c1=O,,random_balanced,BB-1089,BB-1160,4,1,0.4747910011925123
BB-1485 BB-1710,"[1485, 1710]",[96],CCC(C)(C)c1ccc(OCCCC(=O)NN(C(=O)OC(C)(C)C)C(CCl)(C(=O)O)C(C#N)=C2C=CN(C)C=C2)c(C(C)(C)CC)c1,,random_balanced,BB-1485,BB-1710,3,3,0.14116008824309353
BB-0648 BB-1254,"[648, 1254]",[96],CC(C)(C)OC(=O)N(C(CCOc1ccccc1)(C(=O)O)C1CC1)S(=O)(=O)C1c2ccccc2-c2ccccc21,,random_balanced,BB-0648,BB-1254,3,4,0.44521518888706463
BB-1138 BB-1177,"[1138, 1177]",[107],CN(C)c1nc(Cl)c(C(O)c2cccc(-n3nc4c(c3NC(=O)OC(C)(C)C)CCC4)c2)s1,,random_balanced,BB-1138,BB-1177,2,1,0.586519229223864
BB-1629 BB-2091,"[1629, 2091]",[96],Cc1cc(F)c(N(C(=O)OC(C)(C)C)C(CNC(=O)OC(C)(C)C)(CC2CC2)C(=O)O)c(C(=O)O)c1,,random_balanced,BB-1629,BB-2091,4,6,0.4262725696957639
BB-1617 BB-0761,"[1617, 761]",[46],CC(C)(C)OC(=O)NC(CC(=O)[C@]1(C(=O)O)[C@H]2C[C@H](CN(C(=O)OC(C)(C)C)C2)[C@H]1C(F)(F)F)c1ccccc1,,random_balanced,BB-1617,BB-0761,4,0,0.6561277363559311
BB-1618 BB-0792,"[1618, 792]",[96],CCCN1C(=O)C(C(=O)O)(N(C(=O)OC(C)(C)C)c2csc3c(=O)[nH]cnc23)c2cc(Br)ccc21,,random_balanced,BB-1618,BB-0792,4,3,0.37489971491329166
BB-2019 BB-1762,"[2019, 1762]",[27],CC(=O)c1c(C)oc(NC(=O)OC(C)(C)C)c1-c1noc(-c2cnco2)n1,,random_balanced,BB-2019,BB-1762,5,0,0.639801412255147
BB-0613 BB-1927,"[613, 1927]",[96],CC(C)(C)OC(=O)NCc1cc(N(C(=O)OC(C)(C)C)C2(C(=O)O)CCCOC2C(C)(C)C)cc(C(F)(F)F)c1,,random_balanced,BB-0613,BB-1927,2,7,0.4942402444346112
BB-2175 BB-1310,"[2175, 1310]",[96],CCc1ccc(S(=O)(=O)N(C(=O)OC(C)(C)C)C(CCl)(C(=O)O)c2cc(C)[nH]c2C)o1,,random_balanced,BB-2175,BB-1310,2,4,0.4135216735083562
BB-2110 BB-1469,"[2110, 1469]",[96],CCc1ccc(C(=O)NN(C(=O)OC(C)(C)C)C(C)(Cn2c(=O)oc(=O)c3ccccc32)C(=O)O)cc1,,random_balanced,BB-2110,BB-1469,4,5,0.6009221129957579
BB-2131 BB-0679,"[2131, 679]",[28],CCOC(=O)c1n[nH]c2c1CN(C(=O)C(C)(Cn1cccn1)NC(=O)OC(C)(C)C)CC2,,random_balanced,BB-2131,BB-0679,3,0,0.7355563576056741
BB-2051 BB-1838,"[2051, 1838]",[10],CC(C)S(=O)(=O)c1ccc2nccc(Sc3cc(C(F)(F)F)cnc3CCNC(=O)OC(C)(C)C)c2c1,,random_balanced,BB-2051,BB-1838,4,0,0.5983456721609426
BB-1144 BB-0076,"[1144, 76]",[96],C=CC(C(=O)O)(c1c(F)cccc1Cl)N(C(=O)OC(C)(C)C)[C@H]1C[C@H]2C[C@@H](NC(=O)OC(C)(C)C)C[C@H]2C1,,random_balanced,BB-1144,BB-0076,3,5,0.6005359405610272
BB-1815 BB-1852,"[1815, 1852]",[75],CCC(Oc1ccccc1S(=O)(=O)c1cc(NC(=O)OC(C)(C)C)cc(Cl)c1OC)C(=O)O,,random_balanced,BB-1815,BB-1852,5,0,0.5337605551949254
BB-0081 BB-1571,"[81, 1571]",[96],Cc1cc(N(C(=O)OC(C)(C)C)C(C(=O)O)(c2ccccc2)c2nccs2)n(-c2ccc(Cl)cc2)n1,,random_balanced,BB-0081,BB-1571,4,4,0.1834086268553778
BB-2002 BB-0313,"[2002, 313]",[47],CCc1noc(NC(=O)OC(C)(C)C)c1-c1ccc2c(c1)nc(C(=O)OC)n2C,,random_balanced,BB-2002,BB-0313,4,0,0.6930619114476566
BB-0506 BB-1534,"[506, 1534]",[62],COCCN1C(=O)N[C@H]2CN(c3cccc(-c4ccc(C)c(NC(=O)OC(C)(C)C)c4)c3)CC[C@H]21,,random_balanced,BB-0506,BB-1534,5,0,0.37185670032905843
BB-1511 BB-0027,"[1511, 27]",[28],CC(C)(C)OC(=O)NC(C(=O)N(CCCn1cccn1)c1cc(Cl)ccc1C(=O)O)C1CCOC1,,random_balanced,BB-1511,BB-0027,3,0,0.6721396940049323
BB-1613 BB-1213,"[1613, 1213]",[96],Cc1cc(C)c2c(c1)NC(=O)C2(C(=O)O)N(C(=O)OC(C)(C)C)c1c(F)c(F)c(C#N)c(F)c1F,,random_balanced,BB-1613,BB-1213,4,2,0.45278819049361124
BB-0180 BB-0465,"[180, 465]",[62],Cc1nn(-c2ncccn2)c(NC(=O)OC(C)(C)C)c1N(CC(=O)O)Cc1c(F)cccc1Cl,,random_balanced,BB-0180,BB-0465,2,1,0.590500141444459
BB-1933 BB-0275,"[1933, 275]",[55],COc1ccc(N(C)C2(CNC(=O)OC(C)(C)C)COC2)c(CNC(=O)OC(C)(C)C)c1,,random_balanced,BB-1933,BB-0275,2,1,0.6117322481510514
BB-1577 BB-0655,"[1577, 655]",[68],COc1ccc(F)cc1CCSc1ccc(Cl)c(OCC(=O)NNC(=O)OC(C)(C)C)c1,,random_balanced,BB-1577,BB-0655,3,0,0.13722267860560527
BB-0648 BB-0335,"[648, 335]",[96],COc1cccc2c1C(C(=O)O)CC2(C(=O)O)N(C(=O)OC(C)(C)C)S(=O)(=O)C1c2ccccc2-c2ccccc21,,random_balanced,BB-0648,BB-0335,4,3,0.2578281335975256
BB-1972 BB-2008,"[1972, 2008]",[39],CCOc1ccc(C(C)(C(=O)O)N(Cc2c(Br)nc(C)n2C)C(=O)OC(C)(C)C)cc1S(=O)(=O)NC(=O)OC(C)(C)C,,random_balanced,BB-1972,BB-2008,5,2,0.49877120433085836
BB-1220 BB-0964,"[1220, 964]",[84],CC(C)(C)OC(=O)N[C@@H]1C[C@H]2CC[C@@H]1C[C@@]2(C)c1nc(C2(C(=O)O)CCOCC2)no1,,random_balanced,BB-1220,BB-0964,2,1,0.6779363020248342
BB-2104 BB-1170,"[2104, 1170]",[88],CSc1ncc(COc2cnc(NC(=O)OC(C)(C)C)c(F)n2)n1C,,random_balanced,BB-2104,BB-1170,4,0,0.48489699694542543
BB-1277 BB-1372,"[1277, 1372]",[96],CCOC(=O)C1Cc2c(C)cccc2C(C(=O)O)(n2c(C)nc3c(CNC(=O)OC(C)(C)C)c(F)ccc32)C1,,random_balanced,BB-1277,BB-1372,2,2,0.7376348575329476
BB-0508 BB-1133,"[508, 1133]",[40],CC(C)(C)OC(=O)NC(c1cccc(C(=O)O[C@H]2CCN(CC(F)F)C2)c1)C(C)(C)C,,random_balanced,BB-0508,BB-1133,4,0,0.568980349360565
BB-2196 BB-1672,"[2196, 1672]",[28],COC(=O)C(NC(=O)OC(C)(C)C)[C@@H]1C[C@H]1C(=O)N1CCC2CCCC1C2,,random_balanced,BB-2196,BB-1672,3,2,0.5746677330528905
BB-2174 BB-0669,"[2174, 669]",[96],COCCc1ccc(Oc2ccc(N(C(=O)OC(C)(C)C)C3(C(=O)O)CCCc4oc(C(=O)OC)cc43)cc2)cc1,,random_balanced,BB-2174,BB-0669,4,3,0.5558578801371076
BB-1477 BB-1983,"[1477, 1983]",[96],CCN(C1CC1)S(=O)(=O)N(C(=O)OC(C)(C)C)C(C)(C(=O)O)c1ccc(OCC(F)(F)F)cc1,,random_balanced,BB-1477,BB-1983,4,5,0.4795404585486221
BB-2049 BB-0889,"[2049, 889]",[50],CCCC(O)(c1cc(NC(=O)OC(C)(C)C)ccc1F)c1c(C(F)(F)F)nc2ccccn12,,random_balanced,BB-2049,BB-0889,6,0,0.8473353117634195
BB-1866 BB-1154,"[1866, 1154]",[0],COC(=O)C(=Cc1cc2[nH]c(C(=O)O)cc2s1)C(C)(C)c1ccc(NC(=O)OC(C)(C)C)cc1,,random_balanced,BB-1866,BB-1154,3,0,0.5298872705153881
BB-0201 BB-1938,"[201, 1938]",[3],CN(C(=O)c1cnn(C)c1-c1ccc(F)cc1F)S(=O)(=O)N1CCC(NC(=O)OC(C)(C)C)CC1,,random_balanced,BB-0201,BB-1938,4,0,0.4520346667268522
BB-1709 BB-0530,"[1709, 530]",[61],Cc1cn2c(n1)CCC(CN(C)C(=O)c1cc(NC(=O)OC(C)(C)C)c(C)cc1C)C2,,random_balanced,BB-1709,BB-0530,5,1,0.8101164012523078
BB-0213 BB-1482,"[213, 1482]",[96],Cc1cc(N(C(=O)OC(C)(C)C)C(C)(C(=O)O)c2c(O)ccc3ccccc23)ccc1N1CCCS1(=O)=O,,random_balanced,BB-0213,BB-1482,4,5,0.5072063761353061
BB-0765 BB-0628,"[765, 628]",[61],CC(C)(C)OC(=O)NC(CC(=O)N(Cc1cccc(C(N)=O)c1)C1CC1)Cc1ccc([N+](=O)[O-])cc1,,random_balanced,BB-0765,BB-0628,3,1,0.503101310715527
BB-2123 BB-0890,"[2123, 890]",[98],Cc1cc(Br)cc(C2(C(=O)OC(C)(C)C3(CNC(=O)OC(C)(C)C)CCOCC3)CC2)c1,,random_balanced,BB-2123,BB-0890,4,0,0.47006440987986775
BB-1392 BB-1476,"[1392, 1476]",[31],CC(C)(C)OC(=O)NC12CC(C)(C1)OC2COc1n[nH]c2cnccc12,,random_balanced,BB-1392,BB-1476,4,1,0.6893433985590489
BB-1017 BB-1983,"[1017, 1983]",[96],CC(C)(C)OC(=O)N(Cc1cc(F)ccc1N1CCOCC1)C(C)(C(=O)O)c1ccc(OCC(F)(F)F)cc1,,random_balanced,BB-1017,BB-1983,3,6,0.6206559371607719
BB-1568 BB-0424,"[1568, 424]",[96],CC(C)(C)OC(=O)NN(c1ccccc1S(C)(=O)=O)C1(C(=O)O)C(=O)N(CCC(=O)O)c2cc(F)ccc21,,random_balanced,BB-1568,BB-0424,3,2,0.3135678463307051
BB-2003 BB-0718,"[2003, 718]",[54],CC(C)(C)OC(=O)Nc1nc2c(o1)CCCC2=Cc1cc(Cl)ncn1,,random_balanced,BB-2003,BB-0718,5,0,0.7138986908792452
BB-2050 BB-1699,"[2050, 1699]",[96],Cc1ccc(CCN(C(=O)OC(C)(C)C)C(C)(C(=O)O)c2cnc(Cl)c(Br)c2)c(Br)c1,,random_balanced,BB-2050,BB-1699,4,3,0.5114787362182399
BB-0701 BB-1101,"[701, 1101]",[96],CCOC(=O)c1c(NC(=O)OC(C)(C)C)sc(C(C)(C(=O)O)N(C(=O)OC(C)(C)C)C2CC2Cc2ccccc2C(F)(F)F)c1C,,random_balanced,BB-0701,BB-1101,5,6,0.37581881977925485
BB-0295 BB-0584,"[295, 584]",[28],Cc1ccc(C(=O)N2CC(C)(OCC(=O)O)C2)c(NC(=O)OC(C)(C)C)c1Br,,random_balanced,BB-0295,BB-0584,2,0,0.5082062713329216
BB-0218 BB-2012,"[218, 2012]",[96],CCC(C(=O)O)(c1ccc(F)c(NC(=O)OC(C)(C)C)c1)N(C(=O)OC(C)(C)C)c1ncccc1CCCCOC,,random_balanced,BB-0218,BB-2012,3,5,0.38268184414923756
BB-0264 BB-0094,"[264, 94]",[4],Cc1cc(C)c([N+](=O)[O-])cc1CN(C)c1ncc(F)cc1NC(=O)OC(C)(C)C,,random_balanced,BB-0264,BB-0094,5,1,0.6430927435079993
BB-0880 BB-1106,"[880, 1106]",[68],CC(C)(C)OC(=O)NC1CCOCc2c(Sc3ccc(C4CCN(C(=O)OC(C)(C)C)CC4)c(F)c3)cncc21,,random_balanced,BB-0880,BB-1106,1,0,0.09048052891560365
BB-0688 BB-0161,"[688, 161]",[96],Cc1ccccc1-c1cc(N(C(=O)OC(C)(C)C)C(C)(C(=O)O)c2sc(-c3ccccc3Br)nc2C)n(Cc2ccccc2)n1,,random_balanced,BB-0688,BB-0161,2,5,0.26638160108279524
BB-1447 BB-0855,"[1447, 855]",[88],COC(=O)C1(NC(=O)OC(C)(C)C)CC(c2ccccc2OC2CCCCC2O)C1,,random_balanced,BB-1447,BB-0855,4,0,0.6964977363838974
BB-0951 BB-1840,"[951, 1840]",[96],CCC(C)(C)c1cc(C(C)=O)c(O)c(C(C)(C(=O)O)N(C(=O)OC(C)(C)C)c2c(C)nn(CCOC)c2C)c1,,random_balanced,BB-0951,BB-1840,3,4,0.597875453067223
BB-2099 BB-1379,"[2099, 1379]",[10],CN(C)C(=O)c1cc(NC(=O)OC(C)(C)C)ccc1Sc1ncccc1N=[N+]=[N-],,random_balanced,BB-2099,BB-1379,6,0,0.5547213055890311
BB-0613 BB-0726,"[613, 726]",[96],CC(C)(C)OC(=O)Nc1cc(CN(C(=O)OC(C)(C)C)C(C(=O)O)(c2cccc(Br)c2)C(C)(C)O)cc(C(F)(F)F)c1,,random_balanced,BB-0613,BB-0726,3,4,0.5181081571891031
BB-2047 BB-0550,"[2047, 550]",[50],CCOC(=O)c1nc(C(O)(CNC(=O)OC(C)(C)C)c2cn(C)nc2C(F)F)c2n1CCCC2,,random_balanced,BB-2047,BB-0550,5,0,0.8060539241457537
BB-0759 BB-1727,"[759, 1727]",[96],Cc1nn(C)c(N2CCC2)c1N(C(=O)OC(C)(C)C)C(C)(C(=O)O)c1ccc(C(F)(F)F)s1,,random_balanced,BB-0759,BB-1727,4,4,0.32552107689372084
BB-1376 BB-1080,"[1376, 1080]",[96],COC(=O)c1ccc(C(C)(C)N(C(=O)OC(C)(C)C)C(C(=O)O)(c2ccc(F)cc2)c2ccn(C)n2)cc1,,random_balanced,BB-1376,BB-1080,3,4,0.42402226355535677
BB-1666 BB-1573,"[1666, 1573]",[28],Cn1nccc1C(O)C1CCN(C(=O)c2c[nH]c(C3(NC(=O)OC(C)(C)C)CCOCC3)n2)CC1,,random_balanced,BB-1666,BB-1573,5,1,0.27776461515607365
BB-2082 BB-0258,"[2082, 258]",[54],Cc1noc(NC(=O)OC(C)(C)C)c1C=Cc1cc(Br)no1,,random_balanced,BB-2082,BB-0258,3,0,0.576323614526151
BB-1703 BB-1509,"[1703, 1509]",[96],COCCn1c(NC(=O)OC(C)(C)C)c(C(CCl)(C(=O)O)N(CC2(c3ccnc(OC)c3)CCC2)C(=O)OC(C)(C)C)c(=O)[nH]c1=O,,random_balanced,BB-1703,BB-1509,4,5,0.4200305186593376
BB-2076 BB-0331,"[2076, 331]",[62],CCn1cnnc1C1CCN(c2cc(C)ccc2CCNC(=O)OC(C)(C)C)CC1,,random_balanced,BB-2076,BB-0331,2,1,0.7604353006526489
BB-0797 BB-2020,"[797, 2020]",[96],COC(=O)C[C@@H](Cc1cccc(F)c1)N(C(=O)OC(C)(C)C)C(CNC(=O)OC(C)(C)C)(C(=O)O)c1ccc(F)cc1Cl,,random_balanced,BB-0797,BB-2020,3,6,0.45808765472865964
BB-1757 BB-1893,"[1757, 1893]",[103],CCOC(=O)C(C(=O)C1(CO)CCCC1)C(CNC(=O)OC(C)(C)C)B1OC(C)(C)C(C)(C)O1,,random_balanced,BB-1757,BB-1893,4,1,0.5460347384136562
BB-0119 BB-0705,"[119, 705]",[111],CCCn1c(NC(=O)OC(C)(C)C)c(C(=O)C=C(C(=NNC(=O)OC(C)(C)C)c2ccccc2)c2ccccc2)c(=O)[nH]c1=O,,random_balanced,BB-0119,BB-0705,4,4,0.3779073320318853
BB-2116 BB-0522,"[2116, 522]",[40],CCC12CNC(COC(=O)CC(CNC(=O)OC(C)(C)C)OC)(C1)C2,,random_balanced,BB-2116,BB-0522,3,0,0.44552746040187485
BB-0942 BB-1390,"[942, 1390]",[48],C=CCCOCc1c(Br)cncc1C1=C(CCNC(=O)OC(C)(C)C)CCCC1,,random_balanced,BB-0942,BB-1390,4,2,0.5617575479652359
BB-1010 BB-2013,"[1010, 2013]",[47],CC(C)(C)OC(=O)Nc1c(F)cc(F)c(F)c1-c1ccccc1N1CCC(NC(=O)OC(C)(C)C)C1,,random_balanced,BB-1010,BB-2013,3,5,0.48457568643435783
BB-2110 BB-0214,"[2110, 214]",[96],CCc1ccc(C(=O)N(NC(=O)OC(C)(C)C)C2(C(=O)O)CNc3c2c(=O)n(C)c(=O)n3CC(C)C)cc1,,random_balanced,BB-2110,BB-0214,5,5,0.6017704607044505
BB-2146 BB-1514,"[2146, 1514]",[96],Cc1noc(C)c1C(C)(C(=O)O)N(NC(=O)OC(C)(C)C)C(=O)c1cccc([N+](=O)[O-])c1,,random_balanced,BB-2146,BB-1514,4,4,0.4614767140348056
BB-2172 BB-2060,"[2172, 2060]",[16],CC(C)(C)OC(=O)NCC1(COC(=O)c2cc(NC(=O)OC(C)(C)C)ccc2[N+](=O)[O-])CCOCC1,,random_balanced,BB-2172,BB-2060,3,4,0.2829550716465698
BB-2155 BB-1213,"[2155, 1213]",[96],Cc1cc(C)c2c(c1)NC(=O)C2(C(=O)O)N(C(=O)OC(C)(C)C)c1cccc(NC(=O)OC(C)(C)C)n1,,random_balanced,BB-2155,BB-1213,3,3,0.344738101184477
BB-2133 BB-1821,"[2133, 1821]",[96],Cn1nccc1C(NC(=O)OC(C)(C)C)C(=O)OC1(C(=O)O)CCN(C(=O)OC(C)(C)C)C(=O)C1,,random_balanced,BB-2133,BB-1821,4,4,0.38664931449154555
BB-2198 BB-0269,"[2198, 269]",[96],Cn1nccc1-c1ccc(N(C(=O)OC(C)(C)C)C2(C(=O)O)C(F)=CCCc3ccc(Br)cc32)cc1F,,random_balanced,BB-2198,BB-0269,2,4,0.6006730428212272
BB-1168 BB-0214,"[1168, 214]",[96],CC(C)Cn1c2c(c(=O)n(C)c1=O)C(C(=O)O)(N(CC(C)(C)CC1CCN(C(=O)OC(C)(C)C)CC1)C(=O)OC(C)(C)C)CN2,,random_balanced,BB-1168,BB-0214,2,6,0.4524814052815739
BB-1184 BB-0869,"[1184, 869]",[6],Cc1c(S(=O)(=O)N(NC(=O)OC(C)(C)C)C(C)c2ccc(C(=O)O)cc2)cnn1CC(C)C,,random_balanced,BB-1184,BB-0869,3,0,0.6607400498127131
BB-0081 BB-0825,"[81, 825]",[62],COC(=O)C1(F)CN(c2ccc(-n3nc(C)cc3NC(=O)OC(C)(C)C)cc2)CC12CCOCC2,,random_balanced,BB-0081,BB-0825,5,2,0.6679733496601935
BB-2128 BB-0846,"[2128, 846]",[96],CC(C)Cn1c(NC(=O)OC(C)(C)C)c(C(CCl)(C(=O)O)N(Cc2ccc(OC(C)C)cc2)C(=O)OC(C)(C)C)c(=O)[nH]c1=O,,random_balanced,BB-2128,BB-0846,2,5,0.33215247613279153
BB-0247 BB-1697,"[247, 1697]",[28],COc1cc2c(cc1Br)CCN(C(=O)c1ccc(C3(NC(=O)OC(C)(C)C)CC3)o1)C2,,random_balanced,BB-0247,BB-1697,2,0,0.31666039629168313
BB-0145 BB-0442,"[145, 442]",[10],COc1ccc(Sc2ccc(NC(=O)OC(C)(C)C)c(CO)c2F)cc1N1CC(C(=O)O)CC1=O,,random_balanced,BB-0145,BB-0442,3,0,0.48577361728399737
BB-1994 BB-1199,"[1994, 1199]",[74],Cc1c[n+]([O-])ccc1S(=O)(=O)c1ccccc1CC(CO)NC(=O)OC(C)(C)C,,random_balanced,BB-1994,BB-1199,6,2,0.8315853181865828
BB-0290 BB-1487,"[290, 1487]",[79],CC(C)NC(=O)NCCN1CCN(C(=O)C(=O)N(c2cc(CNC(=O)OC(C)(C)C)ccn2)C2CC2)CC1,,random_balanced,BB-0290,BB-1487,3,0,0.22736023086676457
BB-1506 BB-1101,"[1506, 1101]",[15],CC(=O)c1sc2[nH]c(=O)n(C(=O)c3sc4nc(C(F)(F)F)cc(-c5ccco5)c4c3NC(=O)OC(C)(C)C)c(=O)c2c1C,,random_balanced,BB-1506,BB-1101,3,7,0.3810924717068045
BB-1405 BB-1251,"[1405, 1251]",[10],COC(=O)c1cc(Sc2cccc(-n3ccc(C(=O)O)n3)c2)cc(S(=O)(=O)NC(=O)OC(C)(C)C)c1F,,random_balanced,BB-1405,BB-1251,2,1,0.29230591728938443
BB-1308 BB-1005,"[1308, 1005]",[96],CN1C(=C(C#N)C(CCl)(C(=O)O)N(C(=O)OC(C)(C)C)[C@H]2CCCC[C@H]2c2ccccc2)Nc2ccccc21,,random_balanced,BB-1308,BB-1005,3,5,0.2800266559947026
BB-1101 BB-0875,"[1101, 875]",[39],CCOC(=O)c1c(NC(=O)OC(C)(C)C)sc(C(C)(C(=O)O)N(C(=O)OC(C)(C)C)c2cccc(C3(C(=O)O)CCC3)c2)c1C,,random_balanced,BB-1101,BB-0875,8,0,0.4499374085746978
BB-0446 BB-0826,"[446, 826]",[96],CCCC1Oc2ccc(C)cc2C1(C(=O)O)n1cc(CC(C)CNC(=O)OC(C)(C)C)cn1,,random_balanced,BB-0446,BB-0826,3,5,0.7220855199810234
BB-1509 BB-2030,"[1509, 2030]",[75],COCCn1c(NC(=O)OC(C)(C)C)c(C(=O)CS(=O)(=O)c2cc(NC(=O)OC(C)(C)C)ccc2CS(C)(=O)=O)c(=O)[nH]c1=O,,random_balanced,BB-1509,BB-2030,6,3,0.36992028718417014
BB-0777 BB-2023,"[777, 2023]",[96],CC(C)(C)OC(=O)NCC1CC(C(=O)O)(N(C(=O)OC(C)(C)C)c2nc(-c3sccc3F)cs2)c2ccccc2O1,,random_balanced,BB-0777,BB-2023,4,5,0.28988417467999583
BB-0138 BB-1551,"[138, 1551]",[17],COc1cccc(NNC(=O)OC(C)(C)C)c1S(=O)(=O)c1ccc(-n2c(S)nnc2-c2ccccn2)cc1,,random_balanced,BB-0138,BB-1551,2,0,0.29447627346857375
BB-2188 BB-0429,"[2188, 429]",[96],CC(C)(C)OC(=O)N(C1C2CC3C(C2)C31)C(C)(Cc1ccncc1)C(=O)O,,random_balanced,BB-2188,BB-0429,4,4,0.15647496680299905
BB-1149 BB-1147,"[1149, 1147]",[96],COCC(C(=O)O)(c1ccc2cc(OC)ccc2n1)N(C(=O)OC(C)(C)C)C(c1nc(C)no1)C1CCOCC1,,random_balanced,BB-1149,BB-1147,2,4,0.4586831839757086
BB-2123 BB-0200,"[2123, 200]",[98],COC(=O)c1cc(C(=O)CCC(=O)OC(C)(C)C2(CNC(=O)OC(C)(C)C)CCOCC2)c[nH]1,,random_balanced,BB-2123,BB-0200,5,5,0.6614357464208813
BB-0201 BB-0879,"[201, 879]",[79],CCC[C@@H]1CN(C(=O)C(=O)N(C)S(=O)(=O)N2CCC(NC(=O)OC(C)(C)C)CC2)C[C@H]1C(=O)OC,,random_balanced,BB-0201,BB-0879,5,0,0.1846671006926063
BB-1825 BB-0037,"[1825, 37]",[96],CC(C)c1n[nH]c(C(N)=O)c1N(C(=O)OC(C)(C)C)C(CC(=O)C(F)(F)F)(C(=O)O)c1ccc([N+](=O)[O-])cc1,,random_balanced,BB-1825,BB-0037,2,7,0.2219092159861559
BB-0425 BB-1943,"[425, 1943]",[96],CCC(C(=O)O)(c1cccc(Br)c1)n1ncc(C=O)c1NC(=O)OC(C)(C)C,,random_balanced,BB-0425,BB-1943,7,5,0.581344904737658
BB-0951 BB-1019,"[951, 1019]",[96],COCCn1nc(C)c(N(C(=O)OC(C)(C)C)C(C)(C(=O)O)c2c(C)[nH]c(-c3ccco3)nc2=O)c1C,,random_balanced,BB-0951,BB-1019,4,1,0.6675903859439496
BB-0953 BB-0543,"[953, 543]",[52],COC(=O)C1CC(c2ccc(C#CC(O)CNC(=O)OC(C)(C)C)cc2)C1,,random_balanced,BB-0953,BB-0543,2,0,0.11507305639367275
BB-1734 BB-1387,"[1734, 1387]",[62],COC(=O)[C@@H]1CN(c2ccccc2Cn2cc(NC(=O)OC(C)(C)C)ccc2=O)C[C@H]1c1cc(F)cc(F)c1,,random_balanced,BB-1734,BB-1387,1,0,0.5097503094383015
BB-0059 BB-0604,"[59, 604]",[103],Cc1nc2ccncc2cc1CC(=O)C(C)(CNC(=O)OC(C)(C)C)C(=O)Nc1c(C)n[nH]c1C,,random_balanced,BB-0059,BB-0604,3,0,0.694762355474395
BB-2087 BB-0665,"[2087, 665]",[68],Cn1cc(CNC(=O)OC(C)(C)C)c(SCC(=O)N2CCN(C(=O)Nc3ccccc3)CC2)n1,,random_balanced,BB-2087,BB-0665,4,0,0.20043718575670827
BB-1460 BB-1055,"[1460, 1055]",[96],COCC(C)(C)CC(C(=O)O)(c1ccc2c(c1)OCC2(C)C)N(C(=O)OC(C)(C)C)c1onc(-c2cc(C)ccc2F)c1C,,random_balanced,BB-1460,BB-1055,2,3,0.38517536354817206
BB-0171 BB-0102,"[171, 102]",[96],COC(=O)C(CC1CCCC1)CN(C(=O)OC(C)(C)C)C(C)(C(=O)O)C12CC(c3ccccc3)(C1)C2(F)F,,random_balanced,BB-0171,BB-0102,3,3,0.46251306528305425
BB-0980 BB-1330,"[980, 1330]",[96],CC(C)(C)OC(=O)NN(C(=O)c1ccccc1OCc1ccc(F)cc1)C(C)(C(=O)O)c1nc2c(s1)CCC2,,random_balanced,BB-0980,BB-1330,4,5,0.3936547808940049
BB-2113 BB-1670,"[2113, 1670]",[96],CC(C)(C)OC(=O)N(OCC1(F)CCC1)C(C)(/C=C/c1ccc([N+](=O)[O-])cc1)C(=O)O,,random_balanced,BB-2113,BB-1670,2,6,0.6114341899368035
BB-0160 BB-0124,"[160, 124]",[96],CC(=O)Nc1cc(C(CCl)(C(=O)O)N(Cc2c(F)cccc2OC(F)(F)F)C(=O)OC(C)(C)C)ccc1O,,random_balanced,BB-0160,BB-0124,6,5,0.38868856415671277
BB-1968 BB-0554,"[1968, 554]",[47],COc1ccc(-c2ccc(O)c(NC(=O)OC(C)(C)C)c2C)c2[nH]c(C(=O)O)cc12,,random_balanced,BB-1968,BB-0554,2,1,0.721083780993769
BB-2173 BB-0214,"[2173, 214]",[22],CC(C)Cn1c2c(c(=O)n(C)c1=O)C(=O)CN2C(=O)C(=O)N(Cc1ccc2c(c1)OCO2)S(=O)(=O)NC(=O)OC(C)(C)C,,random_balanced,BB-2173,BB-0214,2,7,0.5283005469508025
BB-0921 BB-1117,"[921, 1117]",[96],CC(C)(C)OC(=O)N(C1CCCN(c2ccccc2F)C1=O)C(CCl)(C(=O)O)c1ccc(Br)cc1,,random_balanced,BB-0921,BB-1117,4,7,0.4283483318038964
BB-0016 BB-0723,"[16, 723]",[96],Cc1nn(C)c(C(N)=O)c1N(C(=O)OC(C)(C)C)C1(C(=O)O)CCN(C(=O)OCc2ccccc2)CC1CC#N,,random_balanced,BB-0016,BB-0723,3,4,0.6267592915694808
BB-0795 BB-2010,"[795, 2010]",[96],CC(C)(C)OC(=O)Nc1c2c(cc3c1CCC3(C(=O)O)N(CC13CC4CC(C1)CC(C(F)(F)F)(C4)C3)C(=O)OC(C)(C)C)CCC2,,random_balanced,BB-0795,BB-2010,1,6,0.5906977008078558
BB-0311 BB-0101,"[311, 101]",[96],CCCCO/C=C/C(C(=O)O)(N(C(=O)OC(C)(C)C)c1ccnc2cc(C)nn12)C(F)(F)F,,random_balanced,BB-0311,BB-0101,2,5,0.6208597044628968
BB-1077 BB-1037,"[1077, 1037]",[96],Cc1ccc2c(CC(=O)O)c(C(C)(C(=O)O)N(CC3CN4CCCN3CC4)C(=O)OC(C)(C)C)oc2c1,,random_balanced,BB-1077,BB-1037,4,3,0.6445840094182339
BB-1629 BB-0708,"[1629, 708]",[96],COC(=O)C1CC2(CCCCC2)CC1(C(=O)O)N(C(=O)OC(C)(C)C)c1c(F)cc(C)cc1C(=O)O,,random_balanced,BB-1629,BB-0708,5,5,0.543291556741926
BB-1270 BB-1159,"[1270, 1159]",[68],CC(C)(C)OC(=O)NNc1cc(F)c(Sc2ccc(CC(=O)O)cc2O)cc1Cl,,random_balanced,BB-1270,BB-1159,4,1,0.31167103540205554
BB-0390 BB-0337,"[390, 337]",[96],CC(Br)C(C(=O)O)(c1ccc2c(c1)CCC(=O)N2)n1c(=O)[nH]c2ccc(NC(=O)OC(C)(C)C)cc21,,random_balanced,BB-0390,BB-0337,3,5,0.6243896360596246
BB-0776 BB-0591,"[776, 591]",[39],Cc1c(Br)cccc1[C@@H]1C[C@H]1C(=O)OC(C(=O)O)(c1ccc(F)cc1)c1cc(Br)ccc1NC(=O)OC(C)(C)C,,random_balanced,BB-0776,BB-0591,5,0,0.46415888075340517
BB-1459 BB-0006,"[1459, 6]",[96],CSc1ccc([N+](=O)[O-])cc1C(C)(C(=O)O)N(Cc1nnc(C(C)C)s1)C(=O)OC(C)(C)C,,random_balanced,BB-1459,BB-0006,3,6,0.4054162262557672
BB-0576 BB-0164,"[576, 164]",[96],CCOC(=O)C12CCCC1=CC(C(=O)O)(N(C)C(=O)C(CC1CCCCC1)NC(=O)OC(C)(C)C)C2,,random_balanced,BB-0576,BB-0164,3,5,0.6772183674696279
BB-1591 BB-1735,"[1591, 1735]",[68],CC(C)(C)OC(=O)Nc1ccc(F)c(Sc2cnco2)c1F,,random_balanced,BB-1591,BB-1735,4,0,0.3881452635655574
BB-0979 BB-0846,"[979, 846]",[96],CCC(Cc1cccc(Br)c1)CN(C(=O)OC(C)(C)C)C(CCl)(C(=O)O)c1c(NC(=O)OC(C)(C)C)n(CC(C)C)c(=O)[nH]c1=O,,random_balanced,BB-0979,BB-0846,4,6,0.36520181908816873
BB-1770 BB-1951,"[1770, 1951]",[27],CC(C)C(NC(=O)OC(C)(C)C)c1noc(C2(C(F)(F)F)CC3(CCC3)C2)n1,,random_balanced,BB-1770,BB-1951,4,1,0.5233416993240959
BB-1028 BB-1145,"[1028, 1145]",[96],COc1ccc(-n2ncc(C(N)=O)c2N(C(=O)OC(C)(C)C)C2(C(=O)O)CCCC(C3CN(C(=O)OC(C)(C)C)C3)C2)cc1,,random_balanced,BB-1028,BB-1145,3,4,0.4965979072354523
BB-0615 BB-1221,"[615, 1221]",[96],COCC(=O)N(NC(=O)OC(C)(C)C)C(CCC(=O)O)(C(=O)O)c1ccc(OC)cc1Cl,,random_balanced,BB-0615,BB-1221,3,2,0.49560225735984487
BB-0157 BB-0168,"[157, 168]",[96],CC(C)(C)OC(=O)Nc1ccccc1C(CCCC(=O)O)(C(=O)O)N(C(=O)OC(C)(C)C)c1cc(-c2ccc(-c3ccccc3)cc2)[nH]n1,,random_balanced,BB-0157,BB-0168,2,5,0.2575794216657188
BB-1968 BB-1896,"[1968, 1896]",[47],Cc1cc2c(cc1-c1ccc(O)c(NC(=O)OC(C)(C)C)c1C)C(=O)CCO2,,random_balanced,BB-1968,BB-1896,3,6,0.8178435048154962
BB-0207 BB-1046,"[207, 1046]",[96],Cc1ccc(CC(C(=O)O)(C2CC2)N(C(=O)OC(C)(C)C)C(C)C(=O)N2CCc3ccccc32)cc1,,random_balanced,BB-0207,BB-1046,4,5,0.5847736335834139
BB-0308 BB-0420,"[308, 420]",[96],CC(C)c1nc2cc(CN(C(=O)OC(C)(C)C)C3(C(=O)O)CC(C(=O)O)Oc4ccccc43)ccc2o1,,random_balanced,BB-0308,BB-0420,4,4,0.6471309590902753
BB-1968 BB-1903,"[1968, 1903]",[68],COc1c(Sc2ccc(O)c(NC(=O)OC(C)(C)C)c2C)sc(S(=O)(=O)NC(=O)OC(C)(C)C)c1OC,,random_balanced,BB-1968,BB-1903,4,2,0.2661740603297677
BB-2147 BB-0076,"[2147, 76]",[96],C=CC(C(=O)O)(c1c(F)cccc1Cl)N(C(=O)OC(C)(C)C)c1ccnn1Cc1ccc(C)s1,,random_balanced,BB-2147,BB-0076,3,6,0.41156944776769144
BB-1682 BB-1981,"[1682, 1981]",[55],COC(=O)c1coc2c1CN(c1ccc(C(=O)CNC(=O)OC(C)(C)C)cc1)C2,,random_balanced,BB-1682,BB-1981,7,0,0.22765921953304075
BB-1333 BB-0023,"[1333, 23]",[79],CC(C)(C)OC(=O)NCc1cn(C2CCCN(C(=O)C(=O)N(c3ccc(C(N)=O)cc3NC(=O)OC(C)(C)C)C3CC3)C2)nn1,,random_balanced,BB-1333,BB-0023,3,1,0.17506041246108034
BB-2068 BB-1499,"[2068, 1499]",[22],CO[C@@H]1C[C@H](O)CN(C(=O)C(=O)N2CC[C@@H](NC(=O)OC(C)(C)C)C[C@@H]2C(=O)O)C1,,random_balanced,BB-2068,BB-1499,2,0,0.5167930507894308
BB-2188 BB-0566,"[2188, 566]",[96],Cn1c(C(C)(C(=O)O)N(C(=O)OC(C)(C)C)C2C3CC4C(C3)C42)nc2ccc(Cl)cc21,,random_balanced,BB-2188,BB-0566,5,3,0.21725980888180077
BB-2147 BB-1905,"[2147, 1905]",[96],Cc1ccc(Cn2nccc2N(C(=O)OC(C)(C)C)C(C(=O)O)(c2ncc[nH]2)C2CCCCC2)s1,,random_balanced,BB-2147,BB-1905,4,7,0.35175962811590206
BB-2152 BB-0119,"[2152, 119]",[96],C=CCC1(N(C(=O)OC(C)(C)C)C(CCl)(C(=O)O)c2c(NC(=O)OC(C)(C)C)n(CCC)c(=O)[nH]c2=O)CCC1,,random_balanced,BB-2152,BB-0119,4,5,0.22319711971410372
BB-1639 BB-0883,"[1639, 883]",[96],CC(C)(C)OC(=O)N(C1CCc2c(C(=O)O)cc(C(=O)O)cc21)C(CCCl)(C(=O)O)c1ccccc1F,,random_balanced,BB-1639,BB-0883,3,5,0.43003329337971397
BB-1028 BB-1694,"[1028, 1694]",[96],COc1ccc(-n2ncc(C(N)=O)c2N(C(=O)OC(C)(C)C)C(C)(C(=O)O)c2nnn(-c3cccc4ncccc34)c2C)cc1,,random_balanced,BB-1028,BB-1694,4,5,0.4537414926454318
BB-2180 BB-1190,"[2180, 1190]",[98],CC(CONC(=O)OC(C)(C)C)OC(=O)c1ccc(COc2ccc(F)cc2Cl)s1,,random_balanced,BB-2180,BB-1190,4,0,0.16537579322757373
BB-0389 BB-0949,"[389, 949]",[96],CC(C)(C)OC(=O)N(CC(F)(F)C1CC1)C1(C(=O)O)CCc2c(C(=O)O)cccc21,,random_balanced,BB-0389,BB-0949,4,3,0.43291006440963936
BB-0519 BB-1241,"[519, 1241]",[96],CCCCC(C(=O)O)(c1ccc(C)cc1O)N(C(=O)OC(C)(C)C)c1cc(F)cc(C(=O)OC(C)(C)C)c1,,random_balanced,BB-0519,BB-1241,4,8,0.4681693048968957
BB-2028 BB-0597,"[2028, 597]",[10],CC(C)(C)OC(=O)Nc1cc(Sc2ccc3c(c2)C2(CC3)COCOC2)c2[nH]ncc2c1,,random_balanced,BB-2028,BB-0597,3,0,0.5309273083076589
BB-2144 BB-1328,"[2144, 1328]",[96],COc1ccc(/C=C/C(C)(C(=O)O)N(Cc2ccc3c(c2)CCO3)C(=O)OC(C)(C)C)cc1O,,random_balanced,BB-2144,BB-1328,4,4,0.6802760041270403
BB-2007 BB-1147,"[2007, 1147]",[96],COCC(C(=O)O)(c1ccc2cc(OC)ccc2n1)N(C(=O)OC(C)(C)C)C1=CC(=O)CC(C)C1,,random_balanced,BB-2007,BB-1147,5,5,0.5536831188958962
BB-2159 BB-0130,"[2159, 130]",[97],CCOC(=O)N1CCCC(C(=O)OCC(ONC(=O)OC(C)(C)C)C2CCCC2)C1,,random_balanced,BB-2159,BB-0130,4,0,0.6643483191375398
BB-0650 BB-1519,"[650, 1519]",[96],CC(C)(C)OC(=O)N1CC(c2nnc(N(C(=O)OC(C)(C)C)C3(C(=O)O)CCCc4oc(=O)c(C(N)=O)cc43)o2)C1,,random_balanced,BB-0650,BB-1519,3,5,0.5675124773604044
BB-2144 BB-0011,"[2144, 11]",[96],CC(C)(C)OC(=O)N(Cc1ccc2c(c1)CCO2)C(CC1COCCN1)(C(=O)O)c1ccccc1,,random_balanced,BB-2144,BB-0011,5,3,0.5407713848279451
BB-1549 BB-1314,"[1549, 1314]",[50],Cc1ccc(C(O)(CNC(=O)OC(C)(C)C)c2ccc(F)cc2CS)cc1Br,,random_balanced,BB-1549,BB-1314,4,0,0.7360299085481997
BB-0471 BB-0074,"[471, 74]",[96],COC(=O)c1cc2c([nH]1)C(C(=O)O)(N(CC(C)(C)c1ccc(OCC(C)C)cc1)C(=O)OC(C)(C)C)CCC2,,random_balanced,BB-0471,BB-0074,2,4,0.6307208250368335
BB-0936 BB-1789,"[936, 1789]",[96],CCCCC(C)(C(=O)O)N(C(=O)OC(C)(C)C)C1CCCN(CCCO)C1,,random_balanced,BB-0936,BB-1789,1,4,0.5459381189073341
BB-1501 BB-1912,"[1501, 1912]",[96],CC(=O)Nc1cc2c(cc1Br)C(C(=O)O)(N(C(=O)OC(C)(C)C)C(c1ccccc1)c1ccoc1)CC2,,random_balanced,BB-1501,BB-1912,4,6,0.4964143132038939
BB-0630 BB-1892,"[630, 1892]",[0],CCc1ccc(C=C(C(=O)OC)[C@H](NC(=O)OC(C)(C)C)c2ccnc(O)c2)[nH]1,,random_balanced,BB-0630,BB-1892,3,1,0.698396520860936
BB-0822 BB-1570,"[822, 1570]",[96],CC(=O)N(c1ccc(C)cc1NC(=O)OC(C)(C)C)C1(C(=O)O)CC(c2cccc(Br)c2)C1,,random_balanced,BB-0822,BB-1570,3,4,0.7425385785142179
BB-1808 BB-0421,"[1808, 421]",[55],COCCN(CCC(F)(F)F)c1ccc(OC)c(CC(NC(=O)OC(C)(C)C)C(=O)O)c1,,random_balanced,BB-1808,BB-0421,2,1,0.7705293276517688
BB-0943 BB-1959,"[943, 1959]",[61],Cc1c(CN(C)C(=O)C#CC(C)NC(=O)OC(C)(C)C)oc2c(C)cccc12,,random_balanced,BB-0943,BB-1959,4,0,0.7856534731370959
BB-1698 BB-0742,"[1698, 742]",[10],COC(=O)c1ccc(Cn2cc(Sc3ccc(C(NC(=O)OC(C)(C)C)c4cccc(C#N)c4)cc3)c([N+](=O)[O-])n2)o1,,random_balanced,BB-1698,BB-0742,2,1,0.1624447378207665
BB-1933 BB-1569,"[1933, 1569]",[68],COc1ccc(Sc2cnc(C(C)(C)O)cn2)c(CNC(=O)OC(C)(C)C)c1,,random_balanced,BB-1933,BB-1569,3,0,0.38474303776972546
BB-1148 BB-1636,"[1148, 1636]",[96],CCCC(C(=O)N(CC)C1CCCC1)N(C(=O)OC(C)(C)C)C1(C(=O)O)CCCOc2c(Cl)cc(C)cc21,,random_balanced,BB-1148,BB-1636,5,5,0.2591954221355911
BB-1044 BB-1469,"[1044, 1469]",[96],CCOC(=O)c1cnn(C(C)(Cn2c(=O)oc(=O)c3ccccc32)C(=O)O)c1CNC(=O)OC(C)(C)C,,random_balanced,BB-1044,BB-1469,3,6,0.7158556426850035
BB-1855 BB-1230,"[1855, 1230]",[28],Cc1ccc(C(CNC(=O)OC(C)(C)C)C(=O)N2[C@H](C)C[C@H](C(=O)O)C[C@@H]2C)cc1,,random_balanced,BB-1855,BB-1230,5,2,0.7498988051121134
BB-0545 BB-2033,"[545, 2033]",[96],CC(C)(C)OC(=O)Nc1ccc2c(c1)C(C(=O)O)(N1CCN(CCn3cc(NC(=O)OC(C)(C)C)cn3)C1=O)CCC2,,random_balanced,BB-0545,BB-2033,5,8,0.15641411000286493
BB-0873 BB-1570,"[873, 1570]",[96],COCc1noc(C2(N(C(=O)OC(C)(C)C)C3(C(=O)O)CC(c4cccc(Br)c4)C3)CCOCC2)n1,,random_balanced,BB-0873,BB-1570,2,5,0.4176075731548141
BB-0982 BB-1843,"[982, 1843]",[74],CCc1cc(NC(=O)OC(C)(C)C)cc(S(=O)(=O)c2cc3c(cc2[N+](=O)[O-])CN(C(=O)OC(C)(C)C)CC3)n1,,random_balanced,BB-0982,BB-1843,3,1,0.13455932866158488
BB-0535 BB-0113,"[535, 113]",[96],CCCCCC(C(=O)O)(c1c(O)cc(O)cc1O)N(CCc1cc(OC)c(C)c(OC)c1)C(=O)OC(C)(C)C,,random_balanced,BB-0535,BB-0113,4,5,0.5057149281781441
BB-1092 BB-1820,"[1092, 1820]",[31],CCc1ccsc1Oc1ccc(NC(=O)OC(C)(C)C)cc1,,random_balanced,BB-1092,BB-1820,3,0,0.3236098770029765
BB-0780 BB-2081,"[780, 2081]",[96],CC(C)(C)OC(=O)NCC(CC1CCOCC1)(C(=O)O)N(C(=O)OC(C)(C)C)S(=O)(=O)c1cc(F)cc(F)c1,,random_balanced,BB-0780,BB-2081,5,5,0.4770814033439522
BB-0896 BB-0339,"[896, 339]",[96],CC(C)(C)OC(=O)N(c1cc2c(cn1)OCC2)C1(C(=O)O)CCCc2cc[nH]c21,,random_balanced,BB-0896,BB-0339,4,3,0.3701337852626767
BB-0278 BB-0230,"[278, 230]",[96],CC(C)(C)OC(=O)N([C@@H]1C[C@@H]1CS(C)(=O)=O)C1(C(=O)O)CCN(c2cnccn2)CC1,,random_balanced,BB-0278,BB-0230,2,4,0.4174607106492954
BB-1426 BB-0235,"[1426, 235]",[17],CC(C)(C)OC(=O)NNCc1ccc(S(=O)(=O)c2cccc(-n3ccnc3SCC(=O)O)c2)cc1Cl,,random_balanced,BB-1426,BB-0235,3,0,0.15599885142071523
BB-0858 BB-0342,"[858, 342]",[96],Cc1ccc(Cl)c2c1NC(=O)C2(C(=O)O)N(C(=O)OC(C)(C)C)c1nnc(C(C)(F)F)o1,,random_balanced,BB-0858,BB-0342,4,2,0.49830724476631827
BB-2157 BB-1037,"[2157, 1037]",[96],Cc1ccc2c(CC(=O)O)c(C(C)(C(=O)O)N(C(=O)OC(C)(C)C)S(=O)(=O)CCc3ccccn3)oc2c1,,random_balanced,BB-2157,BB-1037,2,4,0.5262570524374395
BB-2197 BB-0930,"[2197, 930]",[28],CN(CC(F)F)C1CCN(C(=O)C23CCCC(CNC(=O)OC(C)(C)C)(C2)OC3)CC1,,random_balanced,BB-2197,BB-0930,3,1,0.5489443660101251
BB-2068 BB-1694,"[2068, 1694]",[96],Cc1c(C(C)(C(=O)O)N(C(=O)OC(C)(C)C)[C@@H]2CCN[C@@H](C(=O)O)C2)nnn1-c1cccc2ncccc12,,random_balanced,BB-2068,BB-1694,3,6,0.696080963019972
BB-2081 BB-0852,"[2081, 852]",[39],COc1ccccc1C(O)C1CCN(C(CNC(=O)OC(C)(C)C)(CC2CCOCC2)C(=O)O)CC1,,random_balanced,BB-2081,BB-0852,6,1,0.7358727905073777
BB-1707 BB-1699,"[1707, 1699]",[96],CC(C)(C)OC(=O)N1CCn2c(nnc2CN(C(=O)OC(C)(C)C)C(C)(C(=O)O)c2cnc(Cl)c(Br)c2)C1,,random_balanced,BB-1707,BB-1699,3,4,0.5853899367024756
BB-1934 BB-0967,"[1934, 967]",[40],Cc1cccc(NC(=O)OC(C)(C)C)c1C(=O)OC(C)C1CCNC(=O)C1,,random_balanced,BB-1934,BB-0967,4,0,0.6382993680715792
BB-0157 BB-1015,"[157, 1015]",[96],CC(=O)c1cc(C(C)(C(=O)O)N(C(=O)OC(C)(C)C)c2cc(-c3ccc(-c4ccccc4)cc3)[nH]n2)ccc1O,,random_balanced,BB-0157,BB-1015,3,4,0.5627089326161713
BB-0780 BB-1414,"[780, 1414]",[96],CCC1Oc2c(F)cc(Br)cc2C1(C(=O)O)N(C(=O)OC(C)(C)C)S(=O)(=O)c1cc(F)cc(F)c1,,random_balanced,BB-0780,BB-1414,6,4,0.3667785002255517
BB-2199 BB-1822,"[2199, 1822]",[17],Cc1c(CNC(=O)OC(C)(C)C)oc2ccc(S(=O)(=O)c3cc(NC(=O)OC(C)(C)C)c(F)cc3Cl)cc12,,random_balanced,BB-2199,BB-1822,5,3,0.09496948482638537
BB-0951 BB-1023,"[951, 1023]",[96],COCCn1nc(C)c(N(C(=O)OC(C)(C)C)C(CNC(=O)OC(C)(C)C)(C(=O)O)c2ccc([N+](=O)[O-])cc2)c1C,,random_balanced,BB-0951,BB-1023,5,4,0.5830517839480523
BB-1963 BB-1043,"[1963, 1043]",[96],CC(C)(C)OC(=O)N(C1(Cc2ccc(F)cc2F)CCCCC1)C(CN1CCNCC1)(C(=O)O)c1cccs1,,random_balanced,BB-1963,BB-1043,3,5,0.3924080121018854
BB-0650 BB-0362,"[650, 362]",[96],CC(C)(C)OC(=O)N1CC(c2nnc(N(C(=O)OC(C)(C)C)C(C)(C(=O)O)c3ncccc3C(=O)O)o2)C1,,random_balanced,BB-0650,BB-0362,4,4,0.4386668711368432
BB-0951 BB-0233,"[951, 233]",[96],COCCn1nc(C)c(N(C(=O)OC(C)(C)C)C(C)(C(=O)O)c2[nH]c(CC(=O)O)c(C(=O)OC)c2C)c1C,,random_balanced,BB-0951,BB-0233,6,4,0.5913804152623869
BB-0080 BB-1794,"[80, 1794]",[96],COCCCC(Cc1ccccc1)N(C(=O)OC(C)(C)C)C(C=C(OC)OC)(C(=O)O)C(F)(F)F,,random_balanced,BB-0080,BB-1794,3,4,0.3348217968587105
BB-1288 BB-1019,"[1288, 1019]",[96],Cc1[nH]c(-c2ccco2)nc(=O)c1C(C)(C(=O)O)N(C(=O)OC(C)(C)C)c1cnn(C(C)(C)c2nnc3n2CCCCC3)c1,,random_balanced,BB-1288,BB-1019,1,2,0.24486987253169984
BB-1678 BB-0944,"[1678, 944]",[16],CC(C)(C)OC(=O)NC(Cc1cc(C(F)(F)F)cnc1Cl)C(=O)OCc1ccc2ccccc2c1[N+](=O)[O-],,random_balanced,BB-1678,BB-0944,4,0,0.5881916614003151
BB-2195 BB-0010,"[2195, 10]",[96],CC(C)(C)OC(=O)N(c1cccnc1F)C1(C(=O)O)c2ccccc2CC12CCOCC2,,random_balanced,BB-2195,BB-0010,3,5,0.18389935206724026
BB-2115 BB-2096,"[2115, 2096]",[96],CCOc1ccc(N(C(=O)OC(C)(C)C)C(CNC(=O)OC(C)(C)C)(C(=O)O)c2cn(C)cn2)c2ncccc12,,random_balanced,BB-2115,BB-2096,5,5,0.38878444390983113
BB-2119 BB-1165,"[2119, 1165]",[10],CC(C)(C)OC(=O)Nc1noc(-c2ccc(Sc3cccc4c3OC(C)(C)CC4O)cc2Cl)n1,,random_balanced,BB-2119,BB-1165,3,2,0.279185273801091
BB-1042 BB-1510,"[1042, 1510]",[97],CC(C)(C)OC(=O)Nc1[nH]nc(OCCCOC(=O)[C@@H]2CCCN2C2=NS(=O)(=O)c3ccccc32)c1C#N,,random_balanced,BB-1042,BB-1510,4,0,0.1481486940616581
BB-2197 BB-1841,"[2197, 1841]",[28],CC(C)(C)OC(=O)NCC12CCCC(C(=O)N3CC4(CCC4)c4cc(Br)ccc43)(CO1)C2,,random_balanced,BB-2197,BB-1841,4,0,0.7082938411815285
BB-0703 BB-1539,"[703, 1539]",[107],CC(C)Oc1ncc(NC(=O)OC(C)(C)C)cc1C1(O)C2CC3C(C2)C31C(=O)O,,random_balanced,BB-0703,BB-1539,3,3,0.6570391351440668
BB-1831 BB-1310,"[1831, 1310]",[96],Cc1cc(C(CCl)(C(=O)O)n2cc(-c3ccc(F)cc3)nc2CNC(=O)OC(C)(C)C)c(C)[nH]1,,random_balanced,BB-1831,BB-1310,5,5,0.7821299956847033
BB-0390 BB-2019,"[390, 2019]",[96],Cc1oc(NC(=O)OC(C)(C)C)c(C#N)c1C(C)(C(=O)O)N(C(=O)OC(C)(C)C)c1ccc2[nH]c(=O)[nH]c2c1,,random_balanced,BB-0390,BB-2019,4,6,0.676949568130654
BB-1958 BB-0794,"[1958, 794]",[96],CCCNc1ccncc1N(C(=O)OC(C)(C)C)C1(C(=O)O)CC(C)c2c(C)ccc(OCC(=O)O)c21,,random_balanced,BB-1958,BB-0794,3,3,0.42931004811071904
BB-1237 BB-1253,"[1237, 1253]",[31],CC(C)(C)OC(=O)Nc1cc(Oc2c([N+](=O)[O-])cccc2S(=O)(=O)NC(=O)OC(C)(C)C)ccc1C(=O)C1CCCOC1,,random_balanced,BB-1237,BB-1253,3,4,0.17236214882311165
BB-0734 BB-1803,"[734, 1803]",[61],CCc1cccc2c1CCCN2C(=O)c1cnc2c(c1)C(NC(=O)OC(C)(C)C)CCO2,,random_balanced,BB-0734,BB-1803,3,0,0.45763644966365585
BB-1681 BB-1358,"[1681, 1358]",[28],COC(=O)C1CCN(C(=O)c2ccc(CNC(=O)OC(C)(C)C)o2)C(C(C)C)C1,,random_balanced,BB-1681,BB-1358,2,1,0.6617142123192885
BB-2121 BB-1394,"[2121, 1394]",[75],Cc1cc(S(=O)(=O)c2cc(Cl)cc(CS(=O)(=O)NC(=O)OC(C)(C)C)c2)ccc1C(C)Br,,random_balanced,BB-2121,BB-1394,2,0,0.3125817595930105
BB-2099 BB-0586,"[2099, 586]",[96],CN(C)C(=O)c1cc(N(C(=O)OC(C)(C)C)C2(C(=O)O)C=CC(C)(c3ccccc3)CC2)ccc1Cl,,random_balanced,BB-2099,BB-0586,7,4,0.5310708613968922
BB-1349 BB-0977,"[1349, 977]",[61],CC(C)(C)OC(=O)NC(C(=O)N1CCC(O)(C(N)=O)C1)c1cc(F)ccc1F,,random_balanced,BB-1349,BB-0977,5,1,0.6396687011030998
BB-1967 BB-1970,"[1967, 1970]",[96],Cc1ccc(C(=O)CCC(CCC(=O)O)(C(=O)O)N(Cc2cc(F)cc3c2OCOC3)C(=O)OC(C)(C)C)s1,,random_balanced,BB-1967,BB-1970,6,5,0.4070519561027355
BB-0798 BB-0986,"[798, 986]",[96],CC(C)(C)OC(=O)N[C@H]1Cc2ccccc2[C@@H]1N(C(=O)OC(C)(C)C)C(C)(CC1(O)CCC1)C(=O)O,,random_balanced,BB-0798,BB-0986,4,9,0.5565133051432564
BB-0668 BB-1669,"[668, 1669]",[96],CCCc1ccc(C(CCC(=O)O)(C(=O)O)N(C(=O)OC(C)(C)C)c2nc(-c3ccc4c(c3)-c3ccccc3C4)cs2)cc1,,random_balanced,BB-0668,BB-1669,2,5,0.32466909038841607
BB-0348 BB-0040,"[348, 40]",[61],CC(=O)c1cc(C(NC(=O)OC(C)(C)C)C(=O)N(C)Cc2ccnc3c(Br)cccc23)ccc1O,,random_balanced,BB-0348,BB-0040,5,1,0.6919063063534069
BB-0834 BB-1072,"[834, 1072]",[10],Cc1ccc(Sc2cn(C3CCCC3)nc2C=O)cc1NC(=O)CNC(=O)OC(C)(C)C,,random_balanced,BB-0834,BB-1072,5,1,0.4683388782998571
BB-1011 BB-0337,"[1011, 337]",[96],COC(=O)C1Cc2c(O)cccc2C1N(C(=O)OC(C)(C)C)C(C(=O)O)(c1ccc2c(c1)CCC(=O)N2)C(C)Br,,random_balanced,BB-1011,BB-0337,2,6,0.5262023056090559
BB-1288 BB-0362,"[1288, 362]",[96],CC(C)(C)OC(=O)N(c1cnn(C(C)(C)c2nnc3n2CCCCC3)c1)C(C)(C(=O)O)c1ncccc1C(=O)O,,random_balanced,BB-1288,BB-0362,2,5,0.48283613020898974
BB-2096 BB-0404,"[2096, 404]",[50],COc1ccc(C(O)(CNC(=O)OC(C)(C)C)c2cn(C)cn2)cc1C1CCCCN1,,random_balanced,BB-2096,BB-0404,6,0,0.8029210526695236
BB-1792 BB-1836,"[1792, 1836]",[96],CC#CC1(N(C(=O)OC(C)(C)C)C(C)(Cc2ccccc2S(=O)(=O)NC(=O)OC(C)(C)C)C(=O)O)COC1,,random_balanced,BB-1792,BB-1836,2,2,0.5363468095623978
BB-2134 BB-0546,"[2134, 546]",[96],COCc1cc(C(C)(C(=O)O)N(CCCCc2ccccc2)C(=O)OC(C)(C)C)ccc1OC,,random_balanced,BB-2134,BB-0546,8,4,0.5832626325898098
BB-0668 BB-0723,"[668, 723]",[96],CC(C)(C)OC(=O)N(c1nc(-c2ccc3c(c2)-c2ccccc2C3)cs1)C1(C(=O)O)CCN(C(=O)OCc2ccccc2)CC1CC#N,,random_balanced,BB-0668,BB-0723,3,5,0.20743584641206592
BB-2143 BB-0587,"[2143, 587]",[28],CC(C)(C)OC(=O)Nc1c(C(=O)N2CCCC(c3cn[nH]c3C(=O)O)C2)sc2ncncc12,,random_balanced,BB-2143,BB-0587,2,1,0.7609672510901369
BB-1726 BB-0867,"[1726, 867]",[55],COc1ccc(CCNC(=O)OC(C)(C)C)c(N2CCSC(C)C2C)c1,,random_balanced,BB-1726,BB-0867,4,0,0.8425843013377674
BB-1616 BB-0199,"[1616, 199]",[96],Cn1ncc2c(N3CCC(C(=O)O)(N(C(=O)OC(C)(C)C)c4ccc5c(c4)N(Cc4ccc(F)cc4)CC5)CC3)ncnc21,,random_balanced,BB-1616,BB-0199,5,4,0.5799233424186522
BB-2106 BB-1037,"[2106, 1037]",[96],Cc1ccc2c(CC(=O)O)c(C(C)(C(=O)O)N(C(=O)OC(C)(C)C)C3CCC34CCC4)oc2c1,,random_balanced,BB-2106,BB-1037,2,5,0.39441985552878983
BB-1430 BB-1372,"[1430, 1372]",[96],CCOC(=O)C1Cc2c(C)cccc2C(C(=O)O)(n2c(NC(=O)OC(C)(C)C)nn3c(=O)cc(CC)nc23)C1,,random_balanced,BB-1430,BB-1372,4,3,0.7120026080949711
BB-0434 BB-0451,"[434, 451]",[96],CC(C)(C)CC1CC1N(C(=O)OC(C)(C)C)C1(C(=O)O)CC(NC(=O)OC(C)(C)C)C12CCC(F)CC2,,random_balanced,BB-0434,BB-0451,2,4,0.6294200724449861
BB-0154 BB-2010,"[154, 2010]",[96],Cc1ccc([C@@H]2OCCC[C@H]2N(C(=O)OC(C)(C)C)C2(C(=O)O)CCc3c2cc2c(c3NC(=O)OC(C)(C)C)CCC2)cc1,,random_balanced,BB-0154,BB-2010,2,7,0.5503562016995013
BB-0180 BB-2154,"[180, 2154]",[96],Cc1nn(-c2ncccn2)c(N(C(=O)OC(C)(C)C)C(CC2CCC2)(C(=O)O)c2ccccc2NC(=O)OC(C)(C)C)c1Br,,random_balanced,BB-0180,BB-2154,3,5,0.2786414994658165
BB-0516 BB-1983,"[516, 1983]",[96],CCOc1ccc2c(c1)C(N(C(=O)OC(C)(C)C)C(C)(C(=O)O)c1ccc(OCC(F)(F)F)cc1)CCO2,,random_balanced,BB-0516,BB-1983,1,7,0.6034980145304094
BB-1405 BB-2028,"[1405, 2028]",[10],COC(=O)c1cc(Sc2cc(NC(=O)OC(C)(C)C)cc3cn[nH]c23)cc(S(=O)(=O)NC(=O)OC(C)(C)C)c1F,,random_balanced,BB-1405,BB-2028,3,4,0.1508482611120385
BB-2193 BB-0087,"[2193, 87]",[96],CC(Cc1cn(C)cn1)N(C(=O)OC(C)(C)C)C1(C(=O)O)CCN(Cc2cccs2)CC1,,random_balanced,BB-2193,BB-0087,3,6,0.6438847773950331
BB-1479 BB-1122,"[1479, 1122]",[49],Cc1cc(C(=O)c2ccc(NS(=O)(=O)NC(=O)OC(C)(C)C)cc2)cc(C)c1CC(=O)O,,random_balanced,BB-1479,BB-1122,7,1,0.4128043111157292
BB-2168 BB-1217,"[2168, 1217]",[96],Cc1cc(O)cc2c1C(C(=O)O)(N(C(=O)OC(C)(C)C)c1cccn(CCF)c1=O)CO2,,random_balanced,BB-2168,BB-1217,5,5,0.38795616246210524
BB-1149 BB-0915,"[1149, 915]",[96],Cc1noc(C(C2CCOCC2)N(C(=O)OC(C)(C)C)C2(C(=O)O)CCCOc3c(C)cc(Cl)cc32)n1,,random_balanced,BB-1149,BB-0915,3,6,0.4157987055855327
BB-2009 BB-1979,"[2009, 1979]",[68],Cc1c(NC(=O)OC(C)(C)C)cc(CO)cc1Sc1cc(C(F)(F)F)cnc1NCCNC(=O)OC(C)(C)C,,random_balanced,BB-2009,BB-1979,6,2,0.39976092442305255
BB-2176 BB-2062,"[2176, 2062]",[96],CC(C)(C)OC(=O)NCCCC(C(=O)O)(c1ccc2c(c1)OCO2)N(C(=O)OC(C)(C)C)c1nnc(-c2c(F)cccc2F)s1,,random_balanced,BB-2176,BB-2062,4,8,0.30709862329625554
BB-1623 BB-0512,"[1623, 512]",[10],Cc1cc2cc(Sc3ccccc3OC(F)F)c(F)cc2nc1NC(=O)OC(C)(C)C,,random_balanced,BB-1623,BB-0512,4,1,0.44584361790624594
BB-2056 BB-0182,"[2056, 182]",[88],COC(=O)C1=CO[C@@H](O)[C@@H]2C(COc3cnccc3CCNC(=O)OC(C)(C)C)=CC[C@H]12,,random_balanced,BB-2056,BB-0182,3,0,0.6558463751596271
BB-0648 BB-1794,"[648, 1794]",[96],COC(=CC(C(=O)O)(N(C(=O)OC(C)(C)C)S(=O)(=O)C1c2ccccc2-c2ccccc21)C(F)(F)F)OC,,random_balanced,BB-0648,BB-1794,5,5,0.2903186948594654
BB-1303 BB-1393,"[1303, 1393]",[68],C/C=C(/CNC(=O)OC(C)(C)C)Sc1ccc2c(C)c(C(=O)O)c(C)nc2c1,,random_balanced,BB-1303,BB-1393,4,1,0.4179230060371905
BB-0917 BB-1142,"[917, 1142]",[40],CC(C)(C)OC(=O)N[C@]1(C(F)(F)F)CC[C@H](C(=O)O[C@H]2C[C@](C(=O)O)(c3ccccc3)C2)CC1,,random_balanced,BB-0917,BB-1142,2,0,0.4889721130578779
BB-1888 BB-0365,"[1888, 365]",[96],CC1OCCC1N(C(=O)OC(C)(C)C)C(CBr)(C(=O)O)[C@@H](COCc1ccccc1)NC(=O)OC(C)(C)C,,random_balanced,BB-1888,BB-0365,2,3,0.4411260722780775
BB-0121 BB-1334,"[121, 1334]",[31],Cc1cc(C)cc(C(COc2cc3nc(C)[nH]c3cc2Cl)NC(=O)OC(C)(C)C)c1,,random_balanced,BB-0121,BB-1334,3,1,0.6178153896539759
BB-1083 BB-0175,"[1083, 175]",[31],CC(C)(C)OC(=O)N[C@@H](COc1ccc(S(=O)(=O)C23CC(C2)C3)cc1)Cc1ccc([N+](=O)[O-])cc1,,random_balanced,BB-1083,BB-0175,4,0,0.5357416715129528
BB-1780 BB-1896,"[1780, 1896]",[96],Cc1cc2c(cc1Br)C(C(=O)O)(N(C(=O)OC(C)(C)C)c1cccc(N3CCOCC3)c1)CCO2,,random_balanced,BB-1780,BB-1896,3,7,0.5961986100146659
BB-2178 BB-1398,"[2178, 1398]",[96],CC(CCC1CCCC1)N(C(=O)OC(C)(C)C)C(C)(C(=O)O)c1c[nH]c2ccc([N+](=O)[O-])cc12,,random_balanced,BB-2178,BB-1398,4,3,0.5707139378205478
BB-0238 BB-0339,"[238, 339]",[96],CCn1c(NC(=O)OC(C)(C)C)c(-c2csc(C)n2)c(=O)n(C2(C(=O)O)CCCc3cc[nH]c32)c1=O,,random_balanced,BB-0238,BB-0339,4,4,0.7890050248577717
BB-2084 BB-1033,"[2084, 1033]",[10],Cc1c(NC(=O)OC(C)(C)C)c(C(=O)O)cc(F)c1Sc1nc(Br)c(Cl)cc1F,,random_balanced,BB-2084,BB-1033,3,0,0.4140021663693844
BB-0236 BB-1268,"[236, 1268]",[96],Cc1ccc(F)c(C(C(=O)O)(C2CCCCCCC2)N(C(=O)OC(C)(C)C)C2CCCN(c3ccc4c(c3)OCO4)C2)c1,,random_balanced,BB-0236,BB-1268,3,4,0.38935054869363706
BB-0630 BB-0997,"[630, 997]",[31],COC(=O)C[C@H](NC(=O)OC(C)(C)C)c1ccnc(OCc2ccc(C)cn2)c1,,random_balanced,BB-0630,BB-0997,4,2,0.4984829925020902
BB-1769 BB-1301,"[1769, 1301]",[68],CC(C)(C)OC(=O)N[C@@H]1CCO[C@H]1c1ccc(SCCCc2cccnc2)c(F)c1,,random_balanced,BB-1769,BB-1301,3,0,0.4699599472447806
BB-0466 BB-1019,"[466, 1019]",[96],CSCC1(CN(C(=O)OC(C)(C)C)C(C)(C(=O)O)c2c(C)[nH]c(-c3ccco3)nc2=O)CC(F)(F)C1,,random_balanced,BB-0466,BB-1019,3,3,0.5751032513544623
BB-0168 BB-0382,"[168, 382]",[54],CC(C)(C)OC(=O)Nc1ccccc1C(=Cc1ccc(O)nn1)CCCC(=O)O,,random_balanced,BB-0168,BB-0382,6,0,0.461535303696979
BB-2106 BB-1727,"[2106, 1727]",[96],CC(C)(C)OC(=O)N(C1CCC12CCC2)C(C)(C(=O)O)c1ccc(C(F)(F)F)s1,,random_balanced,BB-2106,BB-1727,3,5,0.23097455778477177
BB-0217 BB-0095,"[217, 95]",[29],CNc1cc(-c2cccc(CNC(=O)OC(C)(C)C)c2)ccc1NC(=O)OC(C)(C)C,,random_balanced,BB-0217,BB-0095,3,2,0.5218277834726532
BB-0533 BB-0645,"[533, 645]",[96],CC(C)(C)OC(=O)N([C@H]1C[C@H]2CCCC[C@H]2C1)C(C(=O)O)(/C(=N/N=C/c1ccc2c(c1)OCO2)c1ccccc1)c1ccccc1,,random_balanced,BB-0533,BB-0645,4,2,0.31310850293850884
BB-1369 BB-0372,"[1369, 372]",[28],Cc1cc(Br)cc(C(NC(=O)OC(C)(C)C)C(=O)N2CCc3c([nH]c4ccccc34)C2C(=O)O)c1,,random_balanced,BB-1369,BB-0372,4,2,0.7192843321559388
BB-0211 BB-1062,"[211, 1062]",[96],Cc1ccc(N2CCC(C(=O)O)(N(C(=O)OC(C)(C)C)C3CCC(C(F)(F)F)CC3)CC2=O)cc1,,random_balanced,BB-0211,BB-1062,2,6,0.7652939827058349
BB-1459 BB-1213,"[1459, 1213]",[96],Cc1cc(C)c2c(c1)NC(=O)C2(C(=O)O)N(Cc1nnc(C(C)C)s1)C(=O)OC(C)(C)C,,random_balanced,BB-1459,BB-1213,4,4,0.5212888815730818
BB-0705 BB-1075,"[705, 1075]",[39],CN1CCN(CC(=O)OC(C(=O)O)(C(=NNC(=O)OC(C)(C)C)c2ccccc2)c2ccccc2)CC1,,random_balanced,BB-0705,BB-1075,5,0,0.4620216463355233
BB-0741 BB-0187,"[741, 187]",[88],COC(=O)c1cncc(C(C)(C)Oc2cc(S(=O)(=O)NC(=O)OC(C)(C)C)c(C)cc2C)c1,,random_balanced,BB-0741,BB-0187,3,0,0.7258248574677837
BB-0255 BB-1570,"[255, 1570]",[96],Cc1nc(N(C(=O)OC(C)(C)C)C2(C(=O)O)CC(c3cccc(Br)c3)C2)sc1Cc1ccc(F)c(F)c1F,,random_balanced,BB-0255,BB-1570,2,6,0.6471636218379075
BB-1369 BB-1015,"[1369, 1015]",[107],COC(=O)C(NC(=O)OC(C)(C)C)c1cc(C)cc(C(C)(O)c2cc(C(C)=O)ccc2O)c1,,random_balanced,BB-1369,BB-1015,5,5,0.7053297943354568
BB-0080 BB-1414,"[80, 1414]",[96],CCC1Oc2c(F)cc(Br)cc2C1(C(=O)O)N(C(=O)OC(C)(C)C)C(CCCOC)Cc1ccccc1,,random_balanced,BB-0080,BB-1414,4,5,0.3441865308721552
BB-2008 BB-0745,"[2008, 745]",[47],Cc1nc(-c2ccc([C@@H]3CCO[C@H]3C(=O)O)cc2)c(CNC(=O)OC(C)(C)C)n1C,,random_balanced,BB-2008,BB-0745,3,0,0.6820626022547563
BB-1709 BB-1234,"[1709, 1234]",[61],Cc1cc(C)c(C(=O)N(Cc2ccccc2)Cc2cncnc2)cc1NC(=O)OC(C)(C)C,,random_balanced,BB-1709,BB-1234,6,0,0.7370157245319536
BB-2044 BB-0380,"[2044, 380]",[47],Cc1cc(F)cc(-c2cnc3n2CC(NC(=O)OC(C)(C)C)CC3)c1,,random_balanced,BB-2044,BB-0380,3,1,0.8268216237969807
BB-0791 BB-0586,"[791, 586]",[96],CC(C)(C)OC(=O)N(c1ccc(F)cc1N1CCCC1=O)C1(C(=O)O)C=CC(C)(c2ccccc2)CC1,,random_balanced,BB-0791,BB-0586,1,5,0.5109579259451238
BB-1223 BB-0335,"[1223, 335]",[96],COc1cccc2c1C(C(=O)O)CC2(C(=O)O)N(C(=O)OC(C)(C)C)c1c2c(nc3ccccc13)CCOC2,,random_balanced,BB-1223,BB-0335,3,4,0.5033693080180874
BB-1957 BB-1411,"[1957, 1411]",[96],COCOc1ccc(C(C)(C(=O)O)N(CCCN2CCc3ccccc32)C(=O)OC(C)(C)C)c(O)c1C,,random_balanced,BB-1957,BB-1411,3,5,0.7404602324592637
BB-0430 BB-1173,"[430, 1173]",[68],CC(C)(C)OC(=O)Nc1cccc(C(=O)OC(C)(C)C)c1SC1(Cl)CCCNS1(=O)=O,,random_balanced,BB-0430,BB-1173,6,1,0.40779668277118303
BB-2033 BB-0240,"[2033, 240]",[50],Cc1nc(C2(O)CCCc3ccc(NC(=O)OC(C)(C)C)cc32)c(C#N)s1,,random_balanced,BB-2033,BB-0240,9,1,0.8363787429518877
BB-1979 BB-1425,"[1979, 1425]",[79],CC(C)(C)OC(=O)NCCN(C(=O)C(=O)N1CC[C@H](NC(N)=O)C1)c1ncc(C(F)(F)F)cc1Cl,,random_balanced,BB-1979,BB-1425,3,0,0.4915706151936285
BB-1460 BB-0792,"[1460, 792]",[96],CCCN1C(=O)C(C(=O)O)(N(C(=O)OC(C)(C)C)c2onc(-c3cc(C)ccc3F)c2C)c2cc(Br)ccc21,,random_balanced,BB-1460,BB-0792,3,4,0.516454659445578
BB-0435 BB-1663,"[435, 1663]",[96],CC(C)(C)OC(=O)N(Cc1noc2cc(F)ccc12)C1(C(=O)O)CCCc2oc(=O)c(C(=O)O)cc21,,random_balanced,BB-0435,BB-1663,1,3,0.4456169685983039
BB-1613 BB-1505,"[1613, 1505]",[27],CC(C)(C)OC(=O)Nc1c(F)c(F)c(-c2noc(C3CCCc4cc(O)ccc43)n2)c(F)c1F,,random_balanced,BB-1613,BB-1505,5,0,0.2406956275084799
BB-1947 BB-0087,"[1947, 87]",[96],CC(C)(C)OC(=O)Nc1ccc2c(c1)S(=O)(=O)N(C1(C(=O)O)CCN(Cc3cccs3)CC1)C2=O,,random_balanced,BB-1947,BB-0087,2,7,0.33083736443651734
BB-1979 BB-1621,"[1979, 1621]",[107],CC(C)(C)OC(=O)NCCNc1ncc(C(F)(F)F)cc1C(O)c1nc(Br)co1,,random_balanced,BB-1979,BB-1621,4,1,0.670943794769937
BB-2130 BB-0651,"[2130, 651]",[96],CC(C)(C)OC(=O)N(CCNC(=O)C1CCCC1)C(CBr)(C(=O)O)c1ccc(OCc2ccccc2)c([N+](=O)[O-])c1,,random_balanced,BB-2130,BB-0651,5,5,0.3674970541664186
BB-2053 BB-0959,"[2053, 959]",[107],Cc1[nH]c(C(=O)O)c(C)c1C(O)c1sc(NC(=O)OC(C)(C)C)nc1C(C)(C)C,,random_balanced,BB-2053,BB-0959,6,0,0.807968523265428
BB-2158 BB-0990,"[2158, 990]",[49],CC(C)(C)OC(=O)NC1CCCc2cc(C(=O)c3cc(F)cnc3Br)ccc21,,random_balanced,BB-2158,BB-0990,5,1,0.6616524241318125
BB-2120 BB-1466,"[2120, 1466]",[96],C[C@@H]1CN(c2ccc(N(C(=O)OC(C)(C)C)C3(C(=O)O)CCC(O)(c4cccc(Cl)c4)CC3)cc2)C[C@H](C)O1,,random_balanced,BB-2120,BB-1466,5,5,0.6236828174012098
BB-0812 BB-0745,"[812, 745]",[10],Cc1ccc(C)c(-c2cc(C)c(NC(=O)OC(C)(C)C)cc2Sc2ccc([C@@H]3CCO[C@H]3C(=O)O)cc2)c1,,random_balanced,BB-0812,BB-0745,3,1,0.42740753304331336
BB-2050 BB-1796,"[2050, 1796]",[104],Cc1ccc(CCNC(=O)OC(C)(C)C)c(-c2ccc(N3CC(CBr)OC3=O)cc2)c1,,random_balanced,BB-2050,BB-1796,5,0,0.7002682455657468
BB-0373 BB-0480,"[373, 480]",[96],Cn1ccc(CC(C(=O)O)N(C(=O)OC(C)(C)C)C(C)(CCc2ccccc2[N+](=O)[O-])C(=O)O)n1,,random_balanced,BB-0373,BB-0480,4,4,0.5807714504224047
BB-0892 BB-1781,"[892, 1781]",[97],Cc1n[nH]c2c(C(=O)OCC(C)(C)C(CNC(=O)OC(C)(C)C)c3ccccc3)cccc12,,random_balanced,BB-0892,BB-1781,2,0,0.6787478382783472
BB-2168 BB-2065,"[2168, 2065]",[96],CCC(C(=O)O)(c1cc(NC(=O)OC(C)(C)C)ccc1F)N(C(=O)OC(C)(C)C)c1cccn(CCF)c1=O,,random_balanced,BB-2168,BB-2065,6,5,0.45234177705795386
BB-1042 BB-0644,"[1042, 644]",[49],CC(C)(C)OC(=O)Nc1[nH]nc(OCCCO)c1C(=O)Cc1cc(-c2cccc(F)c2F)ccc1F,,random_balanced,BB-1042,BB-0644,5,1,0.6445933721375069
BB-0247 BB-1313,"[247, 1313]",[28],CC(C)(C)OC(=O)NC1(c2ccc(C(=O)N3CCc4nn(-c5ccccc5)cc4C3)o2)CC1,,random_balanced,BB-0247,BB-1313,3,1,0.19053594938136337
BB-2005 BB-0554,"[2005, 554]",[68],COc1ccc(Sc2cn(C)c(=O)c(NC(=O)OC(C)(C)C)c2C)c2[nH]c(C(=O)O)cc12,,random_balanced,BB-2005,BB-0554,4,2,0.6070797271413844
BB-0831 BB-2022,"[831, 2022]",[96],CC(C)(C)OC(=O)NCC(C(=O)O)(c1ccc(F)cc1Br)N(C(=O)OC(C)(C)C)c1nccn(C2CC2)c1=O,,random_balanced,BB-0831,BB-2022,3,4,0.4466376702735741
BB-1306 BB-1268,"[1306, 1268]",[96],Cc1ccc(F)c(C(C(=O)O)(C2CCCCCCC2)N(Cc2ccc3ccccc3c2F)C(=O)OC(C)(C)C)c1,,random_balanced,BB-1306,BB-1268,4,5,0.4664464284716021
BB-0156 BB-0429,"[156, 429]",[96],CC(C)CC(C1CC1c1ccccc1)N(C(=O)OC(C)(C)C)C(C)(Cc1ccncc1)C(=O)O,,random_balanced,BB-0156,BB-0429,2,5,0.24213206441198445
BB-2187 BB-0349,"[2187, 349]",[96],Cc1cccc(C(C(N)=O)(C(=O)O)N(C(=O)OC(C)(C)C)c2ccc(C(=O)N3CCC(C)CC3)cc2)c1,,random_balanced,BB-2187,BB-0349,2,4,0.5522711950203312
BB-0622 BB-0581,"[622, 581]",[55],Cc1nn(-c2ccccc2F)c(C)c1C1COCCN1c1cc2c(cc1CNC(=O)OC(C)(C)C)OC(C)(C)O2,,random_balanced,BB-0622,BB-0581,4,1,0.542468543991112
BB-1798 BB-1698,"[1798, 1698]",[84],Cn1c(NC(=O)OC(C)(C)C)nc2cc(-c3nc(-c4cccc(C(NC(=O)OC(C)(C)C)c5ccc(Cl)cc5)c4)no3)cc(Br)c21,,random_balanced,BB-1798,BB-1698,4,3,0.08383465636002357
BB-0722 BB-0880,"[722, 880]",[68],Cc1ccc(Sc2cncc3c2COCCC3NC(=O)OC(C)(C)C)nc1NC(=O)OC(C)(C)C,,random_balanced,BB-0722,BB-0880,3,2,0.2761710248711773
BB-1288 BB-2091,"[1288, 2091]",[96],CC(C)(C)OC(=O)NCC(CC1CC1)(C(=O)O)N(C(=O)OC(C)(C)C)c1cnn(C(C)(C)c2nnc3n2CCCCC3)c1,,random_balanced,BB-1288,BB-2091,3,7,0.3996739134655323
BB-2011 BB-0396,"[2011, 396]",[47],CC(C)(C)OC(=O)NCCc1c(F)ccc(F)c1-c1cccc2c(O)cc(C(=O)O)nc12,,random_balanced,BB-2011,BB-0396,4,1,0.6996063633342776
BB-0284 BB-1335,"[284, 1335]",[79],CN(C(=O)C(=O)N(O)CCNC(=O)OC(C)(C)C)C1COC(C)(C)C1,,random_balanced,BB-0284,BB-1335,3,0,0.3862826733994555
BB-2103 BB-2092,"[2103, 2092]",[96],CC1=C(NC(=O)OC(C)(C)C)O/C(=C(/C)C#N)C1(C(=O)O)N(C(=O)OC(C)(C)C)C1C(=O)N(C)c2ccc(C)cc21,,random_balanced,BB-2103,BB-2092,2,4,0.4794400578526721
BB-0317 BB-1593,"[317, 1593]",[10],Cc1ccc(C2(NC(=O)OC(C)(C)C)CCCCC2)c(Sc2c(C(=O)NNC(=O)OC(C)(C)C)nn(C)c2C)c1,,random_balanced,BB-0317,BB-1593,6,6,0.5577124492426426
BB-0246 BB-1514,"[246, 1514]",[96],CCC1CCC(C2=NCCN2)(N(C(=O)OC(C)(C)C)C(C)(C(=O)O)c2c(C)noc2C)CC1,,random_balanced,BB-0246,BB-1514,4,5,0.2772629395788708
BB-0917 BB-1012,"[917, 1012]",[84],CC(C)(C)OC(=O)N[C@]1(C(F)(F)F)CC[C@H](c2nc([C@H]3CC[C@@H](C#N)CC3)no2)CC1,,random_balanced,BB-0917,BB-1012,3,1,0.5715222406151311
BB-0154 BB-1789,"[154, 1789]",[96],CCCCC(C)(C(=O)O)N(C(=O)OC(C)(C)C)[C@@H]1CCCO[C@H]1c1ccc(C)cc1,,random_balanced,BB-0154,BB-1789,3,5,0.394598199858063
BB-2014 BB-1885,"[2014, 1885]",[106],Cn1cc(CCNC(=O)OC(C)(C)C)c(C(=O)CCS(=O)(=O)Cc2ccc(F)cc2)n1,,random_balanced,BB-2014,BB-1885,4,0,0.46213209927490884
BB-1491 BB-0286,"[1491, 286]",[96],COC(=O)C1CCN(C(=O)CC(C)(C(=O)O)N(C(=O)OC(C)(C)C)C2CCc3cc(F)cc(F)c32)CC1,,random_balanced,BB-1491,BB-0286,3,3,0.618881991088486
BB-2165 BB-0746,"[2165, 746]",[96],CCC(C)(CN(C(=O)OC(C)(C)C)C1(C(=O)O)CCC(CC(C)C)C1)N1CCOCC1,,random_balanced,BB-2165,BB-0746,1,4,0.39855277989306986
BB-0334 BB-1880,"[334, 1880]",[28],Cc1cc2c(cc1Br)N(C(=O)c1cnn3c(-c4cccc(NC(=O)OC(C)(C)C)c4)ccnc13)CC(C)O2,,random_balanced,BB-0334,BB-1880,2,0,0.40948031517276606
BB-2001 BB-0827,"[2001, 827]",[88],CC(C)C(COc1cccc2c1CC(NC(=O)OC(C)(C)C)CC2)C(=O)O,,random_balanced,BB-2001,BB-0827,2,1,0.7345577347185455
BB-1138 BB-1636,"[1138, 1636]",[17],Cc1cc2c(c(S(=O)(=O)c3cccc(-n4nc5c(c4NC(=O)OC(C)(C)C)CCC5)c3)c1)OCCCC2=O,,random_balanced,BB-1138,BB-1636,3,6,0.5348159364780336
BB-0116 BB-1658,"[116, 1658]",[96],COc1cccc(C=CC(C)(C(=O)O)N(C(=O)OC(C)(C)C)C(c2ccc(F)cc2)c2noc(C)n2)c1,,random_balanced,BB-0116,BB-1658,4,6,0.538564214722733
BB-1220 BB-0379,"[1220, 379]",[96],CC(C)(C)OC(=O)N([C@@H]1C[C@H]2CC[C@@H]1C[C@@]2(C)C(=O)O)C1(C(=O)O)CCNc2ccc(C(=O)O)cc21,,random_balanced,BB-1220,BB-0379,3,5,0.39845167545167576
BB-1568 BB-0507,"[1568, 507]",[96],CC(C)(C)OC(=O)NN(c1ccccc1S(C)(=O)=O)C(C)(CCc1n[nH]c2ccccc12)C(=O)O,,random_balanced,BB-1568,BB-0507,4,3,0.5026804408592624
BB-2101 BB-0241,"[2101, 241]",[82],CC(C(NC(=O)OC(C)(C)C)C1CC1)N(C)C1CCN2CCCCC12,,random_balanced,BB-2101,BB-0241,6,0,0.5639807269589767
BB-1030 BB-0756,"[1030, 756]",[106],Cc1cc(NC(=O)OC(C)(C)C)cnc1C(=O)c1cnc2cnccn12,,random_balanced,BB-1030,BB-0756,4,0,0.6721641578516322
BB-2155 BB-0365,"[2155, 365]",[96],CC(C)(C)OC(=O)Nc1cccc(N(C(=O)OC(C)(C)C)C(CBr)(C(=O)O)[C@@H](COCc2ccccc2)NC(=O)OC(C)(C)C)n1,,random_balanced,BB-2155,BB-0365,4,4,0.13869199570060156
BB-1757 BB-0401,"[1757, 401]",[28],CC(C)(C)OC(=O)NCC(CC(=O)N1CCCC(c2ncc(C(F)(F)F)[nH]2)C1)B1OC(C)(C)C(C)(C)O1,,random_balanced,BB-1757,BB-0401,5,1,0.5346332190325989
BB-0570 BB-1361,"[570, 1361]",[15],CC(C)(C)OC(=O)NC(Cc1cccc(F)c1)C(=O)n1c(=O)[nH]c2snc(C(C)(C)C)c2c1=O,,random_balanced,BB-0570,BB-1361,4,3,0.7161730388363855
BB-1934 BB-1874,"[1934, 1874]",[16],COc1ccc(-c2nc(COC(=O)c3c(C)cccc3NC(=O)OC(C)(C)C)cs2)cc1OC,,random_balanced,BB-1934,BB-1874,5,0,0.2704582457455386
BB-0417 BB-1918,"[417, 1918]",[68],COC(=O)c1nc(Cl)c(C)cc1Sc1cccc2cc(NC(=O)OC(C)(C)C)ncc12,,random_balanced,BB-0417,BB-1918,5,0,0.5259114525510988
BB-1867 BB-0507,"[1867, 507]",[96],Cc1nc(N(C(=O)OC(C)(C)C)C(C)(CCc2n[nH]c3ccccc23)C(=O)O)oc1-c1ccncc1,,random_balanced,BB-1867,BB-0507,3,4,0.6237702144491373
BB-0960 BB-1685,"[960, 1685]",[62],CCN(CCCC[Si](C)(C)C)c1ccc(OC)c(C(CO)NC(=O)OC(C)(C)C)c1,,random_balanced,BB-0960,BB-1685,7,0,0.3595124582716524
BB-0956 BB-0181,"[956, 181]",[84],CC(C)(C)OC(=O)NCC1CC=C(c2nc(C3CCNC3=O)no2)CC1,,random_balanced,BB-0956,BB-0181,3,0,0.43295483980178495
BB-1630 BB-1481,"[1630, 1481]",[96],Cc1cc(N=[N+]=[N-])ccc1N(C(=O)OC(C)(C)C)C(C)(C(=O)O)c1oc2ccccc2c1C,,random_balanced,BB-1630,BB-1481,4,3,0.4109210186650476
BB-2060 BB-0748,"[2060, 748]",[73],CCCCn1ncc(C(=O)OCC2(CNC(=O)OC(C)(C)C)CCOCC2)c1C,,random_balanced,BB-2060,BB-0748,5,0,0.658535101092155
BB-0350 BB-1768,"[350, 1768]",[96],CCOC(=O)C(C(=O)O)(c1c(Br)nc(C)n1C)n1cnn2c(NC(=O)OC(C)(C)C)nnc12,,random_balanced,BB-0350,BB-1768,4,5,0.7011151795671575
BB-1707 BB-1650,"[1707, 1650]",[96],C#Cc1cccc(C(C)(C(=O)O)N(Cc2nnc3n2CCN(C(=O)OC(C)(C)C)C3)C(=O)OC(C)(C)C)c1F,,random_balanced,BB-1707,BB-1650,4,4,0.6517657104044525
BB-2145 BB-2091,"[2145, 2091]",[96],CC(C)(C)OC(=O)NCC(CC1CC1)(C(=O)O)N(C(=O)OC(C)(C)C)c1cccc(CS(=O)(=O)c2ccccc2)c1,,random_balanced,BB-2145,BB-2091,3,8,0.3711378271316645
BB-0446 BB-1539,"[446, 1539]",[96],CC(CNC(=O)OC(C)(C)C)Cc1cnn(C2(C(=O)O)C3CC4C(C3)C42C(=O)O)c1,,random_balanced,BB-0446,BB-1539,4,4,0.4531807162576195
BB-0246 BB-0444,"[246, 444]",[96],CCCCCC(CC)(C(=O)O)N(C(=O)OC(C)(C)C)C1(C2=NCCN2)CCC(CC)CC1,,random_balanced,BB-0246,BB-0444,5,4,0.3051911429153101
BB-0533 BB-1242,"[533, 1242]",[96],Cc1cc2c(c(C)c1Cl)C(C(=O)O)(N(C(=O)OC(C)(C)C)[C@H]1C[C@H]3CCCC[C@H]3C1)CCO2,,random_balanced,BB-0533,BB-1242,5,5,0.5281578873485613
BB-2038 BB-2043,"[2038, 2043]",[10],CC(C)(C)OC(=O)Nc1n[nH]c2ccc(F)c(Sc3ccc4c(c3)C(NC(=O)OC(C)(C)C)CCC4=O)c12,,random_balanced,BB-2038,BB-2043,5,5,0.44229484820199555
BB-1135 BB-0704,"[1135, 704]",[68],C=CCc1c(C(=O)OC)ccc(Sc2ccc(NNC(=O)OC(C)(C)C)c(C)c2C)c1O,,random_balanced,BB-1135,BB-0704,4,0,0.4884948200172394
BB-0299 BB-1219,"[299, 1219]",[31],COC(=O)c1cccc(OC(C)C(C)(CNC(=O)OC(C)(C)C)Cc2ccc(F)cc2)c1OC,,random_balanced,BB-0299,BB-1219,3,2,0.6428219989808918
BB-1423 BB-0991,"[1423, 991]",[61],Cc1c(O)ccc2c1OCCN(C(=O)C(NC(=O)OC(C)(C)C)c1ccc(C(F)(F)F)cc1)C2,,random_balanced,BB-1423,BB-0991,3,0,0.5396573489393436
BB-1814 BB-2071,"[1814, 2071]",[96],CC(C)CC(CNC(=O)OC(C)(C)C)(C(=O)O)N(CC1(c2cccc(C(F)(F)F)c2)CC1)C(=O)OC(C)(C)C,,random_balanced,BB-1814,BB-2071,2,7,0.4649273795176877
BB-2093 BB-2035,"[2093, 2035]",[68],Cc1csc(C(=O)CNC(=O)OC(C)(C)C)c1Sc1ccc2nn(C)c(CNC(=O)OC(C)(C)C)c2c1,,random_balanced,BB-2093,BB-2035,2,8,0.4814751786492582
BB-2043 BB-1242,"[2043, 1242]",[107],Cc1cc2c(c(C)c1Cl)C(O)(c1ccc3c(c1)C(NC(=O)OC(C)(C)C)CCC3=O)CCO2,,random_balanced,BB-2043,BB-1242,6,6,0.8307742720324657
BB-2064 BB-1126,"[2064, 1126]",[40],Cc1cc(Cl)c(C)c(C(=O)OC2CC(C(C)(C)C)C2)c1NC(=O)OC(C)(C)C,,random_balanced,BB-2064,BB-1126,7,0,0.4865804566810914
BB-2008 BB-0325,"[2008, 325]",[68],Cc1nc(Sc2cc3c(cc2F)NC(=O)CN3C2CCCC2)c(CNC(=O)OC(C)(C)C)n1C,,random_balanced,BB-2008,BB-0325,4,0,0.5670223228289929
BB-1132 BB-0259,"[1132, 259]",[96],CC(C)Oc1ccc2c(c1)CCCC2(C(=O)O)N(C(=O)OC(C)(C)C)C1(c2nccs2)CCCC1,,random_balanced,BB-1132,BB-0259,3,5,0.5481059949986646
BB-1639 BB-0705,"[1639, 705]",[96],CC(C)(C)OC(=O)NN=C(c1ccccc1)C(OC(=O)c1cc(C(=O)O)c2c(c1)C(NC(=O)OC(C)(C)C)CC2)(C(=O)O)c1ccccc1,,random_balanced,BB-1639,BB-0705,4,6,0.16434331968445368
BB-1668 BB-0628,"[1668, 628]",[55],CCN(CC)S(=O)(=O)c1ccc(Oc2ccc(N(Cc3cccc(C(N)=O)c3)C3CC3)cc2)c(NC(=O)OC(C)(C)C)c1,,random_balanced,BB-1668,BB-0628,4,2,0.42211759058979487
BB-0007 BB-1658,"[7, 1658]",[96],COc1cccc(C=CC(C)(C(=O)O)N(C(=O)OC(C)(C)C)c2ccn3c(C)nnc3c2)c1,,random_balanced,BB-0007,BB-1658,3,7,0.7355026359897147
BB-0754 BB-1072,"[754, 1072]",[0],CC(C)(C)OC(=O)NC(C(=Cc1nn(C2CCCC2)cc1I)C(=O)O)c1ccncc1,,random_balanced,BB-0754,BB-1072,4,2,0.5912170115547547
BB-1567 BB-0228,"[1567, 228]",[96],COC(=O)c1cc(N(C(=O)OC(C)(C)C)C(C)(C(=O)O)c2cc(C)cc(Cl)c2O)n(C(C)C)n1,,random_balanced,BB-1567,BB-0228,5,6,0.41182185778452546
BB-0434 BB-0444,"[434, 444]",[96],CCCCCC(CC)(C(=O)O)N(C(=O)OC(C)(C)C)C1CC1CC(C)(C)C,,random_balanced,BB-0434,BB-0444,3,5,0.4637620285587038
BB-0246 BB-1658,"[246, 1658]",[96],CCC1CCC(C2=NCCN2)(N(C(=O)OC(C)(C)C)C(C)(C=Cc2cccc(OC)c2)C(=O)O)CC1,,random_balanced,BB-0246,BB-1658,6,8,0.6000378796895767
BB-2173 BB-1276,"[2173, 1276]",[3],CC(C)(C)OC(=O)NS(=O)(=O)N(Cc1ccc2c(c1)OCO2)C(=O)C1CN(C(=O)OCC2c3ccccc3-c3ccccc32)CC2(CCC2)O1,,random_balanced,BB-2173,BB-1276,3,0,0.13237302155598787
BB-2059 BB-0864,"[2059, 864]",[55],CC(B1OC(C)(C)C(C)(C)O1)=C1CCN(c2cc(C)cc(NC(=O)OC(C)(C)C)c2C)CC1,,random_balanced,BB-2059,BB-0864,3,0,0.38499979730782125
BB-1138 BB-0488,"[1138, 488]",[88],Cc1ccc(C(=O)O)c(Oc2cccc(-n3nc4c(c3NC(=O)OC(C)(C)C)CCC4)c2)c1C,,random_balanced,BB-1138,BB-0488,4,1,0.6371698755464582
BB-1649 BB-0074,"[1649, 74]",[96],COC(=O)c1cc2c([nH]1)C(C(=O)O)(N(Cc1ccc(Oc3ccc(F)cc3)nc1)C(=O)OC(C)(C)C)CCC2,,random_balanced,BB-1649,BB-0074,3,5,0.6128014960899122
BB-2044 BB-0783,"[2044, 783]",[104],CC(C)(C)OC(=O)NC1CCc2ncc(-c3cc([N+](=O)[O-])c(C=O)cc3F)n2C1,,random_balanced,BB-2044,BB-0783,4,2,0.8549837994521141
BB-2107 BB-1805,"[2107, 1805]",[96],Cn1ncc(Cl)c1N(C(=O)OC(C)(C)C)C1(C(=O)O)CCc2ccc(Cl)cc21,,random_balanced,BB-2107,BB-1805,4,5,0.16670347325043203
BB-1144 BB-1163,"[1144, 1163]",[96],CC1(C)CC(C)(C)CC(C(=O)O)(N(C(=O)OC(C)(C)C)[C@H]2C[C@H]3C[C@@H](NC(=O)OC(C)(C)C)C[C@H]3C2)C1,,random_balanced,BB-1144,BB-1163,4,4,0.557387275048441
BB-1391 BB-2007,"[1391, 2007]",[96],CC1CC(NC(=O)OC(C)(C)C)=CC(C(=O)O)(N(C(=O)OC(C)(C)C)c2ncn(C(=O)OC(C)(C)C)n2)C1,,random_balanced,BB-1391,BB-2007,3,6,0.24400597530231494
BB-0906 BB-1221,"[906, 1221]",[96],COc1ccc(C(CCC(=O)O)(C(=O)O)N(Cc2cccnc2P(C)(C)=O)C(=O)OC(C)(C)C)c(Cl)c1,,random_balanced,BB-0906,BB-1221,2,3,0.516887642252669
BB-1822 BB-1256,"[1822, 1256]",[68],Cc1c(CNC(=O)OC(C)(C)C)oc2ccc(Sc3cnc4ccccc4n3)cc12,,random_balanced,BB-1822,BB-1256,4,1,0.2953277190402122
BB-0007 BB-1180,"[7, 1180]",[96],Cc1nnc2cc(N(C(=O)OC(C)(C)C)C(C)(C(=O)O)c3cc(CBr)ccc3[N+](=O)[O-])ccn12,,random_balanced,BB-0007,BB-1180,4,5,0.5077043876015541
BB-0733 BB-1328,"[733, 1328]",[96],COc1ccc(/C=C/C(C)(C(=O)O)N(CC2(CC(C)C)N=N2)C(=O)OC(C)(C)C)cc1O,,random_balanced,BB-0733,BB-1328,4,5,0.6125106878673323
BB-1629 BB-1749,"[1629, 1749]",[61],CCN(C(=O)c1cc(C)cc(F)c1NC(=O)OC(C)(C)C)C1CCN(C(=O)OC(C)(C)C)CC1,,random_balanced,BB-1629,BB-1749,6,1,0.4811024718314107
BB-1459 BB-1836,"[1459, 1836]",[96],CC(C)c1nnc(CN(C(=O)OC(C)(C)C)C(C)(Cc2ccccc2S(=O)(=O)NC(=O)OC(C)(C)C)C(=O)O)s1,,random_balanced,BB-1459,BB-1836,5,3,0.4789343499693729
BB-2125 BB-0221,"[2125, 221]",[55],Cc1cc(C(CO)NC(=O)OC(C)(C)C)ccc1N1CCCC1c1nncn1CC(C)C,,random_balanced,BB-2125,BB-0221,4,0,0.5880362196858984
BB-2004 BB-1863,"[2004, 1863]",[97],CC(C)(C)OC(=O)NCC(COC(=O)C(C)(NC(=O)OC(C)(C)C)c1ccc(C(F)(F)F)cc1)c1ccccc1Cl,,random_balanced,BB-2004,BB-1863,3,5,0.5313040292541987
BB-1719 BB-0776,"[1719, 776]",[96],CN1CC2CCC1C(CN(C(=O)OC(C)(C)C)C(C(=O)O)(c1ccc(F)cc1)c1cc(Br)ccc1NC(=O)OC(C)(C)C)C2,,random_balanced,BB-1719,BB-0776,4,6,0.4623978989815208
BB-0978 BB-1539,"[978, 1539]",[96],COc1ccc(C(F)F)cc1S(=O)(=O)N(C(=O)OC(C)(C)C)C1(C(=O)O)C2CC3C(C2)C31C(=O)O,,random_balanced,BB-0978,BB-1539,3,5,0.2866003501291101
BB-1879 BB-1533,"[1879, 1533]",[96],Cn1c(NC(=O)OC(C)(C)C)c(C(CCl)(C(=O)O)N(CC2CC(C)(C)C(C)(C)O2)C(=O)OC(C)(C)C)c(=O)n(C)c1=O,,random_balanced,BB-1879,BB-1533,2,8,0.5008147757094544
BB-2193 BB-1176,"[2193, 1176]",[96],CC(Cc1cn(C)cn1)N(C(=O)OC(C)(C)C)C1(C(=O)O)C=C(NCc2ccccc2)CC(C)(C)C1,,random_balanced,BB-2193,BB-1176,4,7,0.513732383066441
BB-1277 BB-0037,"[1277, 37]",[96],Cc1nc2c(CN(C(=O)OC(C)(C)C)C(CC(=O)C(F)(F)F)(C(=O)O)c3ccc([N+](=O)[O-])cc3)c(F)ccc2[nH]1,,random_balanced,BB-1277,BB-0037,3,8,0.4357463724968398
BB-0983 BB-0426,"[983, 426]",[16],CC(C)(C)OC(=O)NC(C(=O)OCC(=O)C1CC(F)(F)C1)c1ccc2ccccc2c1,,random_balanced,BB-0983,BB-0426,3,3,0.5737927692058382
BB-0402 BB-1019,"[402, 1019]",[96],Cc1[nH]c(-c2ccco2)nc(=O)c1C(C)(C(=O)O)N(C(=O)OC(C)(C)C)c1cccc2c1CCCN2C(N)=O,,random_balanced,BB-0402,BB-1019,4,4,0.4466556858353685
BB-2068 BB-1513,"[2068, 1513]",[22],CC(C)(C)OC(=O)N[C@@H]1CCN(C(=O)C(=O)N(O)Cc2ccccc2)[C@@H](C(=O)O)C1,,random_balanced,BB-2068,BB-1513,4,0,0.5306823448021795
BB-1754 BB-1109,"[1754, 1109]",[40],C[C@H](C#Cc1ccncc1)OC(=O)COc1ccc(CCNC(=O)OC(C)(C)C)cc1,,random_balanced,BB-1754,BB-1109,3,1,0.11864199093009002
BB-1081 BB-0645,"[1081, 645]",[96],Cc1nnc(S(=O)(=O)N(C(=O)OC(C)(C)C)C(C(=O)O)(/C(=N/N=C/c2ccc3c(c2)OCO3)c2ccccc2)c2ccccc2)s1,,random_balanced,BB-1081,BB-0645,4,3,0.3131241146001321
BB-2129 BB-1073,"[2129, 1073]",[96],CCc1ccc2c(c1)C(C(=O)O)(N(C(=O)OC(C)(C)C)c1sc(CC)nc1C)C(=O)N2C,,random_balanced,BB-2129,BB-1073,3,4,0.6080834424920369
BB-2079 BB-0760,"[2079, 760]",[107],Cc1cnc(C(C)(O)c2cccc3c2nc(NC(=O)OC(C)(C)C)n3CC(F)(F)F)c(Br)c1,,random_balanced,BB-2079,BB-0760,3,3,0.6122228405027722
BB-2131 BB-1226,"[2131, 1226]",[28],CC(C)(C)OC(=O)NC(C)(Cn1cccn1)C(=O)N1CCN(c2ccc(O)c(Cl)c2)CC1,,random_balanced,BB-2131,BB-1226,4,0,0.7013507027241277
BB-0763 BB-1706,"[763, 1706]",[96],CC(C)(C)OC(=O)NCC(C)(C)c1ccn(C2(C(=O)O)CC(C(=O)O)(c3cccc(Br)c3)C2)c(=O)c1,,random_balanced,BB-0763,BB-1706,2,5,0.5191052298353838
BB-1929 BB-1653,"[1929, 1653]",[74],CC(C)n1ncc(NC(=O)OC(C)(C)C)c1S(=O)(=O)CC(=O)N1CCN(C)C1=O,,random_balanced,BB-1929,BB-1653,5,1,0.6037177367313878
BB-2195 BB-2037,"[2195, 2037]",[96],COc1cc(F)c(NC(=O)OC(C)(C)C)cc1C(C)(C(=O)O)N(C(=O)OC(C)(C)C)c1cccnc1F,,random_balanced,BB-2195,BB-2037,4,5,0.42517229755260694
BB-1754 BB-1946,"[1754, 1946]",[40],CC(C)(C)OC(=O)NCCc1ccc(OCC(=O)OCc2ccc(Oc3ccccc3F)cc2)cc1,,random_balanced,BB-1754,BB-1946,4,0,0.05807130888163367
BB-1485 BB-0107,"[1485, 107]",[103],CCC(C)(C)c1ccc(OCCC(C(=O)NNC(=O)OC(C)(C)C)C(=O)C2NCCc3cc(O)ccc32)c(C(C)(C)CC)c1,,random_balanced,BB-1485,BB-0107,4,2,0.32515878100275664
BB-0311 BB-1242,"[311, 1242]",[96],Cc1cc2nccc(N(C(=O)OC(C)(C)C)C3(C(=O)O)CCOc4cc(C)c(Cl)c(C)c43)n2n1,,random_balanced,BB-0311,BB-1242,3,7,0.36673238840158306
BB-0600 BB-0846,"[600, 846]",[96],CC(C)Cn1c(NC(=O)OC(C)(C)C)c(C(CCl)(C(=O)O)N(CCCOc2ccc(C(C)(C)C)cc2)C(=O)OC(C)(C)C)c(=O)[nH]c1=O,,random_balanced,BB-0600,BB-0846,4,7,0.34785110375804784
BB-1419 BB-0867,"[1419, 867]",[28],Cc1nc(C(=O)N2CCSC(C)C2C)cc(Br)c1NC(=O)OC(C)(C)C,,random_balanced,BB-1419,BB-0867,3,1,0.5851245384638029
BB-1867 BB-0203,"[1867, 203]",[96],Cc1nc(N(C(=O)OC(C)(C)C)C2(C(=O)O)CC3(CCCC3NC(=O)OC(C)(C)C)C2)oc1-c1ccncc1,,random_balanced,BB-1867,BB-0203,4,5,0.48879187784563005
BB-2167 BB-0099,"[2167, 99]",[68],CC(C)(C)OC(=O)NC1(c2ccc(SCc3ccsc3Br)cc2)CC(F)C1,,random_balanced,BB-2167,BB-0099,2,1,0.54169413717534
BB-2174 BB-1876,"[2174, 1876]",[96],COCCc1ccc(Oc2ccc(N(C(=O)OC(C)(C)C)C3(C(=O)O)CCN(Cc4ccccc4)CC3)cc2)cc1,,random_balanced,BB-2174,BB-1876,5,5,0.37642720982053557
BB-1011 BB-1258,"[1011, 1258]",[31],COC(=O)C1Cc2c(Oc3ccc(N)nc3N)cccc2C1NC(=O)OC(C)(C)C,,random_balanced,BB-1011,BB-1258,3,0,0.6101129387382339
BB-1957 BB-0101,"[1957, 101]",[96],CCCCO/C=C/C(C(=O)O)(N(CCCN1CCc2ccccc21)C(=O)OC(C)(C)C)C(F)(F)F,,random_balanced,BB-1957,BB-0101,4,6,0.644834389107656
BB-2035 BB-0322,"[2035, 322]",[107],Cc1ncc(C(O)c2c(C)csc2C(=O)CNC(=O)OC(C)(C)C)c(N(C)C)n1,,random_balanced,BB-2035,BB-0322,9,0,0.5572163921491698
BB-0613 BB-0161,"[613, 161]",[96],Cc1nc(-c2ccccc2Br)sc1C(C)(C(=O)O)N(Cc1cc(NC(=O)OC(C)(C)C)cc(C(F)(F)F)c1)C(=O)OC(C)(C)C,,random_balanced,BB-0613,BB-0161,4,6,0.28709972427064323
BB-0387 BB-1862,"[387, 1862]",[96],CCOC(=O)c1cc2c([nH]1)CCCC2(C(=O)O)N(C(=O)OC(C)(C)C)c1c2c(nn1-c1ccccc1)COC2,,random_balanced,BB-0387,BB-1862,3,5,0.5071679555408538
BB-0621 BB-0609,"[621, 609]",[10],CN(C)c1ncc(C(=O)O)c(Sc2c(NC(=O)OC(C)(C)C)ccnc2F)c1F,,random_balanced,BB-0621,BB-0609,5,0,0.4977613240760884
BB-2093 BB-1461,"[2093, 1461]",[47],Cn1nc2ccc(-c3cccc4c3C(C)(C#N)C4)cc2c1CNC(=O)OC(C)(C)C,,random_balanced,BB-2093,BB-1461,3,1,0.5618866129533419
BB-0016 BB-0379,"[16, 379]",[96],Cc1nn(C)c(C(N)=O)c1N(C(=O)OC(C)(C)C)C1(C(=O)O)CCNc2ccc(C(=O)O)cc21,,random_balanced,BB-0016,BB-0379,4,6,0.27982845759528374
BB-0820 BB-1145,"[820, 1145]",[96],CC(C)(C)OC(=O)N1CC(C2CCCC(C(=O)O)(N(Cc3ccc(C4CCOCC4)cc3)C(=O)OC(C)(C)C)C2)C1,,random_balanced,BB-0820,BB-1145,1,5,0.5839593132857457
BB-2074 BB-1162,"[2074, 1162]",[39],CCOC(=O)/C=C/CN(C)C(CNC(=O)OC(C)(C)C)(C(=O)O)c1ccn(C)n1,,random_balanced,BB-2074,BB-1162,7,0,0.743147115699253
BB-2121 BB-1093,"[2121, 1093]",[107],CCOC(=O)c1cc(C(O)c2cc(Cl)cc(CS(=O)(=O)NC(=O)OC(C)(C)C)c2)oc1C(C)C,,random_balanced,BB-2121,BB-1093,3,0,0.34274983932887554
BB-0838 BB-0821,"[838, 821]",[96],CCCn1c(N(C(=O)OC(C)(C)C)C2(C(=O)O)CCc3c2ccc(OC)c3OC)nc2ccccc21,,random_balanced,BB-0838,BB-0821,3,5,0.5315147040285623
BB-1052 BB-1880,"[1052, 1880]",[48],Cc1cc2c(cc1/C(=C\C(F)F)CNC(=O)OC(C)(C)C)NCC(C)O2,,random_balanced,BB-1052,BB-1880,2,1,0.6065980176637346
BB-1698 BB-1774,"[1698, 1774]",[17],CC(C)(C)OC(=O)NC(c1ccc(S(=O)(=O)c2ccc(NS(=O)(=O)C3=CCS(=O)(=O)C3)cc2)cc1)c1cccc(C#N)c1,,random_balanced,BB-1698,BB-1774,4,3,0.1748996635462588
BB-0434 BB-0376,"[434, 376]",[96],CC(C)(C)CC1CC1N(C(=O)OC(C)(C)C)C1(C(=O)O)CCCc2cc(NC(=O)OC(C)(C)C)ccc21,,random_balanced,BB-0434,BB-0376,4,7,0.5587463264739527
BB-0714 BB-0235,"[714, 235]",[112],CC(C)(C)OC(=O)Nc1c(C(N)=O)ncn1C1CCN(c2cccc(-n3ccnc3SCC(=O)O)c2)CC1,,random_balanced,BB-0714,BB-0235,4,1,0.5937989419072092
BB-0145 BB-0421,"[145, 421]",[62],COCCN(CCC(F)(F)F)c1ccc(NC(=O)OC(C)(C)C)c(CO)c1F,,random_balanced,BB-0145,BB-0421,4,2,0.7690360059087824
BB-1089 BB-0202,"[1089, 202]",[62],CCCCn1c(NC(=O)OC(C)(C)C)c(N2CCCn3nc(C)cc32)c(=O)[nH]c1=O,,random_balanced,BB-1089,BB-0202,5,0,0.5793790059669706
BB-2121 BB-0871,"[2121, 871]",[75],COc1ccc2c(=O)n(C)c(-c3ccc(S(=O)(=O)c4cc(Cl)cc(CS(=O)(=O)NC(=O)OC(C)(C)C)c4)cc3)nc2c1,,random_balanced,BB-2121,BB-0871,4,0,0.1770445598436482
BB-0722 BB-0908,"[722, 908]",[10],Cc1ccc(Sc2nnc(Cl)c([N+](=O)[O-])c2NC(=O)OC(C)(C)C)nc1NC(=O)OC(C)(C)C,,random_balanced,BB-0722,BB-0908,4,3,0.29430262154013404
BB-0217 BB-0640,"[217, 640]",[29],COC(=O)c1nocc1-c1ccc(-c2cccc(CNC(=O)OC(C)(C)C)c2)cc1,,random_balanced,BB-0217,BB-0640,4,0,0.5267388731870742
BB-1683 BB-2088,"[1683, 2088]",[96],CC(C)(C)OC(=O)NC1=C(Br)C(C(=O)O)(N(C(=O)OC(C)(C)C)C2CCCc3cn(CC(F)(F)F)nc32)CCC1,,random_balanced,BB-1683,BB-2088,1,5,0.7146574391018445
BB-2016 BB-0865,"[2016, 865]",[62],Cn1c(NC(=O)OC(C)(C)C)nc2c(N(Cc3ccc(-n4cncn4)cc3)C3CC3)cccc21,,random_balanced,BB-2016,BB-0865,2,0,0.716683721770742
BB-2090 BB-1898,"[2090, 1898]",[74],COc1ccc(/C=C/C(=O)O)cc1S(=O)(=O)c1cc2c(c(C(C)NC(=O)OC(C)(C)C)c1)OCC2,,random_balanced,BB-2090,BB-1898,4,1,0.6218500020839034
BB-2129 BB-1876,"[2129, 1876]",[96],CCc1nc(C)c(N(C(=O)OC(C)(C)C)C2(C(=O)O)CCN(Cc3ccccc3)CC2)s1,,random_balanced,BB-2129,BB-1876,4,6,0.6713020510349164
BB-0334 BB-1326,"[334, 1326]",[96],CCOC(=O)c1cnn2c(-c3cccc(N(C(=O)OC(C)(C)C)C(C(=O)O)(c4ccc(C(=O)O)cc4)c4cccc(OC)c4)c3)ccnc12,,random_balanced,BB-0334,BB-1326,3,5,0.2718016315965818
BB-1463 BB-0113,"[1463, 113]",[96],CCCCCC(C(=O)O)(c1c(O)cc(O)cc1O)N(C(=O)OC(C)(C)C)S(=O)(=O)C1CC1,,random_balanced,BB-1463,BB-0113,4,6,0.36002928552461133
BB-0328 BB-1101,"[328, 1101]",[96],CCOC(=O)c1c(NC(=O)OC(C)(C)C)sc(C(C)(C(=O)O)N(C(=O)OC(C)(C)C)[C@@H]2C[C@H]2CCOC)c1C,,random_balanced,BB-0328,BB-1101,4,9,0.460430845596524
BB-1899 BB-0726,"[1899, 726]",[96],CC(C)(C)OC(=O)N(c1ccccc1N1CC(C)(C)C1=O)C(C(=O)O)(c1cccc(Br)c1)C(C)(C)O,,random_balanced,BB-1899,BB-0726,3,5,0.25746582362569004
BB-0925 BB-1932,"[925, 1932]",[96],CC(C)(C)OC(=O)N(c1cncc(-c2cnn(C3CCCCO3)c2)c1)C1(C(=O)O)CC2CCCC1C2,,random_balanced,BB-0925,BB-1932,4,6,0.5528823444253517
BB-1044 BB-0716,"[1044, 716]",[28],CC1CCC2(CN1C(=O)c1cn[nH]c1CNC(=O)OC(C)(C)C)OC(=O)Nc1ccc(Cl)c(F)c12,,random_balanced,BB-1044,BB-0716,4,0,0.8292643802570236
BB-2055 BB-1641,"[2055, 1641]",[107],CC(C)(C)OC(=O)Nc1nc2c(C(C)(O)c3ccc(N4CCNC4=O)cc3)cccc2[nH]1,,random_balanced,BB-2055,BB-1641,4,4,0.42518601286093616
BB-0982 BB-1415,"[982, 1415]",[107],CCOC(C1CCCC1)C(O)c1cc(NC(=O)OC(C)(C)C)cc(CC)n1,,random_balanced,BB-0982,BB-1415,4,1,0.8115064445577351
BB-2128 BB-0507,"[2128, 507]",[96],CC(C)Oc1ccc(CN(C(=O)OC(C)(C)C)C(C)(CCc2n[nH]c3ccccc23)C(=O)O)cc1,,random_balanced,BB-2128,BB-0507,3,5,0.6481849425940273
BB-0980 BB-0844,"[980, 844]",[96],Cc1ccc(C(C)(C(=O)O)N(NC(=O)OC(C)(C)C)C(=O)c2ccccc2OCc2ccc(F)cc2)c(O)c1C,,random_balanced,BB-0980,BB-0844,5,8,0.5474761305385791
BB-0978 BB-1570,"[978, 1570]",[96],COc1ccc(C(F)F)cc1S(=O)(=O)N(C(=O)OC(C)(C)C)C1(C(=O)O)CC(c2cccc(Br)c2)C1,,random_balanced,BB-0978,BB-1570,4,7,0.517476793132396
BB-0880 BB-0677,"[880, 677]",[105],CCC(C(=O)OCCCC=Cc1cncc2c1COCCC2NC(=O)OC(C)(C)C)N(Cc1ccco1)C(=O)n1ccnc1,,random_balanced,BB-0880,BB-0677,3,0,0.16111308627383605
BB-2103 BB-0444,"[2103, 444]",[96],CCCCCC(CC)(C(=O)O)N(C(=O)OC(C)(C)C)C1C(=O)N(C)c2ccc(C)cc21,,random_balanced,BB-2103,BB-0444,3,6,0.39893709949740097
BB-1011 BB-1499,"[1011, 1499]",[28],CO[C@@H]1C[C@H](O)CN(C(=O)C2Cc3c(O)cccc3C2NC(=O)OC(C)(C)C)C1,,random_balanced,BB-1011,BB-1499,4,1,0.7612916079842655
BB-0466 BB-2092,"[466, 2092]",[96],CSCC1(CN(C(=O)OC(C)(C)C)C2(C(=O)O)C(C)=C(NC(=O)OC(C)(C)C)O/C2=C(/C)C#N)CC(F)(F)C1,,random_balanced,BB-0466,BB-2092,4,5,0.5314364807440262
BB-1897 BB-1009,"[1897, 1009]",[98],CC(OC(=O)Cc1ccc(Cl)c([N+](=O)[O-])c1)c1ccc(S(=O)(=O)NC(=O)OC(C)(C)C)cc1,,random_balanced,BB-1897,BB-1009,3,1,0.26489415901900604
BB-0253 BB-1038,"[253, 1038]",[96],COCCn1c(CN(C(=O)OC(C)(C)C)C2(C(=O)O)CCCc3c2ccc(OC)c3[N+](=O)[O-])nc2cc3c(cc21)OCO3,,random_balanced,BB-0253,BB-1038,3,2,0.4064233133170496
BB-1769 BB-1787,"[1769, 1787]",[55],CC(C)(C)OC(=O)N[C@@H]1CCO[C@H]1c1ccc(Nc2ncc(CN)cc2Br)c(F)c1,,random_balanced,BB-1769,BB-1787,4,0,0.769346752151481
BB-1332 BB-0851,"[1332, 851]",[105],Cc1cccc(C(=O)O)c1OCC=Cc1cc(CNC(=O)OC(C)(C)C)cc(OC(F)(F)F)c1,,random_balanced,BB-1332,BB-0851,3,1,0.47617163332094126
BB-1448 BB-0288,"[1448, 288]",[28],Cn1nccc1C12CC(CN1C(=O)C1(NC(=O)OC(C)(C)C)CCCN(Cc3ccccc3)C1)C2,,random_balanced,BB-1448,BB-0288,2,0,0.5050478434998384
BB-1188 BB-0764,"[1188, 764]",[61],CCN(Cc1nc2ccccc2c(=O)[nH]1)C(=O)C(Cn1cnc2ccccc21)NC(=O)OC(C)(C)C,,random_balanced,BB-1188,BB-0764,4,0,0.549910413599615
BB-1652 BB-0000,"[1652, 0]",[61],CC(C)(C)OC(=O)NCCc1occc1C(=O)N1c2ccc(Br)cc2CNS1(=O)=O,,random_balanced,BB-1652,BB-0000,2,1,0.7936236793158143
BB-1403 BB-1936,"[1403, 1936]",[96],CCCCCC(C(=O)OC)N(C(=O)OC(C)(C)C)C(C)(C(=O)O)c1cc(Cl)c(OC)cc1O,,random_balanced,BB-1403,BB-1936,2,2,0.3096135383979572
BB-0323 BB-1996,"[323, 1996]",[96],Cc1nc(C)c2c(C)c(C(C)(C(=O)O)N(C[C@]3(C)COC[C@@H]4CCCN43)C(=O)OC(C)(C)C)sc2n1,,random_balanced,BB-0323,BB-1996,3,6,0.6113656406911995
BB-1833 BB-0295,"[1833, 295]",[15],Cc1ccc2c(=O)n(C(=N)c3cccc(CNC(=O)OC(C)(C)C)c3)c(=O)[nH]c2c1Br,,random_balanced,BB-1833,BB-0295,3,3,0.5567096083835819
BB-0212 BB-0119,"[212, 119]",[96],CCCn1c(NC(=O)OC(C)(C)C)c(C(CCl)(OC(=O)C2CCc3nc(NC(=O)OC(C)(C)C)c(C(=O)OC)n3C2)C(=O)O)c(=O)[nH]c1=O,,random_balanced,BB-0212,BB-0119,5,6,0.35704503283366074
BB-1888 BB-1019,"[1888, 1019]",[96],Cc1[nH]c(-c2ccco2)nc(=O)c1C(C)(C(=O)O)N(C(=O)OC(C)(C)C)C1CCOC1C,,random_balanced,BB-1888,BB-1019,3,5,0.48959286020667175
BB-0846 BB-1050,"[846, 1050]",[74],CC(C)Cn1c(NC(=O)OC(C)(C)C)c(C(=O)CS(=O)(=O)Cc2c(F)ccc(F)c2F)c(=O)[nH]c1=O,,random_balanced,BB-0846,BB-1050,8,0,0.6515548986605673
BB-1957 BB-1571,"[1957, 1571]",[96],CC(C)(C)OC(=O)N(CCCN1CCc2ccccc21)C(C(=O)O)(c1ccccc1)c1nccs1,,random_balanced,BB-1957,BB-1571,5,5,0.4916417336821934
BB-2114 BB-0028,"[2114, 28]",[96],CCn1c(NC(=O)OC(C)(C)C)c(C(CCl)(C(=O)O)N(C(=O)OC(C)(C)C)C2(C(=O)OC)CC(C(F)F)C2)c(=O)[nH]c1=O,,random_balanced,BB-2114,BB-0028,4,6,0.3976947280458809
BB-2115 BB-1669,"[2115, 1669]",[96],CCCc1ccc(C(CCC(=O)O)(C(=O)O)N(C(=O)OC(C)(C)C)c2ccc(OCC)c3cccnc23)cc1,,random_balanced,BB-2115,BB-1669,6,6,0.4147661869809749
BB-1556 BB-0889,"[1556, 889]",[31],CC(C)(C)OC(=O)N[C@H](COc1c(C(F)(F)F)nc2ccccn12)C1CCCCC1,,random_balanced,BB-1556,BB-0889,5,1,0.6426014571809374
BB-0294 BB-0507,"[294, 507]",[96],CC(C)(C)OC(=O)N(c1nncc(-c2cccc(F)c2)n1)C(C)(CCc1n[nH]c2ccccc12)C(=O)O,,random_balanced,BB-0294,BB-0507,2,6,0.5619033555001856
BB-0701 BB-0150,"[701, 150]",[96],Cn1cc(C(C)(C(=O)O)N(C(=O)OC(C)(C)C)C2CC2Cc2ccccc2C(F)(F)F)c(C2CCC2)n1,,random_balanced,BB-0701,BB-0150,6,3,0.4604500911254607
BB-1184 BB-1804,"[1184, 1804]",[6],CCOc1ccc(S(=O)(=O)N(NC(=O)OC(C)(C)C)C(C)c2ccc(C(=O)O)cc2)cn1,,random_balanced,BB-1184,BB-1804,4,0,0.6496334107219852
BB-0112 BB-0766,"[112, 766]",[96],CCC(CC(=O)c1ccc(C(F)(F)F)cc1)(C(=O)O)N(C(=O)OC(C)(C)C)c1cc(C2CC2)n(C)n1,,random_balanced,BB-0112,BB-0766,2,5,0.5583497130898598
BB-2012 BB-0805,"[2012, 805]",[82],CCC(c1ccc(F)c(NC(=O)OC(C)(C)C)c1)N1CCn2nc(C)c(Br)c2C1,,random_balanced,BB-2012,BB-0805,6,0,0.8143020606424256
BB-0820 BB-1768,"[820, 1768]",[96],CCOC(=O)C(C(=O)O)(c1c(Br)nc(C)n1C)N(Cc1ccc(C2CCOCC2)cc1)C(=O)OC(C)(C)C,,random_balanced,BB-0820,BB-1768,2,6,0.6201428842767205
BB-0771 BB-0566,"[771, 566]",[96],CC(CSCc1ccccc1)N(C(=O)OC(C)(C)C)C(C)(C(=O)O)c1nc2ccc(Cl)cc2n1C,,random_balanced,BB-0771,BB-0566,5,4,0.5482851727009522
BB-0741 BB-2015,"[741, 2015]",[107],Cc1cc(C)c(S(=O)(=O)NC(=O)OC(C)(C)C)cc1C1(O)CCC(NC(=O)OC(C)(C)C)c2ccc(Br)cc21,,random_balanced,BB-0741,BB-2015,4,6,0.3194655432324251
BB-0264 BB-1635,"[264, 1635]",[4],CN(c1ccc([N+](=O)[O-])cc1C(F)(F)F)c1ncc(F)cc1NC(=O)OC(C)(C)C,,random_balanced,BB-0264,BB-1635,6,1,0.5152532999398787
BB-0246 BB-1969,"[246, 1969]",[96],CCC1CCC(C2=NCCN2)(N(C(=O)OC(C)(C)C)C(C)(CCCN2C(=O)c3ccccc3C2=O)C(=O)O)CC1,,random_balanced,BB-0246,BB-1969,7,5,0.653396117677636
BB-0431 BB-0447,"[431, 447]",[61],CC(C)(C)OC(=O)NC1CCCc2cc(C(=O)N3CCn4ncc(C#N)c4C3)ccc21,,random_balanced,BB-0431,BB-0447,3,0,0.5600863130281324
BB-2013 BB-0472,"[2013, 472]",[47],Cc1cc(-c2ccccc2N2CCC(NC(=O)OC(C)(C)C)C2)c(F)cc1[N+](=O)[O-],,random_balanced,BB-2013,BB-0472,6,0,0.8705112831209485
BB-2184 BB-1551,"[2184, 1551]",[75],COCn1ncc(S(=O)(=O)c2ccc(-n3c(S)nnc3-c3ccccn3)cc2)c1S(=O)(=O)NC(=O)OC(C)(C)C,,random_balanced,BB-2184,BB-1551,6,1,0.3525953849379964
BB-0055 BB-1905,"[55, 1905]",[96],CCCn1c(NC(=O)OC(C)(C)C)c(N2CCOCC2)c(=O)n(C(C(=O)O)(c2ncc[nH]2)C2CCCCC2)c1=O,,random_balanced,BB-0055,BB-1905,4,8,0.6218506475528982
BB-1994 BB-1518,"[1994, 1518]",[62],CC(C)N1CCC(N(C)c2ccccc2CC(CO)NC(=O)OC(C)(C)C)CC1,,random_balanced,BB-1994,BB-1518,7,1,0.6489566978486737
BB-2177 BB-0113,"[2177, 113]",[96],CCCCCC(C(=O)O)(c1c(O)cc(O)cc1O)N(C(=O)OC(C)(C)C)C1CCCC1c1ccc(C)cc1,,random_balanced,BB-2177,BB-0113,3,7,0.3909727223686329
BB-0336 BB-1409,"[336, 1409]",[88],C=C(CC)C(C)COc1ccc(-n2cnnn2)cc1NC(=O)OC(C)(C)C,,random_balanced,BB-0336,BB-1409,3,0,0.5233200162167192
BB-1808 BB-1242,"[1808, 1242]",[68],COc1ccc(Sc2c(C)cc3c(c2C)C(=O)CCO3)cc1CC(NC(=O)OC(C)(C)C)C(=O)O,,random_balanced,BB-1808,BB-1242,3,8,0.5884995376906996
BB-2190 BB-2096,"[2190, 2096]",[96],Cn1cnc(C(CNC(=O)OC(C)(C)C)(C(=O)O)N(C(=O)OC(C)(C)C)S(=O)(=O)c2ccccc2C(F)(F)F)c1,,random_balanced,BB-2190,BB-2096,4,7,0.41611515629479556
BB-1950 BB-0708,"[1950, 708]",[96],COC(=O)C1CC2(CCCCC2)CC1(C(=O)O)N(C(=O)OC(C)(C)C)c1ncc2c(c1C#N)CCOC2,,random_balanced,BB-1950,BB-0708,5,6,0.5859655729624361
BB-2041 BB-2072,"[2041, 2072]",[47],Cc1cc(F)c(-c2ccc(F)cc2CCNC(=O)OC(C)(C)C)cc1NC(=O)OC(C)(C)C,,random_balanced,BB-2041,BB-2072,6,2,0.5604477332364585
BB-0454 BB-0102,"[454, 102]",[96],Cc1ccc(C(C)N(C(=O)OC(C)(C)C)C(C)(C(=O)O)C23CC(c4ccccc4)(C2)C3(F)F)cc1[N+](=O)[O-],,random_balanced,BB-0454,BB-0102,2,4,0.0
BB-0336 BB-1160,"[336, 1160]",[74],CC(C)(C)OC(=O)Nc1cc(-n2cnnn2)ccc1S(=O)(=O)c1ccccc1C(=O)Nc1ccc(O)cc1,,random_balanced,BB-0336,BB-1160,4,2,0.4313110043928133
BB-1237 BB-2096,"[1237, 2096]",[96],Cn1cnc(C(CNC(=O)OC(C)(C)C)(C(=O)O)N(C(=O)OC(C)(C)C)S(=O)(=O)c2cccc([N+](=O)[O-])c2O)c1,,random_balanced,BB-1237,BB-2096,4,8,0.3567401784309189
BB-1827 BB-0560,"[1827, 560]",[96],CC(C)(C)OC(=O)N(Cc1ccc2c(c1)C(=O)OC2)C1(C(=O)O)C=C(c2cccc(CO)n2)CCC1,,random_balanced,BB-1827,BB-0560,4,4,0.6574204612464064
BB-2063 BB-1238,"[2063, 1238]",[62],COC(=O)C1CN(c2cc(C)c(Br)nc2CNC(=O)OC(C)(C)C)c2ccc(Br)cc21,,random_balanced,BB-2063,BB-1238,4,0,0.7136612953180256
BB-2005 BB-1372,"[2005, 1372]",[96],CCOC(=O)C1Cc2c(C)cccc2C(C(=O)O)(N(C(=O)OC(C)(C)C)c2c(C)c(Br)cn(C)c2=O)C1,,random_balanced,BB-2005,BB-1372,5,4,0.4948715716694922
BB-1953 BB-2003,"[1953, 2003]",[96],C[C@H](c1coc2c(F)cccc12)N(C(=O)OC(C)(C)C)C1(C(=O)O)CCCc2oc(NC(=O)OC(C)(C)C)nc21,,random_balanced,BB-1953,BB-2003,3,6,0.6606381755473234
BB-1309 BB-0230,"[1309, 230]",[96],CCc1nnc2ccc(N(C(=O)OC(C)(C)C)C3(C(=O)O)CCN(c4cnccn4)CC3)cn12,,random_balanced,BB-1309,BB-0230,2,5,0.6548250426405284
BB-1332 BB-1069,"[1332, 1069]",[96],CC(C)(C)OC(=O)N(Cc1cc(Br)cc(OC(F)(F)F)c1)C1(C(=O)O)CCCC1=Cc1cccc([N+](=O)[O-])c1,,random_balanced,BB-1332,BB-1069,4,3,0.6178963297962472
BB-0085 BB-1055,"[85, 1055]",[96],COCC(C)(C)CC(C(=O)O)(c1ccc2c(c1)OCC2(C)C)N(C(=O)c1ccncc1)c1ccccc1NC(=O)OC(C)(C)C,,random_balanced,BB-0085,BB-1055,4,4,0.40216406997246507
BB-0373 BB-1137,"[373, 1137]",[16],CC1=NOC(COC(=O)C(Cc2ccn(C)n2)NC(=O)OC(C)(C)C)C1,,random_balanced,BB-0373,BB-1137,5,0,0.6510517571402572
BB-2126 BB-1864,"[2126, 1864]",[96],CCOC(=O)C1(C)CCCCC1(C(=O)O)N(C(=O)OC(C)(C)C)c1ccc(Oc2ccc(OC)cc2)nc1,,random_balanced,BB-2126,BB-1864,2,6,0.3856332328713555
BB-1168 BB-0420,"[1168, 420]",[96],CC(C)(CC1CCN(C(=O)OC(C)(C)C)CC1)CN(C(=O)OC(C)(C)C)C1(C(=O)O)CC(C(=O)O)Oc2ccccc21,,random_balanced,BB-1168,BB-0420,3,5,0.4438426147079704
BB-1463 BB-1989,"[1463, 1989]",[96],CC(C)(C)OC(=O)N(C(C)(C(=O)O)c1cc2cccc(F)c2o1)S(=O)(=O)C1CC1,,random_balanced,BB-1463,BB-1989,5,4,0.2913010764678037
BB-0144 BB-1024,"[144, 1024]",[96],Cc1ccc(N(C(=O)OC(C)(C)C)C2(C(=O)O)C(=O)N(CC(C)C)c3ccccc32)cc1-c1ccccc1,,random_balanced,BB-0144,BB-1024,4,3,0.4854594344981544
BB-1131 BB-0407,"[1131, 407]",[104],CCOC(=O)c1cc(-c2cccc3c2CN(C2CCC(=O)NC2=O)C3=O)cc(CC)c1NC(=O)OC(C)(C)C,,random_balanced,BB-1131,BB-0407,2,2,0.49619755455556785
BB-0943 BB-1880,"[943, 1880]",[61],Cc1cc2c(cc1Br)N(C(=O)C#CC(C)NC(=O)OC(C)(C)C)CC(C)O2,,random_balanced,BB-0943,BB-1880,5,2,0.5258732031110144
BB-2177 BB-1727,"[2177, 1727]",[96],Cc1ccc(C2CCCC2N(C(=O)OC(C)(C)C)C(C)(C(=O)O)c2ccc(C(F)(F)F)s2)cc1,,random_balanced,BB-2177,BB-1727,4,6,0.3871511773714788
BB-0567 BB-0096,"[567, 96]",[31],COc1ccc(C(=O)CNC(=O)OC(C)(C)C)cc1Oc1ccc(NC(=O)OC(C)(C)C)cc1NC(=O)OC(C)(C)C,,random_balanced,BB-0567,BB-0096,2,6,0.08080994220716338
BB-0763 BB-1571,"[763, 1571]",[96],CC(C)(C)OC(=O)N(CC(C)(C)c1cc[nH]c(=O)c1)C(C(=O)O)(c1ccccc1)c1nccs1,,random_balanced,BB-0763,BB-1571,3,6,0.336054074734286
BB-2061 BB-1480,"[2061, 1480]",[104],Cn1cc2cc(-c3ccc(NC(=O)OC(C)(C)C)c4c3OCCO4)cc(F)c2n1,,random_balanced,BB-2061,BB-1480,4,2,0.5115644686499242
BB-0570 BB-1285,"[570, 1285]",[96],CC(C)(C)OC(=O)N(C(Cc1cccc(F)c1)C(N)=O)C(C(=O)O)(c1cncc(F)c1)C1CC1,,random_balanced,BB-0570,BB-1285,5,5,0.3073754835001716
BB-0148 BB-0590,"[148, 590]",[28],Cc1nc(N)nc(NC(=O)/C=C/CC(C)(C)NC(=O)OC(C)(C)C)n1,,random_balanced,BB-0148,BB-0590,3,1,0.23940283269629858
BB-0880 BB-0901,"[880, 901]",[104],CCOC(=O)c1cn2cc(-c3cncc4c3COCCC4NC(=O)OC(C)(C)C)ccc2n1,,random_balanced,BB-0880,BB-0901,4,0,0.4444147816512682
BB-0884 BB-0258,"[884, 258]",[31],Cc1cccc(C(CCOc2cc(CCl)on2)NC(=O)OC(C)(C)C)c1,,random_balanced,BB-0884,BB-0258,4,1,0.5325039037698729
BB-1814 BB-0832,"[1814, 832]",[96],CC(C)C(C(=O)O)(c1cnccc1NC(=O)OC(C)(C)C)N(CC1(c2cccc(C(F)(F)F)c2)CC1)C(=O)OC(C)(C)C,,random_balanced,BB-1814,BB-0832,3,7,0.5097070174857807
BB-0284 BB-0636,"[284, 636]",[79],CC(C)(C)OC(=O)NCCN(O)C(=O)C(=O)Nc1ccc(S(N)(=O)=O)cc1N,,random_balanced,BB-0284,BB-0636,4,1,0.3607745737315084
BB-0156 BB-0705,"[156, 705]",[96],CC(C)CC(C1CC1c1ccccc1)N(C(=O)OC(C)(C)C)C(C(=O)O)(C(=NNC(=O)OC(C)(C)C)c1ccccc1)c1ccccc1,,random_balanced,BB-0156,BB-0705,3,7,0.2918189050496014
BB-0982 BB-1524,"[982, 1524]",[10],CCc1cc(NC(=O)OC(C)(C)C)cc(Sc2ccc3c(c2)OCCCC3OCC(=O)NC)n1,,random_balanced,BB-0982,BB-1524,5,2,0.4121572943215528
BB-2160 BB-1710,"[2160, 1710]",[96],CC(=O)N1CCc2ccc(N(C(=O)OC(C)(C)C)C(CCl)(C(=O)O)C(C#N)=C3C=CN(C)C=C3)cc21,,random_balanced,BB-2160,BB-1710,4,4,0.6679883659760146
BB-2172 BB-1499,"[2172, 1499]",[40],CO[C@H]1CNC[C@@H](OC(=O)c2cc(NC(=O)OC(C)(C)C)ccc2[N+](=O)[O-])C1,,random_balanced,BB-2172,BB-1499,4,2,0.5194237740827085
BB-0479 BB-1830,"[479, 1830]",[61],CCCc1ccc(C(=O)N2CCN(c3ncc(C(F)(F)F)cc3Cl)CC2)cc1NC(=O)OC(C)(C)C,,random_balanced,BB-0479,BB-1830,2,3,0.4183967264977697
BB-1282 BB-0627,"[1282, 627]",[96],COCC(=O)N(c1cccc(CNC(=O)OC(C)(C)C)c1)C(/C=C(/[O-])C(F)(F)F)(C(=O)O)c1cccnc1,,random_balanced,BB-1282,BB-0627,4,5,0.7095832682415968
BB-0860 BB-1037,"[860, 1037]",[96],Cc1ccc2c(CC(=O)O)c(C(C)(C(=O)O)N(C(=O)OC(C)(C)C)c3c(CC(C)C)nn(C)c3C(N)=O)oc2c1,,random_balanced,BB-0860,BB-1037,3,6,0.389103960208912
BB-2092 BB-0437,"[2092, 437]",[82],CC1=C(NC(=O)OC(C)(C)C)O/C(=C(/C)C#N)C1N1CCCCCC1CC(C)O,,random_balanced,BB-2092,BB-0437,6,3,0.7068189395006982
BB-2001 BB-0288,"[2001, 288]",[55],Cn1nccc1C12CC(CN1c1cccc3c1CC(NC(=O)OC(C)(C)C)CC3)C2,,random_balanced,BB-2001,BB-0288,3,1,0.7992960269485174
BB-1405 BB-1385,"[1405, 1385]",[62],COC(=O)c1cc(N(Cc2ccccc2O)C(C)C2CC2)cc(S(=O)(=O)NC(=O)OC(C)(C)C)c1F,,random_balanced,BB-1405,BB-1385,4,0,0.6266810210696042
BB-0988 BB-0286,"[988, 286]",[96],COC(=O)C1CCN(C(=O)CC(C)(C(=O)O)N(C(=O)OC(C)(C)C)C(Cc2ccccc2)c2sccc2C)CC1,,random_balanced,BB-0988,BB-0286,3,4,0.5871257510111421
BB-0246 BB-1539,"[246, 1539]",[96],CCC1CCC(C2=NCCN2)(N(C(=O)OC(C)(C)C)C2(C(=O)O)C3CC4C(C3)C42C(=O)O)CC1,,random_balanced,BB-0246,BB-1539,8,6,0.21423101365601602
BB-2193 BB-2071,"[2193, 2071]",[96],CC(C)CC(CNC(=O)OC(C)(C)C)(C(=O)O)N(C(=O)OC(C)(C)C)C(C)Cc1cn(C)cn1,,random_balanced,BB-2193,BB-2071,5,8,0.5824503576914032
BB-1094 BB-1839,"[1094, 1839]",[40],CC(C)(C)OC(=O)NC(Cc1ccc(O)c(O)c1)C(=O)OC1CC(C(=O)OCc2ccccc2)C1,,random_balanced,BB-1094,BB-1839,2,1,0.6334263989261872
BB-2140 BB-1871,"[2140, 1871]",[96],COc1cc(Cl)c2c(c1)C(C(=O)O)(N(C[C@@H]1CCO[C@@H]1c1nc(C3CC3)no1)C(=O)OC(C)(C)C)CCC2,,random_balanced,BB-2140,BB-1871,3,3,0.5772534044911316
BB-0324 BB-1997,"[324, 1997]",[28],COC(=O)c1cnc2sc(C(=O)N3CCC(n4cnc5cccnc54)CC3)c(NC(=O)OC(C)(C)C)c2c1,,random_balanced,BB-0324,BB-1997,4,2,0.3602002746169916
BB-0157 BB-1509,"[157, 1509]",[96],COCCn1c(NC(=O)OC(C)(C)C)c(C(CCl)(C(=O)O)n2nc(NC(=O)OC(C)(C)C)cc2-c2ccc(-c3ccccc3)cc2)c(=O)[nH]c1=O,,random_balanced,BB-0157,BB-1509,4,7,0.2726257910818063
BB-0777 BB-2047,"[777, 2047]",[96],Cn1cc(C(CNC(=O)OC(C)(C)C)(C(=O)O)N(C(=O)OC(C)(C)C)c2nc(-c3sccc3F)cs2)c(C(F)F)n1,,random_balanced,BB-0777,BB-2047,5,6,0.3872733333941778
BB-2080 BB-0254,"[2080, 254]",[109],Cc1cc(C#CC(C)OS(C)(=O)=O)c(CNC(=O)OC(C)(C)C)cc1O,,random_balanced,BB-2080,BB-0254,2,0,0.5595435371941664
BB-0155 BB-1507,"[155, 1507]",[16],CC(OC(=O)CC(NC(=O)OC(C)(C)C)c1ccc(F)cc1)C(=O)N(C)C1(C#N)CCCCC1,,random_balanced,BB-0155,BB-1507,3,3,0.30318303319166306
BB-1879 BB-0214,"[1879, 214]",[96],CC(C)Cn1c2c(c(=O)n(C)c1=O)C(C(=O)O)(N(CC1CC(C)(C)C(C)(C)O1)C(=O)OC(C)(C)C)CN2,,random_balanced,BB-1879,BB-0214,3,8,0.6588900596508606
BB-0216 BB-1519,"[216, 1519]",[107],CC(C)(C)OC(=O)Nc1ccc2c(C3(O)CCCc4oc(=O)c(C(N)=O)cc43)nccc2n1,,random_balanced,BB-0216,BB-1519,4,6,0.7263205363321263
BB-2083 BB-2032,"[2083, 2032]",[68],CSCc1ccc(Sc2ccc(NC(=O)OC(C)(C)C)c3c2OCC3)c(NC(=O)OC(C)(C)C)c1,,random_balanced,BB-2083,BB-2032,5,4,0.45319469832522635
BB-1208 BB-1718,"[1208, 1718]",[96],Cc1ncc(N(C(=O)OC(C)(C)C)C(C(=O)O)(c2ccc(Cl)cc2)C(F)Br)n1CC(F)(F)F,,random_balanced,BB-1208,BB-1718,2,5,0.22280283850305793
BB-1719 BB-0424,"[1719, 424]",[96],CN1CC2CCC1C(CN(C(=O)OC(C)(C)C)C1(C(=O)O)C(=O)N(CCC(=O)O)c3cc(F)ccc31)C2,,random_balanced,BB-1719,BB-0424,5,3,0.42160634274060815
BB-0688 BB-1555,"[688, 1555]",[96],CCOC(=O)C1(C)C=CC(C(=O)O)(N(C(=O)OC(C)(C)C)c2cc(-c3ccccc3C)nn2Cc2ccccc2)CC1,,random_balanced,BB-0688,BB-1555,3,7,0.4365358577180237
BB-0013 BB-2092,"[13, 2092]",[96],CC1=C(NC(=O)OC(C)(C)C)O/C(=C(/C)C#N)C1(OC(=O)CC[C@H](NC(=O)OC(C)(C)C)C(=O)O)C(=O)O,,random_balanced,BB-0013,BB-2092,3,7,0.33074581433804884
BB-1665 BB-1794,"[1665, 1794]",[107],COC(=CC(O)(c1ccc(C(COc2ccccc2)NC(=O)OC(C)(C)C)cc1F)C(F)(F)F)OC,,random_balanced,BB-1665,BB-1794,4,6,0.7449477176882784
BB-1967 BB-1038,"[1967, 1038]",[96],COc1ccc2c(c1[N+](=O)[O-])CCCC2(C(=O)O)N(Cc1cc(F)cc2c1OCOC2)C(=O)OC(C)(C)C,,random_balanced,BB-1967,BB-1038,7,3,0.48083119710734584
BB-0668 BB-0546,"[668, 546]",[96],COCc1cc(C(C)(C(=O)O)N(C(=O)OC(C)(C)C)c2nc(-c3ccc4c(c3)-c3ccccc3C4)cs2)ccc1OC,,random_balanced,BB-0668,BB-0546,4,5,0.40110281721609325
BB-1325 BB-1571,"[1325, 1571]",[96],CC(C)(C)OC(=O)N(C(CCOc1ccccc1)c1ccc(F)cc1F)C(C(=O)O)(c1ccccc1)c1nccs1,,random_balanced,BB-1325,BB-1571,4,7,0.432766236495128
BB-0737 BB-0517,"[737, 517]",[61],CC(C)n1cc(C2(O)CCCN(C(=O)C(O)CNC(=O)OC(C)(C)C)C2)nn1,,random_balanced,BB-0737,BB-0517,2,2,0.7817884843735687
BB-0350 BB-1254,"[350, 1254]",[96],CC(C)(C)OC(=O)Nc1nnc2n(C(CCOc3ccccc3)(C(=O)O)C3CC3)cnn12,,random_balanced,BB-0350,BB-1254,5,5,0.5446233597591473
BB-0599 BB-2098,"[599, 2098]",[96],CC1CN(Cc2ccccc2CN(C(=O)OC(C)(C)C)C(C)(C(=O)O)c2ccc(Br)c(NC(=O)OC(C)(C)C)c2)CC(C)O1,,random_balanced,BB-0599,BB-2098,4,6,0.41626640431005457
BB-0516 BB-1836,"[516, 1836]",[96],CCOc1ccc2c(c1)C(N(C(=O)OC(C)(C)C)C(C)(Cc1ccccc1S(=O)(=O)NC(=O)OC(C)(C)C)C(=O)O)CCO2,,random_balanced,BB-0516,BB-1836,2,4,0.2392588044449955
BB-2136 BB-0826,"[2136, 826]",[96],CCCC1Oc2ccc(C)cc2C1(Oc1cc(C(=O)NNC(=O)OC(C)(C)C)ccc1O)C(=O)O,,random_balanced,BB-2136,BB-0826,3,6,0.4835139608391056
BB-2155 BB-1995,"[2155, 1995]",[96],CC(C)(C)OC(=O)Nc1cccc(N(C(=O)OC(C)(C)C)C2(C(=O)O)CC(Oc3ccccc3)C2(C)C)n1,,random_balanced,BB-2155,BB-1995,5,5,0.3110352821094724
BB-2060 BB-1632,"[2060, 1632]",[10],COC(=O)Cc1cc2c(c(SCC3(CNC(=O)OC(C)(C)C)CCOCC3)c1)OCC2,,random_balanced,BB-2060,BB-1632,6,1,0.6581565663422442
BB-0618 BB-0808,"[618, 808]",[16],CCCc1ccc(NC(=O)OC(C)(C)C)c(C(=O)OCCC2(C)CCOC2)c1,,random_balanced,BB-0618,BB-0808,3,0,0.6268226451433389
BB-2167 BB-0165,"[2167, 165]",[62],CC(C)(C)OC(=O)NC1(c2ccc(N3CCN(c4ccc(Br)cc4C(F)(F)F)CC3)cc2)CC(F)C1,,random_balanced,BB-2167,BB-0165,3,2,0.4720730987013514
BB-0508 BB-1482,"[508, 1482]",[96],CC(C)(C)OC(=O)NC(c1cccc(C(=O)OC(C)(C(=O)O)c2c(O)ccc3ccccc23)c1)C(C)(C)C,,random_balanced,BB-0508,BB-1482,5,6,0.5206994651465785
BB-0567 BB-1871,"[567, 1871]",[31],COc1cc(Oc2ccc(NC(=O)OC(C)(C)C)cc2NC(=O)OC(C)(C)C)c2c(c1)C(=O)CCC2,,random_balanced,BB-0567,BB-1871,3,4,0.17178131538186855
BB-0613 BB-2047,"[613, 2047]",[96],Cn1cc(C(CNC(=O)OC(C)(C)C)(C(=O)O)N(Cc2cc(NC(=O)OC(C)(C)C)cc(C(F)(F)F)c2)C(=O)OC(C)(C)C)c(C(F)F)n1,,random_balanced,BB-0613,BB-2047,5,7,0.19700338153142424
BB-0812 BB-0547,"[812, 547]",[10],Cc1ccc(C)c(-c2cc(C)c(NC(=O)OC(C)(C)C)cc2SC2CCN(C(C)C)CC2)c1,,random_balanced,BB-0812,BB-0547,4,2,0.4750389410609356
BB-0445 BB-1167,"[445, 1167]",[96],CCCC1CC(C(=O)O)(N(CC23COCC(C(F)F)(C2)C3)C(=O)OC(C)(C)C)CCO1,,random_balanced,BB-0445,BB-1167,6,4,0.36217260714749894
BB-2022 BB-1001,"[2022, 1001]",[68],CC(C)(C)OC(=O)NCC(=O)c1ccc(F)cc1Sc1ccc(OCc2cccc(C(=O)O)c2)cc1,,random_balanced,BB-2022,BB-1001,5,1,0.14491898778193849
BB-2047 BB-0124,"[2047, 124]",[54],CC(=O)Nc1cc(C(=O)C=C(CNC(=O)OC(C)(C)C)c2cn(C)nc2C(F)F)ccc1O,,random_balanced,BB-2047,BB-0124,8,6,0.7504797430181614
BB-2107 BB-1547,"[2107, 1547]",[24],COC(=O)c1ccc2cc(S(=O)c3cnn(C)c3NC(=O)OC(C)(C)C)ccc2c1,,random_balanced,BB-2107,BB-1547,5,0,0.5996151047721514
BB-1822 BB-1579,"[1822, 1579]",[74],Cc1cc(C(=O)O)c2cc(S(=O)(=O)c3ccc4oc(CNC(=O)OC(C)(C)C)c(C)c4c3)ccc2n1,,random_balanced,BB-1822,BB-1579,5,1,0.23394005123111483
BB-1929 BB-1114,"[1929, 1114]",[17],CC(C)n1ncc(NC(=O)OC(C)(C)C)c1S(=O)(=O)c1cccc(C(CC(F)(F)F)C(=O)O)c1,,random_balanced,BB-1929,BB-1114,6,1,0.6092640713374665
BB-1956 BB-1360,"[1956, 1360]",[27],CC(=Cc1nc(-c2cnc(NC(=O)OC(C)(C)C)cc2C)no1)C1CCCCC1,,random_balanced,BB-1956,BB-1360,5,0,0.16187589055039883
BB-2118 BB-2086,"[2118, 2086]",[96],Cc1ccc(C(CNC(=O)OC(C)(C)C)(C(=O)O)N(C(=O)OC(C)(C)C)c2ccc(N3CCSCC3)cc2)c(C)c1,,random_balanced,BB-2118,BB-2086,3,7,0.38449731345394705
BB-0299 BB-0056,"[299, 56]",[31],CC(Oc1nccn1C(F)F)C(C)(CNC(=O)OC(C)(C)C)Cc1ccc(F)cc1,,random_balanced,BB-0299,BB-0056,4,0,0.6511806223041072
BB-1448 BB-1663,"[1448, 1663]",[96],COC(=O)C1(N(C(=O)OC(C)(C)C)C2(C(=O)O)CCCc3oc(=O)c(C(=O)O)cc32)CCCN(Cc2ccccc2)C1,,random_balanced,BB-1448,BB-1663,3,4,0.39892722671446157
BB-1092 BB-1582,"[1092, 1582]",[31],CNC1CCOc2ccc(Oc3ccc(NC(=O)OC(C)(C)C)cc3)cc21,,random_balanced,BB-1092,BB-1582,4,1,0.43691781543886893
BB-2182 BB-0760,"[2182, 760]",[96],Cc1cnc(C(C)(C(=O)O)N(NC(=O)OC(C)(C)C)c2ncnc3c2oc2ccccc23)c(Br)c1,,random_balanced,BB-2182,BB-0760,4,4,0.5533696414416505
BB-2187 BB-1710,"[2187, 1710]",[96],CC1CCN(C(=O)c2ccc(N(C(=O)OC(C)(C)C)C(CCl)(C(=O)O)C(C#N)=C3C=CN(C)C=C3)cc2)CC1,,random_balanced,BB-2187,BB-1710,3,5,0.5952954554182458
BB-0376 BB-1062,"[376, 1062]",[96],Cc1ccc(N2CCC(C(=O)O)(N(C(=O)OC(C)(C)C)c3ccc4c(c3)CCCC4=O)CC2=O)cc1,,random_balanced,BB-0376,BB-1062,8,7,0.7086679446427926
BB-1915 BB-0344,"[1915, 344]",[85],CC(C)(C)OC(=O)N[C@@H](CC(=O)N1CCN(S(=O)(=O)c2ccc(S(=O)(=O)NC(=O)OC(C)(C)C)cc2)CC1)c1cc([N+](=O)[O-])ccc1F,,random_balanced,BB-1915,BB-0344,4,4,0.16898176470666124
BB-2067 BB-0658,"[2067, 658]",[68],Cc1cc(Sc2cc(F)c3cnccc3c2Cl)c(C)c([N+](=O)[O-])c1NC(=O)OC(C)(C)C,,random_balanced,BB-2067,BB-0658,3,0,0.5562829575245395
BB-1957 BB-1386,"[1957, 1386]",[96],CN(C)/C=C1\OCCN(C(=O)OC(C)(C)C)CC1(C(=O)O)N(CCCN1CCc2ccccc21)C(=O)OC(C)(C)C,,random_balanced,BB-1957,BB-1386,6,8,0.4416388552183664
BB-2181 BB-1408,"[2181, 1408]",[96],CC(C)(C)OC(=O)N(CCN1C(=O)c2ccccc2S1(=O)=O)C(C)(C(=O)O)C1=Cc2ccccc2OC1,,random_balanced,BB-2181,BB-1408,3,5,0.595838777431101
BB-0095 BB-1778,"[95, 1778]",[68],CNc1cc(Sc2c(Br)ccc(N=[N+]=[N-])c2Cl)ccc1NC(=O)OC(C)(C)C,,random_balanced,BB-0095,BB-1778,3,0,0.327620949990599
BB-0081 BB-0898,"[81, 898]",[17],Cc1cc(NC(=O)OC(C)(C)C)n(-c2ccc(S(=O)(=O)c3c(Br)c(C)cc4c3OCO4)cc2)n1,,random_balanced,BB-0081,BB-0898,6,0,0.4611452060802542
BB-1149 BB-1602,"[1149, 1602]",[96],CCc1c(C(C)(C(=O)O)N(C(=O)OC(C)(C)C)C(c2nc(C)no2)C2CCOCC2)oc2ccc(C)cc12,,random_balanced,BB-1149,BB-1602,4,4,0.507615428128221
BB-0856 BB-1539,"[856, 1539]",[96],COc1ccc(C(C(F)F)N(C(=O)OC(C)(C)C)C2(C(=O)O)C3CC4C(C3)C42C(=O)O)cc1F,,random_balanced,BB-0856,BB-1539,4,7,0.2351886043681326
BB-2011 BB-1830,"[2011, 1830]",[68],CC(C)(C)OC(=O)NCCc1c(F)ccc(F)c1Sc1cc(C(F)(F)F)cnc1N1CCNCC1,,random_balanced,BB-2011,BB-1830,5,4,0.7219557478898188
BB-0741 BB-0061,"[741, 61]",[107],Cc1cc(C)c(S(=O)(=O)NC(=O)OC(C)(C)C)cc1C(O)c1cc(-c2ccc(Cl)cc2)on1,,random_balanced,BB-0741,BB-0061,5,2,0.5105920336699155
BB-0979 BB-0898,"[979, 898]",[47],CCC(CNC(=O)OC(C)(C)C)Cc1cccc(-c2c(C)cc3c(c2Cl)OCO3)c1,,random_balanced,BB-0979,BB-0898,5,1,0.6290657322694277
BB-0445 BB-2043,"[445, 2043]",[96],CC(C)(C)OC(=O)NC1CCC(C(=O)O)(N(CC23COCC(C(F)F)(C2)C3)C(=O)OC(C)(C)C)c2ccc(Br)cc21,,random_balanced,BB-0445,BB-2043,7,7,0.6767605850725741
BB-2113 BB-0426,"[2113, 426]",[96],CC(C)(C)OC(=O)N(OCC1(F)CCC1)C(CBr)(C(=O)O)C1CC(F)(F)C1,,random_balanced,BB-2113,BB-0426,3,4,0.22493549948414326
BB-0804 BB-1266,"[804, 1266]",[58],Cc1cc2c(cc1Br)OCC(=Cc1c(NC(=O)OC(C)(C)C)oc3ccc(F)cc3c1=O)C2=O,,random_balanced,BB-0804,BB-1266,6,6,0.653046261324287
BB-1947 BB-1821,"[1947, 1821]",[96],CC(C)(C)OC(=O)Nc1ccc2c(c1)S(=O)(=O)N(C1(C(=O)O)CCN(C(=O)OC(C)(C)C)C(=O)C1)C2=O,,random_balanced,BB-1947,BB-1821,3,5,0.07825500816333514
BB-2116 BB-1978,"[2116, 1978]",[61],COC(CNC(=O)OC(C)(C)C)CC(=O)N1CCC(C#N)C12CC2,,random_balanced,BB-2116,BB-1978,4,1,0.6359899379414661
BB-0774 BB-1176,"[774, 1176]",[96],COCCN(C(=O)c1c(NC(=O)OC(C)(C)C)sc2c1CCCC2)C1(C(=O)O)C=C(NCc2ccccc2)CC(C)(C)C1,,random_balanced,BB-0774,BB-1176,3,8,0.5220455065050554
BB-1233 BB-1741,"[1233, 1741]",[79],COC1CC(O)C12CCN(C(=O)C(=O)N(c1cc(C)nn1-c1ccccc1)S(=O)(=O)c1ccc(NC(=O)OC(C)(C)C)cc1)CC2,,random_balanced,BB-1233,BB-1741,5,0,0.2901817901628402
BB-1929 BB-2078,"[1929, 2078]",[18],COCc1ccc(NC(=O)OC(C)(C)C)cc1S(=O)(=O)c1c(NC(=O)OC(C)(C)C)cnn1C(C)C,,random_balanced,BB-1929,BB-2078,7,3,0.49757574269020344
BB-0145 BB-0794,"[145, 794]",[96],Cc1ccc(OCC(=O)O)c2c1C(C)CC2(C(=O)O)N(C(=O)OC(C)(C)C)c1ccc(Br)c(F)c1CO,,random_balanced,BB-0145,BB-0794,5,4,0.39156162503962355
BB-2013 BB-1117,"[2013, 1117]",[10],CC(C)(C)OC(=O)NC1CCN(c2ccccc2Sc2ccc(C(=O)CCl)cc2)C1,,random_balanced,BB-2013,BB-1117,7,8,0.7193759563650548
BB-0622 BB-0232,"[622, 232]",[10],CC(C)(C)OC(=O)NCc1cc2c(cc1Sc1cnc3nc4ccccc4n3c1)OC(C)(C)O2,,random_balanced,BB-0622,BB-0232,5,1,0.3772199678176917
BB-2067 BB-0789,"[2067, 789]",[10],Cc1cc(SCC23CC(CC(=O)N2)C3)c(C)c([N+](=O)[O-])c1NC(=O)OC(C)(C)C,,random_balanced,BB-2067,BB-0789,4,0,0.7479786115771015
BB-0374 BB-2019,"[374, 2019]",[96],Cc1cc(C)n(C(C)(C(=O)O)c2c(C)oc(NC(=O)OC(C)(C)C)c2C#N)c(=O)c1CNC(=O)OC(C)(C)C,,random_balanced,BB-0374,BB-2019,4,7,0.3292826918167412
BB-0417 BB-1788,"[417, 1788]",[47],COc1cc(C(C)(C)O)ccc1-c1cccc2cc(NC(=O)OC(C)(C)C)ncc12,,random_balanced,BB-0417,BB-1788,6,0,0.5375939128950294
BB-2065 BB-0058,"[2065, 58]",[50],CCC(O)(c1cc(NC(=O)OC(C)(C)C)ccc1F)c1cc(OC)cc(C)c1O,,random_balanced,BB-2065,BB-0058,6,0,0.7527891949134135
BB-0733 BB-1113,"[733, 1113]",[96],CC(C)CC1(CN(C(=O)OC(C)(C)C)C2(C(=O)O)CCC(OC3CCCCC3)CC2)N=N1,,random_balanced,BB-0733,BB-1113,5,4,0.6720109745789641
BB-1193 BB-0845,"[1193, 845]",[10],CCOc1ccc(Sc2cnc3c(O)ncnn23)cc1CCNC(=O)OC(C)(C)C,,random_balanced,BB-1193,BB-0845,2,2,0.6662212779764922
BB-2182 BB-0233,"[2182, 233]",[96],COC(=O)c1c(CC(=O)O)[nH]c(C(C)(C(=O)O)N(Nc2ncnc3c2oc2ccccc23)C(=O)OC(C)(C)C)c1C,,random_balanced,BB-2182,BB-0233,5,5,0.471398188211345
BB-1030 BB-1939,"[1030, 1939]",[47],Cc1cc(NC(=O)OC(C)(C)C)cnc1-c1c(F)cc(I)c(NC(=O)OC(C)(C)C)c1F,,random_balanced,BB-1030,BB-1939,5,4,0.1974955302056193
BB-1280 BB-1961,"[1280, 1961]",[16],Cc1ccc(C(C)NC(=O)COC(=O)c2cccc(-c3ccc(CNC(=O)OC(C)(C)C)cc3)c2)cc1C,,random_balanced,BB-1280,BB-1961,3,0,0.17711295835293406
BB-1361 BB-2096,"[1361, 2096]",[96],COC(=O)c1c(C(C)(C)C)nsc1N(C(=O)OC(C)(C)C)C(CNC(=O)OC(C)(C)C)(C(=O)O)c1cn(C)cn1,,random_balanced,BB-1361,BB-2096,4,9,0.4459833258787967
BB-1939 BB-1615,"[1939, 1615]",[68],Cc1cnc(C(=O)O)cc1Sc1cc(F)c(Br)c(F)c1NC(=O)OC(C)(C)C,,random_balanced,BB-1939,BB-1615,5,0,0.42362932084479893
BB-0873 BB-2086,"[873, 2086]",[96],COCc1noc(C2(N(C(=O)OC(C)(C)C)C(CNC(=O)OC(C)(C)C)(C(=O)O)c3ccc(C)cc3C)CCOCC2)n1,,random_balanced,BB-0873,BB-2086,3,8,0.26076261420174157
BB-0482 BB-1382,"[482, 1382]",[62],COC(=O)c1ccc(CCNC(=O)OC(C)(C)C)c(N(C)CC(=O)Nc2c(C)cc(C)cc2C)c1,,random_balanced,BB-0482,BB-1382,4,1,0.27781362632420803
BB-2117 BB-1398,"[2117, 1398]",[96],CC(C)C[C@@H](N(C(=O)OC(C)(C)C)C(C)(C(=O)O)c1c[nH]c2ccc([N+](=O)[O-])cc12)C(F)(F)F,,random_balanced,BB-2117,BB-1398,4,4,0.49981395710284104
BB-1270 BB-1411,"[1270, 1411]",[96],COCOc1ccc(C(C)(C(=O)O)N(NC(=O)OC(C)(C)C)c2cc(F)c(Cl)cc2Cl)c(O)c1C,,random_balanced,BB-1270,BB-1411,5,6,0.5380822078664892
BB-2194 BB-1694,"[2194, 1694]",[107],Cc1c(C(C)(O)c2cccc(C#CCNC(=O)OC(C)(C)C)c2)nnn1-c1cccc2ncccc12,,random_balanced,BB-2194,BB-1694,4,7,0.22842150290268545
BB-1304 BB-1411,"[1304, 1411]",[96],COCOc1ccc(C(C)(C(=O)O)N(C(=O)OC(C)(C)C)C(Cc2nccn2C(F)F)c2ccccc2)c(O)c1C,,random_balanced,BB-1304,BB-1411,5,7,0.5672720957382591
BB-2109 BB-1330,"[2109, 1330]",[96],CC(C)(C)OC(=O)N(c1ccc(F)c(OCC(F)(F)F)c1)C(C)(C(=O)O)c1nc2c(s1)CCC2,,random_balanced,BB-2109,BB-1330,5,6,0.6038155073206884
BB-2183 BB-1676,"[2183, 1676]",[97],CC(C)(C)OC(=O)Nc1nc(O)nc(COC(=O)c2ncoc2C2CCN(C(=O)OCC3c4ccccc4-c4ccccc43)CC2)n1,,random_balanced,BB-2183,BB-1676,2,0,0.12215219536286623
BB-1036 BB-1559,"[1036, 1559]",[3],Cc1ccc(S(=O)(=O)N(C(=O)c2ccc(CS(=O)(=O)c3c(Cl)cccc3Cl)o2)c2ccc(NC(=O)OC(C)(C)C)cc2)cc1,,random_balanced,BB-1036,BB-1559,4,2,0.1076352000581902
BB-1972 BB-0433,"[1972, 433]",[50],CCOc1ccc(C(C)(O)c2ccc(OC)cc2CCC(=O)O)cc1S(=O)(=O)NC(=O)OC(C)(C)C,,random_balanced,BB-1972,BB-0433,6,0,0.6610774959413225
BB-2195 BB-0444,"[2195, 444]",[96],CCCCCC(CC)(C(=O)O)N(C(=O)OC(C)(C)C)c1cccnc1F,,random_balanced,BB-2195,BB-0444,5,7,0.27142397183331274
BB-0831 BB-0766,"[831, 766]",[96],CCC(=O)CC(C(=O)O)(c1ccc(C(F)(F)F)cc1)N(C(=O)OC(C)(C)C)c1nccn(C2CC2)c1=O,,random_balanced,BB-0831,BB-0766,4,6,0.5171869453991503
BB-0289 BB-0546,"[289, 546]",[96],COCc1cc(C(C)(C(=O)O)N(C(=O)OC(C)(C)C)C2CC(CNC(=O)OC(C)(C)C)C2)ccc1OC,,random_balanced,BB-0289,BB-0546,3,6,0.6335390622808045
BB-2184 BB-0447,"[2184, 447]",[106],COCn1ncc(C(=O)c2cnn3c2CNCC3)c1S(=O)(=O)NC(=O)OC(C)(C)C,,random_balanced,BB-2184,BB-0447,7,1,0.6457998144182623
BB-0457 BB-1336,"[457, 1336]",[96],CC(C)(C)OC(=O)N(C1(c2nc(C3CCOCC3)no2)CCOCC1)C1(C(=O)O)CCCC1C1CCCN1,,random_balanced,BB-0457,BB-1336,2,3,0.47463205240861917
BB-2024 BB-1600,"[2024, 1600]",[82],C#CCN(c1ccc(C(=O)O)cc1)C(CNC(=O)OC(C)(C)C)c1cnnn1C,,random_balanced,BB-2024,BB-1600,5,1,0.7748559729882017
BB-1617 BB-1435,"[1617, 1435]",[46],CC(C)(C)OC(=O)NC(CC(=O)C(C(=O)O)C1CCCC(C#N)C1)c1ccccc1,,random_balanced,BB-1617,BB-1435,5,2,0.722065566885586
BB-1138 BB-1467,"[1138, 1467]",[10],CC(C)(C)OC(=O)Nc1c2c(nn1-c1cccc(Sc3cccc(-c4c[nH]c(=S)o4)c3)c1)CCC2,,random_balanced,BB-1138,BB-1467,5,1,0.3344191170390603
BB-1899 BB-1887,"[1899, 1887]",[96],COC(=O)c1ccc2c(c1)CCC2(C(=O)O)N(C(=O)OC(C)(C)C)c1ccccc1N1CC(C)(C)C1=O,,random_balanced,BB-1899,BB-1887,4,4,0.4532114013244139
BB-2013 BB-0882,"[2013, 882]",[106],CCCc1ccc(NC(=O)OC(C)(C)C)c(C(=O)c2ccccc2N2CCC(NC(=O)OC(C)(C)C)C2)c1,,random_balanced,BB-2013,BB-0882,8,3,0.3848563910776577
BB-1798 BB-2020,"[1798, 2020]",[96],Cn1c(N(C(=O)OC(C)(C)C)C(CNC(=O)OC(C)(C)C)(C(=O)O)c2ccc(F)cc2Cl)nc2cc(C(=O)O)cc(Br)c21,,random_balanced,BB-1798,BB-2020,5,7,0.4966355715745673
BB-1121 BB-1458,"[1121, 1458]",[68],CC(C)(C)OC(=O)NCC#Cc1cc(SCCC=C(F)F)cnc1F,,random_balanced,BB-1121,BB-1458,2,1,0.41992695264372065
BB-0765 BB-0272,"[765, 272]",[40],CC(C)(C)OC(=O)NC(CC(=O)OCCCn1nc(C(F)F)cc1C(F)F)Cc1ccc([N+](=O)[O-])cc1,,random_balanced,BB-0765,BB-0272,4,1,0.5349210251314166
BB-0615 BB-1097,"[615, 1097]",[96],C=CCN1C(=O)C(C(=O)O)(N(NC(=O)OC(C)(C)C)C(=O)COC)c2cc(C)ccc21,,random_balanced,BB-0615,BB-1097,4,2,0.31754916382055676
BB-0016 BB-1779,"[16, 1779]",[96],CC(=O)Nc1ccc(C(C(=O)O)(C(C)Cl)N(C(=O)OC(C)(C)C)c2c(C)nn(C)c2C(N)=O)cc1,,random_balanced,BB-0016,BB-1779,5,5,0.42881403298452814
BB-2166 BB-0819,"[2166, 819]",[98],CC(C)(C)OC(=O)NCC(OC(=O)c1ncc2c(F)cccn12)c1ccc(S(C)(=O)=O)cc1,,random_balanced,BB-2166,BB-0819,4,0,0.5754355323938152
BB-2045 BB-1259,"[2045, 1259]",[104],Cc1nc2ccccc2nc1-c1cccc2nc(NC(=O)OC(C)(C)C)n(C)c12,,random_balanced,BB-2045,BB-1259,3,1,0.7860209605615677
BB-2103 BB-0340,"[2103, 340]",[96],Cc1ccc2c(c1)C(N(C(=O)OC(C)(C)C)C(CBr)(C(=O)O)c1ccc(C#N)c([N+](=O)[O-])c1)C(=O)N2C,,random_balanced,BB-2103,BB-0340,4,7,0.3278752939234864
BB-0515 BB-0269,"[515, 269]",[96],CC(C)(C)OC(=O)N(c1nccc2cnccc12)C1(C(=O)O)C(F)=CCCc2ccc(Br)cc21,,random_balanced,BB-0515,BB-0269,4,5,0.27315131113093044
BB-0906 BB-1495,"[906, 1495]",[96],COC(=O)CCCCC(C(=O)O)(N(Cc1cccnc1P(C)(C)=O)C(=O)OC(C)(C)C)C(F)(F)F,,random_balanced,BB-0906,BB-1495,3,4,0.5424030653334698
BB-0885 BB-0776,"[885, 776]",[96],Cc1ccc(-c2cnccn2)cc1N(C(=O)OC(C)(C)C)C(C(=O)O)(c1ccc(F)cc1)c1cc(Br)ccc1NC(=O)OC(C)(C)C,,random_balanced,BB-0885,BB-0776,3,7,0.1488195121518624
BB-1888 BB-2057,"[1888, 2057]",[96],CC1OCCC1N(C(=O)OC(C)(C)C)C1(C(=O)O)CC(C)(C)Oc2c(NC(=O)OC(C)(C)C)cccc21,,random_balanced,BB-1888,BB-2057,4,6,0.49063978064362773
BB-0328 BB-0915,"[328, 915]",[96],COCC[C@@H]1C[C@H]1N(C(=O)OC(C)(C)C)C1(C(=O)O)CCCOc2c(C)cc(Cl)cc21,,random_balanced,BB-0328,BB-0915,5,7,0.5726862120701355
BB-2087 BB-0993,"[2087, 993]",[107],Cc1cocc1C(O)c1nn(C)cc1CNC(=O)OC(C)(C)C,,random_balanced,BB-2087,BB-0993,5,2,0.6385633775339843
BB-2156 BB-1254,"[2156, 1254]",[96],CC(C)(C)OC(=O)N(C1CCN(C(=O)c2ccco2)CC1)C(CCOc1ccccc1)(C(=O)O)C1CC1,,random_balanced,BB-2156,BB-1254,5,6,0.4708827272240384
BB-1053 BB-0119,"[1053, 119]",[96],CCCn1c(NC(=O)OC(C)(C)C)c(C(CCl)(C(=O)O)N(C(=O)OC(C)(C)C)C2COc3ccccc3C2)c(=O)[nH]c1=O,,random_balanced,BB-1053,BB-0119,5,7,0.4428064835609629
BB-0457 BB-0010,"[457, 10]",[96],CC(C)(C)OC(=O)N(C1(c2nc(C3CCOCC3)no2)CCOCC1)C1(C(=O)O)c2ccccc2CC12CCOCC2,,random_balanced,BB-0457,BB-0010,3,6,0.3608290150299798
BB-2084 BB-0640,"[2084, 640]",[10],COC(=O)c1nocc1-c1ccc(Sc2c(F)cc(C(=O)O)c(NC(=O)OC(C)(C)C)c2C)cc1,,random_balanced,BB-2084,BB-0640,4,1,0.522772583952655
BB-0207 BB-0723,"[207, 723]",[96],CC(C(=O)N1CCc2ccccc21)N(C(=O)OC(C)(C)C)C1(C(=O)O)CCN(C(=O)OCc2ccccc2)CC1CC#N,,random_balanced,BB-0207,BB-0723,5,6,0.28734723283312047
BB-1377 BB-2091,"[1377, 2091]",[96],CC(C)(C)OC(=O)NCC(CC1CC1)(C(=O)O)N(CCCN1C(=O)NC(c2ccccc2)(c2ccccc2)C1=O)C(=O)OC(C)(C)C,,random_balanced,BB-1377,BB-2091,4,9,0.4202702185119107
BB-0956 BB-1078,"[956, 1078]",[91],CC(C)(C)OC(=O)NCC1CCC(C(=O)O)C(N(CC(F)(F)F)C2CCCOC2)C1,,random_balanced,BB-0956,BB-1078,4,0,0.7407025501942214
BB-1623 BB-1723,"[1623, 1723]",[47],Cc1cc2cc(-c3ccc4c(c3)CCC(C(=O)O)O4)c(F)cc2nc1NC(=O)OC(C)(C)C,,random_balanced,BB-1623,BB-1723,5,2,0.2552159329369865
BB-0797 BB-1002,"[797, 1002]",[28],CN(C(=O)C[C@@H](Cc1cccc(F)c1)NC(=O)OC(C)(C)C)C1CCOC(c2ccc(F)cc2)C1,,random_balanced,BB-0797,BB-1002,4,1,0.7351333371448351
BB-0168 BB-1245,"[168, 1245]",[50],Cc1ccc2[nH]c(=O)ccc2c1C(O)(CCCC(=O)O)c1ccccc1NC(=O)OC(C)(C)C,,random_balanced,BB-0168,BB-1245,7,3,0.622807760102996
BB-0236 BB-0560,"[236, 560]",[96],CC(C)(C)OC(=O)N(C1CCCN(c2ccc3c(c2)OCO3)C1)C1(C(=O)O)C=C(c2cccc(CO)n2)CCC1,,random_balanced,BB-0236,BB-0560,4,5,0.5259731224789203
BB-1730 BB-1767,"[1730, 1767]",[31],CC1CNC(=O)c2cc(OC3(CNC(=O)OC(C)(C)C)CS(=O)(=O)C3)cn21,,random_balanced,BB-1730,BB-1767,2,1,0.7865857057450861
BB-1211 BB-0569,"[1211, 569]",[68],COc1cc(C)c(Sc2ccc(Br)c3c2CNCC3)cc1NC(=O)OC(C)(C)C,,random_balanced,BB-1211,BB-0569,4,1,0.7234970065425197
BB-2186 BB-0271,"[2186, 271]",[96],CC(C)(C)OC(=O)NC(C)(C)c1cc(C(=O)OC(C)(C)C)n(C2(C(=O)O)CC(C)(C)Oc3cnc(Br)cc32)n1,,random_balanced,BB-2186,BB-0271,3,4,0.6165731065633688
BB-0678 BB-1549,"[678, 1549]",[96],CO[C@H]1C[C@@H](CN(C(=O)OC(C)(C)C)C(CNC(=O)OC(C)(C)C)(C(=O)O)c2ccc(C)c(Br)c2)N(c2cc(C)ncn2)C1,,random_balanced,BB-0678,BB-1549,3,5,0.3687495501237871
BB-1405 BB-0935,"[1405, 935]",[47],COCc1sccc1-c1cc(C(=O)OC)c(F)c(S(=O)(=O)NC(=O)OC(C)(C)C)c1,,random_balanced,BB-1405,BB-0935,5,0,0.7449814709165943
BB-1825 BB-2092,"[1825, 2092]",[96],CC1=C(NC(=O)OC(C)(C)C)O/C(=C(/C)C#N)C1(C(=O)O)n1nc(C(C)C)c(NC(=O)OC(C)(C)C)c1C(N)=O,,random_balanced,BB-1825,BB-2092,3,8,0.5270025344018437
BB-0817 BB-0168,"[817, 168]",[96],CC(C)(C)OC(=O)Nc1ccccc1C(CCCC(=O)O)(C(=O)O)N(C(=O)OC(C)(C)C)C1CCCN(c2ccc(C#N)cc2)C1=O,,random_balanced,BB-0817,BB-0168,2,8,0.2495572388900538
BB-2050 BB-1158,"[2050, 1158]",[10],Cc1ccc(CCNC(=O)OC(C)(C)C)c(Sc2ccc3c(c2)NC[C@@H](C)N3C)c1,,random_balanced,BB-2050,BB-1158,6,1,0.4071006146749955
BB-0787 BB-0864,"[787, 864]",[55],CC(B1OC(C)(C)C(C)(C)O1)=C1CCN(c2c(Br)cccc2CNC(=O)OC(C)(C)C)CC1,,random_balanced,BB-0787,BB-0864,3,1,0.5433046485728015
BB-0430 BB-0667,"[430, 667]",[74],CC(C)(C)OC(=O)Nc1cccc(C(=O)OC(C)(C)C)c1S(=O)(=O)C(Cl)C(Cl)C(Cl)Cl,,random_balanced,BB-0430,BB-0667,7,1,0.546013418914365
BB-1958 BB-0604,"[1958, 604]",[85],CCCN(C(=O)Cc1cc2cnccc2nc1C)c1ccncc1NC(=O)OC(C)(C)C,,random_balanced,BB-1958,BB-0604,4,1,0.600368601781626
BB-1899 BB-1504,"[1899, 1504]",[96],CC(C)(C)OC(=O)N(c1ccccc1N1CC(C)(C)C1=O)C1(C(=O)O)CCOc2ccc(C(C)(C)C)cc21,,random_balanced,BB-1899,BB-1504,5,4,0.27723097700934535
BB-1290 BB-1884,"[1290, 1884]",[96],CCOC(=O)CC(C(=O)O)(N(C(=O)OC(C)(C)C)[C@@H]1CCc2c(C#N)cccc21)C(F)(F)Cl,,random_balanced,BB-1290,BB-1884,3,5,0.4209352737498524
BB-0323 BB-1043,"[323, 1043]",[96],CC(C)(C)OC(=O)N(C[C@]1(C)COC[C@@H]2CCCN21)C(CN1CCNCC1)(C(=O)O)c1cccs1,,random_balanced,BB-0323,BB-1043,4,6,0.5106625303686427
BB-0705 BB-1671,"[705, 1671]",[39],CN1CCN(Cc2cc(C=O)ccc2OC(C(=O)O)(C(=NNC(=O)OC(C)(C)C)c2ccccc2)c2ccccc2)CC1,,random_balanced,BB-0705,BB-1671,8,0,0.4841508723119982
BB-1364 BB-0265,"[1364, 265]",[107],COc1ccc(F)c(C(O)c2cc(C(NC(=O)OC(C)(C)C)C(F)(F)F)ccc2OC)n1,,random_balanced,BB-1364,BB-0265,4,0,0.39435851973499975
BB-0741 BB-1962,"[741, 1962]",[47],Cc1cc(C)c(S(=O)(=O)NC(=O)OC(C)(C)C)cc1-c1cccc(Br)c1CBr,,random_balanced,BB-0741,BB-1962,6,0,0.7274181148168197
BB-1253 BB-1564,"[1253, 1564]",[88],C#Cc1cc(COc2ccc(C(=O)C3CCCOC3)c(NC(=O)OC(C)(C)C)c2)ccn1,,random_balanced,BB-1253,BB-1564,5,0,0.5499782757994509
BB-2198 BB-1038,"[2198, 1038]",[96],COc1ccc2c(c1[N+](=O)[O-])CCCC2(C(=O)O)N(C(=O)OC(C)(C)C)c1ccc(-c2ccnn2C)c(F)c1,,random_balanced,BB-2198,BB-1038,3,4,0.6203143627965395
BB-2060 BB-1860,"[2060, 1860]",[68],CC(C)(C)OC(=O)NCC1(CSc2cc(Cl)ccc2OCC(N)=O)CCOCC1,,random_balanced,BB-2060,BB-1860,7,1,0.7528286393391491
BB-1273 BB-1764,"[1273, 1764]",[61],COC(=O)c1ccc(C2(O)CCN(C(=O)C(CC3CCOCC3)NC(=O)OC(C)(C)C)C2)cc1,,random_balanced,BB-1273,BB-1764,2,0,0.687592272795468
BB-0567 BB-1161,"[567, 1161]",[31],CC(C)(C)OC(=O)Nc1ccc(Oc2ccc(C(=O)O)cc2N2CCCC2=O)c(NC(=O)OC(C)(C)C)c1,,random_balanced,BB-0567,BB-1161,4,1,0.23314206879180366
BB-2050 BB-0963,"[2050, 963]",[10],COC(=O)c1nc(Sc2cc(C)ccc2CCNC(=O)OC(C)(C)C)cnc1NC(=O)OC(C)(C)C,,random_balanced,BB-2050,BB-0963,7,4,0.1792982625157729
BB-0466 BB-1069,"[466, 1069]",[96],CSCC1(CN(C(=O)OC(C)(C)C)C2(C(=O)O)CCCC2=Cc2cccc([N+](=O)[O-])c2)CC(F)(F)C1,,random_balanced,BB-0466,BB-1069,5,4,0.4702250975226635
BB-0750 BB-0421,"[750, 421]",[62],COCCN(CCC(F)(F)F)c1ccc(C(CO)NC(=O)OC(C)(C)C)c(OC)c1,,random_balanced,BB-0750,BB-0421,5,3,0.7290026481309524
BB-0735 BB-0624,"[735, 624]",[47],COc1cc(-c2cnn(Cc3ccc(NC(=O)OC(C)(C)C)cc3)c2)c(C2CC2)cc1Cl,,random_balanced,BB-0735,BB-0624,2,1,0.47467920414461634
BB-1430 BB-1481,"[1430, 1481]",[96],CCc1cc(=O)n2nc(N(C(=O)OC(C)(C)C)C(C)(C(=O)O)c3oc4ccccc4c3C)[nH]c2n1,,random_balanced,BB-1430,BB-1481,5,4,0.685977700361681
BB-2167 BB-1659,"[2167, 1659]",[10],Cc1cc(OCC2CO2)c(C(C)C)cc1Sc1ccc(C2(NC(=O)OC(C)(C)C)CC(F)C2)cc1,,random_balanced,BB-2167,BB-1659,4,0,0.44426116524842774
BB-2088 BB-0166,"[2088, 166]",[50],CC(C)(C)OC(=O)NC1=C(Br)C(O)(c2ccc(CO)cc2C(F)(F)F)CCC1,,random_balanced,BB-2088,BB-0166,6,2,0.7581854323703153
BB-1586 BB-1189,"[1586, 1189]",[31],CCC(NC(=O)OC(C)(C)C)C(C)(C)OCCc1c(C(=O)OC)cnn1C,,random_balanced,BB-1586,BB-1189,1,0,0.5837540495533056
BB-1460 BB-1345,"[1460, 1345]",[96],CCOC(=O)C(C(=O)O)(c1sc(C)cc1Br)N(C(=O)OC(C)(C)C)c1onc(-c2cc(C)ccc2F)c1C,,random_balanced,BB-1460,BB-1345,4,4,0.5957615835743449
BB-2011 BB-0388,"[2011, 388]",[62],CC(C)(C)OC(=O)NCCc1c(F)ccc(F)c1N1CC(N2CCN(C(=O)OC(C)(C)C)CC2)C1,,random_balanced,BB-2011,BB-0388,6,2,0.32117615413166944
BB-1144 BB-2015,"[1144, 2015]",[96],CC(C)(C)OC(=O)NC1CCC(C(=O)O)(N(C(=O)OC(C)(C)C)[C@H]2C[C@H]3C[C@@H](NC(=O)OC(C)(C)C)C[C@H]3C2)c2cc(Br)ccc21,,random_balanced,BB-1144,BB-2015,5,7,0.35895391805422133
BB-0963 BB-1924,"[963, 1924]",[68],COC(=O)c1nc(Sc2nc(I)ccc2OC)cnc1NC(=O)OC(C)(C)C,,random_balanced,BB-0963,BB-1924,5,0,0.3069101911635922
BB-2135 BB-1708,"[2135, 1708]",[16],CC(C)(C)OC(=O)Nc1ncn(CC(=O)OCc2cccc(C=O)c2)n1,,random_balanced,BB-2135,BB-1708,3,2,0.18909622291933587
BB-0063 BB-1690,"[63, 1690]",[61],CC(C)(C)OC(=O)Nc1ccc(C(=O)O)cc1CCCC(=O)N1CC(C)(C)c2cc([N+](=O)[O-])ccc21,,random_balanced,BB-0063,BB-1690,3,1,0.6026167368711227
BB-1355 BB-0864,"[1355, 864]",[61],CC(B1OC(C)(C)C(C)(C)O1)=C1CCN(C(=O)CCCC2CCC(NC(=O)OC(C)(C)C)C2)CC1,,random_balanced,BB-1355,BB-0864,4,2,0.14611133835981302
BB-1036 BB-0989,"[1036, 989]",[79],Cc1ccc(S(=O)(=O)N(C(=O)C(=O)N2CCOC(c3ccc(OC(F)(F)F)cc3)C2)c2ccc(NC(=O)OC(C)(C)C)cc2)cc1,,random_balanced,BB-1036,BB-0989,5,0,0.1868049233283522
BB-0020 BB-0452,"[20, 452]",[55],CCOC(=O)c1nc2c(N(CC)C3CCSc4ccc(Br)cc43)cccn2c1NC(=O)OC(C)(C)C,,random_balanced,BB-0020,BB-0452,4,1,0.6585255681711696
BB-1110 BB-1989,"[1110, 1989]",[96],CC(CN(C(=O)OC(C)(C)C)C(C)(C(=O)O)c1cc2cccc(F)c2o1)c1nc2ccccc2n1C(F)F,,random_balanced,BB-1110,BB-1989,4,5,0.6653036504900831
BB-0156 BB-0286,"[156, 286]",[96],COC(=O)C1CCN(C(=O)CC(C)(C(=O)O)N(C(=O)OC(C)(C)C)C(CC(C)C)C2CC2c2ccccc2)CC1,,random_balanced,BB-0156,BB-0286,4,5,0.5141718338247478
BB-2070 BB-1685,"[2070, 1685]",[62],CCN(CCCC[Si](C)(C)C)c1cc(NC(=O)OC(C)(C)C)ccc1C(C)(C)C,,random_balanced,BB-2070,BB-1685,3,1,0.42786379375485045
BB-0802 BB-0028,"[802, 28]",[96],CCn1c(NC(=O)OC(C)(C)C)c(C(CCl)(C(=O)O)N(C(=O)OC(C)(C)C)C(C)C(OC)C2CC2)c(=O)[nH]c1=O,,random_balanced,BB-0802,BB-0028,3,7,0.3840142661081859
BB-2030 BB-0781,"[2030, 781]",[75],COC(=O)c1cc2c(S(=O)(=O)c3cc(NC(=O)OC(C)(C)C)ccc3CS(C)(=O)=O)cccc2[nH]1,,random_balanced,BB-2030,BB-0781,4,0,0.7216189013491001
BB-0538 BB-0693,"[538, 693]",[84],CC(C)(C)OC(=O)N[C@@H](Cc1ccc([N+](=O)[O-])cc1)c1nc(C2(c3cccc(Cl)n3)CCC2)no1,,random_balanced,BB-0538,BB-0693,5,3,0.49891706423831705
BB-1419 BB-0543,"[1419, 543]",[47],COC(=O)c1cc(-c2ccc(C3CC(C(=O)OC)C3)cc2)c(NC(=O)OC(C)(C)C)c(C)n1,,random_balanced,BB-1419,BB-0543,4,1,0.6169272842992417
BB-1549 BB-0293,"[1549, 293]",[10],Cc1ccc(C(=O)CNC(=O)OC(C)(C)C)cc1SCc1oc2ccc(Cl)cc2c(=O)c1C,,random_balanced,BB-1549,BB-0293,6,1,0.37043894173914177
BB-1331 BB-1566,"[1331, 1566]",[82],CC1Cc2ncc(NC(=O)OC(C)(C)C)cc2C(N2CCCC(Nc3cccc(Br)c3)C2)C1,,random_balanced,BB-1331,BB-1566,7,1,0.7666319731958519
BB-1376 BB-1243,"[1376, 1243]",[28],CC(C)(C)OC(=O)NC(C)(C)c1ccc(C(=O)N2Cc3[nH]c4ccc(O)cc4c3CC2C(=O)O)cc1,,random_balanced,BB-1376,BB-1243,4,0,0.46856519006144143
BB-2095 BB-0047,"[2095, 47]",[107],Cc1cc(C(O)c2cc3c(s2)CCOC3)c(C)cc1NC(=O)OC(C)(C)C,,random_balanced,BB-2095,BB-0047,3,0,0.6922269975523325
BB-0118 BB-0699,"[118, 699]",[107],CC(C)(C)OC(=O)NCC1(c2cccc(C(O)c3ccc([N+](=O)[O-])c(N4CCC(O)CC4)c3)c2)CCC1,,random_balanced,BB-0118,BB-0699,4,1,0.43028695228484937
BB-2154 BB-1573,"[2154, 1573]",[82],Cn1nccc1C(O)C1CCN(C(CC2CCC2)c2ccccc2NC(=O)OC(C)(C)C)CC1,,random_balanced,BB-2154,BB-1573,6,2,0.7674928238241726
BB-0978 BB-1414,"[978, 1414]",[96],CCC1Oc2c(F)cc(Br)cc2C1(C(=O)O)N(C(=O)OC(C)(C)C)S(=O)(=O)c1cc(C(F)F)ccc1OC,,random_balanced,BB-0978,BB-1414,5,6,0.521408066844313
BB-2044 BB-0375,"[2044, 375]",[107],CC(C)(C)OC(=O)NC1CCc2ncc(C(O)c3cccc(NC(=O)C(F)(F)F)c3)n2C1,,random_balanced,BB-2044,BB-0375,5,1,0.8403118882015791
BB-1010 BB-0090,"[1010, 90]",[47],COC(=O)c1cc(-c2c(F)c(F)cc(F)c2NC(=O)OC(C)(C)C)nc2ccccc12,,random_balanced,BB-1010,BB-0090,4,2,0.3590393311646086
BB-0154 BB-2088,"[154, 2088]",[96],Cc1ccc([C@@H]2OCCC[C@H]2N(C(=O)OC(C)(C)C)C2(C(=O)O)CCCC(NC(=O)OC(C)(C)C)=C2Br)cc1,,random_balanced,BB-0154,BB-2088,4,7,0.5861385584625854
BB-2031 BB-0162,"[2031, 162]",[75],CC(C)(C)OC(=O)NCC(=O)c1cccnc1S(=O)(=O)c1ccc(C(=O)O)cc1F,,random_balanced,BB-2031,BB-0162,5,1,0.5928988700202336
BB-1859 BB-1944,"[1859, 1944]",[49],CCC1(CC(=O)c2nn(C)cc2NC(=O)OC(C)(C)C)COC1,,random_balanced,BB-1859,BB-1944,5,1,0.7455473625309106
BB-2145 BB-0143,"[2145, 143]",[96],Cc1ccc(C(C(=O)O)(N(C(=O)OC(C)(C)C)c2cccc(CS(=O)(=O)c3ccccc3)c2)C(F)(F)F)cc1,,random_balanced,BB-2145,BB-0143,4,4,0.5595563905020718
BB-2057 BB-0370,"[2057, 370]",[39],COc1cc(CN(C)C2(C(=O)O)CC(C)(C)Oc3c(NC(=O)OC(C)(C)C)cccc32)sn1,,random_balanced,BB-2057,BB-0370,7,1,0.6572871919557055
BB-0902 BB-1018,"[902, 1018]",[96],Cc1ccc(C(CCCC(=O)O)(C(=O)O)N(CCCN2CCN(c3cccc(C)c3)CC2)C(=O)OC(C)(C)C)cc1,,random_balanced,BB-0902,BB-1018,3,5,0.5284979978415951
BB-2059 BB-0609,"[2059, 609]",[10],Cc1cc(NC(=O)OC(C)(C)C)c(C)c(Sc2c(C(=O)O)cnc(N(C)C)c2F)c1,,random_balanced,BB-2059,BB-0609,4,1,0.7168269996931528
BB-0881 BB-1283,"[881, 1283]",[88],COc1c(C)nc(O)nc1Oc1cc(C)c(NC(=O)OC(C)(C)C)c(C#N)c1,,random_balanced,BB-0881,BB-1283,4,0,0.4008171940861737
BB-1577 BB-1181,"[1577, 1181]",[18],Cn1cc([N+](=O)[O-])c(S(=O)(=O)c2ccc(Cl)cc2OCC(=O)NNC(=O)OC(C)(C)C)cc1=O,,random_balanced,BB-1577,BB-1181,4,0,0.24158138793383188
BB-1288 BB-2019,"[1288, 2019]",[96],Cc1oc(NC(=O)OC(C)(C)C)c(C#N)c1C(C)(C(=O)O)N(C(=O)OC(C)(C)C)c1cnn(C(C)(C)c2nnc3n2CCCCC3)c1,,random_balanced,BB-1288,BB-2019,4,8,0.18072615838405537
BB-0887 BB-2037,"[887, 2037]",[96],COc1cc(F)c(NC(=O)OC(C)(C)C)cc1C(C)(C(=O)O)N(C(=O)OC(C)(C)C)c1ncn(-c2ccncc2)n1,,random_balanced,BB-0887,BB-2037,4,6,0.3899670133848312
BB-2076 BB-1057,"[2076, 1057]",[10],Cc1ccc(CCNC(=O)OC(C)(C)C)c(Sc2c(C)n(CC(=O)O)c3ccccc23)c1,,random_balanced,BB-2076,BB-1057,3,0,0.6600090978057104
BB-0218 BB-2052,"[218, 2052]",[96],COCCCCc1cccnc1N(C(=O)OC(C)(C)C)C1(C(=O)O)CCC(NC(=O)OC(C)(C)C)c2ccc(OC(F)F)cc21,,random_balanced,BB-0218,BB-2052,4,7,0.43053451619870636
BB-0705 BB-0465,"[705, 465]",[39],CC(C)(C)OC(=O)NN=C(c1ccccc1)C(OC(=O)CNCc1c(F)cccc1Cl)(C(=O)O)c1ccccc1,,random_balanced,BB-0705,BB-0465,9,2,0.4557646993580472
BB-0176 BB-2026,"[176, 2026]",[96],Cc1cc(N(C(=O)OC(C)(C)C)C2(C(=O)O)CC(C)(C)CC(NC(=O)OC(C)(C)C)=C2Br)cc(C)c1F,,random_balanced,BB-0176,BB-2026,2,7,0.5518084863626083
BB-0158 BB-2026,"[158, 2026]",[96],CC1(C)CC(NC(=O)OC(C)(C)C)=C(Br)C(C(=O)O)(N(CCC2CC2(Cl)Cl)C(=O)OC(C)(C)C)C1,,random_balanced,BB-0158,BB-2026,8,8,0.6750485145613704
BB-1652 BB-0882,"[1652, 882]",[84],CCCc1ccc(NC(=O)OC(C)(C)C)c(-c2noc(-c3ccoc3CCNC(=O)OC(C)(C)C)n2)c1,,random_balanced,BB-1652,BB-0882,3,4,0.4182977254469805
BB-2134 BB-2098,"[2134, 2098]",[96],CC(C)(C)OC(=O)Nc1cc(C(C)(C(=O)O)N(CCCCc2ccccc2)C(=O)OC(C)(C)C)ccc1Br,,random_balanced,BB-2134,BB-2098,9,7,0.4724742933582601
BB-2046 BB-0895,"[2046, 895]",[31],COc1cc(Br)c(CCNC(=O)OC(C)(C)C)cc1Oc1ccc2nc(C=Cc3cccs3)cc(C(=O)O)c2c1,,random_balanced,BB-2046,BB-0895,4,2,0.20173667201436982
BB-2153 BB-0149,"[2153, 149]",[97],Cc1nc(Cl)c(Cl)cc1C(=O)OCC1(NC(=O)OC(C)(C)C)COCC12CCC2,,random_balanced,BB-2153,BB-0149,2,1,0.6770700788591966
BB-0148 BB-1293,"[148, 1293]",[28],CC(C)(C/C=C/C(=O)N1CCC2(CC1)CC(CO)=NO2)NC(=O)OC(C)(C)C,,random_balanced,BB-0148,BB-1293,4,2,0.602754035539492
BB-0348 BB-0229,"[348, 229]",[31],CCOC(=O)c1[nH]c(C)c(C)c1Oc1ccc(C(NC(=O)OC(C)(C)C)C(=O)O)cc1C(C)=O,,random_balanced,BB-0348,BB-0229,6,1,0.737808882987171
BB-2165 BB-0420,"[2165, 420]",[96],CCC(C)(CN(C(=O)OC(C)(C)C)C1(C(=O)O)CC(C(=O)O)Oc2ccccc21)N1CCOCC1,,random_balanced,BB-2165,BB-0420,2,6,0.39181952836018324
BB-2161 BB-1120,"[2161, 1120]",[0],Cc1c(NC(=O)OC(C)(C)C)cccc1N1C(=O)NCC(=Cc2cn(CC(=O)O)c3ccccc23)C1=O,,random_balanced,BB-2161,BB-1120,4,1,0.31389256014283107
BB-2179 BB-0551,"[2179, 551]",[22],CC(C)(C)OC(=O)Nc1ccc(N(C(=O)C(=O)N(CC(F)F)CC(F)(F)F)c2ncccn2)cc1,,random_balanced,BB-2179,BB-0551,6,0,0.17400296018504063
BB-1942 BB-0766,"[1942, 766]",[96],CCC(=O)CC(C(=O)O)(c1ccc(C(F)(F)F)cc1)N(C(=O)OC(C)(C)C)C(CC)c1nc(C)n[nH]1,,random_balanced,BB-1942,BB-0766,3,7,0.3953703283972563
BB-1338 BB-1727,"[1338, 1727]",[96],CC(C)(C)OC(=O)N(c1ccc2ccnn2c1)C(C)(C(=O)O)c1ccc(C(F)(F)F)s1,,random_balanced,BB-1338,BB-1727,3,7,0.4609590794860216
BB-0505 BB-0208,"[505, 208]",[96],CCOC(=O)c1cnc2ncnn2c1N(C(=O)OC(C)(C)C)C1(C(=O)O)CCCc2cc(C)c(C)cc21,,random_balanced,BB-0505,BB-0208,2,5,0.3487255140310518
BB-1350 BB-0642,"[1350, 642]",[18],CC(C)(C)OC(=O)NC(c1cc(Cl)cc(S(=O)(=O)c2ncnc3c2COCC3)c1)C(F)(F)C(=O)O,,random_balanced,BB-1350,BB-0642,4,0,0.657391267777212
BB-2085 BB-0934,"[2085, 934]",[96],COc1c(Cl)ccc2c1NC(=O)C2(C(=O)O)N(C(=O)OC(C)(C)C)C1C(=O)N(C)c2ccc(Br)cc21,,random_balanced,BB-2085,BB-0934,4,4,0.2958239224765741
BB-0125 BB-1862,"[125, 1862]",[96],CCOC(=O)c1cc2c([nH]1)CCCC2(C(=O)O)N(C(=O)OC(C)(C)C)C(C)Cc1c(F)cccc1F,,random_balanced,BB-0125,BB-1862,6,6,0.7204730401111292
BB-1652 BB-0279,"[1652, 279]",[40],CC(C)C(OC(=O)c1ccoc1CCNC(=O)OC(C)(C)C)C(F)F,,random_balanced,BB-1652,BB-0279,4,0,0.6360154266371026
BB-0600 BB-1539,"[600, 1539]",[96],CC(C)(C)OC(=O)N(CCCOc1ccc(C(C)(C)C)cc1)C1(C(=O)O)C2CC3C(C2)C31C(=O)O,,random_balanced,BB-0600,BB-1539,5,8,0.2970312617827003
BB-1645 BB-0653,"[1645, 653]",[31],CC(C)(C)OC(=O)NC(CCSCCOc1cnc2ccc(C(F)(F)F)cc2n1)C(=O)O,,random_balanced,BB-1645,BB-0653,4,0,0.4740848213765515
BB-0619 BB-1408,"[619, 1408]",[96],CC(C)(C)OC(=O)N(CCN1Cc2ncsc2C1)C(C)(C(=O)O)C1=Cc2ccccc2OC1,,random_balanced,BB-0619,BB-1408,3,6,0.7398419225166882
BB-1863 BB-1736,"[1863, 1736]",[40],CC(C)(C)OC(=O)NC(COC(=O)C(C)(NC(=O)OC(C)(C)C)c1ccc(C(F)(F)F)cc1)C1CCC(F)(F)CC1,,random_balanced,BB-1863,BB-1736,6,4,0.44971466914434804
BB-2175 BB-1330,"[2175, 1330]",[96],CCc1ccc(S(=O)(=O)N(C(=O)OC(C)(C)C)C(C)(C(=O)O)c2nc3c(s2)CCC3)o1,,random_balanced,BB-2175,BB-1330,3,7,0.5440888378342847
BB-1974 BB-0379,"[1974, 379]",[96],CC(C)(C)OC(=O)N[C@H]1C[C@@H](CC(=O)OC2(C(=O)O)CCNc3ccc(C(=O)O)cc32)C1,,random_balanced,BB-1974,BB-0379,4,7,0.6971610563215198
BB-2012 BB-0040,"[2012, 40]",[82],CCC(c1ccc(F)c(NC(=O)OC(C)(C)C)c1)N(C)Cc1ccnc2c(Br)cccc12,,random_balanced,BB-2012,BB-0040,7,2,0.7460520771712844
BB-1591 BB-1180,"[1591, 1180]",[107],CC(C)(C)OC(=O)Nc1ccc(F)c(C(C)(O)c2cc(CBr)ccc2[N+](=O)[O-])c1F,,random_balanced,BB-1591,BB-1180,5,6,0.7370828428867268
BB-1574 BB-1154,"[1574, 1154]",[107],CC(C)(C)OC(=O)Nc1ccc(C(O)c2cc3[nH]c(C(=O)O)cc3s2)cc1C(F)(F)F,,random_balanced,BB-1574,BB-1154,5,1,0.5292362691390186
BB-0024 BB-2095,"[24, 2095]",[112],Cc1ccc(C2CCCCN2c2cc(C)c(NC(=O)OC(C)(C)C)cc2C)cc1NC(=O)OC(C)(C)C,,random_balanced,BB-0024,BB-2095,3,4,0.54099011439242
BB-1819 BB-1335,"[1819, 1335]",[28],CN(C(=O)c1nc(C2CC2)n(Cc2ccccc2)c1NC(=O)OC(C)(C)C)C1COC(C)(C)C1,,random_balanced,BB-1819,BB-1335,4,1,0.5923062818189715
BB-1736 BB-0358,"[1736, 358]",[31],COc1ccc(C(C)C(=O)O)cc1OCC(NC(=O)OC(C)(C)C)C1CCC(F)(F)CC1,,random_balanced,BB-1736,BB-0358,5,1,0.6304785611653493
BB-1792 BB-1145,"[1792, 1145]",[96],CC#CC1(N(C(=O)OC(C)(C)C)C2(C(=O)O)CCCC(C3CN(C(=O)OC(C)(C)C)C3)C2)COC1,,random_balanced,BB-1792,BB-1145,3,6,0.675459022212875
BB-0556 BB-0910,"[556, 910]",[10],COc1ccc2c(Cl)nc(Sc3ccc(CCNC(=O)OC(C)(C)C)c(C)c3)cc2c1,,random_balanced,BB-0556,BB-0910,4,0,0.1890320207873717
BB-2126 BB-2037,"[2126, 2037]",[96],COc1ccc(Oc2ccc(N(C(=O)OC(C)(C)C)C(C)(C(=O)O)c3cc(NC(=O)OC(C)(C)C)c(F)cc3OC)cn2)cc1,,random_balanced,BB-2126,BB-2037,3,7,0.15117554254718135
BB-0903 BB-1258,"[903, 1258]",[47],COc1nc(-c2ccc(N)nc2N)c(F)cc1NC(=O)OC(C)(C)C,,random_balanced,BB-0903,BB-1258,4,1,0.194170361549597
BB-2172 BB-1050,"[2172, 1050]",[16],CC(C)(C)OC(=O)Nc1ccc([N+](=O)[O-])c(C(=O)OCc2c(F)ccc(F)c2F)c1,,random_balanced,BB-2172,BB-1050,5,1,0.2708996930941728
BB-0435 BB-0721,"[435, 721]",[96],CC(=O)N1CC2CCC(C(=O)O)(N(Cc3noc4cc(F)ccc34)C(=O)OC(C)(C)C)c3cccc1c32,,random_balanced,BB-0435,BB-0721,2,4,0.64435395922149
BB-2117 BB-1699,"[2117, 1699]",[96],CC(C)C[C@@H](N(C(=O)OC(C)(C)C)C(C)(C(=O)O)c1cnc(Cl)c(Br)c1)C(F)(F)F,,random_balanced,BB-2117,BB-1699,5,5,0.24284231657722616
BB-1041 BB-1989,"[1041, 1989]",[96],CCC1CCCC(CN(C(=O)OC(C)(C)C)C(C)(C(=O)O)c2cc3cccc(F)c3o2)CC1,,random_balanced,BB-1041,BB-1989,4,6,0.5696115140823094
BB-2039 BB-1597,"[2039, 1597]",[68],CN(C)CC(NC(=O)OC(C)(C)C)c1ccc(Sc2cccc(NC(=O)OC(C)(C)C)c2O)cc1,,random_balanced,BB-2039,BB-1597,3,2,0.2672788493338165
BB-2048 BB-1631,"[2048, 1631]",[74],Cc1[nH]c2ccc(S(=O)(=O)c3cccc(NC(=O)OC(C)(C)C)c3CO)cc2c1C(=O)O,,random_balanced,BB-2048,BB-1631,2,0,0.4916751206136208
BB-2102 BB-1840,"[2102, 1840]",[96],CCC(C)(C)c1cc(C(C)=O)c(O)c(C(C)(C(=O)O)N(C(=O)OC(C)(C)C)c2c(C)cccc2SC)c1,,random_balanced,BB-2102,BB-1840,2,5,0.37673316247149596
BB-0559 BB-1339,"[559, 1339]",[47],Cc1c(-c2cnc(C(F)(F)F)cc2NC(=O)OC(C)(C)C)c(=O)c(C(=O)O)cn1C1CC1,,random_balanced,BB-0559,BB-1339,3,1,0.7078724086284434
BB-2051 BB-0418,"[2051, 418]",[75],C#Cc1sc(Cl)cc1S(=O)(=O)c1cc(C(F)(F)F)cnc1CCNC(=O)OC(C)(C)C,,random_balanced,BB-2051,BB-0418,5,1,0.6611355773107258
BB-2102 BB-0760,"[2102, 760]",[96],CSc1cccc(C)c1N(C(=O)OC(C)(C)C)C(C)(C(=O)O)c1ncc(C)cc1Br,,random_balanced,BB-2102,BB-0760,3,5,0.30243529730630886
BB-0735 BB-0886,"[735, 886]",[104],CC(C)(C)OC(=O)Nc1ccc(Cn2cc(-c3cc(F)ccc3CC(=O)O)cn2)cc1,,random_balanced,BB-0735,BB-0886,3,1,0.44247225147228597
BB-0121 BB-1449,"[121, 1449]",[31],Cc1cc(C)cc(C(COC(C(=O)Cl)C2CCCC2)NC(=O)OC(C)(C)C)c1,,random_balanced,BB-0121,BB-1449,4,1,0.7120925313293122
BB-0568 BB-1243,"[568, 1243]",[28],CC(C)(C)OC(=O)NCC1(C(=O)N2Cc3[nH]c4ccc(O)cc4c3CC2C(=O)O)CC1S(C)(=O)=O,,random_balanced,BB-0568,BB-1243,6,1,0.6432590517039959
BB-2012 BB-1455,"[2012, 1455]",[39],CCC(C(=O)O)(c1ccc(F)c(NC(=O)OC(C)(C)C)c1)N1CCNC(c2ccc(C)cc2)C1=O,,random_balanced,BB-2012,BB-1455,8,0,0.6468625711071103
BB-0765 BB-0702,"[765, 702]",[40],CC(C)(C)OC(=O)NC(CC(=O)OCC1(c2ccccc2)CNC(=O)C1)Cc1ccc([N+](=O)[O-])cc1,,random_balanced,BB-0765,BB-0702,5,1,0.6181976374470481
BB-0454 BB-0792,"[454, 792]",[96],CCCN1C(=O)C(C(=O)O)(N(C(=O)OC(C)(C)C)C(C)c2ccc(C)c([N+](=O)[O-])c2)c2cc(Br)ccc21,,random_balanced,BB-0454,BB-0792,3,5,0.5099802573598673
BB-0630 BB-1140,"[630, 1140]",[96],CCn1cc(N2CCC(C(=O)O)(N(C(=O)OC(C)(C)C)[C@@H](CC(=O)OC)c3ccnc(O)c3)CC2=O)cn1,,random_balanced,BB-0630,BB-1140,5,5,0.6063371385115773
BB-1985 BB-2049,"[1985, 2049]",[96],CCCC(C(=O)O)(c1cc(NC(=O)OC(C)(C)C)ccc1F)N(C(=O)OC(C)(C)C)c1nc(-c2ccc(OC)cc2)c(CC)s1,,random_balanced,BB-1985,BB-2049,3,7,0.26790862645870495
BB-0664 BB-0949,"[664, 949]",[96],COC(=O)Cc1nnc(CN(C(=O)OC(C)(C)C)C2(C(=O)O)CCc3c(C(=O)O)cccc32)s1,,random_balanced,BB-0664,BB-0949,6,4,0.55038993822031
BB-0435 BB-1023,"[435, 1023]",[96],CC(C)(C)OC(=O)NCC(C(=O)O)(c1ccc([N+](=O)[O-])cc1)N(Cc1noc2cc(F)ccc12)C(=O)OC(C)(C)C,,random_balanced,BB-0435,BB-1023,3,5,0.4914944661934987
BB-1485 BB-0003,"[1485, 3]",[0],CCC(C)(C)c1ccc(OCCC(=Cc2cc(OC)ccc2C(=O)O)C(=O)NNC(=O)OC(C)(C)C)c(C(C)(C)CC)c1,,random_balanced,BB-1485,BB-0003,5,0,0.13704569921637977
BB-1506 BB-0150,"[1506, 150]",[96],Cn1cc(C(C)(C(=O)O)N(C(=O)OC(C)(C)C)c2c(C(N)=O)sc3nc(C(F)(F)F)cc(-c4ccco4)c23)c(C2CCC2)n1,,random_balanced,BB-1506,BB-0150,4,4,0.2368157271644155
BB-0490 BB-1602,"[490, 1602]",[96],CCc1c(C(C)(C(=O)O)N(Cc2ccccc2S(=O)(=O)NC)C(=O)OC(C)(C)C)oc2ccc(C)cc12,,random_balanced,BB-0490,BB-1602,3,5,0.576027790600857
BB-1574 BB-1352,"[1574, 1352]",[55],Cc1noc(CC2(O)CCCN(c3ccc(NC(=O)OC(C)(C)C)c(C(F)(F)F)c3)C2)n1,,random_balanced,BB-1574,BB-1352,6,2,0.7344346783622769
BB-2067 BB-0017,"[2067, 17]",[47],Cc1cc(-c2c(C)noc2CO)c(C)c([N+](=O)[O-])c1NC(=O)OC(C)(C)C,,random_balanced,BB-2067,BB-0017,5,1,0.7779398473187258
BB-2083 BB-0210,"[2083, 210]",[68],CC(C)(C)OC(=O)Nc1ccc(SC23CC(C4CNC4)(C2)C3)c2c1CCO2,,random_balanced,BB-2083,BB-0210,6,1,0.5363170785165362
BB-0730 BB-0069,"[730, 69]",[98],CC(OC(=O)[C@H](C)NC(=O)c1ccco1)C(NC(=O)OC(C)(C)C)c1ccccc1F,,random_balanced,BB-0730,BB-0069,4,0,0.6808870387730418
BB-0445 BB-1362,"[445, 1362]",[96],CC(C)(C)OC(=O)N(CC12COCC(C(F)F)(C1)C2)C(C)(C(=O)O)c1c(Cl)cccc1Cl,,random_balanced,BB-0445,BB-1362,8,3,0.25632513302465587
BB-0926 BB-2086,"[926, 2086]",[96],Cc1ccc(C(CNC(=O)OC(C)(C)C)(C(=O)O)N(C(=O)OC(C)(C)C)c2nccc3c2CN(C(=O)OC(C)(C)C)CC3)c(C)c1,,random_balanced,BB-0926,BB-2086,5,9,0.2708402411210838
BB-2078 BB-1653,"[2078, 1653]",[17],COCc1ccc(NC(=O)OC(C)(C)C)cc1S(=O)(=O)CC(=O)N1CCN(C)C1=O,,random_balanced,BB-2078,BB-1653,4,2,0.6199066301466736
BB-2143 BB-2031,"[2143, 2031]",[96],COC(=O)c1sc2ncncc2c1N(C(=O)OC(C)(C)C)C(CNC(=O)OC(C)(C)C)(C(=O)O)c1cccnc1Cl,,random_balanced,BB-2143,BB-2031,3,6,0.33013769662603054
BB-1757 BB-0842,"[1757, 842]",[46],CC(C)[C@@H]1CN(Cc2ccccc2)C[C@@]1(C(=O)O)C(=O)CC(CNC(=O)OC(C)(C)C)B1OC(C)(C)C(C)(C)O1,,random_balanced,BB-1757,BB-0842,6,0,0.49849328576546886
BB-0344 BB-0659,"[344, 659]",[28],Cc1noc(C2CN(C(=O)C[C@H](NC(=O)OC(C)(C)C)c3cc([N+](=O)[O-])ccc3F)CC23COC3)n1,,random_balanced,BB-0344,BB-0659,5,1,0.640087146644467
BB-1233 BB-0603,"[1233, 603]",[79],Cc1cc(N(C(=O)C(=O)N(Cc2ccccc2)C(C)CO)S(=O)(=O)c2ccc(NC(=O)OC(C)(C)C)cc2)n(-c2ccccc2)n1,,random_balanced,BB-1233,BB-0603,6,3,0.25679248982554537
BB-1567 BB-0530,"[1567, 530]",[28],Cc1cn2c(n1)CCC(CN(C)C(=O)c1cc(NC(=O)OC(C)(C)C)n(C(C)C)n1)C2,,random_balanced,BB-1567,BB-0530,6,2,0.7646665898692414
BB-2127 BB-1054,"[2127, 1054]",[68],Cc1cnc(C2CC2)nc1Sc1cc(C(F)(F)F)nc(NC(=O)OC(C)(C)C)n1,,random_balanced,BB-2127,BB-1054,6,1,0.483726157259699
BB-2044 BB-1390,"[2044, 1390]",[47],C=CCCOCc1c(Br)cncc1-c1cnc2n1CC(NC(=O)OC(C)(C)C)CC2,,random_balanced,BB-2044,BB-1390,6,3,0.6919466141729524
BB-1290 BB-1360,"[1290, 1360]",[27],CC(=Cc1nc(-c2cccc3c2CC[C@H]3NC(=O)OC(C)(C)C)no1)C1CCCCC1,,random_balanced,BB-1290,BB-1360,4,1,0.10899152709597079
BB-1333 BB-0959,"[1333, 959]",[3],Cc1[nH]c(C(=O)N(c2ccc(C(N)=O)cc2NC(=O)OC(C)(C)C)C2CC2)c(C)c1C=O,,random_balanced,BB-1333,BB-0959,4,1,0.6289745632492614
BB-1052 BB-1254,"[1052, 1254]",[96],CC(C)(C)OC(=O)N(C/C=C/C(F)F)C(CCOc1ccccc1)(C(=O)O)C1CC1,,random_balanced,BB-1052,BB-1254,3,7,0.6043383659532378
BB-1608 BB-1362,"[1608, 1362]",[96],CC(C)(C)OC(=O)N(c1ccc(-c2ccco2)cc1F)C(C)(C(=O)O)c1c(Cl)cccc1Cl,,random_balanced,BB-1608,BB-1362,5,4,0.5882737340312708
BB-1429 BB-0174,"[1429, 174]",[73],CC(C)(C)OC(=O)NCC12CC[C@@H](OC(=O)/C=C/c3cc(Cl)c4c(c3)OCCCO4)[C@@H](C1)OC2,,random_balanced,BB-1429,BB-0174,3,1,0.1618708424480659
BB-2157 BB-0342,"[2157, 342]",[96],Cc1ccc(Cl)c2c1NC(=O)C2(C(=O)O)N(C(=O)OC(C)(C)C)S(=O)(=O)CCc1ccccn1,,random_balanced,BB-2157,BB-0342,3,3,0.6066622090772448
BB-1332 BB-1884,"[1332, 1884]",[68],CCOC(=O)CC(=O)C(F)(F)Sc1cc(CNC(=O)OC(C)(C)C)cc(OC(F)(F)F)c1,,random_balanced,BB-1332,BB-1884,5,6,0.33642320736575104
BB-0787 BB-1543,"[787, 1543]",[68],CC(C)(C)OC(=O)NCc1cccc(Br)c1Sc1ccc2sc(CC#N)nc2c1,,random_balanced,BB-0787,BB-1543,4,0,0.46816125546865833
BB-2022 BB-1828,"[2022, 1828]",[82],CC(C)(C)OC(=O)NCC(c1ccc(F)cc1Br)N1CC(C)(N2CCN(C(=O)OC(C)(C)C)CC2)C1,,random_balanced,BB-2022,BB-1828,6,0,0.33577526491080323
BB-0936 BB-0584,"[936, 584]",[98],CC(C)(C)OC(=O)NC1CCCN(CCCOC(=O)COC2(C)CNC2)C1,,random_balanced,BB-0936,BB-0584,2,1,0.4047310702104139
BB-1240 BB-1718,"[1240, 1718]",[96],CC(C)(C)OC(=O)N(Cc1c(F)ccc2[nH]cnc12)C(C(=O)O)(c1ccc(Cl)cc1)C(F)Br,,random_balanced,BB-1240,BB-1718,3,6,0.30858802709935645
BB-0734 BB-1756,"[734, 1756]",[61],CC(C)(C)OC(=O)NC1CCOc2ncc(C(=O)N3CCC(C(=O)N4CCCCCC4)CC3)cc21,,random_balanced,BB-0734,BB-1756,4,0,0.1311357886651128
BB-2151 BB-1766,"[2151, 1766]",[17],CC(C)(C)OC(=O)Nc1c(C(N)=O)nnc(S(=O)(=O)c2cc([N+](=O)[O-])ccc2S(=O)(=O)NC(Cc2ccccc2)C(=O)O)c1Cl,,random_balanced,BB-2151,BB-1766,4,0,0.21413502247752805
BB-1506 BB-0006,"[1506, 6]",[96],CSc1ccc([N+](=O)[O-])cc1C(C)(C(=O)O)N(C(=O)OC(C)(C)C)c1c(C(N)=O)sc2nc(C(F)(F)F)cc(-c3ccco3)c12,,random_balanced,BB-1506,BB-0006,5,7,0.2888633346696167
BB-1940 BB-0277,"[1940, 277]",[46],C=CCOc1ccc(C[C@H](NC(=O)OC(C)(C)C)C(=O)C2(C(=O)O)CC3CC2(c2ccncc2)C3)cc1,,random_balanced,BB-1940,BB-0277,3,0,0.6321376321928174
BB-0820 BB-2023,"[820, 2023]",[96],CC(C)(C)OC(=O)NCC1CC(C(=O)O)(N(Cc2ccc(C3CCOCC3)cc2)C(=O)OC(C)(C)C)c2ccccc2O1,,random_balanced,BB-0820,BB-2023,3,6,0.5593005871638487
BB-0157 BB-0492,"[157, 492]",[96],COc1cc(Br)cc(C(C)(C(=O)O)N(C(=O)OC(C)(C)C)c2cc(-c3ccc(-c4ccccc4)cc3)[nH]n2)c1O,,random_balanced,BB-0157,BB-0492,5,5,0.4559414240277694
BB-1865 BB-2047,"[1865, 2047]",[96],CSc1cccc(C(c2ccc(F)cc2F)N(C(=O)OC(C)(C)C)C(CNC(=O)OC(C)(C)C)(C(=O)O)c2cn(C)nc2C(F)F)c1,,random_balanced,BB-1865,BB-2047,2,9,0.29910433747679793
BB-0482 BB-2048,"[482, 2048]",[17],COC(=O)c1ccc(CCNC(=O)OC(C)(C)C)c(S(=O)(=O)c2cccc(NC(=O)OC(C)(C)C)c2CO)c1,,random_balanced,BB-0482,BB-2048,5,3,0.13710977070700484
BB-0777 BB-1602,"[777, 1602]",[96],CCc1c(C(C)(C(=O)O)N(C(=O)OC(C)(C)C)c2nc(-c3sccc3F)cs2)oc2ccc(C)cc12,,random_balanced,BB-0777,BB-1602,6,6,0.46792767740813024
BB-1052 BB-2036,"[1052, 2036]",[96],CC1(C)Cc2oc(NC(=O)OC(C)(C)C)nc2C(C(=O)O)(N(C/C=C/C(F)F)C(=O)OC(C)(C)C)C1,,random_balanced,BB-1052,BB-2036,4,8,0.6916719429831206
BB-0531 BB-0234,"[531, 234]",[96],CC(C)(C)OC(=O)N(CC(=O)NCCc1ccccc1)C1(C(=O)O)CCC(CC(=O)O)c2ccccc21,,random_balanced,BB-0531,BB-0234,4,3,0.6278793210971559
BB-0902 BB-0972,"[902, 972]",[96],Cc1cccc(N2CCN(CCCN(C(=O)OC(C)(C)C)C(C(=O)O)(C(=O)O)c3cnn(C(C)(C)C)c3)CC2)c1,,random_balanced,BB-0902,BB-0972,4,3,0.3530025615708949
BB-2111 BB-0286,"[2111, 286]",[96],COC(=O)C1CCN(C(=O)CC(C)(C(=O)O)N(CCc2nc(-c3ccc(OC)cc3)cs2)C(=O)OC(C)(C)C)CC1,,random_balanced,BB-2111,BB-0286,3,6,0.4183638491075317
BB-1726 BB-0736,"[1726, 736]",[74],COc1ccc(CCNC(=O)OC(C)(C)C)c(S(=O)(=O)c2ccc(CN3CCC(=NO)CC3)cc2)c1,,random_balanced,BB-1726,BB-0736,5,0,0.30478049744919417
BB-1429 BB-0099,"[1429, 99]",[10],CC(C)(C)OC(=O)NCC12CC[C@@H](Sc3sccc3CBr)[C@@H](C1)OC2,,random_balanced,BB-1429,BB-0099,4,2,0.39722938747082365
BB-0814 BB-1614,"[814, 1614]",[31],COc1ccc(Oc2cc(C)c(C#N)c([N+](=O)[O-])c2)c(C(C)NC(=O)OC(C)(C)C)c1,,random_balanced,BB-0814,BB-1614,4,2,0.6911112556798882
BB-2050 BB-0693,"[2050, 693]",[68],Cc1ccc(CCNC(=O)OC(C)(C)C)c(Sc2cccc(C3(C#N)CCC3)n2)c1,,random_balanced,BB-2050,BB-0693,8,4,0.7460440453059545
BB-1757 BB-1108,"[1757, 1108]",[46],CC(C)(C)OC(=O)NCC(CC(=O)C(C=O)C1(NC(=O)OC(C)(C)C)CCCC1)B1OC(C)(C)C(C)(C)O1,,random_balanced,BB-1757,BB-1108,7,1,0.3097127696601622
BB-0348 BB-1878,"[348, 1878]",[31],CC(=O)c1cc(C(NC(=O)OC(C)(C)C)C(=O)O)ccc1Oc1ccc([C@H]2CCN(C(=O)OCC3c4ccccc4-c4ccccc43)[C@@H]2C(=O)O)cc1,,random_balanced,BB-0348,BB-1878,7,1,0.10937104018966962
BB-2125 BB-1948,"[2125, 1948]",[107],CCC(O)(c1ccc(Cl)c(NC(=O)OC(C)(C)C)c1)c1ccc(C(CO)NC(=O)OC(C)(C)C)cc1C,,random_balanced,BB-2125,BB-1948,5,4,0.4497654649454557
BB-1494 BB-0380,"[1494, 380]",[31],Cc1cc(F)cc(OCC(CNC(=O)OC(C)(C)C)Cc2ccc(F)c(Br)c2)c1,,random_balanced,BB-1494,BB-0380,4,2,0.6531309080278166
BB-0776 BB-0964,"[776, 964]",[106],CC(C)(C)OC(=O)Nc1ccc(C(=O)C2(C(=O)O)CCOCC2)cc1C(=O)c1ccc(F)cc1,,random_balanced,BB-0776,BB-0964,8,2,0.6916117104708162
BB-0802 BB-1140,"[802, 1140]",[96],CCn1cc(N2CCC(C(=O)O)(N(C(=O)OC(C)(C)C)C(C)C(OC)C3CC3)CC2=O)cn1,,random_balanced,BB-0802,BB-1140,4,6,0.6833334001087398
BB-2017 BB-0910,"[2017, 910]",[75],COc1ccc2c(S(=O)(=O)c3cc(C)c(NC(=O)OC(C)(C)C)cc3C)nc(Cl)cc2c1,,random_balanced,BB-2017,BB-0910,4,1,0.4986986175635974
BB-0925 BB-0602,"[925, 602]",[96],CC(C)c1cccc2c1OCCCC2(C(=O)O)N(C(=O)OC(C)(C)C)c1cncc(-c2cnn(C3CCCCO3)c2)c1,,random_balanced,BB-0925,BB-0602,5,5,0.48305082063313237
BB-0484 BB-1943,"[484, 1943]",[49],CCOC(=O)c1c(C)oc(NC(=O)OC(C)(C)C)c1C(=O)c1cccc(C(=O)CC)c1,,random_balanced,BB-0484,BB-1943,4,6,0.5818909075045507
BB-0095 BB-1648,"[95, 1648]",[106],CCOC(=O)C1(C(=O)c2ccc(NC(=O)OC(C)(C)C)c(NC)c2)CC(OCc2ccccc2)C1,,random_balanced,BB-0095,BB-1648,4,0,0.5364920480707033
BB-1618 BB-0120,"[1618, 120]",[96],CCOC(=O)c1[nH]c2c(c1C)C(C(=O)O)(n1cnc3c(NC(=O)OC(C)(C)C)csc3c1=O)CC(C)(C)C2,,random_balanced,BB-1618,BB-0120,5,5,0.733990504627634
BB-1867 BB-0134,"[1867, 134]",[96],Cc1nc(N(C(=O)OC(C)(C)C)C2(C(=O)O)CSCCc3ccccc32)oc1-c1ccncc1,,random_balanced,BB-1867,BB-0134,5,5,0.555992353800708
BB-1148 BB-1221,"[1148, 1221]",[96],CCCC(C(=O)N(CC)C1CCCC1)N(C(=O)OC(C)(C)C)C(CCC(=O)O)(C(=O)O)c1ccc(OC)cc1Cl,,random_balanced,BB-1148,BB-1221,6,4,0.42341494113191674
BB-1587 BB-1627,"[1587, 1627]",[47],CCOC(=O)c1nc2n(c1-c1cccc3c1OC(C)(C)CC3NC(=O)OC(C)(C)C)CCCC2,,random_balanced,BB-1587,BB-1627,5,2,0.7824609462898372
BB-1618 BB-0199,"[1618, 199]",[96],Cn1ncc2c(N3CCC(C(=O)O)(n4cnc5c(NC(=O)OC(C)(C)C)csc5c4=O)CC3)ncnc21,,random_balanced,BB-1618,BB-0199,6,5,0.43877419162052017
BB-0479 BB-1543,"[479, 1543]",[84],CCCc1ccc(-c2nc(Cc3nc4cc(Cl)ccc4s3)no2)cc1NC(=O)OC(C)(C)C,,random_balanced,BB-0479,BB-1543,3,1,0.3448781781276923
BB-2082 BB-0135,"[2082, 135]",[50],CCCC1CC(C(O)c2c(C)noc2NC(=O)OC(C)(C)C)C1,,random_balanced,BB-2082,BB-0135,4,0,0.5913713500915044
BB-1290 BB-0766,"[1290, 766]",[96],CCC(=O)CC(C(=O)O)(c1ccc(C(F)(F)F)cc1)N(C(=O)OC(C)(C)C)[C@@H]1CCc2c(C#N)cccc21,,random_balanced,BB-1290,BB-0766,5,8,0.3427524501410424
BB-1208 BB-1710,"[1208, 1710]",[96],Cc1ncc(N(C(=O)OC(C)(C)C)C(CCl)(C(=O)O)C(C#N)=C2C=CN(C)C=C2)n1CC(F)(F)F,,random_balanced,BB-1208,BB-1710,3,6,0.5264108724346221
BB-1262 BB-2050,"[1262, 2050]",[10],Cc1ccc(CCNC(=O)OC(C)(C)C)c(Sc2ccnc(NNC(=O)OC(C)(C)C)c2C)c1,,random_balanced,BB-1262,BB-2050,2,9,0.21274590109422062
BB-1719 BB-1937,"[1719, 1937]",[96],CCOC(=O)c1cc(C(C)(C(=O)O)N(CC2CC3CCC2N(C)C3)C(=O)OC(C)(C)C)n[nH]1,,random_balanced,BB-1719,BB-1937,6,5,0.6938910272938996
BB-1994 BB-0605,"[1994, 605]",[68],CC(C)(C)OC(=O)NC(CO)Cc1ccccc1Sc1cc(F)ncc1I,,random_balanced,BB-1994,BB-0605,8,1,0.3228811766634529
BB-0576 BB-0883,"[576, 883]",[96],CNC(=O)C(CC1CCCCC1)N(C(=O)OC(C)(C)C)C(CCCl)(C(=O)O)c1ccccc1F,,random_balanced,BB-0576,BB-0883,4,6,0.38235364077528444
BB-1594 BB-1731,"[1594, 1731]",[17],COC(=O)c1cc(S(=O)(=O)c2cc(C)cc(C)c2NC(=O)OC(C)(C)C)c(OC)cc1C,,random_balanced,BB-1594,BB-1731,3,1,0.6648889129046931
BB-2183 BB-1706,"[2183, 1706]",[97],CC(C)(C)OC(=O)Nc1nc(O)nc(COC(=O)C2(c3cccc(Br)c3)CC(=O)C2)n1,,random_balanced,BB-2183,BB-1706,3,6,0.21016425653726112
BB-2187 BB-1217,"[2187, 1217]",[96],Cc1cc(O)cc2c1C(C(=O)O)(N(C(=O)OC(C)(C)C)c1ccc(C(=O)N3CCC(C)CC3)cc1)CO2,,random_balanced,BB-2187,BB-1217,4,6,0.7430075470929367
BB-2149 BB-0645,"[2149, 645]",[96],COc1c(F)ccc(N(C(=O)OC(C)(C)C)C(C(=O)O)(/C(=N/N=C/c2ccc3c(c2)OCO3)c2ccccc2)c2ccccc2)c1F,,random_balanced,BB-2149,BB-0645,5,4,0.29589540185728086
BB-0297 BB-1345,"[297, 1345]",[96],CCOC(=O)C(C(=O)O)(c1sc(C)cc1Br)N(C(=O)OC(C)(C)C)[C@H]1CCc2c(Cl)cccc21,,random_balanced,BB-0297,BB-1345,3,5,0.3028146042683428
BB-2100 BB-0972,"[2100, 972]",[96],CC(C)c1ccccc1CN(C(=O)OC(C)(C)C)C(C(=O)O)(C(=O)O)c1cnn(C(C)(C)C)c1,,random_balanced,BB-2100,BB-0972,4,4,0.49583334534185974
BB-1769 BB-0698,"[1769, 698]",[62],CCOC(=O)C1(F)CN(c2ccc([C@@H]3OCC[C@H]3NC(=O)OC(C)(C)C)cc2F)CC12CCC2,,random_balanced,BB-1769,BB-0698,5,3,0.5725090174774681
BB-2026 BB-1216,"[2026, 1216]",[73],CC1(C)CC(=O)C(OC(=O)[C@H](CCC(F)F)NC(=O)OCC2c3ccccc3-c3ccccc32)=C(NC(=O)OC(C)(C)C)C1,,random_balanced,BB-2026,BB-1216,9,0,0.2114683673576733
BB-1426 BB-1289,"[1426, 1289]",[107],COC(=O)c1c(C(O)c2ccc(CNNC(=O)OC(C)(C)C)c(Cl)c2)ccc(OC)c1O,,random_balanced,BB-1426,BB-1289,4,1,0.564080547518183
BB-2022 BB-0934,"[2022, 934]",[107],COc1c(Cl)ccc2c1NC(=O)C2(O)c1cc(F)ccc1C(=O)CNC(=O)OC(C)(C)C,,random_balanced,BB-2022,BB-0934,7,5,0.7321731673738014
BB-0882 BB-1633,"[882, 1633]",[49],CCCc1ccc(NC(=O)OC(C)(C)C)c(C(=O)c2cnn(Cc3cccc(C(=O)O)c3)c2)c1,,random_balanced,BB-0882,BB-1633,5,0,0.5196851299874453
BB-0979 BB-1694,"[979, 1694]",[96],CCC(Cc1cccc(Br)c1)CN(C(=O)OC(C)(C)C)C(C)(C(=O)O)c1nnn(-c2cccc3ncccc23)c1C,,random_balanced,BB-0979,BB-1694,6,8,0.5748130926584333
BB-1616 BB-1466,"[1616, 1466]",[96],CC(C)(C)OC(=O)N(c1ccc2c(c1)N(Cc1ccc(F)cc1)CC2)C1(C(=O)O)CCC(O)(c2cccc(Cl)c2)CC1,,random_balanced,BB-1616,BB-1466,6,6,0.6361297986401219
BB-1028 BB-0324,"[1028, 324]",[15],COC(=O)c1cnc2sc3c(=O)n(C(=O)c4cnn(-c5ccc(OC)cc5)c4NC(=O)OC(C)(C)C)c(=O)[nH]c3c2c1,,random_balanced,BB-1028,BB-0324,5,5,0.1515545394575561
BB-0484 BB-1789,"[484, 1789]",[96],CCCCC(C)(C(=O)O)N(C(=O)OC(C)(C)C)c1oc(C)c(C(=O)OCC)c1C#N,,random_balanced,BB-0484,BB-1789,5,6,0.6214678804668486
BB-1618 BB-1912,"[1618, 1912]",[96],CC(=O)Nc1cc2c(cc1Br)C(C(=O)O)(N(C(=O)OC(C)(C)C)c1csc3c(=O)[nH]cnc13)CC2,,random_balanced,BB-1618,BB-1912,7,7,0.6545826224583663
BB-0470 BB-0110,"[470, 110]",[107],Cc1nc(N2CC[C@@H](NC(=O)OC(C)(C)C)C2)c(C(O)(c2cccc(Br)c2)C(F)F)cc1C#N,,random_balanced,BB-0470,BB-0110,4,6,0.8252331053509413
BB-1933 BB-1486,"[1933, 1486]",[10],COc1ccc(Sc2ccc(C3N=N3)cc2)c(CNC(=O)OC(C)(C)C)c1,,random_balanced,BB-1933,BB-1486,4,0,0.4090844205291815
BB-1888 BB-1253,"[1888, 1253]",[96],CC1OCCC1N(C(=O)OC(C)(C)C)C(C(=O)O)(c1ccc(Cl)cc1NC(=O)OC(C)(C)C)C1CCCOC1,,random_balanced,BB-1888,BB-1253,5,6,0.17620153136739555
BB-1770 BB-1936,"[1770, 1936]",[49],COc1cc(O)c(C(C)=O)cc1C(=O)C(NC(=O)OC(C)(C)C)C(C)C,,random_balanced,BB-1770,BB-1936,5,3,0.6209228076796421
BB-1183 BB-1408,"[1183, 1408]",[96],COc1cccc(S(C)(=O)=O)c1N(NC(=O)OC(C)(C)C)C(C)(C(=O)O)C1=Cc2ccccc2OC1,,random_balanced,BB-1183,BB-1408,6,7,0.32651772820722225
BB-0034 BB-1112,"[34, 1112]",[96],CCCCCN1C(=O)C(C(=O)O)(N(CCNc2ncc(C)cn2)C(=O)OC(C)(C)C)c2ccccc21,,random_balanced,BB-0034,BB-1112,4,6,0.49954937980521974
BB-0020 BB-1554,"[20, 1554]",[104],CCOC(=O)c1nc2c(CCC(=O)OC)cccn2c1NC(=O)OC(C)(C)C,,random_balanced,BB-0020,BB-1554,5,1,0.6612999554412238
BB-2112 BB-1143,"[2112, 1143]",[3],Cc1cccc(C2CC2C(=O)N(C)c2ncccc2S(=O)(=O)NC(=O)OC(C)(C)C)n1,,random_balanced,BB-2112,BB-1143,3,0,0.5438148048283986
BB-0471 BB-1779,"[471, 1779]",[96],CC(=O)Nc1ccc(C(C(=O)O)(C(C)Cl)N(CC(C)(C)c2ccc(OCC(C)C)cc2)C(=O)OC(C)(C)C)cc1,,random_balanced,BB-0471,BB-1779,3,6,0.3890463271475791
BB-0903 BB-0449,"[903, 449]",[68],COc1nc(Sc2ccc(O)c([N+](=O)[O-])c2)c(F)cc1NC(=O)OC(C)(C)C,,random_balanced,BB-0903,BB-0449,5,1,0.41747717632319786
BB-1367 BB-2052,"[1367, 2052]",[96],COc1ccc(-c2cc(N(C(=O)OC(C)(C)C)C3(C(=O)O)CCC(NC(=O)OC(C)(C)C)c4ccc(OC(F)F)cc43)[nH]n2)cc1C,,random_balanced,BB-1367,BB-2052,1,8,0.31351106479086044
BB-1041 BB-0501,"[1041, 501]",[96],CCC1CCCC(CN(C(=O)OC(C)(C)C)C2(C(=O)O)CCCc3c2[nH]c2ccc(OC)cc32)CC1,,random_balanced,BB-1041,BB-0501,5,4,0.6174920680003381
BB-2144 BB-0214,"[2144, 214]",[96],CC(C)Cn1c2c(c(=O)n(C)c1=O)C(C(=O)O)(N(Cc1ccc3c(c1)CCO3)C(=O)OC(C)(C)C)CN2,,random_balanced,BB-2144,BB-0214,6,9,0.6594434996196351
BB-0926 BB-1983,"[926, 1983]",[96],CC(C)(C)OC(=O)N1CCc2ccnc(N(C(=O)OC(C)(C)C)C(C)(C(=O)O)c3ccc(OCC(F)(F)F)cc3)c2C1,,random_balanced,BB-0926,BB-1983,6,8,0.43719455834821536
BB-1822 BB-1389,"[1822, 1389]",[18],CCCc1cc(S(=O)(=O)c2ccc3oc(CNC(=O)OC(C)(C)C)c(C)c3c2)nc(Cl)n1,,random_balanced,BB-1822,BB-1389,6,0,0.2527152340566024
BB-1825 BB-0566,"[1825, 566]",[96],CC(C)c1nn(C(C)(C(=O)O)c2nc3ccc(Cl)cc3n2C)c(C(N)=O)c1NC(=O)OC(C)(C)C,,random_balanced,BB-1825,BB-0566,4,5,0.6210701043819531
BB-1655 BB-1451,"[1655, 1451]",[10],CSc1ncnn2c(Sc3cc(C(COc4ccccc4)NC(=O)OC(C)(C)C)ccc3F)cnc12,,random_balanced,BB-1655,BB-1451,3,0,0.6047337069685836
BB-2158 BB-1393,"[2158, 1393]",[49],Cc1nc2cc(C(=O)c3ccc4c(c3)CCCC4NC(=O)OC(C)(C)C)ccc2c(C)c1C(=O)O,,random_balanced,BB-2158,BB-1393,6,2,0.3004582489266796
BB-1703 BB-2043,"[1703, 2043]",[96],COc1cc(C2(CN(C(=O)OC(C)(C)C)C3(C(=O)O)CCC(NC(=O)OC(C)(C)C)c4cc(Br)ccc43)CCC2)ccn1,,random_balanced,BB-1703,BB-2043,5,8,0.46563867382521884
BB-0853 BB-1794,"[853, 1794]",[96],COC(=CC(C(=O)O)(N(C(=O)OC(C)(C)C)C1c2cc(OC)ccc2CCC1OC)C(F)(F)F)OC,,random_balanced,BB-0853,BB-1794,2,7,0.3822891076884098
BB-2153 BB-0244,"[2153, 244]",[96],CC(C)(C)OC(=O)NC1(COC(C)(C(=O)O)/C(=C/c2ccc(Cl)c(Cl)c2)C(N)=O)COCC12CCC2,,random_balanced,BB-2153,BB-0244,3,6,0.798821825366644
BB-2051 BB-0812,"[2051, 812]",[10],Cc1ccc(C)c(-c2cc(C)c(NC(=O)OC(C)(C)C)cc2Sc2cc(C(F)(F)F)cnc2CCNC(=O)OC(C)(C)C)c1,,random_balanced,BB-2051,BB-0812,6,5,0.255011460109826
BB-1496 BB-1026,"[1496, 1026]",[17],CCOC(=O)c1c(NC(=O)OC(C)(C)C)c(S(=O)(=O)c2cc(C(C)C)nc3ncnn23)cn1C,,random_balanced,BB-1496,BB-1026,3,2,0.7092628152409678
BB-0920 BB-1674,"[920, 1674]",[31],CC(C)(C)OC(=O)N[C@@](C)(COc1ccc2c(c1)OC(C(=O)O)CC2)c1ccccc1,,random_balanced,BB-0920,BB-1674,5,2,0.7502132201756491
BB-0308 BB-1669,"[308, 1669]",[96],CCCc1ccc(C(CCC(=O)O)(C(=O)O)N(Cc2ccc3oc(C(C)C)nc3c2)C(=O)OC(C)(C)C)cc1,,random_balanced,BB-0308,BB-1669,5,7,0.5870011700876788
BB-2175 BB-0292,"[2175, 292]",[96],CCc1ccc(S(=O)(=O)N(C(=O)OC(C)(C)C)C(CCCC(=O)O)(C(=O)O)c2c(C)cc(C)cc2C)o1,,random_balanced,BB-2175,BB-0292,4,4,0.34340689556156506
BB-0319 BB-0480,"[319, 480]",[96],CC(C)(C)OC(=O)N(CCc1nnc2ccccn12)C(C)(CCc1ccccc1[N+](=O)[O-])C(=O)O,,random_balanced,BB-0319,BB-0480,2,5,0.6383226042581793
BB-0389 BB-1663,"[389, 1663]",[96],CC(C)(C)OC(=O)N(CC(F)(F)C1CC1)C1(C(=O)O)CCCc2oc(=O)c(C(=O)O)cc21,,random_balanced,BB-0389,BB-1663,5,5,0.3099787332533963
BB-2143 BB-1471,"[2143, 1471]",[28],CC(C)(C)OC(=O)Nc1c(C(=O)N2CC3CCC2CC3)sc2ncncc12,,random_balanced,BB-2143,BB-1471,4,1,0.6332320540016851
BB-2166 BB-1019,"[2166, 1019]",[96],Cc1[nH]c(-c2ccco2)nc(=O)c1C(C)(OC(CNC(=O)OC(C)(C)C)c1ccc(S(C)(=O)=O)cc1)C(=O)O,,random_balanced,BB-2166,BB-1019,5,6,0.6624859964664662
BB-1265 BB-0231,"[1265, 231]",[98],Cc1nc(C(CNC(=O)OC(C)(C)C)OC(=O)C=Cc2cc(O)c(O)c(O)c2)cs1,,random_balanced,BB-1265,BB-0231,3,0,0.48332606609753587
BB-2023 BB-0059,"[2023, 59]",[39],Cc1nn(C2(C(=O)O)CC(CNC(=O)OC(C)(C)C)Oc3ccccc32)c(C)c1NC(=O)C(C)CNC(=O)OC(C)(C)C,,random_balanced,BB-2023,BB-0059,7,4,0.07881176289706902
BB-1865 BB-1570,"[1865, 1570]",[96],CSc1cccc(C(c2ccc(F)cc2F)N(C(=O)OC(C)(C)C)C2(C(=O)O)CC(c3cccc(Br)c3)C2)c1,,random_balanced,BB-1865,BB-1570,3,8,0.38438623710170305
BB-2016 BB-1072,"[2016, 1072]",[107],Cn1c(NC(=O)OC(C)(C)C)nc2c(C(O)c3nn(C4CCCC4)cc3I)cccc21,,random_balanced,BB-2016,BB-1072,3,3,0.3842929249620038
BB-0759 BB-0376,"[759, 376]",[96],Cc1nn(C)c(N2CCC2)c1N(C(=O)OC(C)(C)C)C1(C(=O)O)CCCc2cc(NC(=O)OC(C)(C)C)ccc21,,random_balanced,BB-0759,BB-0376,5,9,0.5007811508273087
BB-2048 BB-0574,"[2048, 574]",[31],CC(C)(C)OC(=O)Nc1cccc(Cl)c1COc1cccc2c1S(=O)(=O)CCC2,,random_balanced,BB-2048,BB-0574,4,0,0.5112512562398738
BB-0617 BB-1628,"[617, 1628]",[96],Cn1cc(C(CBr)(C(=O)O)N(Cc2ccc(-c3cccc(F)c3)o2)C(=O)OC(C)(C)C)c2ccccc21,,random_balanced,BB-0617,BB-1628,4,8,0.5367196391405619
BB-1148 BB-0444,"[1148, 444]",[96],CCCCCC(CC)(C(=O)O)N(C(=O)OC(C)(C)C)C(CCC)C(=O)N(CC)C1CCCC1,,random_balanced,BB-1148,BB-0444,7,8,0.20984578988443064
BB-1183 BB-0592,"[1183, 592]",[96],CCCCc1cc(=O)oc2c(C)c(O)c(C(C=CN(C)C)(C(=O)O)N(Nc3c(OC)cccc3S(C)(=O)=O)C(=O)OC(C)(C)C)cc12,,random_balanced,BB-1183,BB-0592,7,5,0.36720523873523303
BB-2120 BB-2057,"[2120, 2057]",[96],C[C@@H]1CN(c2ccc(N(C(=O)OC(C)(C)C)C3(C(=O)O)CC(C)(C)Oc4c(NC(=O)OC(C)(C)C)cccc43)cc2)C[C@H](C)O1,,random_balanced,BB-2120,BB-2057,6,8,0.42431092467404574
BB-1023 BB-1510,"[1023, 1510]",[39],CC(C)(C)OC(=O)NCC(OC(=O)[C@@H]1CCCN1C1=NS(=O)(=O)c2ccccc21)(C(=O)O)c1ccc([N+](=O)[O-])cc1,,random_balanced,BB-1023,BB-1510,6,1,0.4784639220609635
BB-1419 BB-0550,"[1419, 550]",[68],CCOC(=O)c1nc(Sc2cc(C(=O)OC)nc(C)c2NC(=O)OC(C)(C)C)c2n1CCCC2,,random_balanced,BB-1419,BB-0550,5,1,0.5890882096773622
BB-0294 BB-0340,"[294, 340]",[96],CC(C)(C)OC(=O)N(c1nncc(-c2cccc(F)c2)n1)C(CBr)(C(=O)O)c1ccc(C#N)c([N+](=O)[O-])c1,,random_balanced,BB-0294,BB-0340,3,8,0.35010270650870445
BB-0759 BB-0883,"[759, 883]",[96],Cc1nn(C)c(N2CCC2)c1N(C(=O)OC(C)(C)C)C(CCCl)(C(=O)O)c1ccccc1F,,random_balanced,BB-0759,BB-0883,6,7,0.1993464068262419
BB-2161 BB-1603,"[2161, 1603]",[96],CCOc1ccc(NC(=O)C(=NNc2ccc(S(=O)(=O)Nc3nnc(C)s3)cc2)C(C)(C(=O)O)N(C(=O)OC(C)(C)C)c2cccc(N3C(=O)CCNC3=O)c2C)cc1,,random_balanced,BB-2161,BB-1603,5,4,0.027983301805267206
BB-1974 BB-1983,"[1974, 1983]",[96],CC(C)(C)OC(=O)N([C@H]1C[C@@H](CC(=O)O)C1)C(C)(C(=O)O)c1ccc(OCC(F)(F)F)cc1,,random_balanced,BB-1974,BB-1983,5,9,0.5966995595368367
BB-1248 BB-1068,"[1248, 1068]",[46],CCCC(CNC(=O)OC(C)(C)C)C(=O)[C@]1(C(=O)NC)CNC[C@H]1c1cnn(C)c1,,random_balanced,BB-1248,BB-1068,5,0,0.7793936616430865
BB-2072 BB-1582,"[2072, 1582]",[62],CN(c1ccc(F)cc1CCNC(=O)OC(C)(C)C)C1CCOc2ccc(Br)cc21,,random_balanced,BB-2072,BB-1582,3,2,0.8303824153981242
BB-2065 BB-1128,"[2065, 1128]",[82],CCC(c1cc(NC(=O)OC(C)(C)C)ccc1F)N1CCC(c2ccc(O)c(Cl)c2)C1,,random_balanced,BB-2065,BB-1128,7,1,0.7515548973105085
BB-2048 BB-0188,"[2048, 188]",[10],Cc1cc(C(=O)O)n2ncc(Sc3cccc(NC(=O)OC(C)(C)C)c3CO)c2n1,,random_balanced,BB-2048,BB-0188,5,0,0.7386797478771661
BB-0882 BB-0656,"[882, 656]",[49],CCCc1ccc(NC(=O)OC(C)(C)C)c(C(=O)c2ccc3[nH]c4c(c3c2)C(=O)NCCC4)c1,,random_balanced,BB-0882,BB-0656,6,0,0.6349371762659427
BB-2150 BB-0725,"[2150, 725]",[96],COC(=O)C1(N(C(=O)OC(C)(C)C)C(C(=O)O)(c2ccc(OC)cc2)C2CCCN2)CCCCC1,,random_balanced,BB-2150,BB-0725,3,6,0.19462330002667724
BB-2124 BB-1927,"[2124, 1927]",[96],CCC(CCOC)N(C(=O)OC(C)(C)C)C1(C(=O)O)CCCOC1C(C)(C)C,,random_balanced,BB-2124,BB-1927,2,8,0.1862379933174627
BB-0035 BB-0083,"[35, 83]",[96],COC(=O)N1CCC(C(=O)O)(N(CC23CCC(F)(CO2)C3)C(=O)OC(C)(C)C)C1(C)C,,random_balanced,BB-0035,BB-0083,3,4,0.20766970558309675
BB-0880 BB-0033,"[880, 33]",[68],COC(=O)c1cc(-c2ccccc2Sc2cncc3c2COCCC3NC(=O)OC(C)(C)C)on1,,random_balanced,BB-0880,BB-0033,5,0,0.39031010553103834
BB-0885 BB-0335,"[885, 335]",[96],COc1cccc2c1C(C(=O)O)CC2(C(=O)O)N(C(=O)OC(C)(C)C)c1cc(-c2cnccn2)ccc1C,,random_balanced,BB-0885,BB-0335,4,5,0.4453990057399128
BB-0858 BB-0230,"[858, 230]",[96],CC(C)(C)OC(=O)N(c1nnc(C(C)(F)F)o1)C1(C(=O)O)CCN(c2cnccn2)CC1,,random_balanced,BB-0858,BB-0230,5,6,0.6566052763335933
BB-2001 BB-1250,"[2001, 1250]",[107],CN(C)c1nc(Cl)c(C(O)c2cccc3c2CC(NC(=O)OC(C)(C)C)CC3)n1C,,random_balanced,BB-2001,BB-1250,4,2,0.8120481304910326
BB-1517 BB-1193,"[1517, 1193]",[31],CCOc1ccc(OCC(Cc2cccc(C)c2)NC(=O)OC(C)(C)C)cc1CCNC(=O)OC(C)(C)C,,random_balanced,BB-1517,BB-1193,4,3,0.17593080415674522
BB-0156 BB-1163,"[156, 1163]",[96],CC(C)CC(C1CC1c1ccccc1)N(C(=O)OC(C)(C)C)C1(C(=O)O)CC(C)(C)CC(C)(C)C1,,random_balanced,BB-0156,BB-1163,5,5,0.3702845371076286
BB-0284 BB-1319,"[284, 1319]",[22],CN(C(=O)C(=O)N(O)CCNC(=O)OC(C)(C)C)c1cnc2ccccc2c1,,random_balanced,BB-0284,BB-1319,5,0,0.21610764956689454
BB-1956 BB-0941,"[1956, 941]",[27],Cc1cc(NC(=O)OC(C)(C)C)ncc1-c1noc(C(=O)N2CC(=O)Nc3ccccc32)n1,,random_balanced,BB-1956,BB-0941,6,0,0.21581458571141468
BB-1608 BB-0669,"[1608, 669]",[96],COC(=O)c1cc2c(o1)CCCC2(C(=O)O)N(C(=O)OC(C)(C)C)c1ccc(-c2ccco2)cc1F,,random_balanced,BB-1608,BB-0669,6,4,0.6557302336014857
BB-0787 BB-1598,"[787, 1598]",[107],CC(C)(C)OC(=O)NCc1cccc(C(O)c2cccc(C3OCCO3)c2)c1Cl,,random_balanced,BB-0787,BB-1598,5,0,0.534650975206167
BB-2097 BB-1366,"[2097, 1366]",[107],COc1ccc(C(O)c2cccc(C)c2C(F)(F)F)c(CCNC(=O)OC(C)(C)C)c1,,random_balanced,BB-2097,BB-1366,4,0,0.735017728125071
BB-1897 BB-0237,"[1897, 237]",[31],COCOc1cc(C)cc(Cl)c1OC(C)c1ccc(S(=O)(=O)NC(=O)OC(C)(C)C)cc1,,random_balanced,BB-1897,BB-0237,4,1,0.48143596541200584
BB-1968 BB-1167,"[1968, 1167]",[107],CCCC1CC(O)(c2ccc(O)c(NC(=O)OC(C)(C)C)c2C)CCO1,,random_balanced,BB-1968,BB-1167,5,5,0.7953111613361902
BB-2165 BB-0362,"[2165, 362]",[96],CCC(C)(CN(C(=O)OC(C)(C)C)C(C)(C(=O)O)c1ncccc1C(=O)O)N1CCOCC1,,random_balanced,BB-2165,BB-0362,3,6,0.2261944862353869
BB-0980 BB-2010,"[980, 2010]",[96],CC(C)(C)OC(=O)Nc1c2c(cc3c1CCC3(C(=O)O)N(NC(=O)OC(C)(C)C)C(=O)c1ccccc1OCc1ccc(F)cc1)CCC2,,random_balanced,BB-0980,BB-2010,6,8,0.23709630131157186
BB-0858 BB-1217,"[858, 1217]",[96],Cc1cc(O)cc2c1C(C(=O)O)(N(C(=O)OC(C)(C)C)c1nnc(C(C)(F)F)o1)CO2,,random_balanced,BB-0858,BB-1217,6,7,0.564684984376393
BB-0906 BB-0200,"[906, 200]",[96],COC(=O)c1cc(C(CCC(=O)O)(C(=O)O)N(Cc2cccnc2P(C)(C)=O)C(=O)OC(C)(C)C)c[nH]1,,random_balanced,BB-0906,BB-0200,4,6,0.5460242298872267
BB-0618 BB-0826,"[618, 826]",[96],CCCc1ccc(NC(=O)OC(C)(C)C)c(C(=O)OC2(C(=O)O)c3cc(C)ccc3OC2CCC)c1,,random_balanced,BB-0618,BB-0826,4,7,0.5637888709415714
BB-1792 BB-0592,"[1792, 592]",[96],CC#CC1(N(C(=O)OC(C)(C)C)C(C=CN(C)C)(C(=O)O)c2cc3c(CCCC)cc(=O)oc3c(C)c2O)COC1,,random_balanced,BB-1792,BB-0592,4,6,0.5480380824813971
BB-0505 BB-0586,"[505, 586]",[96],CCOC(=O)c1cnc2ncnn2c1N(C(=O)OC(C)(C)C)C1(C(=O)O)C=CC(C)(c2ccccc2)CC1,,random_balanced,BB-0505,BB-0586,3,6,0.39463062249324377
BB-0806 BB-1481,"[806, 1481]",[96],COC(=O)c1c(N(C(=O)OC(C)(C)C)C(C)(C(=O)O)c2oc3ccccc3c2C)c(C#N)c2n1CCOC2,,random_balanced,BB-0806,BB-1481,4,5,0.4871575538014728
BB-2046 BB-2014,"[2046, 2014]",[68],COc1cc(Sc2nn(C)cc2CCNC(=O)OC(C)(C)C)c(CCNC(=O)OC(C)(C)C)cc1O,,random_balanced,BB-2046,BB-2014,5,5,0.3891813891244133
BB-2093 BB-0517,"[2093, 517]",[55],CC(C)n1cc(C2(O)CCCN(c3ccc4nn(C)c(CNC(=O)OC(C)(C)C)c4c3)C2)nn1,,random_balanced,BB-2093,BB-0517,4,3,0.6198468390674402
BB-0146 BB-0057,"[146, 57]",[96],Cc1ccccc1NC(=O)CC(C)(C(=O)O)N(CC1(c2cccc(C(F)(F)F)c2)CCOCC1)C(=O)OC(C)(C)C,,random_balanced,BB-0146,BB-0057,3,4,0.6180927480504095
BB-0672 BB-1417,"[672, 1417]",[68],CC(C)(C)OC(=O)NCc1ncc(Sc2nccn3c(C(F)(F)F)ncc23)s1,,random_balanced,BB-0672,BB-1417,4,0,0.2835708686675131
BB-1681 BB-0989,"[1681, 989]",[28],CC(C)(C)OC(=O)NCc1ccc(C(=O)N2CCOC(c3ccc(OC(F)(F)F)cc3)C2)o1,,random_balanced,BB-1681,BB-0989,3,1,0.543943804905877
BB-0853 BB-0560,"[853, 560]",[96],COc1ccc2c(c1)C(N(C(=O)OC(C)(C)C)C1(C(=O)O)C=C(c3cccc(CO)n3)CCC1)C(OC)CC2,,random_balanced,BB-0853,BB-0560,3,6,0.5915989186511931
BB-2163 BB-1266,"[2163, 1266]",[96],Cc1cc2c(cc1Br)OCCC2(C(=O)O)N(CC1(C)CCCOC1)C(=O)OC(C)(C)C,,random_balanced,BB-2163,BB-1266,4,7,0.3516980833337437
BB-0980 BB-0109,"[980, 109]",[96],CNCC(C(=O)O)(c1c[nH]c2ccc(F)cc12)N(NC(=O)c1ccccc1OCc1ccc(F)cc1)C(=O)OC(C)(C)C,,random_balanced,BB-0980,BB-0109,7,6,0.36161346436168756
BB-0568 BB-0022,"[568, 22]",[28],COC(=O)CCN(C(=O)C1(CNC(=O)OC(C)(C)C)CC1S(C)(=O)=O)c1ncc(C)cc1Br,,random_balanced,BB-0568,BB-0022,7,1,0.631815587951794
BB-1985 BB-1884,"[1985, 1884]",[96],CCOC(=O)CC(C(=O)O)(N(C(=O)OC(C)(C)C)c1nc(-c2ccc(OC)cc2)c(CC)s1)C(F)(F)Cl,,random_balanced,BB-1985,BB-1884,4,7,0.6330399329014741
BB-0617 BB-2036,"[617, 2036]",[96],CC1(C)Cc2oc(NC(=O)OC(C)(C)C)nc2C(C(=O)O)(N(Cc2ccc(-c3cccc(F)c3)o2)C(=O)OC(C)(C)C)C1,,random_balanced,BB-0617,BB-2036,5,9,0.532547560321828
BB-1758 BB-0846,"[1758, 846]",[96],CCC1(C)NC(=O)N(CCCN(C(=O)OC(C)(C)C)C(CCl)(C(=O)O)c2c(NC(=O)OC(C)(C)C)n(CC(C)C)c(=O)[nH]c2=O)C1=O,,random_balanced,BB-1758,BB-0846,3,9,0.36734471962871496
BB-1111 BB-2104,"[1111, 2104]",[104],COC(=O)C(NC(=O)OC(C)(C)C)c1cc(Cl)cc(-c2cnc(NC(=O)OC(C)(C)C)c(F)n2)c1,,random_balanced,BB-1111,BB-2104,9,5,0.09773446553824258
BB-1044 BB-0234,"[1044, 234]",[96],CCOC(=O)c1cnn(C2(C(=O)O)CCC(CC(=O)O)c3ccccc32)c1CNC(=O)OC(C)(C)C,,random_balanced,BB-1044,BB-0234,5,4,0.7652037725592582
BB-1403 BB-1019,"[1403, 1019]",[96],CCCCCC(C(=O)OC)N(C(=O)OC(C)(C)C)C(C)(C(=O)O)c1c(C)[nH]c(-c2ccco2)nc1=O,,random_balanced,BB-1403,BB-1019,3,7,0.5474381237559152
BB-0921 BB-2003,"[921, 2003]",[96],CC(C)(C)OC(=O)Nc1nc2c(o1)CCCC2(C(=O)O)N(C(=O)OC(C)(C)C)C1CCCN(c2ccccc2F)C1=O,,random_balanced,BB-0921,BB-2003,5,7,0.5833072597988878
BB-1083 BB-0683,"[1083, 683]",[98],Cc1cscc1C(=O)OC[C@@H](Cc1ccc([N+](=O)[O-])cc1)NC(=O)OC(C)(C)C,,random_balanced,BB-1083,BB-0683,5,0,0.7033758277839239
BB-1929 BB-1690,"[1929, 1690]",[62],CC(C)n1ncc(NC(=O)OC(C)(C)C)c1N1CC(C)(C)c2cc([N+](=O)[O-])ccc21,,random_balanced,BB-1929,BB-1690,8,2,0.8588277835428815
BB-0095 BB-0145,"[95, 145]",[68],CNc1cc(Sc2ccc(NC(=O)OC(C)(C)C)c(CO)c2F)ccc1NC(=O)OC(C)(C)C,,random_balanced,BB-0095,BB-0145,5,6,0.13259420489074106
BB-1494 BB-1063,"[1494, 1063]",[10],COCOc1ccc(Sc2cc(CC(CO)CNC(=O)OC(C)(C)C)ccc2F)c(F)c1F,,random_balanced,BB-1494,BB-1063,5,0,0.3074580166345173
BB-1865 BB-1936,"[1865, 1936]",[96],COc1cc(O)c(C(C)(C(=O)O)N(C(=O)OC(C)(C)C)C(c2cccc(SC)c2)c2ccc(F)cc2F)cc1Cl,,random_balanced,BB-1865,BB-1936,4,4,0.4094372469916077
BB-0929 BB-1038,"[929, 1038]",[96],COc1ccc2c(c1[N+](=O)[O-])CCCC2(C(=O)O)N(C(=O)OC(C)(C)C)[C@@]1(C)C[C@@H]1C,,random_balanced,BB-0929,BB-1038,3,5,0.3524626304711662
BB-1304 BB-1884,"[1304, 1884]",[96],CCOC(=O)CC(C(=O)O)(N(C(=O)OC(C)(C)C)C(Cc1nccn1C(F)F)c1ccccc1)C(F)(F)Cl,,random_balanced,BB-1304,BB-1884,6,8,0.3720737200461506
BB-2107 BB-0574,"[2107, 574]",[68],Cn1ncc(Sc2cccc3c2S(=O)(=O)CCC3)c1NC(=O)OC(C)(C)C,,random_balanced,BB-2107,BB-0574,6,1,0.5798674686174609
BB-1604 BB-1147,"[1604, 1147]",[96],COCC(C(=O)O)(c1ccc2cc(OC)ccc2n1)N(C(=O)OC(C)(C)C)C(C)(C)c1ccc2c(c1)OCO2,,random_balanced,BB-1604,BB-1147,2,6,0.4765736993587293
BB-1149 BB-1005,"[1149, 1005]",[96],Cc1noc(C(C2CCOCC2)N(C(=O)OC(C)(C)C)C(CCl)(C(=O)O)C(C#N)=C2Nc3ccccc3N2C)n1,,random_balanced,BB-1149,BB-1005,5,6,0.4058849200923116
BB-1377 BB-2092,"[1377, 2092]",[96],CC1=C(NC(=O)OC(C)(C)C)O/C(=C(/C)C#N)C1(C(=O)O)N1C(=O)N(CCCNC(=O)OC(C)(C)C)C(=O)C1(c1ccccc1)c1ccccc1,,random_balanced,BB-1377,BB-2092,5,9,0.17466634239966478
BB-0121 BB-1529,"[121, 1529]",[97],Cc1cc(C)cc(C(COC(=O)c2cc(-c3ccccc3)nc3cc(F)ccc23)NC(=O)OC(C)(C)C)c1,,random_balanced,BB-0121,BB-1529,5,1,0.4608060788441723
BB-1726 BB-1352,"[1726, 1352]",[55],COc1ccc(CCNC(=O)OC(C)(C)C)c(N2CCCC(O)(Cc3nc(C)no3)C2)c1,,random_balanced,BB-1726,BB-1352,6,3,0.7811422391796008
BB-1304 BB-0415,"[1304, 415]",[96],CC(C)(C)OC(=O)N(C(Cc1nccn1C(F)F)c1ccccc1)C(C(=O)O)(c1ccccc1)c1ccc(B2OC(C)(C)C(C)(C)O2)cc1,,random_balanced,BB-1304,BB-0415,7,5,0.15962352112631023
BB-0902 BB-1932,"[902, 1932]",[96],Cc1cccc(N2CCN(CCCN(C(=O)OC(C)(C)C)C3(C(=O)O)CC4CCCC3C4)CC2)c1,,random_balanced,BB-0902,BB-1932,5,7,0.651046768367211
BB-2040 BB-1333,"[2040, 1333]",[62],Cc1[nH]c(=O)c(N(c2ccc(C(N)=O)cc2NC(=O)OC(C)(C)C)C2CC2)cc1NC(=O)OC(C)(C)C,,random_balanced,BB-2040,BB-1333,5,5,0.37414332586952204
BB-1332 BB-1643,"[1332, 1643]",[55],CN(Cc1ccc(Br)cc1Br)c1cc(CNC(=O)OC(C)(C)C)cc(OC(F)(F)F)c1,,random_balanced,BB-1332,BB-1643,6,1,0.647286460454889
BB-2037 BB-0639,"[2037, 639]",[82],COc1ccccc1C1CN(C(C)c2cc(NC(=O)OC(C)(C)C)c(F)cc2OC)CCO1,,random_balanced,BB-2037,BB-0639,8,1,0.6959050501672711
BB-1300 BB-1186,"[1300, 1186]",[46],CC(C)(C)OC(=O)NC(CC(=O)C1(C(=O)O)CC1(C)c1ccc(F)cc1)CC1CCCC1,,random_balanced,BB-1300,BB-1186,4,0,0.631603286573115
BB-0515 BB-1046,"[515, 1046]",[96],Cc1ccc(CC(C(=O)O)(C2CC2)N(C(=O)OC(C)(C)C)c2nccc3cnccc23)cc1,,random_balanced,BB-0515,BB-1046,5,6,0.4997838395061774
BB-0118 BB-0660,"[118, 660]",[104],Cc1c(S(=O)(=O)Cl)sc2ccc(-c3cccc(C4(CNC(=O)OC(C)(C)C)CCC4)c3)cc12,,random_balanced,BB-0118,BB-0660,5,0,0.46858091085648707
BB-1042 BB-1344,"[1042, 1344]",[98],Cc1cccc(CCC(=O)OCCCOc2n[nH]c(NC(=O)OC(C)(C)C)c2C#N)c1F,,random_balanced,BB-1042,BB-1344,6,1,0.18415577215865314
BB-1819 BB-1694,"[1819, 1694]",[96],CCOC(=O)c1nc(C2CC2)n(Cc2ccccc2)c1N(C(=O)OC(C)(C)C)C(C)(C(=O)O)c1nnn(-c2cccc3ncccc23)c1C,,random_balanced,BB-1819,BB-1694,5,9,0.34132816017673917
BB-1683 BB-2057,"[1683, 2057]",[96],CC(C)(C)OC(=O)Nc1cccc2c1OC(C)(C)CC2(C(=O)O)N(C(=O)OC(C)(C)C)C1CCCc2cn(CC(F)(F)F)nc21,,random_balanced,BB-1683,BB-2057,2,9,0.3686523658214023
BB-0795 BB-1029,"[795, 1029]",[96],CC(C)(C)OC(=O)N(CC12CC3CC(C1)CC(C(F)(F)F)(C3)C2)C1(C(=O)O)c2cc(Br)ccc2CC1C(F)(F)F,,random_balanced,BB-0795,BB-1029,2,6,0.4428328962780486
BB-1448 BB-1969,"[1448, 1969]",[96],COC(=O)C1(N(C(=O)OC(C)(C)C)C(C)(CCCN2C(=O)c3ccccc3C2=O)C(=O)O)CCCN(Cc2ccccc2)C1,,random_balanced,BB-1448,BB-1969,4,6,0.444627753723702
BB-0344 BB-1047,"[344, 1047]",[0],COC(=O)C(=Cc1c(C)nn(-c2ccncc2)c1Cl)[C@H](NC(=O)OC(C)(C)C)c1cc([N+](=O)[O-])ccc1F,,random_balanced,BB-0344,BB-1047,6,1,0.6147156417908176
BB-0443 BB-0893,"[443, 893]",[88],CC(C)(C)OC(=O)Nc1cncc(OCC(F)(F)C(C)(F)F)c1O,,random_balanced,BB-0443,BB-0893,4,1,0.40137802835129943
BB-0887 BB-0566,"[887, 566]",[96],Cn1c(C(C)(C(=O)O)N(C(=O)OC(C)(C)C)c2ncn(-c3ccncc3)n2)nc2ccc(Cl)cc21,,random_balanced,BB-0887,BB-0566,5,6,0.5863761014279221
BB-1814 BB-1864,"[1814, 1864]",[96],CCOC(=O)C1(C)CCCCC1(C(=O)O)N(CC1(c2cccc(C(F)(F)F)c2)CC1)C(=O)OC(C)(C)C,,random_balanced,BB-1814,BB-1864,4,7,0.39359341395447867
BB-0798 BB-0794,"[798, 794]",[96],Cc1ccc(OCC(=O)O)c2c1C(C)CC2(C(=O)O)N(C(=O)OC(C)(C)C)[C@H]1Cc2ccccc2[C@@H]1NC(=O)OC(C)(C)C,,random_balanced,BB-0798,BB-0794,5,5,0.4856011353167082
BB-2076 BB-0594,"[2076, 594]",[18],Cc1ccc(CCNC(=O)OC(C)(C)C)c(S(=O)(=O)c2nc3ncccc3nc2C)c1,,random_balanced,BB-2076,BB-0594,4,0,0.7292095970442988
BB-1770 BB-0365,"[1770, 365]",[96],CC(C)C(C#N)N(C(=O)OC(C)(C)C)C(CBr)(C(=O)O)[C@@H](COCc1ccccc1)NC(=O)OC(C)(C)C,,random_balanced,BB-1770,BB-0365,6,5,0.5812787652491238
BB-1423 BB-1162,"[1423, 1162]",[61],CCOC(=O)/C=C/CN(C)C(=O)C(NC(=O)OC(C)(C)C)c1ccc(C(F)(F)F)cc1,,random_balanced,BB-1423,BB-1162,4,1,0.6459276809942194
BB-2130 BB-0420,"[2130, 420]",[96],CC(C)(C)OC(=O)N(CCNC(=O)C1CCCC1)C1(C(=O)O)CC(C(=O)O)Oc2ccccc21,,random_balanced,BB-2130,BB-0420,6,7,0.6261993368429075
BB-1270 BB-0139,"[1270, 139]",[68],CCOC(=O)c1cnc2c(Sc3cc(Cl)c(NNC(=O)OC(C)(C)C)cc3F)cccn12,,random_balanced,BB-1270,BB-0139,6,0,0.18627802490868464
BB-2037 BB-1882,"[2037, 1882]",[39],COc1cc(F)c(NC(=O)OC(C)(C)C)cc1C(C)(OC(=O)c1ccc2c(c1)[nH]c(=O)n2C1CC1)C(=O)O,,random_balanced,BB-2037,BB-1882,9,0,0.5220627048228214
BB-0780 BB-2049,"[780, 2049]",[96],CCCC(C(=O)O)(c1cc(NC(=O)OC(C)(C)C)ccc1F)N(C(=O)OC(C)(C)C)S(=O)(=O)c1cc(F)cc(F)c1,,random_balanced,BB-0780,BB-2049,7,8,0.42320438711365815
BB-1148 BB-1482,"[1148, 1482]",[96],CCCC(C(=O)N(CC)C1CCCC1)N(C(=O)OC(C)(C)C)C(C)(C(=O)O)c1c(O)ccc2ccccc12,,random_balanced,BB-1148,BB-1482,8,7,0.3497012976723574
BB-2002 BB-1334,"[2002, 1334]",[47],CCc1noc(NC(=O)OC(C)(C)C)c1-c1cc2nc(C)[nH]c2cc1Cl,,random_balanced,BB-2002,BB-1334,5,2,0.771610344016091
BB-0969 BB-0349,"[969, 349]",[96],Cc1cccc(C(C(N)=O)(C(=O)O)N(C[C@@H]2C[C@H]2NC(=O)OC(C)(C)C)C(=O)OC(C)(C)C)c1,,random_balanced,BB-0969,BB-0349,4,5,0.643024278343749
BB-0820 BB-1408,"[820, 1408]",[96],CC(C)(C)OC(=O)N(Cc1ccc(C2CCOCC2)cc1)C(C)(C(=O)O)C1=Cc2ccccc2OC1,,random_balanced,BB-0820,BB-1408,4,8,0.7176431675614561
BB-0523 BB-1342,"[523, 1342]",[3],Cn1c(=O)c2c(nc(N(CCNC(=O)OC(C)(C)C)C(=O)C3CC4CCC3CN(C(=O)OCC3c5ccccc5-c5ccccc53)C4)n2Cc2ccc(Cl)cc2Cl)n(C)c1=O,,random_balanced,BB-0523,BB-1342,5,0,0.1243537746651692
BB-0213 BB-1927,"[213, 1927]",[96],Cc1cc(N(C(=O)OC(C)(C)C)C2(C(=O)O)CCCOC2C(C)(C)C)ccc1N1CCCS1(=O)=O,,random_balanced,BB-0213,BB-1927,5,9,0.4935689124247867
BB-1897 BB-1510,"[1897, 1510]",[98],CC(OC(=O)[C@@H]1CCCN1C1=NS(=O)(=O)c2ccccc21)c1ccc(S(=O)(=O)NC(=O)OC(C)(C)C)cc1,,random_balanced,BB-1897,BB-1510,5,2,0.6244398474302124
BB-1077 BB-0271,"[1077, 271]",[96],CC(C)(C)OC(=O)N(CC1CN2CCCN1CC2)C1(C(=O)O)CC(C)(C)Oc2cnc(Br)cc21,,random_balanced,BB-1077,BB-0271,5,5,0.36897647326161354
BB-0519 BB-1221,"[519, 1221]",[96],COc1ccc(C(CCC(=O)O)(C(=O)O)N(C(=O)OC(C)(C)C)c2cc(F)cc(C(=O)OC(C)(C)C)c2)c(Cl)c1,,random_balanced,BB-0519,BB-1221,5,5,0.5288777502791897
BB-0144 BB-0651,"[144, 651]",[96],Cc1ccc(N(C(=O)OC(C)(C)C)C(CBr)(C(=O)O)c2ccc(OCc3ccccc3)c([N+](=O)[O-])c2)cc1-c1ccccc1,,random_balanced,BB-0144,BB-0651,5,6,0.37723293644920763
BB-0765 BB-0074,"[765, 74]",[96],COC(=O)c1cc2c([nH]1)C(C(=O)O)(N(C(=O)OC(C)(C)C)C(CC(=O)O)Cc1ccc([N+](=O)[O-])cc1)CCC2,,random_balanced,BB-0765,BB-0074,6,6,0.3981479756247838
BB-1942 BB-0721,"[1942, 721]",[96],CCC(c1nc(C)n[nH]1)N(C(=O)OC(C)(C)C)C1(C(=O)O)CCC2CN(C(C)=O)c3cccc1c32,,random_balanced,BB-1942,BB-0721,4,5,0.6043128412755809
BB-2122 BB-1009,"[2122, 1009]",[49],CCN1CCC(NC(=O)OC(C)(C)C)(C(=O)c2ccc(CC(=O)O)cc2[N+](=O)[O-])CC1,,random_balanced,BB-2122,BB-1009,3,2,0.7149136709774765
BB-0413 BB-1862,"[413, 1862]",[96],CCOC(=O)c1cc2c([nH]1)CCCC2(C(=O)O)N(C(=O)OC(C)(C)C)c1ccc(OC)c(-n2nnnc2C)c1,,random_balanced,BB-0413,BB-1862,5,7,0.5644006731969237
BB-1824 BB-0632,"[1824, 632]",[10],CC(CC(=O)O)c1cccc(Sc2cc(-c3ccccc3)nc(NC(=O)OC(C)(C)C)n2)c1,,random_balanced,BB-1824,BB-0632,3,0,0.48906120289905675
BB-1463 BB-0451,"[1463, 451]",[96],CC(C)(C)OC(=O)NC1CC(C(=O)O)(N(C(=O)OC(C)(C)C)S(=O)(=O)C2CC2)C12CCC(F)CC2,,random_balanced,BB-1463,BB-0451,6,5,0.6834230819750312
BB-1953 BB-0164,"[1953, 164]",[96],CCOC(=O)C12CCCC1=CC(C(=O)O)(N(C(=O)OC(C)(C)C)[C@H](C)c1coc3c(F)cccc13)C2,,random_balanced,BB-1953,BB-0164,4,6,0.5161103119144289
BB-1903 BB-1498,"[1903, 1498]",[104],COc1cc2ccnc(Cl)c2cc1-c1sc(S(=O)(=O)NC(=O)OC(C)(C)C)c(OC)c1OC,,random_balanced,BB-1903,BB-1498,3,1,0.40086942021791455
BB-2046 BB-0369,"[2046, 369]",[62],COC(=O)c1cnc2n1CCCN2c1cc(OC)c(O)cc1CCNC(=O)OC(C)(C)C,,random_balanced,BB-2046,BB-0369,6,1,0.7917738605576985
BB-1240 BB-2003,"[1240, 2003]",[96],CC(C)(C)OC(=O)Nc1nc2c(o1)CCCC2(C(=O)O)N(Cc1c(F)ccc2[nH]cnc12)C(=O)OC(C)(C)C,,random_balanced,BB-1240,BB-2003,4,8,0.546191378630562
BB-0289 BB-0934,"[289, 934]",[96],COc1c(Cl)ccc2c1NC(=O)C2(C(=O)O)N(C(=O)OC(C)(C)C)C1CC(CNC(=O)OC(C)(C)C)C1,,random_balanced,BB-0289,BB-0934,4,6,0.6795817398504234
BB-0457 BB-0420,"[457, 420]",[96],CC(C)(C)OC(=O)N(C1(c2nc(C3CCOCC3)no2)CCOCC1)C1(C(=O)O)CC(C(=O)O)Oc2ccccc21,,random_balanced,BB-0457,BB-0420,4,8,0.6397704154285239
BB-1355 BB-0673,"[1355, 673]",[40],CC(C)(C)OC(=O)NC1CCC(CCCC(=O)OC2(c3ccccc3Cl)CCNCC2)C1,,random_balanced,BB-1355,BB-0673,5,2,0.3873641635614468
BB-1827 BB-0837,"[1827, 837]",[96],Cn1nc([N+](=O)[O-])cc1C(C)(C(=O)O)N(Cc1ccc2c(c1)C(=O)OC2)C(=O)OC(C)(C)C,,random_balanced,BB-1827,BB-0837,5,4,0.4168204725430514
BB-2136 BB-0325,"[2136, 325]",[31],CC(C)(C)OC(=O)NNC(=O)c1ccc(Oc2cc3c(cc2F)NC(=O)CN3C2CCCC2)c(O)c1,,random_balanced,BB-2136,BB-0325,4,1,0.03742628428012378
BB-0538 BB-1699,"[538, 1699]",[96],CC(C)(C)OC(=O)N[C@@H](Cc1ccc([N+](=O)[O-])cc1)C(=O)OC(C)(C(=O)O)c1cnc(Cl)c(Br)c1,,random_balanced,BB-0538,BB-1699,6,6,0.6880161896574906
BB-2011 BB-0685,"[2011, 685]",[107],CC(C)(C)OC(=O)CCn1ccc(C(O)c2c(F)ccc(F)c2CCNC(=O)OC(C)(C)C)n1,,random_balanced,BB-2011,BB-0685,7,0,0.3116610901552816
BB-2194 BB-0781,"[2194, 781]",[17],COC(=O)c1cc2c(S(=O)(=O)c3cccc(C#CCNC(=O)OC(C)(C)C)c3)cccc2[nH]1,,random_balanced,BB-2194,BB-0781,5,1,0.34607795918564893
BB-0988 BB-1821,"[988, 1821]",[96],Cc1ccsc1C(Cc1ccccc1)N(C(=O)OC(C)(C)C)C1(C(=O)O)CCN(C(=O)OC(C)(C)C)C(=O)C1,,random_balanced,BB-0988,BB-1821,4,6,0.5112008061091599
BB-1303 BB-1643,"[1303, 1643]",[47],C/C=C(/CNC(=O)OC(C)(C)C)c1cc(Br)ccc1CNC,,random_balanced,BB-1303,BB-1643,5,2,0.6136190620634151
BB-1144 BB-0109,"[1144, 109]",[96],CNCC(C(=O)O)(c1c[nH]c2ccc(F)cc12)N(C(=O)OC(C)(C)C)[C@H]1C[C@H]2C[C@@H](NC(=O)OC(C)(C)C)C[C@H]2C1,,random_balanced,BB-1144,BB-0109,6,7,0.6997845187524135
BB-0607 BB-1504,"[607, 1504]",[96],CCn1cc([C@@H]2NC(=O)CC[C@H]2N(C(=O)OC(C)(C)C)C2(C(=O)O)CCOc3ccc(C(C)(C)C)cc32)cn1,,random_balanced,BB-0607,BB-1504,1,5,0.5140830006904286
BB-1707 BB-0076,"[1707, 76]",[96],C=CC(C(=O)O)(c1c(F)cccc1Cl)N(Cc1nnc2n1CCN(C(=O)OC(C)(C)C)C2)C(=O)OC(C)(C)C,,random_balanced,BB-1707,BB-0076,5,7,0.5176467666919022
BB-0506 BB-0895,"[506, 895]",[10],Cc1ccc(-c2cccc(Sc3ccc4nc(C=Cc5cccs5)cc(C(=O)O)c4c3)c2)cc1NC(=O)OC(C)(C)C,,random_balanced,BB-0506,BB-0895,6,3,0.1435256280247101
BB-2156 BB-0776,"[2156, 776]",[96],CC(C)(C)OC(=O)Nc1ccc(Br)cc1C(C(=O)O)(c1ccc(F)cc1)N(C(=O)OC(C)(C)C)C1CCN(C(=O)c2ccco2)CC1,,random_balanced,BB-2156,BB-0776,6,9,0.17147553480768424
BB-2171 BB-1180,"[2171, 1180]",[96],CC(C)C1CC(N(C(=O)OC(C)(C)C)C(C)(C(=O)O)c2cc(CBr)ccc2[N+](=O)[O-])CO1,,random_balanced,BB-2171,BB-1180,3,7,0.45534434223989106
BB-2074 BB-0339,"[2074, 339]",[39],Cn1ccc(C(CNC(=O)OC(C)(C)C)(C(=O)O)n2ccc3c2C(=O)CCC3)n1,,random_balanced,BB-2074,BB-0339,8,5,0.752660758420664
BB-2004 BB-0248,"[2004, 248]",[55],COC(=O)c1ccc2c(c1)CN(c1ccccc1C(CO)CNC(=O)OC(C)(C)C)CC2,,random_balanced,BB-2004,BB-0248,4,0,0.6787425845603342
BB-0600 BB-0233,"[600, 233]",[96],COC(=O)c1c(CC(=O)O)[nH]c(C(C)(C(=O)O)N(CCCOc2ccc(C(C)(C)C)cc2)C(=O)OC(C)(C)C)c1C,,random_balanced,BB-0600,BB-0233,6,6,0.4318624250177397
BB-0860 BB-2023,"[860, 2023]",[96],CC(C)Cc1nn(C)c(C(N)=O)c1N(C(=O)OC(C)(C)C)C1(C(=O)O)CC(CNC(=O)OC(C)(C)C)Oc2ccccc21,,random_balanced,BB-0860,BB-2023,4,8,0.5215039612707801
BB-0519 BB-0230,"[519, 230]",[96],CC(C)(C)OC(=O)c1cc(F)cc(N(C(=O)OC(C)(C)C)C2(C(=O)O)CCN(c3cnccn3)CC2)c1,,random_balanced,BB-0519,BB-0230,6,7,0.5619649938856695
BB-2158 BB-0287,"[2158, 287]",[27],CC(C)(C)OC(=O)NC1CCCc2cc(-c3noc(C4=C(c5ccccc5)N5CCS(=O)(=O)N=C5S4)n3)ccc21,,random_balanced,BB-2158,BB-0287,7,1,0.15862550793282673
BB-2155 BB-0832,"[2155, 832]",[96],CC(C)C(C(=O)O)(c1cnccc1NC(=O)OC(C)(C)C)N(C(=O)OC(C)(C)C)c1cccc(NC(=O)OC(C)(C)C)n1,,random_balanced,BB-2155,BB-0832,6,8,0.17575731992377405
BB-0201 BB-1225,"[201, 1225]",[22],CN(C(=O)C(=O)N1CCOC(c2cccc([N+](=O)[O-])c2)C1)S(=O)(=O)N1CCC(NC(=O)OC(C)(C)C)CC1,,random_balanced,BB-0201,BB-1225,6,2,0.3371590726244787
BB-1678 BB-1402,"[1678, 1402]",[88],CC(=O)Nc1ccc(-c2cc(=O)c3ccc(Oc4ncc(C(F)(F)F)cc4CC(NC(=O)OC(C)(C)C)C(=O)O)cc3o2)cc1,,random_balanced,BB-1678,BB-1402,5,0,0.3103725613793519
BB-1479 BB-1064,"[1479, 1064]",[49],Cc1ccc(C(=O)c2ccc(NS(=O)(=O)NC(=O)OC(C)(C)C)cc2)cc1,,random_balanced,BB-1479,BB-1064,8,0,0.3069160300350309
BB-2058 BB-1319,"[2058, 1319]",[62],CN(c1cnc2ccccc2c1)c1ccc(NC(=O)OC(C)(C)C)c2c1CCCC2,,random_balanced,BB-2058,BB-1319,2,1,0.683091012735851
BB-2162 BB-1266,"[2162, 1266]",[10],Cc1cc2c(cc1Sc1ccc(B(O)O)cc1NC(=O)OC(C)(C)C)OCCC2=O,,random_balanced,BB-2162,BB-1266,3,8,0.767684805175689
BB-1280 BB-0385,"[1280, 385]",[61],Cc1ccc(N2CCN(C(=O)c3cccc(-c4ccc(CNC(=O)OC(C)(C)C)cc4)c3)CC2=O)o1,,random_balanced,BB-1280,BB-0385,4,0,0.11776568639961076
BB-1479 BB-0523,"[1479, 523]",[79],Cn1c(=O)c2c(nc(N(CCNC(=O)OC(C)(C)C)C(=O)C(=O)N(c3ccc(C#N)cc3)S(=O)(=O)NC(=O)OC(C)(C)C)n2Cc2ccc(Cl)cc2Cl)n(C)c1=O,,random_balanced,BB-1479,BB-0523,9,6,0.0
BB-2059 BB-0723,"[2059, 723]",[96],Cc1cc(Br)c(C)c(N(C(=O)OC(C)(C)C)C2(C(=O)O)CCN(C(=O)OCc3ccccc3)CC2CC#N)c1,,random_balanced,BB-2059,BB-0723,5,7,0.5565452959486589
BB-0838 BB-0378,"[838, 378]",[96],CCCn1c(N(C(=O)OC(C)(C)C)C(CBr)(C(=O)O)C2COc3ccccc3O2)nc2ccccc21,,random_balanced,BB-0838,BB-0378,4,5,0.4664202417793848
BB-0387 BB-0340,"[387, 340]",[96],CC(C)(C)OC(=O)N(c1c2c(nn1-c1ccccc1)COC2)C(CBr)(C(=O)O)c1ccc(C#N)c([N+](=O)[O-])c1,,random_balanced,BB-0387,BB-0340,4,9,0.3219108246541259
BB-1205 BB-0233,"[1205, 233]",[96],COC(=O)c1c(CC(=O)O)[nH]c(C(C)(C(=O)O)N(C(=O)OC(C)(C)C)c2nccn2-c2ccccc2)c1C,,random_balanced,BB-1205,BB-0233,5,7,0.5049025309313367
BB-1131 BB-0836,"[1131, 836]",[109],CCOC(=O)c1cc(C#CCCCCCC(NC(=O)OC(C)(C)C)C(=O)O)cc(CC)c1NC(=O)OC(C)(C)C,,random_balanced,BB-1131,BB-0836,3,0,0.1483160484667415
BB-2004 BB-1138,"[2004, 1138]",[31],CC(C)(C)OC(=O)NCC(COc1cccc(-n2nc3c(c2NC(=O)OC(C)(C)C)CCC3)c1)c1ccccc1Cl,,random_balanced,BB-2004,BB-1138,5,6,0.38999088408530924
BB-1544 BB-1836,"[1544, 1836]",[96],CC(C)(C)OC(=O)NS(=O)(=O)c1ccccc1CC(C)(C(=O)O)N(CCCN1CCCN(C(=O)OC(C)(C)C)CC1)C(=O)OC(C)(C)C,,random_balanced,BB-1544,BB-1836,5,5,0.29026949524939716
BB-2012 BB-1190,"[2012, 1190]",[39],CCC(OC(=O)c1ccc(COc2ccc(F)cc2Cl)s1)(C(=O)O)c1ccc(F)c(NC(=O)OC(C)(C)C)c1,,random_balanced,BB-2012,BB-1190,9,1,0.1927787567888226
BB-1030 BB-0654,"[1030, 654]",[68],CCOC(=O)c1cnc2c(cnn2CC)c1Sc1ncc(NC(=O)OC(C)(C)C)cc1C,,random_balanced,BB-1030,BB-0654,6,0,0.5431314229243661
BB-0443 BB-1687,"[443, 1687]",[106],CC1CC(C)CN(CC(=O)c2cncc(NC(=O)OC(C)(C)C)c2O)C1,,random_balanced,BB-0443,BB-1687,5,0,0.6350608815940646
BB-1028 BB-0292,"[1028, 292]",[96],COc1ccc(-n2ncc(C(N)=O)c2N(C(=O)OC(C)(C)C)C(CCCC(=O)O)(C(=O)O)c2c(C)cc(C)cc2C)cc1,,random_balanced,BB-1028,BB-0292,6,5,0.34261436498217035
BB-1496 BB-2095,"[1496, 2095]",[68],CCOC(=O)c1c(NC(=O)OC(C)(C)C)c(Sc2cc(C)c(NC(=O)OC(C)(C)C)cc2C)cn1C,,random_balanced,BB-1496,BB-2095,4,5,0.3101401466595236
BB-1814 BB-1842,"[1814, 1842]",[96],CC(C)(C)OC(=O)N(CC1(c2cccc(C(F)(F)F)c2)CC1)C(Cc1ccccc1)(C(=O)O)c1ccc(Br)s1,,random_balanced,BB-1814,BB-1842,5,4,0.5327495128315706
BB-1639 BB-1821,"[1639, 1821]",[96],CC(C)(C)OC(=O)N1CCC(C(=O)O)(N(C(=O)OC(C)(C)C)C2CCc3c(C(=O)O)cc(C(=O)O)cc32)CC1=O,,random_balanced,BB-1639,BB-1821,5,7,0.5217329598691638
BB-1754 BB-1495,"[1754, 1495]",[96],COC(=O)CCCCC(OC(=O)COc1ccc(CCNC(=O)OC(C)(C)C)cc1)(C(=O)O)C(F)(F)F,,random_balanced,BB-1754,BB-1495,5,5,0.2707619480998085
BB-1668 BB-0192,"[1668, 192]",[104],CCN(CC)S(=O)(=O)c1ccc(Oc2ccc(-c3ccc4c(c3)C3CC(C)(O4)N(C)C(=O)N3)cc2)c(NC(=O)OC(C)(C)C)c1,,random_balanced,BB-1668,BB-0192,5,0,0.19301854723555265
BB-2043 BB-0386,"[2043, 386]",[39],CC(C)(C)OC(=O)NC1CCC(OC(=O)Cn2cc(I)ccc2=O)(C(=O)O)c2ccc(Br)cc21,,random_balanced,BB-2043,BB-0386,9,1,0.6918236661779515
BB-1798 BB-0773,"[1798, 773]",[107],COC(=O)c1cccc2c(C(O)c3cc(C(=O)O)cc4nc(NC(=O)OC(C)(C)C)n(C)c34)n[nH]c12,,random_balanced,BB-1798,BB-0773,6,0,0.5332970080905478
BB-1867 BB-0102,"[1867, 102]",[96],Cc1nc(N(C(=O)OC(C)(C)C)C(C)(C(=O)O)C23CC(c4ccccc4)(C2)C3(F)F)oc1-c1ccncc1,,random_balanced,BB-1867,BB-0102,6,5,0.0
BB-0806 BB-1981,"[806, 1981]",[28],COC(=O)c1coc2c1CN(C(=O)c1c(NC(=O)OC(C)(C)C)c(C#N)c3n1CCOC3)C2,,random_balanced,BB-0806,BB-1981,5,1,0.8050325812441802
BB-0823 BB-0651,"[823, 651]",[96],CC(C)(C)OC(=O)N(c1cccc2c1CN(CC(F)(F)F)C2)C(CBr)(C(=O)O)c1ccc(OCc2ccccc2)c([N+](=O)[O-])c1,,random_balanced,BB-0823,BB-0651,3,7,0.5253083994368954
BB-0059 BB-0119,"[59, 119]",[96],CCCn1c(NC(=O)OC(C)(C)C)c(C(CCl)(C(=O)O)n2nc(C)c(NC(=O)C(C)CNC(=O)OC(C)(C)C)c2C)c(=O)[nH]c1=O,,random_balanced,BB-0059,BB-0119,5,8,0.23125865821245797
BB-1608 BB-1023,"[1608, 1023]",[96],CC(C)(C)OC(=O)NCC(C(=O)O)(c1ccc([N+](=O)[O-])cc1)N(C(=O)OC(C)(C)C)c1ccc(-c2ccco2)cc1F,,random_balanced,BB-1608,BB-1023,7,7,0.37392610345347116
BB-0750 BB-1737,"[750, 1737]",[18],COc1cc(S(=O)(=O)c2ccc(-c3csc(SCc4ccc(C(=O)O)o4)n3)cc2)ccc1C(CO)NC(=O)OC(C)(C)C,,random_balanced,BB-0750,BB-1737,6,1,0.06060073714793555
BB-0171 BB-0011,"[171, 11]",[96],COC(=O)C(CC1CCCC1)CN(C(=O)OC(C)(C)C)C(CC1COCCN1)(C(=O)O)c1ccccc1,,random_balanced,BB-0171,BB-0011,4,4,0.46611527535923675
BB-1459 BB-0555,"[1459, 555]",[96],CC(C)c1nnc(CN(C(=O)OC(C)(C)C)C(C)(C(=O)O)c2cc(Cl)sc2Cl)s1,,random_balanced,BB-1459,BB-0555,6,6,0.4722745276923366
BB-0311 BB-0766,"[311, 766]",[96],CCC(CC(=O)c1ccc(C(F)(F)F)cc1)(C(=O)O)N(C(=O)OC(C)(C)C)c1ccnc2cc(C)nn12,,random_balanced,BB-0311,BB-0766,4,9,0.5938983226656792
BB-1855 BB-0221,"[1855, 221]",[28],Cc1ccc(C(CNC(=O)OC(C)(C)C)C(=O)N2CCCC2c2nncn2CC(C)C)cc1,,random_balanced,BB-1855,BB-0221,6,1,0.6067593625423479
BB-0531 BB-1943,"[531, 1943]",[96],CCC(C(=O)O)(c1cccc(Br)c1)N(CCc1ccccc1)C(=O)CNC(=O)OC(C)(C)C,,random_balanced,BB-0531,BB-1943,5,7,0.700849113549297
BB-2146 BB-0354,"[2146, 354]",[96],CC(=O)N1CCC(C(C(=O)O)(c2ccc(F)cc2F)N(NC(=O)OC(C)(C)C)C(=O)c2cccc([N+](=O)[O-])c2)CC1,,random_balanced,BB-2146,BB-0354,5,5,0.4597001337049604
BB-0931 BB-1029,"[931, 1029]",[96],Cc1cc(N(C(=O)OC(C)(C)C)C2(C(=O)O)c3cc(Br)ccc3CC2C(F)(F)F)c(C)nn1,,random_balanced,BB-0931,BB-1029,5,7,0.33851706082600125
BB-1645 BB-0248,"[1645, 248]",[61],COC(=O)c1ccc2c(c1)CN(C(=O)C(CCSCCO)NC(=O)OC(C)(C)C)CC2,,random_balanced,BB-1645,BB-0248,5,1,0.5644298410379699
BB-0434 BB-2007,"[434, 2007]",[96],CC1CC(NC(=O)OC(C)(C)C)=CC(C(=O)O)(N(C(=O)OC(C)(C)C)C2CC2CC(C)(C)C)C1,,random_balanced,BB-0434,BB-2007,5,7,0.6916469661451016
BB-0479 BB-0874,"[479, 874]",[16],CCCc1ccc(C(=O)OCC(=O)N2CCc3[nH]c4ccccc4c3C2)cc1NC(=O)OC(C)(C)C,,random_balanced,BB-0479,BB-0874,4,1,0.2004198346000755
BB-0988 BB-1029,"[988, 1029]",[96],Cc1ccsc1C(Cc1ccccc1)N(C(=O)OC(C)(C)C)C1(C(=O)O)c2cc(Br)ccc2CC1C(F)(F)F,,random_balanced,BB-0988,BB-1029,5,8,0.3244835496108748
BB-1183 BB-0101,"[1183, 101]",[96],CCCCO/C=C/C(C(=O)O)(N(NC(=O)OC(C)(C)C)c1c(OC)cccc1S(C)(=O)=O)C(F)(F)F,,random_balanced,BB-1183,BB-0101,8,7,0.42652231330755896
BB-1135 BB-1470,"[1135, 1470]",[10],Cc1c(NNC(=O)OC(C)(C)C)ccc(Sc2ccc(/C=C/C(=O)O)cc2C(F)(F)F)c1C,,random_balanced,BB-1135,BB-1470,5,1,0.3518534499199859
BB-1558 BB-0677,"[1558, 677]",[103],CCC(C(=O)C1(C(=O)Nc2ccccc2S(=O)(=O)NC(=O)OC(C)(C)C)CC1)N(Cc1ccco1)C(=O)n1ccnc1,,random_balanced,BB-1558,BB-0677,2,1,0.3947147799514353
BB-1262 BB-0655,"[1262, 655]",[47],COc1ccc(F)cc1CCc1ccnc(NNC(=O)OC(C)(C)C)c1C,,random_balanced,BB-1262,BB-0655,3,1,0.5713420862318531
BB-0180 BB-0046,"[180, 46]",[107],CCOC(=O)c1[nH]c(C(O)c2c(C)nn(-c3ncccn3)c2NC(=O)OC(C)(C)C)cc1C,,random_balanced,BB-0180,BB-0046,4,2,0.7113369196873913
BB-0831 BB-2081,"[831, 2081]",[96],CC(C)(C)OC(=O)NCC(CC1CCOCC1)(C(=O)O)N(C(=O)OC(C)(C)C)c1nccn(C2CC2)c1=O,,random_balanced,BB-0831,BB-2081,5,7,0.3942669593093662
BB-1311 BB-1697,"[1311, 1697]",[79],COc1cc2c(cc1Br)CCN(C(=O)C(=O)N(c1ccc(Cl)cc1)S(=O)(=O)c1cc(NC(=O)OC(C)(C)C)ccc1OC)C2,,random_balanced,BB-1311,BB-1697,5,1,0.2778243348407284
BB-2169 BB-1210,"[2169, 1210]",[61],CN(CC(NC(=O)OC(C)(C)C)C(=O)N(c1ccc(F)c(Cl)c1)S(=O)(=O)c1cc(Cl)c(Cl)cc1Cl)c1ccccc1,,random_balanced,BB-2169,BB-1210,4,2,0.4493675800434211
BB-1769 BB-0058,"[1769, 58]",[17],COc1cc(C)c(O)c(S(=O)(=O)c2ccc([C@@H]3OCC[C@H]3NC(=O)OC(C)(C)C)cc2F)c1,,random_balanced,BB-1769,BB-0058,6,1,0.5928531543122676
BB-2076 BB-0736,"[2076, 736]",[74],Cc1ccc(CCNC(=O)OC(C)(C)C)c(S(=O)(=O)c2ccc(CN3CCC(=NO)CC3)cc2)c1,,random_balanced,BB-2076,BB-0736,5,1,0.3187319758752378
BB-2081 BB-1070,"[2081, 1070]",[39],CC(C)(C)OC(=O)NCC(CC1CCOCC1)(OC(=O)CC1C(=O)Nc2ccc(Cl)cc21)C(=O)O,,random_balanced,BB-2081,BB-1070,8,1,0.7069376178511818
BB-2077 BB-0188,"[2077, 188]",[68],Cc1cc(C(=O)O)n2ncc(Sc3cccc(C)c3CNC(=O)OC(C)(C)C)c2n1,,random_balanced,BB-2077,BB-0188,5,1,0.714545974568854
BB-2131 BB-1739,"[2131, 1739]",[30],CC(C)(C)OC(=O)N1C(=O)N([C@@H](CN)C(=O)O)C(=O)C1(C)Cn1cccn1,,random_balanced,BB-2131,BB-1739,5,1,0.47310777877494326
BB-2163 BB-1682,"[2163, 1682]",[96],CC1(CN(C(=O)OC(C)(C)C)C(CNC(=O)OC(C)(C)C)(C(=O)O)c2ccc(Br)cc2)CCCOC1,,random_balanced,BB-2163,BB-1682,5,8,0.4955793087697316
BB-2187 BB-1005,"[2187, 1005]",[96],CC1CCN(C(=O)c2ccc(N(C(=O)OC(C)(C)C)C(CCl)(C(=O)O)C(C#N)=C3Nc4ccccc4N3C)cc2)CC1,,random_balanced,BB-2187,BB-1005,5,7,0.6318820635480946
BB-1149 BB-0844,"[1149, 844]",[96],Cc1noc(C(C2CCOCC2)N(C(=O)OC(C)(C)C)C(C)(C(=O)O)c2ccc(C)c(C)c2O)n1,,random_balanced,BB-1149,BB-0844,6,9,0.38726233298163093
BB-1950 BB-1287,"[1950, 1287]",[49],CC(C)(C)OC(=O)Nc1ncc2c(c1C(=O)c1ccc3c(C(=O)O)n[nH]c3c1)CCOC2,,random_balanced,BB-1950,BB-1287,6,0,0.664903115342236
BB-2132 BB-0612,"[2132, 612]",[46],CCOC(=O)C(CCC(=O)Cl)C(=O)Cc1ccccc1NC(=O)OC(C)(C)C,,random_balanced,BB-2132,BB-0612,3,3,0.5737289966778908
BB-0319 BB-1466,"[319, 1466]",[96],CC(C)(C)OC(=O)N(CCc1nnc2ccccn12)C1(C(=O)O)CCC(O)(c2cccc(Cl)c2)CC1,,random_balanced,BB-0319,BB-1466,3,7,0.7105185333821619
BB-0734 BB-1441,"[734, 1441]",[40],CC(OC(=O)c1cnc2c(c1)C(NC(=O)OC(C)(C)C)CCO2)C1CCCCN1C(=O)OC(C)(C)C,,random_balanced,BB-0734,BB-1441,5,0,0.3445018298535022
BB-2141 BB-0119,"[2141, 119]",[96],CCCn1c(NC(=O)OC(C)(C)C)c(C(CCl)(C(=O)O)N(Cc2ccc(Oc3ccc([N+](=O)[O-])cc3)cc2)C(=O)OC(C)(C)C)c(=O)[nH]c1=O,,random_balanced,BB-2141,BB-0119,3,9,0.2220476925571478
BB-2003 BB-0363,"[2003, 363]",[82],CN(C1CCCc2oc(NC(=O)OC(C)(C)C)nc21)C(C)(C)C(N)=O,,random_balanced,BB-2003,BB-0363,9,1,0.7374895433014022
BB-1865 BB-2101,"[1865, 2101]",[96],CSc1cccc(C(c2ccc(F)cc2F)N(C(=O)OC(C)(C)C)C(C)(C(=O)O)C(NC(=O)OC(C)(C)C)C2CC2)c1,,random_balanced,BB-1865,BB-2101,5,7,0.3381480301279746
BB-1585 BB-2088,"[1585, 2088]",[96],CC(C)(C)OC(=O)NC1=C(Br)C(C(=O)O)(N(Cc2ccc(-c3ccc(C(F)(F)F)cc3)cc2)C(=O)OC(C)(C)C)CCC1,,random_balanced,BB-1585,BB-2088,2,8,0.49347712633041346
BB-1118 BB-1495,"[1118, 1495]",[96],COC(=O)CCCCC(C(=O)O)(N(C(=O)OC(C)(C)C)c1ccc(-c2cnn(C)c2)c(C)n1)C(F)(F)F,,random_balanced,BB-1118,BB-1495,3,6,0.6183717568664167
BB-2139 BB-0726,"[2139, 726]",[96],CCOc1ccc(N(C(=O)OC(C)(C)C)C(C(=O)O)(c2cccc(Br)c2)C(C)(C)O)cc1C,,random_balanced,BB-2139,BB-0726,4,6,0.3829815420371864
BB-0516 BB-0723,"[516, 723]",[96],CCOc1ccc2c(c1)C(N(C(=O)OC(C)(C)C)C1(C(=O)O)CCN(C(=O)OCc3ccccc3)CC1CC#N)CCO2,,random_balanced,BB-0516,BB-0723,3,8,0.4540363272400714
BB-2024 BB-0782,"[2024, 782]",[39],Cc1ccc(S(=O)(=O)NC(C(=O)OC(CNC(=O)OC(C)(C)C)(C(=O)O)c2cnnn2C)C(C)C)cc1C,,random_balanced,BB-2024,BB-0782,6,1,0.6128638016854259
BB-2078 BB-0244,"[2078, 244]",[107],COCc1ccc(NC(=O)OC(C)(C)C)cc1C(C)(O)/C(=C/c1ccc(Cl)c(Cl)c1)C(N)=O,,random_balanced,BB-2078,BB-0244,5,7,0.8126740652250884
BB-0896 BB-0592,"[896, 592]",[96],CCCCc1cc(=O)oc2c(C)c(O)c(C(C=CN(C)C)(C(=O)O)N(C(=O)OC(C)(C)C)c3cc4c(cn3)OCC4)cc12,,random_balanced,BB-0896,BB-0592,5,7,0.3657677179469823
BB-0577 BB-1876,"[577, 1876]",[96],CC(NC(=O)OC(C)(C)C)C(=O)N(c1cc(C(F)(F)F)n[nH]1)C1(C(=O)O)CCN(Cc2ccccc2)CC1,,random_balanced,BB-0577,BB-1876,5,7,0.740435995529022
BB-0953 BB-1916,"[953, 1916]",[31],C#CC(CNC(=O)OC(C)(C)C)Oc1cnc(Br)c(O)c1,,random_balanced,BB-0953,BB-1916,3,0,0.27239463930121255
BB-0733 BB-1097,"[733, 1097]",[96],C=CCN1C(=O)C(C(=O)O)(N(CC2(CC(C)C)N=N2)C(=O)OC(C)(C)C)c2cc(C)ccc21,,random_balanced,BB-0733,BB-1097,6,3,0.36237377577564356
BB-0063 BB-1373,"[63, 1373]",[16],CC(C)(C)OC(=O)Nc1ccc(C(=O)OCC2CCN(C(=O)c3ccccc3)C2)cc1CCCC(=O)O,,random_balanced,BB-0063,BB-1373,4,0,0.16085512800459195
BB-1010 BB-1189,"[1010, 1189]",[68],COC(=O)c1cnn(C)c1CCSc1c(F)c(F)cc(F)c1NC(=O)OC(C)(C)C,,random_balanced,BB-1010,BB-1189,5,1,0.7553495220659348
BB-1682 BB-2167,"[1682, 2167]",[47],CC(C)(C)OC(=O)NCC(=O)c1ccc(-c2ccc(C3(NC(=O)OC(C)(C)C)CC(F)C3)cc2)cc1,,random_balanced,BB-1682,BB-2167,9,5,0.10843813502035854
BB-1587 BB-0244,"[1587, 244]",[68],CC(=O)/C(=C/c1ccc(Cl)c(Sc2cccc3c2OC(C)(C)CC3NC(=O)OC(C)(C)C)c1)C(N)=O,,random_balanced,BB-1587,BB-0244,6,8,0.4300835288354433
BB-0328 BB-1411,"[328, 1411]",[96],COCC[C@@H]1C[C@H]1N(C(=O)OC(C)(C)C)C(C)(C(=O)O)c1ccc(OCOC)c(C)c1O,,random_balanced,BB-0328,BB-1411,6,8,0.5818535093248058
BB-0080 BB-0492,"[80, 492]",[96],COCCCC(Cc1ccccc1)N(C(=O)OC(C)(C)C)C(C)(C(=O)O)c1cc(Br)cc(OC)c1O,,random_balanced,BB-0080,BB-0492,5,6,0.3911984539609162
BB-1594 BB-1807,"[1594, 1807]",[62],Cc1cc(C)c(NC(=O)OC(C)(C)C)c(N2CCC[C@@H]2Cn2cncn2)c1,,random_balanced,BB-1594,BB-1807,4,0,0.46006353629377866
BB-0348 BB-2000,"[348, 2000]",[31],CC(=O)c1cc(C(NC(=O)OC(C)(C)C)C(=O)O)ccc1Oc1cn(C)nc1NC(=O)OC(C)(C)C,,random_balanced,BB-0348,BB-2000,8,4,0.2125205167414551
BB-1211 BB-0359,"[1211, 359]",[10],COc1cc(C)c(Sc2cn[nH]c2Cc2ccccc2)cc1NC(=O)OC(C)(C)C,,random_balanced,BB-1211,BB-0359,5,0,0.6542996973244717
BB-2180 BB-0886,"[2180, 886]",[98],CC(CONC(=O)OC(C)(C)C)OC(=O)Cc1ccc(F)cc1I,,random_balanced,BB-2180,BB-0886,5,2,0.6205105887369875
BB-0791 BB-0746,"[791, 746]",[96],CC(C)CC1CCC(C(=O)O)(N(C(=O)OC(C)(C)C)c2ccc(F)cc2N2CCCC2=O)C1,,random_balanced,BB-0791,BB-0746,2,5,0.4985314852206578
BB-0255 BB-0726,"[255, 726]",[96],Cc1nc(N(C(=O)OC(C)(C)C)C(C(=O)O)(c2cccc(Br)c2)C(C)(C)O)sc1Cc1ccc(F)c(F)c1F,,random_balanced,BB-0255,BB-0726,3,7,0.49746419593867586
BB-2138 BB-0233,"[2138, 233]",[96],COC(=O)c1c(CC(=O)O)[nH]c(C(C)(C(=O)O)N(C(=O)OC(C)(C)C)[C@@H]2CCCN(S(=O)(=O)c3cccs3)C2)c1C,,random_balanced,BB-2138,BB-0233,4,8,0.6176792744985681
BB-1110 BB-1326,"[1110, 1326]",[96],COc1cccc(C(C(=O)O)(c2ccc(C(=O)O)cc2)N(CC(C)c2nc3ccccc3n2C(F)F)C(=O)OC(C)(C)C)c1,,random_balanced,BB-1110,BB-1326,5,6,0.5777699913082035
BB-0754 BB-1711,"[754, 1711]",[61],CC(C)(C)OC(=O)NC(CC(=O)N(Cc1ccccc1[N+](=O)[O-])C1CC1)c1ccncc1,,random_balanced,BB-0754,BB-1711,5,1,0.7304219685031988
BB-0282 BB-2020,"[282, 2020]",[96],Cc1cnn(C(C)CN(C(=O)OC(C)(C)C)C(CNC(=O)OC(C)(C)C)(C(=O)O)c2ccc(F)cc2Cl)c1,,random_balanced,BB-0282,BB-2020,3,8,0.57016053319078
BB-1118 BB-1242,"[1118, 1242]",[96],Cc1cc2c(c(C)c1Cl)C(C(=O)O)(N(C(=O)OC(C)(C)C)c1ccc(-c3cnn(C)c3)c(C)n1)CCO2,,random_balanced,BB-1118,BB-1242,4,9,0.6182632147186264
BB-0255 BB-1362,"[255, 1362]",[96],Cc1nc(N(C(=O)OC(C)(C)C)C(C)(C(=O)O)c2c(Cl)cccc2Cl)sc1Cc1ccc(F)c(F)c1F,,random_balanced,BB-0255,BB-1362,4,5,0.612315733422238
BB-2113 BB-1887,"[2113, 1887]",[96],COC(=O)c1ccc2c(c1)CCC2(C(=O)O)N(OCC1(F)CCC1)C(=O)OC(C)(C)C,,random_balanced,BB-2113,BB-1887,4,5,0.5595096371512617
BB-0672 BB-1648,"[672, 1648]",[106],CCOC(=O)C1(C(=O)c2cnc(CNC(=O)OC(C)(C)C)s2)CC(OCc2ccccc2)C1,,random_balanced,BB-0672,BB-1648,5,1,0.4563947855354456
BB-1081 BB-0669,"[1081, 669]",[96],COC(=O)c1cc2c(o1)CCCC2(C(=O)O)N(C(=O)OC(C)(C)C)S(=O)(=O)c1nnc(C)s1,,random_balanced,BB-1081,BB-0669,5,5,0.44459762913841516
BB-0185 BB-1043,"[185, 1043]",[96],CN(C)c1nc(CCN(C(=O)OC(C)(C)C)C(CN2CCNCC2)(C(=O)O)c2cccs2)cs1,,random_balanced,BB-0185,BB-1043,3,7,0.5916969202210598
BB-0247 BB-0659,"[247, 659]",[28],Cc1noc(C2CN(C(=O)c3ccc(C4(NC(=O)OC(C)(C)C)CC4)o3)CC23COC3)n1,,random_balanced,BB-0247,BB-0659,4,2,0.6156629819631828
BB-2061 BB-1114,"[2061, 1114]",[68],CC(C)(C)OC(=O)Nc1ccc(Sc2cccc(C(CC(F)(F)F)C(=O)O)c2)c2c1OCCO2,,random_balanced,BB-2061,BB-1114,5,2,0.6804882392233744
BB-1707 BB-1555,"[1707, 1555]",[96],CCOC(=O)C1(C)C=CC(C(=O)O)(N(Cc2nnc3n2CCN(C(=O)OC(C)(C)C)C3)C(=O)OC(C)(C)C)CC1,,random_balanced,BB-1707,BB-1555,6,8,0.4377208377743027
BB-1974 BB-1876,"[1974, 1876]",[96],CC(C)(C)OC(=O)N[C@H]1C[C@@H](CC(=O)OC2(C(=O)O)CCN(Cc3ccccc3)CC2)C1,,random_balanced,BB-1974,BB-1876,6,8,0.4153152354999244
BB-0921 BB-1905,"[921, 1905]",[96],CC(C)(C)OC(=O)N(C1CCCN(c2ccccc2F)C1=O)C(C(=O)O)(c1ncc[nH]1)C1CCCCC1,,random_balanced,BB-0921,BB-1905,6,9,0.33027051370981525
BB-0035 BB-1019,"[35, 1019]",[96],Cc1[nH]c(-c2ccco2)nc(=O)c1C(C)(C(=O)O)N(CC12CCC(F)(CO1)C2)C(=O)OC(C)(C)C,,random_balanced,BB-0035,BB-1019,4,8,0.6396012829713889
BB-2051 BB-1979,"[2051, 1979]",[18],CC(C)(C)OC(=O)NCCNc1ncc(C(F)(F)F)cc1S(=O)(=O)c1cc(C(F)(F)F)cnc1CCNC(=O)OC(C)(C)C,,random_balanced,BB-2051,BB-1979,7,5,0.25815175757003267
BB-0630 BB-1787,"[630, 1787]",[31],COC(=O)C[C@H](NC(=O)OC(C)(C)C)c1ccnc(Oc2cc(CN)cnc2N)c1,,random_balanced,BB-0630,BB-1787,6,1,0.5509012876854845
BB-2131 BB-0269,"[2131, 269]",[96],COC(=O)C(C)(Cn1cccn1)N(C(=O)OC(C)(C)C)C1(C(=O)O)C(F)=CCCc2ccc(Br)cc21,,random_balanced,BB-2131,BB-0269,6,6,0.29186164061162767
BB-2103 BB-1519,"[2103, 1519]",[96],Cc1ccc2c(c1)C(N(C(=O)OC(C)(C)C)C1(C(=O)O)CCCc3oc(=O)c(C(N)=O)cc31)C(=O)N2C,,random_balanced,BB-2103,BB-1519,5,7,0.4485095411979934
BB-0647 BB-0826,"[647, 826]",[96],CCCC1Oc2ccc(C)cc2C1(C(=O)O)N(Cc1cc(Br)cc2cccnc12)C(=O)OC(C)(C)C,,random_balanced,BB-0647,BB-0826,3,8,0.33149661913055545
BB-0295 BB-0369,"[295, 369]",[62],COC(=O)c1ccc(C)c(N2CCCn3c(C(=O)OC)cnc32)c1NC(=O)OC(C)(C)C,,random_balanced,BB-0295,BB-0369,4,2,0.4656026276832668
BB-0247 BB-0469,"[247, 469]",[28],CC(C)(C)OC(=O)NC1(c2ccc(C(=O)N(CCO)c3nc(N4CCN(c5ccccc5)CC4)nc4ccccc34)o2)CC1,,random_balanced,BB-0247,BB-0469,5,1,0.17812539564251553
BB-2008 BB-2083,"[2008, 2083]",[104],Cc1nc(-c2ccc(NC(=O)OC(C)(C)C)c3c2OCC3)c(CNC(=O)OC(C)(C)C)n1C,,random_balanced,BB-2008,BB-2083,5,7,0.7140143550883521
BB-0116 BB-1062,"[116, 1062]",[96],Cc1ccc(N2CCC(C(=O)O)(N(C(=O)OC(C)(C)C)C(c3ccc(F)cc3)c3noc(C)n3)CC2=O)cc1,,random_balanced,BB-0116,BB-1062,5,8,0.6167589698079297
BB-1511 BB-0028,"[1511, 28]",[96],CCn1c(NC(=O)OC(C)(C)C)c(C(CCl)(C(=O)O)N(C(=O)OC(C)(C)C)C(C(=O)OC)C2CCOC2)c(=O)[nH]c1=O,,random_balanced,BB-1511,BB-0028,4,8,0.18613919084495822
BB-2196 BB-0086,"[2196, 86]",[28],COC(=O)C(NC(=O)OC(C)(C)C)[C@@H]1C[C@H]1C(=O)N1CCN(c2nsc(C3CC3)n2)CC1,,random_balanced,BB-2196,BB-0086,4,2,0.207584456390305
BB-2066 BB-1026,"[2066, 1026]",[75],CC(C)c1cc(S(=O)(=O)c2cc(NC(=O)OC(C)(C)C)ccc2CO)n2ncnc2n1,,random_balanced,BB-2066,BB-1026,3,3,0.7570693493651316
BB-0647 BB-1788,"[647, 1788]",[88],COc1cc(C(C)(C)Oc2cc(CNC(=O)OC(C)(C)C)c3ncccc3c2)ccc1Br,,random_balanced,BB-0647,BB-1788,4,1,0.4036210719791022
BB-1652 BB-0415,"[1652, 415]",[96],CC(C)(C)OC(=O)N(CCc1occc1C(=O)O)C(C(=O)O)(c1ccccc1)c1ccc(B2OC(C)(C)C(C)(C)O2)cc1,,random_balanced,BB-1652,BB-0415,5,6,0.39683066155425734
BB-0737 BB-1917,"[737, 1917]",[61],CC(C)(C)OC(=O)NCC(O)C(=O)N1CC=C(c2cccnc2)CC1,,random_balanced,BB-0737,BB-1917,3,0,0.5406955680361406
BB-0194 BB-1398,"[194, 1398]",[96],COCC(c1ccccc1)(c1nc2ccccc2n1C)N(C(=O)OC(C)(C)C)C(C)(C(=O)O)c1c[nH]c2ccc([N+](=O)[O-])cc12,,random_balanced,BB-0194,BB-1398,3,5,0.24711282611589938
BB-2119 BB-0313,"[2119, 313]",[10],COC(=O)c1nc2cc(Sc3cc(Cl)ccc3-c3nc(NC(=O)OC(C)(C)C)no3)ccc2n1C,,random_balanced,BB-2119,BB-0313,4,1,0.3365220078923902
BB-0813 BB-0347,"[813, 347]",[3],CC(C)(C)OC(=O)Nc1ccccc1N(C(=O)c1cccnc1OCCO)C1CCN(C(=O)OC(C)(C)C)C1,,random_balanced,BB-0813,BB-0347,3,0,0.4808867759137869
BB-0207 BB-1989,"[207, 1989]",[96],CC(C(=O)N1CCc2ccccc21)N(C(=O)OC(C)(C)C)C(C)(C(=O)O)c1cc2cccc(F)c2o1,,random_balanced,BB-0207,BB-1989,6,7,0.5969310998488997
BB-0943 BB-1670,"[943, 1670]",[96],CC(C#CC(=O)O)N(C(=O)OC(C)(C)C)C(C)(/C=C/c1ccc([N+](=O)[O-])cc1)C(=O)O,,random_balanced,BB-0943,BB-1670,6,7,0.6130585099909822
BB-0622 BB-1381,"[622, 1381]",[62],CC(C)(C)OC(=O)NCc1cc2c(cc1N1CCC(Cn3ccc([N+](=O)[O-])n3)CC1)OC(C)(C)O2,,random_balanced,BB-0622,BB-1381,6,1,0.6871297518895543
BB-1211 BB-0209,"[1211, 209]",[107],CCn1c(C(=O)O)c(C(O)c2cc(NC(=O)OC(C)(C)C)c(OC)cc2C)c2ccccc21,,random_balanced,BB-1211,BB-0209,6,0,0.7064479358899226
BB-0668 BB-1969,"[668, 1969]",[96],CC(C)(C)OC(=O)N(c1nc(-c2ccc3c(c2)-c2ccccc2C3)cs1)C(C)(CCCN1C(=O)c2ccccc2C1=O)C(=O)O,,random_balanced,BB-0668,BB-1969,5,7,0.27448639832037386
BB-2063 BB-0478,"[2063, 478]",[68],Cc1cc(Cl)c(CNC(=O)OC(C)(C)C)nc1SCC12CCC(C1)C(=O)N2,,random_balanced,BB-2063,BB-0478,5,1,0.40078188961828337
BB-2112 BB-0079,"[2112, 79]",[4],CN(c1ccc(OC(=S)Cl)cc1)c1ncccc1S(=O)(=O)NC(=O)OC(C)(C)C,,random_balanced,BB-2112,BB-0079,4,0,0.5553653928763095
BB-0116 BB-0228,"[116, 228]",[96],Cc1cc(Cl)c(O)c(C(C)(C(=O)O)N(C(=O)OC(C)(C)C)C(c2ccc(F)cc2)c2noc(C)n2)c1,,random_balanced,BB-0116,BB-0228,6,7,0.3853165748723064
BB-0344 BB-1846,"[344, 1846]",[0],COC(=O)C(=Cc1cc(C(F)(F)F)ccc1N(C)CC(=O)O)[C@H](NC(=O)OC(C)(C)C)c1cc([N+](=O)[O-])ccc1F,,random_balanced,BB-0344,BB-1846,7,0,0.6539129989671785
BB-0299 BB-1935,"[299, 1935]",[98],COc1ccc(N2CCN(C(C)C(=O)OC(C)C(C)(CNC(=O)OC(C)(C)C)Cc3ccc(F)cc3)CC2)cc1,,random_balanced,BB-0299,BB-1935,5,0,0.5089692794272382
BB-0650 BB-0426,"[650, 426]",[96],CC(C)(C)OC(=O)N1CC(c2nnc(N(C(=O)OC(C)(C)C)C(CBr)(C(=O)O)C3CC(F)(F)C3)o2)C1,,random_balanced,BB-0650,BB-0426,5,5,0.636178507970359
BB-0249 BB-1699,"[249, 1699]",[96],CNC(=O)CCC(c1ccccc1)N(C(=O)OC(C)(C)C)C(C)(C(=O)O)c1cnc(Cl)c(Br)c1,,random_balanced,BB-0249,BB-1699,3,7,0.3610554701103844
BB-2185 BB-1887,"[2185, 1887]",[96],CCOc1cccc(N(C(=O)OC(C)(C)C)C2(C(=O)O)CCc3cc(C(=O)OC)ccc32)n1,,random_balanced,BB-2185,BB-1887,3,6,0.49745054806205674
BB-1958 BB-1166,"[1958, 1166]",[22],CCCN(C(=O)C(=O)N1CCCC1c1ccc2c(c1)OCCCO2)c1ccncc1NC(=O)OC(C)(C)C,,random_balanced,BB-1958,BB-1166,5,0,0.47661721713486255
BB-2178 BB-1706,"[2178, 1706]",[96],CC(CCC1CCCC1)N(C(=O)OC(C)(C)C)C1(C(=O)O)CC(C(=O)O)(c2cccc(Br)c2)C1,,random_balanced,BB-2178,BB-1706,5,7,0.5566320827593279
BB-2102 BB-1670,"[2102, 1670]",[96],CSc1cccc(C)c1N(C(=O)OC(C)(C)C)C(C)(/C=C/c1ccc([N+](=O)[O-])cc1)C(=O)O,,random_balanced,BB-2102,BB-1670,4,8,0.45638691615928395
BB-1825 BB-1241,"[1825, 1241]",[96],CCCCC(C(=O)O)(c1ccc(C)cc1O)N(C(=O)OC(C)(C)C)c1c(C(C)C)n[nH]c1C(N)=O,,random_balanced,BB-1825,BB-1241,5,9,0.2687951064579487
BB-2111 BB-1113,"[2111, 1113]",[96],COc1ccc(-c2csc(CCN(C(=O)OC(C)(C)C)C3(C(=O)O)CCC(OC4CCCCC4)CC3)n2)cc1,,random_balanced,BB-2111,BB-1113,4,5,0.29309359726353695
BB-2076 BB-0337,"[2076, 337]",[10],Cc1ccc(CCNC(=O)OC(C)(C)C)c(SC(C)C(=O)c2ccc3c(c2)CCC(=O)N3)c1,,random_balanced,BB-2076,BB-0337,6,7,0.4145815646175264
BB-1265 BB-0433,"[1265, 433]",[31],COc1ccc(OC(CNC(=O)OC(C)(C)C)c2csc(C)n2)c(CCC(=O)O)c1,,random_balanced,BB-1265,BB-0433,4,1,0.7207462253002797
BB-1827 BB-0501,"[1827, 501]",[96],COc1ccc2[nH]c3c(c2c1)CCCC3(C(=O)O)N(Cc1ccc2c(c1)C(=O)OC2)C(=O)OC(C)(C)C,,random_balanced,BB-1827,BB-0501,6,5,0.5381113925769242
BB-0373 BB-0351,"[373, 351]",[61],CCc1cc(Br)cc2c1N(C(=O)C(Cc1ccn(C)n1)NC(=O)OC(C)(C)C)CCC2,,random_balanced,BB-0373,BB-0351,6,1,0.48400500719524214
BB-0982 BB-1844,"[982, 1844]",[75],CCc1cc(NC(=O)OC(C)(C)C)cc(S(=O)(=O)c2ccc(OC)cc2-c2cc(C(=O)O)on2)n1,,random_balanced,BB-0982,BB-1844,6,1,0.537646453001232
BB-2083 BB-0031,"[2083, 31]",[106],CC(C)(C)OC(=O)Nc1ccc(C(=O)Cc2ccc(O)cc2)c2c1CCO2,,random_balanced,BB-2083,BB-0031,8,1,0.6274170146590045
BB-0308 BB-1840,"[308, 1840]",[96],CCC(C)(C)c1cc(C(C)=O)c(O)c(C(C)(C(=O)O)N(Cc2ccc3oc(C(C)C)nc3c2)C(=O)OC(C)(C)C)c1,,random_balanced,BB-0308,BB-1840,6,6,0.5895724249737293
BB-2176 BB-0342,"[2176, 342]",[96],Cc1ccc(Cl)c2c1NC(=O)C2(C(=O)O)N(C(=O)OC(C)(C)C)c1nnc(-c2c(F)cccc2F)s1,,random_balanced,BB-2176,BB-0342,5,4,0.564768050401599
BB-0688 BB-1217,"[688, 1217]",[96],Cc1ccccc1-c1cc(N(C(=O)OC(C)(C)C)C2(C(=O)O)COc3cc(O)cc(C)c32)n(Cc2ccccc2)n1,,random_balanced,BB-0688,BB-1217,4,8,0.3758507288875165
BB-2138 BB-0342,"[2138, 342]",[96],Cc1ccc(Cl)c2c1NC(=O)C2(C(=O)O)N(C(=O)OC(C)(C)C)[C@@H]1CCCN(S(=O)(=O)c2cccs2)C1,,random_balanced,BB-2138,BB-0342,5,5,0.5096207380200504
BB-2004 BB-1528,"[2004, 1528]",[62],CC(C)(C)OC(=O)NCC(CO)c1ccccc1N1CCC(c2nc3ccccc3o2)CC1,,random_balanced,BB-2004,BB-1528,6,1,0.6950763419897057
BB-0007 BB-0949,"[7, 949]",[96],Cc1nnc2cc(N(C(=O)OC(C)(C)C)C3(C(=O)O)CCc4c(C(=O)O)cccc43)ccn12,,random_balanced,BB-0007,BB-0949,5,5,0.5182047110157758
BB-1673 BB-1482,"[1673, 1482]",[96],CC([C@@H]1C[C@H]1c1ccccc1)N(C(=O)OC(C)(C)C)C(C)(C(=O)O)c1c(O)ccc2ccccc12,,random_balanced,BB-1673,BB-1482,4,8,0.4429486344436605
BB-0428 BB-0912,"[428, 912]",[108],Cc1cc(N2CCC(NC(=O)OC(C)(C)C)CC2)n(-c2ccccc2C2CCCC2)n1,,random_balanced,BB-0428,BB-0912,4,0,0.754188775930977
BB-0963 BB-0794,"[963, 794]",[96],COC(=O)c1nc(Br)cnc1N(C(=O)OC(C)(C)C)C1(C(=O)O)CC(C)c2c(C)ccc(OCC(=O)O)c21,,random_balanced,BB-0963,BB-0794,6,6,0.3209079756285825
BB-1151 BB-1528,"[1151, 1528]",[61],COc1cccc(C(CC(=O)N2CCC(c3nc4ccccc4o3)CC2)NC(=O)OC(C)(C)C)c1,,random_balanced,BB-1151,BB-1528,4,2,0.42745321328435365
BB-1110 BB-0602,"[1110, 602]",[96],CC(C)c1cccc2c1OCCCC2(C(=O)O)N(CC(C)c1nc2ccccc2n1C(F)F)C(=O)OC(C)(C)C,,random_balanced,BB-1110,BB-0602,6,6,0.6599381234876441
BB-0622 BB-0751,"[622, 751]",[47],CN1CCN(C(=O)CCc2cc3c(cc2CNC(=O)OC(C)(C)C)OC(C)(C)O3)CC1,,random_balanced,BB-0622,BB-0751,7,1,0.6332528787463212
BB-1052 BB-2010,"[1052, 2010]",[96],CC(C)(C)OC(=O)Nc1c2c(cc3c1CCC3(C(=O)O)N(C/C=C/C(F)F)C(=O)OC(C)(C)C)CCC2,,random_balanced,BB-1052,BB-2010,5,9,0.7728415555924594
BB-2132 BB-0560,"[2132, 560]",[96],CCOC(=O)Cc1ccccc1N(C(=O)OC(C)(C)C)C1(C(=O)O)C=C(c2cccc(CO)n2)CCC1,,random_balanced,BB-2132,BB-0560,4,7,0.47811582538666614
BB-0823 BB-0501,"[823, 501]",[96],COc1ccc2[nH]c3c(c2c1)CCCC3(C(=O)O)N(C(=O)OC(C)(C)C)c1cccc2c1CN(CC(F)(F)F)C2,,random_balanced,BB-0823,BB-0501,4,6,0.4564765072662674
BB-0567 BB-1091,"[567, 1091]",[31],CC(C)(C)OC(=O)Nc1ccc(OCC2CN(Cc3ccccc3)CCCO2)c(NC(=O)OC(C)(C)C)c1,,random_balanced,BB-0567,BB-1091,5,0,0.35023553871921675
BB-1992 BB-1925,"[1992, 1925]",[62],CC(C)(C)OC(=O)NS(=O)(=O)c1cc2c(cc1N1CCCN(c3cnccn3)CC1)NCNS2(=O)=O,,random_balanced,BB-1992,BB-1925,4,1,0.6915562205412377
BB-1138 BB-1952,"[1138, 1952]",[62],C=Cc1ccc2c(c1)CN(c1cccc(-n3nc4c(c3NC(=O)OC(C)(C)C)CCC4)c1)C2,,random_balanced,BB-1138,BB-1952,7,1,0.6891213561831178
BB-2111 BB-0074,"[2111, 74]",[96],COC(=O)c1cc2c([nH]1)C(C(=O)O)(N(CCc1nc(-c3ccc(OC)cc3)cs1)C(=O)OC(C)(C)C)CCC2,,random_balanced,BB-2111,BB-0074,5,7,0.640419418112425
BB-0457 BB-2049,"[457, 2049]",[96],CCCC(C(=O)O)(c1cc(NC(=O)OC(C)(C)C)ccc1F)N(C(=O)OC(C)(C)C)C1(c2nc(C3CCOCC3)no2)CCOCC1,,random_balanced,BB-0457,BB-2049,5,9,0.41109304643414285
BB-1132 BB-0208,"[1132, 208]",[96],Cc1cc2c(cc1C)C(C(=O)O)(N(C(=O)OC(C)(C)C)C1(c3nccs3)CCCC1)CCC2,,random_balanced,BB-1132,BB-0208,4,6,0.3395752616347849
BB-1963 BB-0746,"[1963, 746]",[96],CC(C)CC1CCC(C(=O)O)(N(C(=O)OC(C)(C)C)C2(Cc3ccc(F)cc3F)CCCCC2)C1,,random_balanced,BB-1963,BB-0746,4,6,0.4927383562939034
BB-1333 BB-1320,"[1333, 1320]",[25],Cc1cc(CN(c2ccc(C(N)=O)cc2NC(=O)OC(C)(C)C)C2CC2)c(C)n1CC(C)C,,random_balanced,BB-1333,BB-1320,6,1,0.6924684009554369
BB-0822 BB-1295,"[822, 1295]",[0],CCOC1CC(C=CC(=O)Nc2ccc(C)cc2NC(=O)OC(C)(C)C)C1,,random_balanced,BB-0822,BB-1295,4,0,0.6341458898867915
BB-0988 BB-1213,"[988, 1213]",[96],Cc1cc(C)c2c(c1)NC(=O)C2(C(=O)O)N(C(=O)OC(C)(C)C)C(Cc1ccccc1)c1sccc1C,,random_balanced,BB-0988,BB-1213,6,5,0.35074911107513235
BB-2130 BB-1514,"[2130, 1514]",[96],Cc1noc(C)c1C(C)(C(=O)O)N(CCNC(=O)C1CCCC1)C(=O)OC(C)(C)C,,random_balanced,BB-2130,BB-1514,7,6,0.6239741095566955
BB-2159 BB-1964,"[2159, 1964]",[98],CC(C)(C)OC(=O)NOC(COC(=O)c1ccc2occ(Br)c2c1)C1CCCC1,,random_balanced,BB-2159,BB-1964,5,0,0.7396714718239848
BB-2072 BB-1546,"[2072, 1546]",[104],CC(C)(C)OC(=O)NCCc1cc(F)ccc1-c1cnn2c1N(C(=O)OC(C)(C)C)CC2,,random_balanced,BB-2072,BB-1546,4,1,0.7994423270843155
BB-2030 BB-0594,"[2030, 594]",[68],Cc1nc2cccnc2nc1Sc1cc(NC(=O)OC(C)(C)C)ccc1CS(C)(=O)=O,,random_balanced,BB-2030,BB-0594,5,1,0.6443865280970348
BB-1288 BB-1176,"[1288, 1176]",[96],CC1(C)CC(NCc2ccccc2)=CC(C(=O)O)(N(C(=O)OC(C)(C)C)c2cnn(C(C)(C)c3nnc4n3CCCCC4)c2)C1,,random_balanced,BB-1288,BB-1176,5,9,0.28897054252852394
BB-0145 BB-1988,"[145, 1988]",[97],CC(C)(C)OC(=O)NCc1cc(C(=O)OCc2c(NC(=O)OC(C)(C)C)ccc(Br)c2F)c2n1CCCC2,,random_balanced,BB-0145,BB-1988,7,5,0.25898395310765854
BB-0768 BB-0258,"[768, 258]",[10],CC(C)(C)OC(=O)NC(CC(=O)O)c1cccc(SCc2cc(Br)no2)c1,,random_balanced,BB-0768,BB-0258,2,2,0.4747846127215927
BB-1769 BB-1493,"[1769, 1493]",[18],Cc1nc2cccc(S(=O)(=O)c3ccc([C@@H]4OCC[C@H]4NC(=O)OC(C)(C)C)cc3F)c2c(=O)[nH]1,,random_balanced,BB-1769,BB-1493,7,0,0.43529027536252113
BB-0774 BB-0259,"[774, 259]",[96],COCCNC(=O)c1c(N(C(=O)OC(C)(C)C)C2(C(=O)O)CCCc3cc(OC(C)C)ccc32)sc2c1CCCC2,,random_balanced,BB-0774,BB-0259,4,6,0.5325887868342396
BB-1592 BB-0450,"[1592, 450]",[104],C#CCCCC(NC(=O)OC(C)(C)C)c1ccc(-c2ccc(C3CCNCC3)cc2C)cc1,,random_balanced,BB-1592,BB-0450,4,0,0.25829009222126265
BB-1819 BB-1015,"[1819, 1015]",[96],CCOC(=O)c1nc(C2CC2)n(Cc2ccccc2)c1N(C(=O)OC(C)(C)C)C(C)(C(=O)O)c1cc(C(C)=O)ccc1O,,random_balanced,BB-1819,BB-1015,6,6,0.4341272492614285
BB-0282 BB-1871,"[282, 1871]",[96],COc1cc(Cl)c2c(c1)C(C(=O)O)(N(CC(C)n1cc(C)cn1)C(=O)OC(C)(C)C)CCC2,,random_balanced,BB-0282,BB-1871,4,5,0.47869125404636625
BB-1271 BB-1096,"[1271, 1096]",[10],CCCOCCSc1ccc(OCn2ccc(C(=O)NNC(=O)OC(C)(C)C)n2)cc1,,random_balanced,BB-1271,BB-1096,4,2,0.0636155336992531
BB-0703 BB-0450,"[703, 450]",[55],Cc1cc(C2CCN(c3cc(NC(=O)OC(C)(C)C)cnc3OC(C)C)CC2)ccc1Br,,random_balanced,BB-0703,BB-0450,4,1,0.662803165882344
BB-2182 BB-0011,"[2182, 11]",[96],CC(C)(C)OC(=O)NN(c1ncnc2c1oc1ccccc12)C(CC1COCCN1)(C(=O)O)c1ccccc1,,random_balanced,BB-2182,BB-0011,6,5,0.46555398493285416
BB-0336 BB-0381,"[336, 381]",[62],CC1COC(c2cccc(C(F)(F)F)c2)CN1c1ccc(-n2cnnn2)cc1NC(=O)OC(C)(C)C,,random_balanced,BB-0336,BB-0381,5,1,0.7904336511548972
BB-2006 BB-1164,"[2006, 1164]",[104],COC(=O)c1cc(C)cc(-c2nn(C)cc2NC(=O)OC(C)(C)C)c1,,random_balanced,BB-2006,BB-1164,5,2,0.6407556268703011
BB-1284 BB-0821,"[1284, 821]",[96],COc1ccc2c(c1OC)CCC2(C(=O)O)N(CCc1nccn1C(F)F)C(=O)OC(C)(C)C,,random_balanced,BB-1284,BB-0821,2,6,0.5953197762118853
BB-2051 BB-1728,"[2051, 1728]",[88],CC1CC(Oc2cc(C(F)(F)F)cnc2CCNC(=O)OC(C)(C)C)CN1C,,random_balanced,BB-2051,BB-1728,8,1,0.7865455381750359
BB-0482 BB-1078,"[482, 1078]",[55],COC(=O)c1ccc(CCNC(=O)OC(C)(C)C)c(N(CC(F)(F)F)C2CCCOC2)c1,,random_balanced,BB-0482,BB-1078,6,1,0.8328323253413377
BB-2186 BB-1936,"[2186, 1936]",[96],COc1cc(O)c(C(C)(C(=O)O)n2nc(C(C)(C)NC(=O)OC(C)(C)C)cc2C(=O)OC(C)(C)C)cc1Cl,,random_balanced,BB-2186,BB-1936,4,5,0.6656264323983119
BB-1683 BB-1876,"[1683, 1876]",[96],CC(C)(C)OC(=O)N(C1CCCc2cn(CC(F)(F)F)nc21)C1(C(=O)O)CCN(Cc2ccccc2)CC1,,random_balanced,BB-1683,BB-1876,3,9,0.6800724535903157
BB-0246 BB-0365,"[246, 365]",[96],CCC1CCC(C2=NCCN2)(N(C(=O)OC(C)(C)C)C(CBr)(C(=O)O)[C@@H](COCc2ccccc2)NC(=O)OC(C)(C)C)CC1,,random_balanced,BB-0246,BB-0365,9,6,0.4543408722995106
BB-1198 BB-1869,"[1198, 1869]",[103],C=C1CC1C(=O)[C@]1(C(=O)OC)C[C@H]1c1ccccc1NC(=O)OC(C)(C)C,,random_balanced,BB-1198,BB-1869,4,0,0.7198210713789046
BB-0516 BB-1024,"[516, 1024]",[96],CCOc1ccc2c(c1)C(N(C(=O)OC(C)(C)C)C1(C(=O)O)C(=O)N(CC(C)C)c3ccccc31)CCO2,,random_balanced,BB-0516,BB-1024,4,4,0.5805260842206705
BB-0255 BB-1989,"[255, 1989]",[96],Cc1nc(N(C(=O)OC(C)(C)C)C(C)(C(=O)O)c2cc3cccc(F)c3o2)sc1Cc1ccc(F)c(F)c1F,,random_balanced,BB-0255,BB-1989,5,8,0.6373675583502009
BB-0932 BB-1097,"[932, 1097]",[96],C=CCN1C(=O)C(C(=O)O)(N(NC(=O)OC(C)(C)C)C(=O)[C@@H]2CN(C)C[C@H](C)O2)c2cc(C)ccc21,,random_balanced,BB-0932,BB-1097,4,4,0.5986133244970412
BB-0015 BB-1889,"[15, 1889]",[68],COCOc1ccc(Sc2cc(F)ccc2C(NC(=O)OC(C)(C)C)c2ccc(C)cc2)c(F)c1,,random_balanced,BB-0015,BB-1889,4,0,0.5850531649235151
BB-0932 BB-1783,"[932, 1783]",[96],C[C@H]1CN(C)C[C@@H](C(=O)NN(C(=O)OC(C)(C)C)C2(C(=O)O)CC3(CC4CCCC(C3)N4C(=O)OC(C)(C)C)C2)O1,,random_balanced,BB-0932,BB-1783,5,5,0.604535470232031
BB-2073 BB-0527,"[2073, 527]",[68],CC(NC(=O)OC(C)(C)C)c1cc(Sc2cn([C@@H]3O[C@H](CO)[C@@H](O)[C@H]3O)c(=O)[nH]c2=O)n(C)n1,,random_balanced,BB-2073,BB-0527,3,1,0.3073221779325575
BB-2094 BB-0464,"[2094, 464]",[10],Cn1nncc1Sc1nocc1CCNC(=O)OC(C)(C)C,,random_balanced,BB-2094,BB-0464,5,0,0.5565623826102583
BB-0374 BB-0120,"[374, 120]",[96],CCOC(=O)c1[nH]c2c(c1C)C(C(=O)O)(N(Cc1c(C)cc(C)[nH]c1=O)C(=O)OC(C)(C)C)CC(C)(C)C2,,random_balanced,BB-0374,BB-0120,5,6,0.5183174823360522
BB-0791 BB-0292,"[791, 292]",[96],Cc1cc(C)c(C(CCCC(=O)O)(C(=O)O)N(C(=O)OC(C)(C)C)c2ccc(F)cc2N2CCCC2=O)c(C)c1,,random_balanced,BB-0791,BB-0292,3,6,0.23424441286696301
BB-1044 BB-0815,"[1044, 815]",[28],COCc1nc(C2CCCCCN2C(=O)c2cn[nH]c2CNC(=O)OC(C)(C)C)no1,,random_balanced,BB-1044,BB-0815,6,1,0.7266433684645349
BB-1597 BB-0137,"[1597, 137]",[17],CN(C)CC(NC(=O)OC(C)(C)C)c1ccc(S(=O)(=O)c2ccc(Br)c(C(=O)OC(C)(C)C)c2)cc1,,random_balanced,BB-1597,BB-0137,3,1,0.3563286166530603
BB-1237 BB-1820,"[1237, 1820]",[31],CCc1ccsc1Oc1c([N+](=O)[O-])cccc1S(=O)(=O)NC(=O)OC(C)(C)C,,random_balanced,BB-1237,BB-1820,5,1,0.618515549811181
BB-0936 BB-0716,"[936, 716]",[31],CC1CCC2(CN1)OC(=O)Nc1ccc(OCCCN3CCCC(NC(=O)OC(C)(C)C)C3)c(F)c12,,random_balanced,BB-0936,BB-0716,3,1,0.2989635648967503
BB-0572 BB-0203,"[572, 203]",[96],COc1ccc(C(F)(F)F)cc1N(C(=O)OC(C)(C)C)C1(C(=O)O)CC2(CCCC2NC(=O)OC(C)(C)C)C1,,random_balanced,BB-0572,BB-0203,3,6,0.6011313501072294
BB-0607 BB-1612,"[607, 1612]",[0],CCn1cc([C@@H]2NC(=O)C(=Cc3cc(C)c(OCC(=O)O)c(C)c3)C[C@H]2NC(=O)OC(C)(C)C)cn1,,random_balanced,BB-0607,BB-1612,2,1,0.5041119892396619
BB-0185 BB-0555,"[185, 555]",[96],CN(C)c1nc(CCN(C(=O)OC(C)(C)C)C(C)(C(=O)O)c2cc(Cl)sc2Cl)cs1,,random_balanced,BB-0185,BB-0555,4,7,0.5684745079068554
BB-2164 BB-1254,"[2164, 1254]",[96],Cc1nccnc1CCN(C(=O)OC(C)(C)C)C(CCOc1ccccc1)(C(=O)O)C1CC1,,random_balanced,BB-2164,BB-1254,2,8,0.49889030163751524
BB-2108 BB-1285,"[2108, 1285]",[96],CC(C)(C)OC(=O)N(c1n[nH]c2cc(Br)ccc12)C(C(=O)O)(c1cncc(F)c1)C1CC1,,random_balanced,BB-2108,BB-1285,2,6,0.23147897419149452
BB-1311 BB-0182,"[1311, 182]",[88],COC(=O)C1=CO[C@@H](O)[C@@H]2C(COc3ccc(NS(=O)(=O)c4cc(NC(=O)OC(C)(C)C)ccc4OC)cc3)=CC[C@H]12,,random_balanced,BB-1311,BB-0182,6,1,0.16316430788909192
BB-2140 BB-1398,"[2140, 1398]",[96],CC(C)(C)OC(=O)N(C[C@@H]1CCO[C@@H]1c1nc(C2CC2)no1)C(C)(C(=O)O)c1c[nH]c2ccc([N+](=O)[O-])cc12,,random_balanced,BB-2140,BB-1398,4,6,0.6227837579444913
BB-0176 BB-0972,"[176, 972]",[96],Cc1cc(N(C(=O)OC(C)(C)C)C(C(=O)O)(C(=O)O)c2cnn(C(C)(C)C)c2)cc(C)c1F,,random_balanced,BB-0176,BB-0972,3,5,0.5826186483503505
BB-2199 BB-1108,"[2199, 1108]",[107],CC(C)(C)OC(=O)Nc1cc(Cl)c(C(O)CC2(NC(=O)OC(C)(C)C)CCCC2)cc1F,,random_balanced,BB-2199,BB-1108,6,2,0.39566783284478185
BB-2180 BB-0944,"[2180, 944]",[31],CC(CONC(=O)OC(C)(C)C)OCc1ccc2ccccc2c1[N+](=O)[O-],,random_balanced,BB-2180,BB-0944,6,1,0.4915685571073852
BB-1485 BB-0420,"[1485, 420]",[96],CCC(C)(C)c1ccc(OCCCC(=O)NN(C(=O)OC(C)(C)C)C2(C(=O)O)CC(C(=O)O)Oc3ccccc32)c(C(C)(C)CC)c1,,random_balanced,BB-1485,BB-0420,6,9,0.18085087276698328
BB-1651 BB-1230,"[1651, 1230]",[46],C[C@@H]1C[C@](C(=O)O)(C(=O)[C@H](C)NC(=O)OC(C)(C)C)C[C@H](C)N1,,random_balanced,BB-1651,BB-1230,4,3,0.6343993814475067
BB-2087 BB-0394,"[2087, 394]",[68],COC(=O)c1nnsc1CSc1nn(C)cc1CNC(=O)OC(C)(C)C,,random_balanced,BB-2087,BB-0394,6,2,0.6944408748743895
BB-2041 BB-0204,"[2041, 204]",[62],CCc1noc(CC2CCOC3(CCN(c4cc(NC(=O)OC(C)(C)C)c(C)cc4F)CC3)C2)n1,,random_balanced,BB-2041,BB-0204,7,1,0.575637520596618
BB-0717 BB-1771,"[717, 1771]",[85],COc1ccc(N(CC2CC2)C(=O)C2(N3CCNCC3)COC2)c(NC(=O)OC(C)(C)C)c1,,random_balanced,BB-0717,BB-1771,4,3,0.4723801865125358
BB-0672 BB-1693,"[672, 1693]",[47],CC(C)(C)OC(=O)NCc1ncc(-c2nn(C(C)(C)C)c3ncnc(O)c23)s1,,random_balanced,BB-0672,BB-1693,6,0,0.40508323038871474
BB-0144 BB-0444,"[144, 444]",[96],CCCCCC(CC)(C(=O)O)N(C(=O)OC(C)(C)C)c1ccc(C)c(-c2ccccc2)c1,,random_balanced,BB-0144,BB-0444,6,9,0.5516213410074982
BB-0765 BB-0048,"[765, 48]",[61],CC(C)(C)OC(=O)NC(CC(=O)N1CCCC(n2cccn2)C1)Cc1ccc([N+](=O)[O-])cc1,,random_balanced,BB-0765,BB-0048,7,1,0.6977753839150931
BB-1992 BB-1714,"[1992, 1714]",[96],CC(C)(C)OC(=O)N(C(C)(CCc1cccc(C(F)(F)F)c1)C(=O)O)S(=O)(=O)c1cc2c(cc1Cl)NCNS2(=O)=O,,random_balanced,BB-1992,BB-1714,5,5,0.5612126651692178
BB-0759 BB-2074,"[759, 2074]",[96],Cc1nn(C)c(N2CCC2)c1N(C(=O)OC(C)(C)C)C(CNC(=O)OC(C)(C)C)(C(=O)O)c1ccn(C)n1,,random_balanced,BB-0759,BB-2074,7,9,0.38553836257035756
BB-0812 BB-1928,"[812, 1928]",[75],Cc1ccc(C)c(-c2cc(C)c(NC(=O)OC(C)(C)C)cc2S(=O)(=O)c2c(CO)ccc(Cl)c2C)c1,,random_balanced,BB-0812,BB-1928,6,1,0.6247010893190187
BB-0703 BB-1572,"[703, 1572]",[10],Cc1oc(-c2cccc(Br)c2)nc1CSc1cc(NC(=O)OC(C)(C)C)cnc1OC(C)C,,random_balanced,BB-0703,BB-1572,5,2,0.5667841233446336
BB-2079 BB-2121,"[2079, 2121]",[18],CC(C)(C)OC(=O)Nc1nc2c(S(=O)(=O)c3cc(Cl)cc(CS(=O)(=O)NC(=O)OC(C)(C)C)c3)cccc2n1CC(F)(F)F,,random_balanced,BB-2079,BB-2121,4,5,0.09739590230380114
BB-0881 BB-0989,"[881, 989]",[55],Cc1cc(N2CCOC(c3ccc(OC(F)(F)F)cc3)C2)cc(C#N)c1NC(=O)OC(C)(C)C,,random_balanced,BB-0881,BB-0989,5,2,0.6307965456305273
BB-1311 BB-1843,"[1311, 1843]",[18],COc1ccc(NC(=O)OC(C)(C)C)cc1S(=O)(=O)Nc1ccc(S(=O)(=O)c2cc3c(cc2[N+](=O)[O-])CN(C(=O)OC(C)(C)C)CC3)cc1,,random_balanced,BB-1311,BB-1843,7,2,0.047133510941608774
BB-1288 BB-0233,"[1288, 233]",[96],COC(=O)c1c(CC(=O)O)[nH]c(C(C)(C(=O)O)N(C(=O)OC(C)(C)C)c2cnn(C(C)(C)c3nnc4n3CCCCC4)c2)c1C,,random_balanced,BB-1288,BB-0233,6,9,0.3521010302255338
BB-0020 BB-0660,"[20, 660]",[10],CCOC(=O)c1nc2c(Sc3ccc4sc(S(=O)(=O)Cl)c(C)c4c3)cccn2c1NC(=O)OC(C)(C)C,,random_balanced,BB-0020,BB-0660,6,1,0.4056828327005078
BB-0817 BB-0569,"[817, 569]",[49],CC(C)(C)OC(=O)NC1CCCN(c2ccc(C(=O)c3ccc(Cl)c4c3CCNC4)cc2)C1=O,,random_balanced,BB-0817,BB-0569,3,2,0.34839614895209764
BB-0768 BB-1513,"[768, 1513]",[61],CC(C)(C)OC(=O)NC(CC(=O)N(O)Cc1ccccc1)c1cccc(I)c1,,random_balanced,BB-0768,BB-1513,3,1,0.6628990651063138
BB-1855 BB-0150,"[1855, 150]",[96],COC(=O)C(CN(C(=O)OC(C)(C)C)C(C)(C(=O)O)c1cn(C)nc1C1CCC1)c1ccc(C)cc1,,random_balanced,BB-1855,BB-0150,7,5,0.5685131131018681
BB-0996 BB-1388,"[996, 1388]",[97],CC(C)(C)OC(=O)NCC1(c2ccccc2)CC(OC(=O)c2cccc(COc3cc(Cl)ccc3Cl)c2)(C(F)(F)F)C1,,random_balanced,BB-0996,BB-1388,3,1,0.33885130380464856
BB-2173 BB-0097,"[2173, 97]",[22],COc1ccc(Br)c(CN(C)C(=O)C(=O)N(Cc2ccc3c(c2)OCO3)S(=O)(=O)NC(=O)OC(C)(C)C)c1,,random_balanced,BB-2173,BB-0097,4,1,0.4769758718470988
BB-2071 BB-0794,"[2071, 794]",[96],Cc1ccc(OCC(=O)O)c2c1C(C)CC2(C(=O)O)N(CC(=O)CC(C)C)C(=O)OC(C)(C)C,,random_balanced,BB-2071,BB-0794,9,7,0.5041775572332158
BB-0750 BB-1704,"[750, 1704]",[98],COc1cc(Cl)ccc1C(COC(=O)c1ccc(NC(=O)Cc2cccnc2)cc1)NC(=O)OC(C)(C)C,,random_balanced,BB-0750,BB-1704,7,0,0.2617977836640033
BB-0138 BB-0228,"[138, 228]",[68],COc1cccc(NNC(=O)OC(C)(C)C)c1Sc1cc(C)cc(C(C)=O)c1O,,random_balanced,BB-0138,BB-0228,3,8,0.4930935964071466
BB-2152 BB-1996,"[2152, 1996]",[96],C=CCC1(N(C(=O)OC(C)(C)C)C(C)(C(=O)O)c2sc3nc(C)nc(C)c3c2C)CCC1,,random_balanced,BB-2152,BB-1996,5,7,0.4882595724336927
BB-2139 BB-0011,"[2139, 11]",[96],CCOc1ccc(N(C(=O)OC(C)(C)C)C(CC2COCCN2)(C(=O)O)c2ccccc2)cc1C,,random_balanced,BB-2139,BB-0011,5,6,0.484413207791738
BB-1317 BB-1980,"[1317, 1980]",[16],CCC1(COC(=O)[C@H]2Cc3ccc(C)cc3[C@H]2NC(=O)OC(C)(C)C)CCCC1,,random_balanced,BB-1317,BB-1980,5,1,0.6059454148050455
BB-1361 BB-0636,"[1361, 636]",[28],CC(C)(C)OC(=O)Nc1snc(C(C)(C)C)c1C(=O)Nc1cc(S(N)(=O)=O)ccc1N,,random_balanced,BB-1361,BB-0636,5,2,0.7273148442592634
BB-0505 BB-1351,"[505, 1351]",[28],COC(=O)C1CN(C(=O)c2cnc3ncnn3c2NC(=O)OC(C)(C)C)Cc2[nH]ncc21,,random_balanced,BB-0505,BB-1351,4,1,0.6081061197320164
BB-1364 BB-0093,"[1364, 93]",[10],COc1ccc(C(NC(=O)OC(C)(C)C)C(F)(F)F)cc1Sc1c([N+](=O)[O-])cnc2ccc(C3CCC3)cc12,,random_balanced,BB-1364,BB-0093,5,0,0.3715710056476267
BB-2068 BB-0356,"[2068, 356]",[22],COc1ccc2c(c1F)OCCN2C(=O)C(=O)N1CC[C@@H](NC(=O)OC(C)(C)C)C[C@@H]1C(=O)O,,random_balanced,BB-2068,BB-0356,5,0,0.3580277931855151
BB-0065 BB-1046,"[65, 1046]",[107],Cc1ccc(CC(O)(c2cc(N3CCCC(NC(=O)OC(C)(C)C)C3)ccc2Cl)C2CC2)cc1,,random_balanced,BB-0065,BB-1046,5,7,0.6954223832945412
BB-0682 BB-0342,"[682, 342]",[49],CSc1nn(C)c(NC(=O)OC(C)(C)C)c1C(=O)c1ccc(C)c2c1C(=O)C(=O)N2,,random_balanced,BB-0682,BB-0342,3,6,0.8085725309559617
BB-1940 BB-0550,"[1940, 550]",[48],C=C(COc1ccc(C[C@H](NC(=O)OC(C)(C)C)C(=O)OC(C)(C)C)cc1)c1nc(C(=O)OCC)n2c1CCCC2,,random_balanced,BB-1940,BB-0550,4,2,0.09689311495807844
BB-2051 BB-0595,"[2051, 595]",[17],CC1CCC(C(C)C)C(OC(=O)c2ccccc2NC(=O)CS(=O)(=O)c2cc(C(F)(F)F)cnc2CCNC(=O)OC(C)(C)C)C1,,random_balanced,BB-2051,BB-0595,9,3,0.08700610300633536
BB-2016 BB-1640,"[2016, 1640]",[18],Cn1c(NC(=O)OC(C)(C)C)nc2c(S(=O)(=O)c3cc(Br)cc4c3OCCNC4)cccc21,,random_balanced,BB-2016,BB-1640,4,0,0.8130682834837935
BB-2105 BB-0474,"[2105, 474]",[31],COc1ccc(Oc2cccc(O)c2NC(=O)OC(C)(C)C)c2c1OCCNC2,,random_balanced,BB-2105,BB-0474,3,1,0.42654879668483114
BB-1953 BB-0592,"[1953, 592]",[96],CCCCc1cc(=O)oc2c(C)c(O)c(C(C=CN(C)C)(C(=O)O)N(C(=O)OC(C)(C)C)[C@H](C)c3coc4c(F)cccc34)cc12,,random_balanced,BB-1953,BB-0592,5,8,0.3693280487078539
BB-0297 BB-1570,"[297, 1570]",[96],CC(C)(C)OC(=O)N([C@H]1CCc2c(Cl)cccc21)C1(C(=O)O)CC(c2cccc(Br)c2)C1,,random_balanced,BB-0297,BB-1570,4,9,0.3057927362980272
BB-1967 BB-1386,"[1967, 1386]",[96],CN(C)/C=C1\OCCN(C(=O)OC(C)(C)C)CC1(C(=O)O)N(Cc1cc(F)cc2c1OCOC2)C(=O)OC(C)(C)C,,random_balanced,BB-1967,BB-1386,8,9,0.2704453679677847
BB-2107 BB-0464,"[2107, 464]",[17],Cn1nncc1S(=O)(=O)c1cnn(C)c1NC(=O)OC(C)(C)C,,random_balanced,BB-2107,BB-0464,7,1,0.6096072255344983
BB-1247 BB-1037,"[1247, 1037]",[96],Cc1ccc2c(CC(=O)O)c(C(C)(C(=O)O)N(C(=O)OC(C)(C)C)C34CCC(F)(CC3)C4)oc2c1,,random_balanced,BB-1247,BB-1037,3,7,0.48670762227697606
BB-0797 BB-1475,"[797, 1475]",[0],COC(=O)C(=Cc1c(C)[nH]c2cccnc12)[C@@H](Cc1cccc(F)c1)NC(=O)OC(C)(C)C,,random_balanced,BB-0797,BB-1475,5,0,0.6301924488554601
BB-2008 BB-0083,"[2008, 83]",[107],COC(=O)N1CCC(O)(c2nc(C)n(C)c2CNC(=O)OC(C)(C)C)C1(C)C,,random_balanced,BB-2008,BB-0083,6,5,0.7670355632739573
BB-1290 BB-1062,"[1290, 1062]",[96],Cc1ccc(N2CCC(C(=O)O)(N(C(=O)OC(C)(C)C)[C@@H]3CCc4c(C#N)cccc43)CC2=O)cc1,,random_balanced,BB-1290,BB-1062,6,9,0.7376448030060364
BB-0301 BB-0948,"[301, 948]",[107],COc1ccc2c(c1)OCC(C(O)c1cccc3c(NC(=O)OC(C)(C)C)nc(C)nc13)=C2,,random_balanced,BB-0301,BB-0948,5,0,0.535066702466853
BB-0768 BB-1650,"[768, 1650]",[96],C#Cc1cccc(C(C)(OC(=O)CC(NC(=O)OC(C)(C)C)c2cccc(I)c2)C(=O)O)c1F,,random_balanced,BB-0768,BB-1650,4,5,0.5195160454341736
BB-2174 BB-1519,"[2174, 1519]",[96],COCCc1ccc(Oc2ccc(N(C(=O)OC(C)(C)C)C3(C(=O)O)CCCc4oc(=O)c(C(N)=O)cc43)cc2)cc1,,random_balanced,BB-2174,BB-1519,6,8,0.46774430265691513
BB-2116 BB-0245,"[2116, 245]",[84],COC(CNC(=O)OC(C)(C)C)Cc1nc(CCN(CCC#N)c2ccccc2)no1,,random_balanced,BB-2116,BB-0245,5,0,0.19932946728153575
BB-0622 BB-2009,"[622, 2009]",[47],Cc1c(NC(=O)OC(C)(C)C)cc(CO)cc1-c1cc2c(cc1CNC(=O)OC(C)(C)C)OC(C)(C)O2,,random_balanced,BB-0622,BB-2009,8,7,0.45809575585272533
BB-2126 BB-1972,"[2126, 1972]",[96],CCOc1ccc(C(C)(C(=O)O)N(C(=O)OC(C)(C)C)c2ccc(Oc3ccc(OC)cc3)nc2)cc1S(=O)(=O)NC(=O)OC(C)(C)C,,random_balanced,BB-2126,BB-1972,4,7,0.24285678504274769
BB-1719 BB-1362,"[1719, 1362]",[96],CN1CC2CCC1C(CN(C(=O)OC(C)(C)C)C(C)(C(=O)O)c1c(Cl)cccc1Cl)C2,,random_balanced,BB-1719,BB-1362,7,6,0.40119982276660354
BB-1391 BB-1055,"[1391, 1055]",[96],COCC(C)(C)CC(C(=O)O)(c1ccc2c(c1)OCC2(C)C)N(C(=O)OC(C)(C)C)c1ncn(C(=O)OC(C)(C)C)n1,,random_balanced,BB-1391,BB-1055,4,5,0.4290216411935207
BB-1645 BB-0269,"[1645, 269]",[31],CC(C)(C)OC(=O)NC(CCSCCOc1ccc2c(c1)C(=O)C(F)=CCC2)C(=O)O,,random_balanced,BB-1645,BB-0269,6,7,0.6081851956872846
BB-0853 BB-0669,"[853, 669]",[96],COC(=O)c1cc2c(o1)CCCC2(C(=O)O)N(C(=O)OC(C)(C)C)C1c2cc(OC)ccc2CCC1OC,,random_balanced,BB-0853,BB-0669,4,6,0.35094923204523026
BB-1769 BB-0841,"[1769, 841]",[62],Cc1ccc(C2CC(C(F)(F)F)n3nccc3N2c2ccc([C@@H]3OCC[C@H]3NC(=O)OC(C)(C)C)cc2F)s1,,random_balanced,BB-1769,BB-0841,8,0,0.6602507809148213
BB-0545 BB-2101,"[545, 2101]",[96],CC(C)(C)OC(=O)NC(C1CC1)C(C)(C(=O)O)N(C(=O)OC(C)(C)C)c1cnn(CCN2CCNC2=O)c1,,random_balanced,BB-0545,BB-2101,6,8,0.5428458692122383
BB-1909 BB-1896,"[1909, 1896]",[96],Cc1cc2c(cc1Br)C(C(=O)O)(N(C(=O)OC(C)(C)C)[C@@H]1CCOC1)CCO2,,random_balanced,BB-1909,BB-1896,5,8,0.28148404461377685
BB-1392 BB-2070,"[1392, 2070]",[31],CC(C)(C)OC(=O)Nc1ccc(C(C)(C)C)c(OCC2OC3(C)CC2(NC(=O)OC(C)(C)C)C3)c1,,random_balanced,BB-1392,BB-2070,5,4,0.532099658509195
BB-2159 BB-0593,"[2159, 593]",[97],CC(C)(C)OC(=O)NCCN(CC(=O)OCC(ONC(=O)OC(C)(C)C)C1CCCC1)C(=O)OCC1c2ccccc2-c2ccccc21,,random_balanced,BB-2159,BB-0593,6,1,0.22296940011789698
BB-0311 BB-1718,"[311, 1718]",[96],Cc1cc2nccc(N(C(=O)OC(C)(C)C)C(C(=O)O)(c3ccc(Cl)cc3)C(F)Br)n2n1,,random_balanced,BB-0311,BB-1718,5,7,0.3106929819398442
BB-0207 BB-0426,"[207, 426]",[96],CC(C(=O)N1CCc2ccccc21)N(C(=O)OC(C)(C)C)C(CBr)(C(=O)O)C1CC(F)(F)C1,,random_balanced,BB-0207,BB-0426,7,6,0.43766821851583737
BB-2088 BB-1095,"[2088, 1095]",[10],CC(C)(C)OC(=O)NC1=C(Sc2ccc(C3(C(=O)O)CCN(C(=O)OC(C)(C)C)C3)cc2)C(=O)CCC1,,random_balanced,BB-2088,BB-1095,9,1,0.16044938321619062
BB-2192 BB-0439,"[2192, 439]",[3],CC(C)(C)OC(=O)NC[C@H](NC(=O)OC(C)(C)C)C(=O)N1CCC(c2ccc(NC(=O)OC(C)(C)C)nc2)CC1,,random_balanced,BB-2192,BB-0439,5,3,0.11519069177935239
BB-2191 BB-0468,"[2191, 468]",[96],CC(C)(C)OC(=O)NN(C1CCCCCCC1)C(C)(C(=O)O)C(C#N)c1cccc(Br)c1,,random_balanced,BB-2191,BB-0468,4,4,0.5226021421079453
BB-0619 BB-0037,"[619, 37]",[96],CC(C)(C)OC(=O)N(CCN1Cc2ncsc2C1)C(CC(=O)c1ccc([N+](=O)[O-])cc1)(C(=O)O)C(F)(F)F,,random_balanced,BB-0619,BB-0037,4,9,0.6326326693329922
BB-1188 BB-0461,"[1188, 461]",[61],COC(=O)CCCCN(C)C(=O)C(Cn1cnc2ccccc21)NC(=O)OC(C)(C)C,,random_balanced,BB-1188,BB-0461,5,0,0.7191771678113661
BB-2011 BB-0632,"[2011, 632]",[68],CC(CC(=O)O)c1cccc(Sc2c(F)ccc(F)c2CCNC(=O)OC(C)(C)C)c1,,random_balanced,BB-2011,BB-0632,8,1,0.6134334260240911
BB-2162 BB-1060,"[2162, 1060]",[68],CC(C)(C)OC(=O)Nc1cc(B(O)O)ccc1Sc1ccc(Cl)cc1O,,random_balanced,BB-2162,BB-1060,4,1,0.4928730570125109
BB-2123 BB-0803,"[2123, 803]",[31],CC(C)(C)OC(=O)NCC1(C(C)(C)Oc2ccc(OCc3ccc(C(N)=O)cc3F)cc2)CCOCC1,,random_balanced,BB-2123,BB-0803,6,0,0.37763483609171433
BB-1567 BB-0165,"[1567, 165]",[28],CC(C)n1nc(C(=O)N2CCN(c3ccc(Br)cc3C(F)(F)F)CC2)cc1NC(=O)OC(C)(C)C,,random_balanced,BB-1567,BB-0165,7,3,0.6609995909597989
BB-0814 BB-0026,"[814, 26]",[31],COc1ccc(OC#N)c(C(C)NC(=O)OC(C)(C)C)c1,,random_balanced,BB-0814,BB-0026,5,0,0.4794342728744703
BB-0295 BB-1071,"[295, 1071]",[62],COCCC1(C(=O)O)CN(c2c(C)ccc(C(=O)OC)c2NC(=O)OC(C)(C)C)C1,,random_balanced,BB-0295,BB-1071,5,0,0.6446982410044203
BB-0630 BB-0206,"[630, 206]",[96],COC(=O)C[C@@H](c1ccnc(O)c1)N(C(=O)OC(C)(C)C)C1(C(=O)O)CCC(c2cncc(F)c2)C1,,random_balanced,BB-0630,BB-0206,7,6,0.3683435623378854
BB-1333 BB-0179,"[1333, 179]",[4],CC(C)(C)OC(=O)Nc1cc(C(N)=O)ccc1N(c1cccc(-n2cnnc2S)c1)C1CC1,,random_balanced,BB-1333,BB-0179,7,1,0.5779419259859848
BB-2176 BB-1896,"[2176, 1896]",[96],Cc1cc2c(cc1Br)C(C(=O)O)(N(C(=O)OC(C)(C)C)c1nnc(-c3c(F)cccc3F)s1)CCO2,,random_balanced,BB-2176,BB-1896,6,9,0.5706042424386174
BB-2147 BB-0113,"[2147, 113]",[96],CCCCCC(C(=O)O)(c1c(O)cc(O)cc1O)N(C(=O)OC(C)(C)C)c1ccnn1Cc1ccc(C)s1,,random_balanced,BB-2147,BB-0113,5,8,0.41041945703923327
BB-0201 BB-0861,"[201, 861]",[79],CCc1csc(C2CCCN(C(=O)C(=O)N(C)S(=O)(=O)N3CCC(NC(=O)OC(C)(C)C)CC3)C2)n1,,random_balanced,BB-0201,BB-0861,7,1,0.1738491977522603
BB-0535 BB-0492,"[535, 492]",[96],COc1cc(CCN(C(=O)OC(C)(C)C)C(C)(C(=O)O)c2cc(Br)cc(OC)c2O)cc(OC)c1C,,random_balanced,BB-0535,BB-0492,5,7,0.6518785343154267
BB-0389 BB-1706,"[389, 1706]",[96],CC(C)(C)OC(=O)N(CC(F)(F)C1CC1)C1(C(=O)O)CC(C(=O)O)(c2cccc(Br)c2)C1,,random_balanced,BB-0389,BB-1706,6,8,0.52439569500182
BB-0621 BB-1494,"[621, 1494]",[47],CC(C)(C)OC(=O)NCC(CO)Cc1ccc(F)c(-c2c(NC(=O)OC(C)(C)C)ccnc2F)c1,,random_balanced,BB-0621,BB-1494,6,6,0.3591451800225442
BB-0216 BB-1504,"[216, 1504]",[107],CC(C)(C)OC(=O)Nc1ccc2c(C3(O)CCOc4ccc(C(C)(C)C)cc43)nccc2n1,,random_balanced,BB-0216,BB-1504,5,6,0.6597647982653334
BB-0531 BB-0109,"[531, 109]",[96],CNCC(C(=O)O)(c1c[nH]c2ccc(F)cc12)N(CC(=O)NCCc1ccccc1)C(=O)OC(C)(C)C,,random_balanced,BB-0531,BB-0109,6,8,0.6369316639844256
BB-1517 BB-0449,"[1517, 449]",[31],Cc1cccc(CC(COc2ccc(O)c([N+](=O)[O-])c2)NC(=O)OC(C)(C)C)c1,,random_balanced,BB-1517,BB-0449,5,2,0.6578523852049584
BB-0798 BB-1641,"[798, 1641]",[96],CC(C)(C)OC(=O)N[C@H]1c2ccccc2C[C@@H]1N(C(=O)OC(C)(C)C)C(C)(C(=O)O)c1ccc(N2CCNC2=O)cc1,,random_balanced,BB-0798,BB-1641,6,5,0.5362556436500071
BB-2116 BB-1884,"[2116, 1884]",[16],CCOC(=O)CC(=O)C(F)(F)OC(=O)CC(CNC(=O)OC(C)(C)C)OC,,random_balanced,BB-2116,BB-1884,6,9,0.314573704289013
BB-1132 BB-1073,"[1132, 1073]",[96],CCc1ccc2c(c1)C(C(=O)O)(N(C(=O)OC(C)(C)C)C1(c3nccs3)CCCC1)C(=O)N2C,,random_balanced,BB-1132,BB-1073,5,5,0.48476841028678574
BB-0171 BB-0832,"[171, 832]",[96],COC(=O)C(CC1CCCC1)CN(C(=O)OC(C)(C)C)C(C(=O)O)(c1cnccc1NC(=O)OC(C)(C)C)C(C)C,,random_balanced,BB-0171,BB-0832,5,9,0.49615828959744923
BB-2141 BB-0335,"[2141, 335]",[96],COc1cccc2c1C(C(=O)O)CC2(C(=O)O)N(Cc1ccc(Oc2ccc([N+](=O)[O-])cc2)cc1)C(=O)OC(C)(C)C,,random_balanced,BB-2141,BB-0335,4,6,0.5583065428540631
BB-2133 BB-0904,"[2133, 904]",[61],CON(CC1CCC(C(C)(C)C)CC1)C(=O)C(NC(=O)OC(C)(C)C)c1ccnn1C,,random_balanced,BB-2133,BB-0904,5,1,0.4872518858853564
BB-0607 BB-1140,"[607, 1140]",[96],CCn1cc([C@H]2[C@H](NC(=O)OC(C)(C)C)CCC(=O)N2C2(C(=O)O)CCN(c3cnn(CC)c3)C(=O)C2)cn1,,random_balanced,BB-0607,BB-1140,3,7,0.692258835563944
BB-1953 BB-0076,"[1953, 76]",[96],C=CC(C(=O)O)(c1c(F)cccc1Cl)N(C(=O)OC(C)(C)C)[C@H](C)c1coc2c(F)cccc12,,random_balanced,BB-1953,BB-0076,6,8,0.3660159506030653
BB-1915 BB-0686,"[1915, 686]",[114],CCCCC1CCC(NC(=O)N2CCN(S(=O)(=O)c3ccc(S(=O)(=O)NC(=O)OC(C)(C)C)cc3)CC2)CC1,,random_balanced,BB-1915,BB-0686,5,0,0.05038481331202332
BB-1729 BB-1768,"[1729, 1768]",[107],CCOC(=O)C(O)(c1ccc(C(=O)O)cc1NC(=O)OC(C)(C)C)c1c(Br)nc(C)n1C,,random_balanced,BB-1729,BB-1768,5,7,0.7020476370652255
BB-2028 BB-1695,"[2028, 1695]",[68],Cc1cc2c(c(Sc3cc(NC(=O)OC(C)(C)C)cc4cn[nH]c34)c1)CCNC2,,random_balanced,BB-2028,BB-1695,5,0,0.7072602705189212
BB-0211 BB-1145,"[211, 1145]",[96],CC(C)(C)OC(=O)N1CC(C2CCCC(C(=O)O)(N(C(=O)OC(C)(C)C)C3CCC(C(F)(F)F)CC3)C2)C1,,random_balanced,BB-0211,BB-1145,3,7,0.6451921463026049
BB-0831 BB-0164,"[831, 164]",[96],CCOC(=O)C12CCCC1=CC(C(=O)O)(N(C(=O)OC(C)(C)C)c1nccn(C3CC3)c1=O)C2,,random_balanced,BB-0831,BB-0164,6,7,0.5196026057146356
BB-2197 BB-1595,"[2197, 1595]",[28],CC(C)(C)OC(=O)NCC12CCCC(C(=O)N3CCOc4c(C(=O)O)cccc43)(CO1)C2,,random_balanced,BB-2197,BB-1595,5,0,0.6942527768460199
BB-1666 BB-0292,"[1666, 292]",[96],COC(=O)c1c[nH]c(C2(N(C(=O)OC(C)(C)C)C(CCCC(=O)O)(C(=O)O)c3c(C)cc(C)cc3C)CCOCC2)n1,,random_balanced,BB-1666,BB-0292,6,7,0.2657498256664812
BB-2157 BB-1970,"[2157, 1970]",[96],Cc1ccc(C(CCC(=O)CCC(=O)O)(C(=O)O)N(C(=O)OC(C)(C)C)S(=O)(=O)CCc2ccccn2)s1,,random_balanced,BB-2157,BB-1970,4,6,0.37952625449250793
BB-0457 BB-1080,"[457, 1080]",[96],Cn1ccc(C(C(=O)O)(c2ccc(F)cc2)N(C(=O)OC(C)(C)C)C2(c3nc(C4CCOCC4)no3)CCOCC2)n1,,random_balanced,BB-0457,BB-1080,6,5,0.5981004681647734
BB-2002 BB-1108,"[2002, 1108]",[107],CCc1noc(NC(=O)OC(C)(C)C)c1C(O)CC1(NC(=O)OC(C)(C)C)CCCC1,,random_balanced,BB-2002,BB-1108,6,3,0.5945885524468095
BB-1349 BB-1664,"[1349, 1664]",[61],CC(C)(C)OC(=O)NC(C(=O)N1CCC(c2cccc(Cl)c2F)CC1)c1cc(F)ccc1F,,random_balanced,BB-1349,BB-1664,6,1,0.6840566031313021
BB-1929 BB-0718,"[1929, 718]",[10],CC(C)n1ncc(NC(=O)OC(C)(C)C)c1SCc1cc(Cl)ncn1,,random_balanced,BB-1929,BB-0718,9,1,0.6276483396172556
BB-2184 BB-0245,"[2184, 245]",[106],COCn1ncc(C(=O)CCN(CCC#N)c2ccccc2)c1S(=O)(=O)NC(=O)OC(C)(C)C,,random_balanced,BB-2184,BB-0245,8,1,0.5191748936919391
BB-2028 BB-1048,"[2028, 1048]",[62],CC(C)(C)OC(=O)Nc1cc(N2CC(CC(=O)O)c3cc(Br)ccc32)c2[nH]ncc2c1,,random_balanced,BB-2028,BB-1048,6,2,0.796921823021811
BB-0201 BB-0210,"[201, 210]",[79],CN(C(=O)C(=O)N1CC(C23CC(Cl)(C2)C3)C1)S(=O)(=O)N1CCC(NC(=O)OC(C)(C)C)CC1,,random_balanced,BB-0201,BB-0210,8,2,0.17828359846664196
BB-2095 BB-1065,"[2095, 1065]",[62],Cc1cc(N(Cc2cccs2)C2CCOC2)c(C)cc1NC(=O)OC(C)(C)C,,random_balanced,BB-2095,BB-1065,6,2,0.8271665240139662
BB-2017 BB-0293,"[2017, 293]",[10],Cc1cc(Sc2ccc3oc(CCl)c(C)c(=O)c3c2)c(C)cc1NC(=O)OC(C)(C)C,,random_balanced,BB-2017,BB-0293,5,2,0.6183054669455587
BB-1333 BB-1139,"[1333, 1139]",[79],CC(C)(C)OC(=O)Nc1cc(C(N)=O)ccc1N(C(=O)C(=O)N1CCCC1CN=[N+]=[N-])C1CC1,,random_balanced,BB-1333,BB-1139,8,0,0.49671631367661767
BB-1979 BB-0825,"[1979, 825]",[79],COC(=O)C1(F)CN(C(=O)C(=O)N(CCNC(=O)OC(C)(C)C)c2ncc(C(F)(F)F)cc2Cl)CC12CCOCC2,,random_balanced,BB-1979,BB-0825,6,3,0.3146208566258971
BB-0932 BB-0230,"[932, 230]",[96],C[C@H]1CN(C)C[C@@H](C(=O)N(NC(=O)OC(C)(C)C)C2(C(=O)O)CCN(c3cnccn3)CC2)O1,,random_balanced,BB-0932,BB-0230,6,8,0.577327531938355
BB-1361 BB-1331,"[1361, 1331]",[96],COC(=O)c1c(C(C)(C)C)nsc1N(C(=O)OC(C)(C)C)C1(C(=O)O)CC(C)Cc2ncc(NC(=O)OC(C)(C)C)cc21,,random_balanced,BB-1361,BB-1331,6,8,0.4850031129162905
BB-1151 BB-1006,"[1151, 1006]",[61],CCCN(Cc1ccc(B2OC(C)(C)C(C)(C)O2)cc1)C(=O)CC(NC(=O)OC(C)(C)C)c1cccc(OC)c1,,random_balanced,BB-1151,BB-1006,5,1,0.40380623602343363
BB-2185 BB-1038,"[2185, 1038]",[96],CCOc1cccc(N(C(=O)OC(C)(C)C)C2(C(=O)O)CCCc3c2ccc(OC)c3[N+](=O)[O-])n1,,random_balanced,BB-2185,BB-1038,4,6,0.3349709784993597
BB-1094 BB-0643,"[1094, 643]",[40],CC(C)(C)OC(=O)NC(Cc1ccc(O)c(O)c1)C(=O)OCCCCCC=O,,random_balanced,BB-1094,BB-0643,3,1,0.6449571747294569
BB-2197 BB-1840,"[2197, 1840]",[96],CCC(C)(C)c1cc(C(C)=O)c(O)c(C(C)(C(=O)O)N(CC23CCCC(C(=O)OC)(CO2)C3)C(=O)OC(C)(C)C)c1,,random_balanced,BB-2197,BB-1840,6,7,0.701119653327168
BB-0004 BB-1717,"[4, 1717]",[3],COC1C(Br)CCC(C(=O)N(CCNC(=O)OC(C)(C)C)c2ccc(C(F)(F)F)cc2C#N)N1C(=O)OC(C)(C)C,,random_balanced,BB-0004,BB-1717,5,0,0.4374452965731193
BB-2129 BB-0206,"[2129, 206]",[96],CCc1nc(C)c(N(C(=O)OC(C)(C)C)C2(C(=O)O)CCC(c3cncc(F)c3)C2)s1,,random_balanced,BB-2129,BB-0206,5,7,0.558717752355099
BB-1933 BB-0709,"[1933, 709]",[21],CCc1cnc(S(=O)(=O)c2ccc(OC)cc2CNC(=O)OC(C)(C)C)n1C(C)c1ccc(F)cc1,,random_balanced,BB-1933,BB-0709,5,1,0.5720291403642175
BB-1273 BB-0126,"[1273, 126]",[61],CC(C)(C)OC(=O)NC(CC1CCOCC1)C(=O)N1CC(C)(C)c2ccncc21,,random_balanced,BB-1273,BB-0126,3,1,0.5635198053515212
BB-2027 BB-0909,"[2027, 909]",[106],CC(C)(C)OC(=O)Nc1ccc(C(=O)c2cc(Cl)cc3[nH]ncc23)c2c1CCC2,,random_balanced,BB-2027,BB-0909,4,1,0.721689047330591
BB-0020 BB-0371,"[20, 371]",[68],CCOC(=O)c1nc2c(SCC(C(C)C)C(C)C)cccn2c1NC(=O)OC(C)(C)C,,random_balanced,BB-0020,BB-0371,7,1,0.457077990461592
BB-0431 BB-1035,"[431, 1035]",[61],CCOC(=O)CC1CCC2(CC1)CCN(C(=O)c1ccc3c(c1)CCCC3NC(=O)OC(C)(C)C)CC2,,random_balanced,BB-0431,BB-1035,4,0,0.23668026456258942
BB-2122 BB-0103,"[2122, 103]",[49],CCC(C)Oc1ccc(C(=O)C2(NC(=O)OC(C)(C)C)CCN(CC)CC2)cc1,,random_balanced,BB-2122,BB-0103,4,1,0.779091514649435
BB-2198 BB-1842,"[2198, 1842]",[96],Cn1nccc1-c1ccc(N(C(=O)OC(C)(C)C)C(Cc2ccccc2)(C(=O)O)c2ccc(Br)s2)cc1F,,random_balanced,BB-2198,BB-1842,4,5,0.49465269029328635
BB-2181 BB-2031,"[2181, 2031]",[96],CC(C)(C)OC(=O)NCC(C(=O)O)(c1cccnc1Cl)N(CCN1C(=O)c2ccccc2S1(=O)=O)C(=O)OC(C)(C)C,,random_balanced,BB-2181,BB-2031,4,7,0.37978778794798346
BB-0402 BB-0949,"[402, 949]",[96],CC(C)(C)OC(=O)N(c1cccc2c1CCCN2C(N)=O)C1(C(=O)O)CCc2c(C(=O)O)cccc21,,random_balanced,BB-0402,BB-0949,5,6,0.5287077511429352
BB-2102 BB-1936,"[2102, 1936]",[96],COc1cc(O)c(C(C)(C(=O)O)N(C(=O)OC(C)(C)C)c2c(C)cccc2SC)cc1Cl,,random_balanced,BB-2102,BB-1936,5,6,0.29732288376783156
BB-0471 BB-0365,"[471, 365]",[96],CC(C)COc1ccc(C(C)(C)CN(C(=O)OC(C)(C)C)C(CBr)(C(=O)O)[C@@H](COCc2ccccc2)NC(=O)OC(C)(C)C)cc1,,random_balanced,BB-0471,BB-0365,4,7,0.40817384675124246
BB-1681 BB-0868,"[1681, 868]",[28],C[C@H]1CN(c2ccc3c(c2)C(=O)N(C2CCC(=O)NC2=O)C3=O)CCN1C(=O)c1ccc(CNC(=O)OC(C)(C)C)o1,,random_balanced,BB-1681,BB-0868,4,0,0.11376633233564133
BB-0508 BB-0292,"[508, 292]",[96],Cc1cc(C)c(C(CCCC(=O)O)(OC(=O)c2cccc(C(NC(=O)OC(C)(C)C)C(C)(C)C)c2)C(=O)O)c(C)c1,,random_balanced,BB-0508,BB-0292,6,8,0.49931911388469535
BB-0887 BB-1650,"[887, 1650]",[96],C#Cc1cccc(C(C)(C(=O)O)N(C(=O)OC(C)(C)C)c2ncn(-c3ccncc3)n2)c1F,,random_balanced,BB-0887,BB-1650,6,6,0.47464155877062547
BB-1291 BB-1063,"[1291, 1063]",[10],COCOc1ccc(Sc2cccc(F)c2C(=O)NNC(=O)OC(C)(C)C)c(F)c1F,,random_balanced,BB-1291,BB-1063,6,1,0.22309137970274
BB-0299 BB-1779,"[299, 1779]",[96],CC(=O)Nc1ccc(C(C(=O)O)(C(C)Cl)N(CC(C)(Cc2ccc(F)cc2)C(C)O)C(=O)OC(C)(C)C)cc1,,random_balanced,BB-0299,BB-1779,6,7,0.33036759725791953
BB-1808 BB-1840,"[1808, 1840]",[96],CCC(C)(C)c1cc(C(C)=O)c(O)c(C(C)(OC(=O)C(Cc2cc(Br)ccc2OC)NC(=O)OC(C)(C)C)C(=O)O)c1,,random_balanced,BB-1808,BB-1840,4,8,0.5869793580377889
BB-1967 BB-0006,"[1967, 6]",[96],CSc1ccc([N+](=O)[O-])cc1C(C)(C(=O)O)N(Cc1cc(F)cc2c1OCOC2)C(=O)OC(C)(C)C,,random_balanced,BB-1967,BB-0006,9,8,0.3229900068384365
BB-0431 BB-0645,"[431, 645]",[96],CC(C)(C)OC(=O)N(C1CCCc2cc(C(=O)O)ccc21)C(C(=O)O)(/C(=N/N=C/c1ccc2c(c1)OCO2)c1ccccc1)c1ccccc1,,random_balanced,BB-0431,BB-0645,5,5,0.35586098691632134
BB-0777 BB-0203,"[777, 203]",[96],CC(C)(C)OC(=O)NC1CCCC12CC(C(=O)O)(N(C(=O)OC(C)(C)C)c1nc(-c3sccc3F)cs1)C2,,random_balanced,BB-0777,BB-0203,7,7,0.5471068444467357
BB-0791 BB-0150,"[791, 150]",[96],Cn1cc(C(C)(C(=O)O)N(C(=O)OC(C)(C)C)c2ccc(F)cc2N2CCCC2=O)c(C2CCC2)n1,,random_balanced,BB-0791,BB-0150,4,6,0.35443358010816367
BB-2108 BB-1975,"[2108, 1975]",[47],CC(C)(C)OC(=O)Nc1n[nH]c2cc(-c3ccc(N4CCNCC4)cc3)ccc12,,random_balanced,BB-2108,BB-1975,3,1,0.07922668629542459
BB-0146 BB-1533,"[146, 1533]",[96],Cn1c(NC(=O)OC(C)(C)C)c(C(CCl)(C(=O)O)N(CC2(c3cccc(C(F)(F)F)c3)CCOCC2)C(=O)OC(C)(C)C)c(=O)n(C)c1=O,,random_balanced,BB-0146,BB-1533,4,9,0.4398211843667247
BB-0538 BB-0868,"[538, 868]",[61],C[C@H]1CN(c2ccc3c(c2)C(=O)N(C2CCC(=O)NC2=O)C3=O)CCN1C(=O)[C@H](Cc1ccc([N+](=O)[O-])cc1)NC(=O)OC(C)(C)C,,random_balanced,BB-0538,BB-0868,7,1,0.18993631413262316
BB-2128 BB-0415,"[2128, 415]",[96],CC(C)Oc1ccc(CN(C(=O)OC(C)(C)C)C(C(=O)O)(c2ccccc2)c2ccc(B3OC(C)(C)C(C)(C)O3)cc2)cc1,,random_balanced,BB-2128,BB-0415,4,7,0.3743866009118354
BB-2124 BB-0120,"[2124, 120]",[96],CCOC(=O)c1[nH]c2c(c1C)C(C(=O)O)(N(C(=O)OC(C)(C)C)C(CC)CCOC)CC(C)(C)C2,,random_balanced,BB-2124,BB-0120,3,7,0.45851742334816115
BB-2075 BB-1860,"[2075, 1860]",[68],Cc1cc2c(cc1Sc1ccc(OCC(N)=O)c(Br)c1)C(NC(=O)OC(C)(C)C)CO2,,random_balanced,BB-2075,BB-1860,6,2,0.6258426764682985
BB-0931 BB-0424,"[931, 424]",[96],Cc1cc(N(C(=O)OC(C)(C)C)C2(C(=O)O)C(=O)N(CCC(=O)O)c3cc(F)ccc32)c(C)nn1,,random_balanced,BB-0931,BB-0424,6,4,0.4640145311075998
BB-0982 BB-0237,"[982, 237]",[18],CCc1cc(NC(=O)OC(C)(C)C)cc(S(=O)(=O)c2cc(C)cc(OCOC)c2Br)n1,,random_balanced,BB-0982,BB-0237,7,2,0.477298940106528
BB-1586 BB-1354,"[1586, 1354]",[31],CCc1cc(OC(C)(C)C(CC)NC(=O)OC(C)(C)C)cc2c1NC(=O)C2,,random_balanced,BB-1586,BB-1354,2,2,0.6747220164535297
BB-0253 BB-1285,"[253, 1285]",[96],COCCn1c(CN(C(=O)OC(C)(C)C)C(C(=O)O)(c2cncc(F)c2)C2CC2)nc2cc3c(cc21)OCO3,,random_balanced,BB-0253,BB-1285,4,7,0.5878851200088978
BB-1253 BB-0149,"[1253, 149]",[74],Cc1nc(S(=O)(=O)c2ccc(C(=O)C3CCCOC3)c(NC(=O)OC(C)(C)C)c2)c(Cl)cc1C(=O)O,,random_balanced,BB-1253,BB-0149,7,2,0.555307853610784
BB-1630 BB-2019,"[1630, 2019]",[96],Cc1cc(N=[N+]=[N-])ccc1N(C(=O)OC(C)(C)C)C(C)(C(=O)O)c1c(C)oc(NC(=O)OC(C)(C)C)c1C#N,,random_balanced,BB-1630,BB-2019,5,9,0.4848937974900172
BB-0148 BB-1322,"[148, 1322]",[28],CC(C)(C/C=C/C(=O)N1CCN(S(=O)(=O)c2ccccc2C(F)(F)F)CC1)NC(=O)OC(C)(C)C,,random_balanced,BB-0148,BB-1322,5,0,0.316852804212292
BB-0619 BB-1549,"[619, 1549]",[96],Cc1ccc(C(CNC(=O)OC(C)(C)C)(C(=O)O)N(CCN2Cc3ncsc3C2)C(=O)OC(C)(C)C)cc1Br,,random_balanced,BB-0619,BB-1549,5,7,0.5467317623419151
BB-2044 BB-1747,"[2044, 1747]",[88],CC(C)(C)OC(=O)NC1CCc2ncc(Oc3ncc(C(=O)O)cc3Cl)n2C1,,random_balanced,BB-2044,BB-1747,7,0,0.7553821535094597
BB-0838 BB-0337,"[838, 337]",[96],CCCn1c(N(C(=O)OC(C)(C)C)C(C(=O)O)(c2ccc3c(c2)CCC(=O)N3)C(C)Br)nc2ccccc21,,random_balanced,BB-0838,BB-0337,5,8,0.3758794193870402
BB-0168 BB-1746,"[168, 1746]",[61],CC(C)(C)OC(=O)Nc1ccccc1C(=O)CCCC(=O)N1CCC=C2OC(=O)C=C21,,random_balanced,BB-0168,BB-1746,9,1,0.6512480944931615
BB-1625 BB-0260,"[1625, 260]",[28],Cc1nc2n(c1C)CCN(C(=O)[C@H]1CCCC[C@H]1S(=O)(=O)NC(=O)OC(C)(C)C)C2,,random_balanced,BB-1625,BB-0260,6,1,0.7579869846587841
BB-0730 BB-0518,"[730, 518]",[31],CC(Oc1cc(NC(=O)OC(C)(C)C)cs1)C(NC(=O)OC(C)(C)C)c1ccccc1F,,random_balanced,BB-0730,BB-0518,5,1,0.471922146931623
BB-0607 BB-1167,"[607, 1167]",[96],CCCC1CC(C(=O)O)(N(C(=O)OC(C)(C)C)[C@@H]2CCC(=O)N[C@H]2c2cnn(CC)c2)CCO1,,random_balanced,BB-0607,BB-1167,4,6,0.491907992697802
BB-2018 BB-0067,"[2018, 67]",[17],Cc1nn(-c2ccccc2S(=O)(=O)c2ccccc2-c2cc(NC(=O)OC(C)(C)C)n[nH]2)c2sc(C(=O)O)cc12,,random_balanced,BB-2018,BB-0067,4,1,0.3767976162454399
BB-0264 BB-1898,"[264, 1898]",[34],COc1ccc(C(CC(=O)O)N(C)c2ncc(F)cc2NC(=O)OC(C)(C)C)cc1Cl,,random_balanced,BB-0264,BB-1898,7,2,0.495422252478612
BB-1591 BB-0910,"[1591, 910]",[68],COc1ccc2c(Cl)nc(Sc3c(F)ccc(NC(=O)OC(C)(C)C)c3F)cc2c1,,random_balanced,BB-1591,BB-0910,6,2,0.3192094549457739
BB-2161 BB-0070,"[2161, 70]",[0],Cc1c(NC(=O)OC(C)(C)C)cccc1N1C(=O)NCC(=Cc2cc3c(C)nn(C)c3nc2Cl)C1=O,,random_balanced,BB-2161,BB-0070,6,2,0.39785714050719584
BB-1665 BB-0868,"[1665, 868]",[55],C[C@H]1CN(c2ccc3c(c2)C(=O)N(C2CCC(=O)NC2=O)C3=O)CCN1c1ccc(C(COc2ccccc2)NC(=O)OC(C)(C)C)cc1F,,random_balanced,BB-1665,BB-0868,5,2,0.2885391606398648
BB-0601 BB-1440,"[601, 1440]",[28],Cn1cc(C(F)(F)F)nc1C1CCCN(C(=O)[C@@H](Cc2c[nH]c3ccccc23)NC(=O)OC(C)(C)C)C1,,random_balanced,BB-0601,BB-1440,3,0,0.4521567509994274
BB-0096 BB-1590,"[96, 1590]",[39],COc1ccc(C(CNC(=O)OC(C)(C)C)(OC(=O)C2(c3cc(F)cc(C(F)(F)F)c3)CCCC2)C(=O)O)cc1Cl,,random_balanced,BB-0096,BB-1590,7,0,0.5346194086146927
BB-0983 BB-1562,"[983, 1562]",[96],Cc1cc(O)c(C(CCC(=O)O)(OC(=O)C(NC(=O)OC(C)(C)C)c2ccc3ccccc3c2)C(=O)O)cc1Br,,random_balanced,BB-0983,BB-1562,4,4,0.6457139305097415
BB-1649 BB-1113,"[1649, 1113]",[96],CC(C)(C)OC(=O)N(Cc1ccc(Oc2ccc(F)cc2)nc1)C1(C(=O)O)CCC(OC2CCCCC2)CC1,,random_balanced,BB-1649,BB-1113,4,6,0.48620422742562686
BB-0290 BB-1084,"[290, 1084]",[85],CC(C)(C)OC(=O)NCc1ccnc(N(C(=O)[C@@](C)(O)c2ccccc2)C2CC2)c1,,random_balanced,BB-0290,BB-1084,4,0,0.5528791778676624
BB-0558 BB-0341,"[558, 341]",[68],CC(=O)Nc1cc(Sc2cc(Cl)ccc2N2CCCC(NC(=O)OC(C)(C)C)C2=O)ccc1C(=O)O,,random_balanced,BB-0558,BB-0341,4,0,0.5460635421498811
BB-1683 BB-1840,"[1683, 1840]",[96],CCC(C)(C)c1cc(C(C)=O)c(O)c(C(C)(C(=O)O)N(C(=O)OC(C)(C)C)C2CCCc3cn(CC(F)(F)F)nc32)c1,,random_balanced,BB-1683,BB-1840,4,9,0.5989373308509355
BB-2111 BB-2015,"[2111, 2015]",[96],COc1ccc(-c2csc(CCN(C(=O)OC(C)(C)C)C3(C(=O)O)CCC(NC(=O)OC(C)(C)C)c4ccc(Br)cc43)n2)cc1,,random_balanced,BB-2111,BB-2015,6,8,0.4084581171942266
BB-2104 BB-1458,"[2104, 1458]",[10],CC(C)(C)OC(=O)Nc1ncc(SCCC=C(F)F)nc1F,,random_balanced,BB-2104,BB-1458,6,2,0.36815241516470015
BB-2006 BB-1461,"[2006, 1461]",[47],Cn1cc(NC(=O)OC(C)(C)C)c(-c2cccc3c2C(C)(C#N)C3)n1,,random_balanced,BB-2006,BB-1461,6,2,0.7593553709497001
BB-2142 BB-1067,"[2142, 1067]",[10],Cc1ccc(Sc2ccc(NC(=O)OC(C)(C)C)c(-c3nc[nH]n3)c2)cc1-n1ccnn1,,random_balanced,BB-2142,BB-1067,5,0,0.41356191171836515
BB-0568 BB-0426,"[568, 426]",[96],COC(=O)C1(CN(C(=O)OC(C)(C)C)C(CBr)(C(=O)O)C2CC(F)(F)C2)CC1S(C)(=O)=O,,random_balanced,BB-0568,BB-0426,8,7,0.2633060112481459
BB-2100 BB-1768,"[2100, 1768]",[96],CCOC(=O)C(C(=O)O)(c1c(Br)nc(C)n1C)N(Cc1ccccc1C(C)C)C(=O)OC(C)(C)C,,random_balanced,BB-2100,BB-1768,5,8,0.3929293666551301
BB-0157 BB-0028,"[157, 28]",[96],CCn1c(NC(=O)OC(C)(C)C)c(C(CCl)(C(=O)O)N(C(=O)OC(C)(C)C)c2cc(-c3ccc(-c4ccccc4)cc3)[nH]n2)c(=O)[nH]c1=O,,random_balanced,BB-0157,BB-0028,6,9,0.27687734039762457
BB-2150 BB-0811,"[2150, 811]",[28],CC(C)(C)OC(=O)NC1(C(=O)N2CCCCC2c2ncc(C(F)(F)F)cn2)CCCCC1,,random_balanced,BB-2150,BB-0811,4,0,0.5018577518604037
BB-0733 BB-1932,"[733, 1932]",[96],CC(C)CC1(CN(C(=O)OC(C)(C)C)C2(C(=O)O)CC3CCCC2C3)N=N1,,random_balanced,BB-0733,BB-1932,7,8,0.34467279169045256
BB-0703 BB-1894,"[703, 1894]",[17],Cc1c(NC(=O)CC#N)cccc1S(=O)(=O)c1cc(NC(=O)OC(C)(C)C)cnc1OC(C)C,,random_balanced,BB-0703,BB-1894,6,0,0.5080890344441655
BB-2183 BB-1633,"[2183, 1633]",[97],CC(C)(C)OC(=O)Nc1nc(O)nc(COC(=O)c2cccc(Cn3cc(Br)cn3)c2)n1,,random_balanced,BB-2183,BB-1633,4,1,0.08222532935192045
BB-0034 BB-0054,"[34, 54]",[79],Cc1cnc(N(CCNC(=O)OC(C)(C)C)C(=O)C(=O)N(C)C2CCN(c3cc(C)ncn3)CC2)nc1,,random_balanced,BB-0034,BB-0054,5,0,0.2508175442719698
BB-2130 BB-1427,"[2130, 1427]",[103],CC(C)(C)OC(=O)NCCNC(=O)C1(C(=O)C(C)(F)C2CCCC2)CCCC1,,random_balanced,BB-2130,BB-1427,8,1,0.649139825137842
BB-0282 BB-0074,"[282, 74]",[96],COC(=O)c1cc2c([nH]1)C(C(=O)O)(N(CC(C)n1cc(C)cn1)C(=O)OC(C)(C)C)CCC2,,random_balanced,BB-0282,BB-0074,5,8,0.3093228566092943
BB-0519 BB-1253,"[519, 1253]",[96],CC(C)(C)OC(=O)Nc1cc(Cl)ccc1C(C(=O)O)(C1CCCOC1)N(C(=O)OC(C)(C)C)c1cc(F)cc(C(=O)OC(C)(C)C)c1,,random_balanced,BB-0519,BB-1253,7,8,0.2997998706193955
BB-2141 BB-1362,"[2141, 1362]",[96],CC(C)(C)OC(=O)N(Cc1ccc(Oc2ccc([N+](=O)[O-])cc2)cc1)C(C)(C(=O)O)c1c(Cl)cccc1Cl,,random_balanced,BB-2141,BB-1362,5,7,0.5241153096185641
BB-0920 BB-0689,"[920, 689]",[31],Cc1cc(C=O)c(C)n1-c1cc(C(F)(F)F)ccc1OC[C@](C)(NC(=O)OC(C)(C)C)c1ccccc1,,random_balanced,BB-0920,BB-0689,6,2,0.7702443924390282
BB-1678 BB-1695,"[1678, 1695]",[61],Cc1cc(Br)c2c(c1)CN(C(=O)C(Cc1cc(C(F)(F)F)cnc1Cl)NC(=O)OC(C)(C)C)CC2,,random_balanced,BB-1678,BB-1695,6,1,0.7282303908413579
BB-0622 BB-1067,"[622, 1067]",[104],Cc1ccc(-c2cc3c(cc2CNC(=O)OC(C)(C)C)OC(C)(C)O3)cc1-n1ccnn1,,random_balanced,BB-0622,BB-1067,9,1,0.6663165588677272
BB-0213 BB-0566,"[213, 566]",[96],Cc1cc(N(C(=O)OC(C)(C)C)C(C)(C(=O)O)c2nc3ccc(Cl)cc3n2C)ccc1N1CCCS1(=O)=O,,random_balanced,BB-0213,BB-0566,6,7,0.5803808062789054
BB-0336 BB-1805,"[336, 1805]",[68],CC(C)(C)OC(=O)Nc1cc(-n2cnnn2)ccc1Sc1ccc2c(c1)C(=O)CC2,,random_balanced,BB-0336,BB-1805,6,6,0.5980465093629099
BB-2106 BB-1710,"[2106, 1710]",[96],CN1C=CC(=C(C#N)C(CCl)(C(=O)O)N(C(=O)OC(C)(C)C)C2CCC23CCC3)C=C1,,random_balanced,BB-2106,BB-1710,4,7,0.3137279806556272
BB-0600 BB-1268,"[600, 1268]",[96],Cc1ccc(F)c(C(C(=O)O)(C2CCCCCCC2)N(CCCOc2ccc(C(C)(C)C)cc2)C(=O)OC(C)(C)C)c1,,random_balanced,BB-0600,BB-1268,7,6,0.3791604693280054
BB-2114 BB-0040,"[2114, 40]",[28],CN(Cc1ccnc2c(Br)cccc12)C(=O)C1(NC(=O)OC(C)(C)C)CC(C(F)F)C1,,random_balanced,BB-2114,BB-0040,5,3,0.31341812579741496
BB-2149 BB-1836,"[2149, 1836]",[96],COc1c(F)ccc(N(C(=O)OC(C)(C)C)C(C)(Cc2ccccc2S(=O)(=O)NC(=O)OC(C)(C)C)C(=O)O)c1F,,random_balanced,BB-2149,BB-1836,6,6,0.4808319584576572
BB-0817 BB-0862,"[817, 862]",[49],CC(C)(C)OC(=O)NC1CCCN(c2ccc(C(=O)c3ccc(OCc4ccc(C(=O)O)o4)c(Br)c3)cc2)C1=O,,random_balanced,BB-0817,BB-0862,4,1,0.08719390052062853
BB-1691 BB-0083,"[1691, 83]",[96],COC(=O)N1CCC(C(=O)O)(N(C(=O)OC(C)(C)C)c2nc3ccc(F)cc3n2C(C)C)C1(C)C,,random_balanced,BB-1691,BB-0083,4,6,0.3272578538389669
BB-0617 BB-1663,"[617, 1663]",[96],CC(C)(C)OC(=O)N(Cc1ccc(-c2cccc(F)c2)o1)C1(C(=O)O)CCCc2oc(=O)c(C(=O)O)cc21,,random_balanced,BB-0617,BB-1663,6,6,0.6437404926196219
BB-2016 BB-0893,"[2016, 893]",[88],Cn1c(NC(=O)OC(C)(C)C)nc2c(OCC(F)(F)C(C)(F)F)cccc21,,random_balanced,BB-2016,BB-0893,5,2,0.6191150386453744
BB-2121 BB-0274,"[2121, 274]",[21],CC(C)(C)OC(=O)NS(=O)(=O)Cc1cc(Cl)cc(S(=O)(=O)Cc2ccc3c(c2)CCO3)c1,,random_balanced,BB-2121,BB-0274,6,0,0.327772939408213
BB-1549 BB-0530,"[1549, 530]",[82],Cc1cn2c(n1)CCC(CN(C)C(CNC(=O)OC(C)(C)C)c1ccc(C)c(Br)c1)C2,,random_balanced,BB-1549,BB-0530,8,3,0.7440924210646525
BB-2045 BB-0653,"[2045, 653]",[68],Cn1c(NC(=O)OC(C)(C)C)nc2cccc(Sc3cnc4ccc(C(F)(F)F)cc4n3)c21,,random_balanced,BB-2045,BB-0653,4,1,0.6408348840421938
BB-2186 BB-0426,"[2186, 426]",[96],CC(C)(C)OC(=O)NC(C)(C)c1cc(C(=O)OC(C)(C)C)n(C(CBr)(C(=O)O)C2CC(F)(F)C2)n1,,random_balanced,BB-2186,BB-0426,5,8,0.7978154701587316
BB-0834 BB-1353,"[834, 1353]",[104],Cc1ccc(-c2ccc3c(c2)C(C(=O)O)CCO3)cc1NC(=O)CNC(=O)OC(C)(C)C,,random_balanced,BB-0834,BB-1353,6,0,0.3300436145806999
BB-0479 BB-1411,"[479, 1411]",[96],CCCc1ccc(C(=O)O)cc1N(C(=O)OC(C)(C)C)C(C)(C(=O)O)c1ccc(OCOC)c(C)c1O,,random_balanced,BB-0479,BB-1411,5,9,0.4881631734786787
BB-0777 BB-1330,"[777, 1330]",[96],CC(C)(C)OC(=O)N(c1nc(-c2sccc2F)cs1)C(C)(C(=O)O)c1nc2c(s1)CCC2,,random_balanced,BB-0777,BB-1330,8,8,0.6129818899606988
BB-0080 BB-1145,"[80, 1145]",[96],COCCCC(Cc1ccccc1)N(C(=O)OC(C)(C)C)C1(C(=O)O)CCCC(C2CN(C(=O)OC(C)(C)C)C2)C1,,random_balanced,BB-0080,BB-1145,6,8,0.5581233227860437
BB-1273 BB-1871,"[1273, 1871]",[96],COc1cc(Cl)c2c(c1)C(C(=O)O)(N(C(=O)OC(C)(C)C)C(CC1CCOCC1)C(=O)O)CCC2,,random_balanced,BB-1273,BB-1871,4,6,0.5592193218518434
BB-1237 BB-1794,"[1237, 1794]",[96],COC(=CC(C(=O)O)(N(C(=O)OC(C)(C)C)S(=O)(=O)c1cccc([N+](=O)[O-])c1O)C(F)(F)F)OC,,random_balanced,BB-1237,BB-1794,6,8,0.2887775728615633
BB-1023 BB-1225,"[1023, 1225]",[82],CC(C)(C)OC(=O)NCC(c1ccc([N+](=O)[O-])cc1)N1CCOC(c2cccc([N+](=O)[O-])c2)C1,,random_balanced,BB-1023,BB-1225,8,3,0.7435085579190005
BB-2168 BB-0837,"[2168, 837]",[96],Cn1nc([N+](=O)[O-])cc1C(C)(C(=O)O)N(C(=O)OC(C)(C)C)c1cccn(CCF)c1=O,,random_balanced,BB-2168,BB-0837,7,5,0.4091800468064382
BB-1827 BB-0206,"[1827, 206]",[96],CC(C)(C)OC(=O)N(Cc1ccc2c(c1)C(=O)OC2)C1(C(=O)O)CCC(c2cncc(F)c2)C1,,random_balanced,BB-1827,BB-0206,7,8,0.647394241572519
BB-1832 BB-0560,"[1832, 560]",[96],C[C@@H](CN(C(=O)OC(C)(C)C)C1(C(=O)O)C=C(c2cccc(CO)n2)CCC1)Oc1ccccc1,,random_balanced,BB-1832,BB-0560,6,8,0.5327532329089247
BB-1958 BB-0151,"[1958, 151]",[3],CCCN(C(=O)[C@H]1[C@H](C(=O)OC)C12CC2)c1ccncc1NC(=O)OC(C)(C)C,,random_balanced,BB-1958,BB-0151,6,0,0.7027951098945707
BB-1423 BB-1455,"[1423, 1455]",[61],Cc1ccc(C2C(=O)NCCN2C(=O)C(NC(=O)OC(C)(C)C)c2ccc(C(F)(F)F)cc2)cc1,,random_balanced,BB-1423,BB-1455,5,1,0.6064072411904653
BB-2112 BB-1347,"[2112, 1347]",[3],CCc1nc(C(C)C)ccc1C(=O)N(C)c1ncccc1S(=O)(=O)NC(=O)OC(C)(C)C,,random_balanced,BB-2112,BB-1347,5,0,0.5421219825289294
BB-1364 BB-0513,"[1364, 513]",[62],COc1ccc(C(NC(=O)OC(C)(C)C)C(F)(F)F)cc1N(C)Cc1ccc(Br)c([N+](=O)[O-])c1,,random_balanced,BB-1364,BB-0513,6,1,0.5751148029683957
BB-0734 BB-0132,"[734, 132]",[84],COC(=O)C1(c2cc(Br)ccc2-c2noc(-c3cnc4c(c3)C(NC(=O)OC(C)(C)C)CCO4)n2)CC1,,random_balanced,BB-0734,BB-0132,6,1,0.4459725498249967
BB-1942 BB-1989,"[1942, 1989]",[96],CCC(c1nc(C)n[nH]1)N(C(=O)OC(C)(C)C)C(C)(C(=O)O)c1cc2cccc(F)c2o1,,random_balanced,BB-1942,BB-1989,5,9,0.44196084641930333
BB-0095 BB-1898,"[95, 1898]",[4],COc1ccc(/C=C/C(=O)O)cc1N(C)c1cc(Br)ccc1NC(=O)OC(C)(C)C,,random_balanced,BB-0095,BB-1898,6,3,0.6573137790996003
BB-1223 BB-1285,"[1223, 1285]",[96],CC(C)(C)OC(=O)N(c1c2c(nc3ccccc13)CCOC2)C(C(=O)O)(c1cncc(F)c1)C1CC1,,random_balanced,BB-1223,BB-1285,4,8,0.23724975438618182
BB-0373 BB-1620,"[373, 1620]",[16],Cn1ccc(CC(NC(=O)OC(C)(C)C)C(=O)OCCC2CCCCCC2)n1,,random_balanced,BB-0373,BB-1620,7,0,0.5389411895362629
BB-1597 BB-0674,"[1597, 674]",[17],CN(C)CC(NC(=O)OC(C)(C)C)c1ccc(S(=O)(=O)c2cc(/C=C/C(=O)O)cc3c2OCO3)cc1,,random_balanced,BB-1597,BB-0674,4,1,0.5504737869381762
BB-1094 BB-1141,"[1094, 1141]",[84],CC(C)(C)OC(=O)NC(Cc1ccc(O)c(O)c1)c1nc(-c2ccc(F)c(CN=[N+]=[N-])c2)no1,,random_balanced,BB-1094,BB-1141,4,0,0.4787892066437784
BB-0630 BB-0208,"[630, 208]",[96],COC(=O)C[C@@H](c1ccnc(O)c1)N(C(=O)OC(C)(C)C)C1(C(=O)O)CCCc2cc(C)c(C)cc21,,random_balanced,BB-0630,BB-0208,8,7,0.33576138864042343
BB-0350 BB-1414,"[350, 1414]",[96],CCC1Oc2c(F)cc(Br)cc2C1(C(=O)O)n1cnn2c(NC(=O)OC(C)(C)C)nnc12,,random_balanced,BB-0350,BB-1414,6,7,0.7692937905980021
BB-2151 BB-0704,"[2151, 704]",[88],C=CCc1c(C(=O)OC)ccc(Br)c1Oc1nnc(C(N)=O)c(NC(=O)OC(C)(C)C)c1Cl,,random_balanced,BB-2151,BB-0704,5,1,0.4268676746488033
BB-0797 BB-1018,"[797, 1018]",[96],COC(=O)C[C@@H](Cc1cccc(F)c1)N(C(=O)OC(C)(C)C)C(CCCC(=O)O)(C(=O)O)c1ccc(C)cc1,,random_balanced,BB-0797,BB-1018,6,6,0.2847208430024985
BB-0216 BB-0974,"[216, 974]",[47],Cn1c(-c2nccc3nc(NC(=O)OC(C)(C)C)ccc23)cnc1C(=O)[O-],,random_balanced,BB-0216,BB-0974,6,0,0.5757279637863403
BB-0334 BB-1069,"[334, 1069]",[96],CCOC(=O)c1cnn2c(-c3cccc(N(C(=O)OC(C)(C)C)C4(C(=O)O)CCCC4=Cc4cccc([N+](=O)[O-])c4)c3)ccnc12,,random_balanced,BB-0334,BB-1069,4,5,0.3736463313341968
BB-2132 BB-1926,"[2132, 1926]",[46],CC(C)(C)OC(=O)Nc1ccccc1CC(=O)C(C(=O)O)[C@@H](NC(=O)OC(C)(C)C)c1cccc2ccccc12,,random_balanced,BB-2132,BB-1926,5,0,0.5188570986734276
BB-0218 BB-1328,"[218, 1328]",[96],COCCCCc1cccnc1N(C(=O)OC(C)(C)C)C(C)(/C=C/c1ccc(OC)c(O)c1)C(=O)O,,random_balanced,BB-0218,BB-1328,5,6,0.5711566837462707
BB-2031 BB-0267,"[2031, 267]",[50],CC(C)(C)OC(=O)NCC(O)(c1ccc2c(c1)N(CC(=O)O)CCO2)c1cccnc1Cl,,random_balanced,BB-2031,BB-0267,8,1,0.6645470810227111
BB-0155 BB-1173,"[155, 1173]",[16],CC(C)(C)OC(=O)NC(CC(=O)OC1(Cl)CCCNS1(=O)=O)c1ccc(F)cc1,,random_balanced,BB-0155,BB-1173,4,2,0.6867768267552465
BB-1730 BB-0671,"[1730, 671]",[97],CC(C)(C)OC(=O)NCC1(OC(=O)C23CCCCCC2N(C(=O)OC(C)(C)C)CC3)CS(=O)(=O)C1,,random_balanced,BB-1730,BB-0671,3,0,0.5976704180795853
BB-2103 BB-0826,"[2103, 826]",[96],CCCC1Oc2ccc(C)cc2C1(C(=O)O)N(C(=O)OC(C)(C)C)C1C(=O)N(C)c2ccc(C)cc21,,random_balanced,BB-2103,BB-0826,6,9,0.4560672412045098
BB-1309 BB-0726,"[1309, 726]",[96],CCc1nnc2ccc(N(C(=O)OC(C)(C)C)C(C(=O)O)(c3cccc(Br)c3)C(C)(C)O)cn12,,random_balanced,BB-1309,BB-0726,3,8,0.35303355947795906
BB-0802 BB-1117,"[802, 1117]",[96],COC(C1CC1)C(C)N(C(=O)OC(C)(C)C)C(CCl)(C(=O)O)c1ccc(Br)cc1,,random_balanced,BB-0802,BB-1117,5,9,0.17034421000157093
BB-1491 BB-0883,"[1491, 883]",[96],CC(C)(C)OC(=O)N(C1CCc2cc(F)cc(F)c21)C(CCCl)(C(=O)O)c1ccccc1F,,random_balanced,BB-1491,BB-0883,4,8,0.2401477392475119
BB-0454 BB-1328,"[454, 1328]",[96],COc1ccc(/C=C/C(C)(C(=O)O)N(C(=O)OC(C)(C)C)C(C)c2ccc(C)c([N+](=O)[O-])c2)cc1O,,random_balanced,BB-0454,BB-1328,4,7,0.6743340668455832
BB-2079 BB-0011,"[2079, 11]",[107],CC(C)(C)OC(=O)Nc1nc2c(C(O)(CC3COCCN3)c3ccccc3)cccc2n1CC(F)(F)F,,random_balanced,BB-2079,BB-0011,5,7,0.728701218514058
BB-0390 BB-0365,"[390, 365]",[96],CC(C)(C)OC(=O)Nc1ccc2c(c1)[nH]c(=O)n2C(CBr)(C(=O)O)[C@@H](COCc1ccccc1)NC(=O)OC(C)(C)C,,random_balanced,BB-0390,BB-0365,5,8,0.3198170712555836
BB-1364 BB-1032,"[1364, 1032]",[68],COc1ccc(C(NC(=O)OC(C)(C)C)C(F)(F)F)cc1Sc1cc(C=O)c(OC)c(C=O)c1,,random_balanced,BB-1364,BB-1032,7,0,0.5869797277363941
BB-0146 BB-0645,"[146, 645]",[96],CC(C)(C)OC(=O)N(CC1(c2cccc(C(F)(F)F)c2)CCOCC1)C(C(=O)O)(/C(=N/N=C/c1ccc2c(c1)OCO2)c1ccccc1)c1ccccc1,,random_balanced,BB-0146,BB-0645,5,6,0.2657586929627085
BB-1568 BB-0837,"[1568, 837]",[96],Cn1nc([N+](=O)[O-])cc1C(C)(C(=O)O)N(Nc1ccccc1S(C)(=O)=O)C(=O)OC(C)(C)C,,random_balanced,BB-1568,BB-0837,5,6,0.3420048421245925
BB-1958 BB-1055,"[1958, 1055]",[96],CCCN(c1ccncc1NC(=O)OC(C)(C)C)C(CC(C)(C)COC)(C(=O)O)c1ccc2c(c1)OCC2(C)C,,random_balanced,BB-1958,BB-1055,7,6,0.5077967006436774
BB-1948 BB-1541,"[1948, 1541]",[50],CCC(O)(c1ccc(Cl)c(NC(=O)OC(C)(C)C)c1)c1ccc2c(c1)S(=O)NC2=O,,random_balanced,BB-1948,BB-1541,5,1,0.8347284534946543
BB-1574 BB-0268,"[1574, 268]",[104],CC(C)(C)OC(=O)Nc1ccc(-c2c[nH]c(=O)c3ccc(C(F)(F)F)cc23)cc1C(F)(F)F,,random_balanced,BB-1574,BB-0268,7,0,0.6935196390812849
BB-0600 BB-1055,"[600, 1055]",[96],COCC(C)(C)CC(C(=O)O)(c1ccc2c(c1)OCC2(C)C)N(CCCOc1ccc(C(C)(C)C)cc1)C(=O)OC(C)(C)C,,random_balanced,BB-0600,BB-1055,8,7,0.4287362703961753
BB-2165 BB-0546,"[2165, 546]",[96],CCC(C)(CN(C(=O)OC(C)(C)C)C(C)(C(=O)O)c1ccc(OC)c(COC)c1)N1CCOCC1,,random_balanced,BB-2165,BB-0546,4,7,0.44040647816810957
BB-0015 BB-0241,"[15, 241]",[62],Cc1ccc(C(NC(=O)OC(C)(C)C)c2ccc(F)cc2N(C)C2CCN3CCCCC23)cc1,,random_balanced,BB-0015,BB-0241,5,1,0.6745381150509806
BB-1447 BB-0198,"[1447, 198]",[68],COC(=O)C1(NC(=O)OC(C)(C)C)CC(c2ccccc2SCCCc2scnc2C)C1,,random_balanced,BB-1447,BB-0198,5,0,0.7067965656710152
BB-2052 BB-0478,"[2052, 478]",[54],CC(C)(C)OC(=O)NC1CCC(=CC23CCC(C2)C(=O)N3)c2cc(OC(F)F)ccc21,,random_balanced,BB-2052,BB-0478,9,2,0.7864320203030957
BB-1592 BB-1512,"[1592, 1512]",[68],C#CCCCC(NC(=O)OC(C)(C)C)c1ccc(Sc2cc(Cl)ccc2N=C=S)cc1,,random_balanced,BB-1592,BB-1512,5,1,0.5393510062554647
BB-0116 BB-2007,"[116, 2007]",[96],Cc1nc(C(c2ccc(F)cc2)N(C(=O)OC(C)(C)C)C2(C(=O)O)C=C(NC(=O)OC(C)(C)C)CC(C)C2)no1,,random_balanced,BB-0116,BB-2007,7,8,0.46704566058512825
BB-2014 BB-1221,"[2014, 1221]",[107],COc1ccc(C(O)(CCC(=O)O)c2nn(C)cc2CCNC(=O)OC(C)(C)C)c(Cl)c1,,random_balanced,BB-2014,BB-1221,6,6,0.8240438138702587
BB-1151 BB-0937,"[1151, 937]",[0],COc1cccc(C(NC(=O)OC(C)(C)C)C(=Cc2cc(CCl)c3c(c2)COCO3)C(=O)O)c1,,random_balanced,BB-1151,BB-0937,6,3,0.6731312742331828
BB-0063 BB-1116,"[63, 1116]",[61],Cc1nn(C)c(N2CCN(C(=O)c3ccc(NC(=O)OC(C)(C)C)c(CCCC(=O)O)c3)CC2)c1C#N,,random_balanced,BB-0063,BB-1116,5,0,0.5834061464566584
BB-0125 BB-0504,"[125, 504]",[96],CCOC(=O)c1cnn(C)c1C(C)(C(=O)O)N(C(=O)OC(C)(C)C)C(C)Cc1c(F)cccc1F,,random_balanced,BB-0125,BB-0504,7,5,0.24614850681151224
BB-1182 BB-1650,"[1182, 1650]",[96],C#Cc1cccc(C(C)(C(=O)O)N(C(=O)OC(C)(C)C)C(C)Cc2cc(F)cc(OC)c2)c1F,,random_balanced,BB-1182,BB-1650,4,7,0.5813703650633298
BB-1273 BB-0441,"[1273, 441]",[61],CC(C)(C)OC(=O)NC(CC1CCOCC1)C(=O)N1CCc2nc(C3CCC3)[nH]c2C1,,random_balanced,BB-1273,BB-0441,5,0,0.6682011280274665
BB-0348 BB-0485,"[348, 485]",[82],CCn1ncc(CN(C)C(=O)c2cc(-c3ccc(N(C4CN(C)C4)C(C)c4cc(C(NC(=O)OC(C)(C)C)C(=O)O)ccc4O)c(C)n3)nc3ccc(Cl)cc23)c1C,,random_balanced,BB-0348,BB-0485,9,1,0.3123903661811138
BB-2166 BB-0458,"[2166, 458]",[98],CC(C)(C)OC(=O)NCC(OC(=O)C1CCN(C(=O)C2(c3ccccc3)CCC2)CC1)c1ccc(S(C)(=O)=O)cc1,,random_balanced,BB-2166,BB-0458,6,0,0.30486735876741383
BB-1138 BB-0578,"[1138, 578]",[88],Cc1cc2oc(=O)c3c(c2cc1Oc1cccc(-n2nc4c(c2NC(=O)OC(C)(C)C)CCC4)c1)CCCC3,,random_balanced,BB-1138,BB-0578,8,0,0.35573138316126607
BB-1865 BB-1147,"[1865, 1147]",[96],COCC(C(=O)O)(c1ccc2cc(OC)ccc2n1)N(C(=O)OC(C)(C)C)C(c1cccc(SC)c1)c1ccc(F)cc1F,,random_balanced,BB-1865,BB-1147,6,7,0.32375021785688135
BB-0146 BB-0468,"[146, 468]",[96],CC(C)(C)OC(=O)N(CC1(c2cccc(C(F)(F)F)c2)CCOCC1)C(C)(C(=O)O)C(C#N)c1cccc(Br)c1,,random_balanced,BB-0146,BB-0468,6,5,0.33098119687084365
BB-0557 BB-1345,"[557, 1345]",[96],CCOC(=O)C(C(=O)O)(c1sc(C)cc1Br)N(C(=O)OC(C)(C)C)C(c1nccc(C)n1)C1CC1,,random_balanced,BB-0557,BB-1345,2,6,0.30497873478683446
BB-0457 BB-0337,"[457, 337]",[96],CC(Br)C(C(=O)O)(c1ccc2c(c1)CCC(=O)N2)N(C(=O)OC(C)(C)C)C1(c2nc(C3CCOCC3)no2)CCOCC1,,random_balanced,BB-0457,BB-0337,7,9,0.5855783134747988
BB-1963 BB-0230,"[1963, 230]",[96],CC(C)(C)OC(=O)N(C1(Cc2ccc(F)cc2F)CCCCC1)C1(C(=O)O)CCN(c2cnccn2)CC1,,random_balanced,BB-1963,BB-0230,5,9,0.5040654053814277
BB-0750 BB-1744,"[750, 1744]",[98],COc1cc(Cl)ccc1C(COC(=O)Cc1ccc(Br)cc1[N+](=O)[O-])NC(=O)OC(C)(C)C,,random_balanced,BB-0750,BB-1744,8,0,0.606439488407409
BB-0820 BB-1862,"[820, 1862]",[96],CCOC(=O)c1cc2c([nH]1)CCCC2(C(=O)O)N(Cc1ccc(C2CCOCC2)cc1)C(=O)OC(C)(C)C,,random_balanced,BB-0820,BB-1862,5,8,0.503254713666887
BB-0004 BB-0532,"[4, 532]",[3],CC(C(=O)N(CCNC(=O)OC(C)(C)C)c1ccc(C(F)(F)F)cc1C#N)N1C(=O)c2nccnc2C1=O,,random_balanced,BB-0004,BB-0532,6,0,0.7219269113907957
BB-1052 BB-0195,"[1052, 195]",[48],CNCCCCc1cccc(/C(=C\C(F)F)CNC(=O)OC(C)(C)C)c1,,random_balanced,BB-1052,BB-0195,6,1,0.5989685399274204
BB-0599 BB-2065,"[599, 2065]",[96],CCC(C(=O)O)(c1cc(NC(=O)OC(C)(C)C)ccc1F)N(Cc1ccccc1CN1CC(C)OC(C)C1)C(=O)OC(C)(C)C,,random_balanced,BB-0599,BB-2065,5,8,0.4186310452640711
BB-2021 BB-0472,"[2021, 472]",[47],Cc1cc(-c2cc3c(cc2CCNC(=O)OC(C)(C)C)OCO3)c(F)cc1[N+](=O)[O-],,random_balanced,BB-2021,BB-0472,6,1,0.817259929465062
BB-0446 BB-1602,"[446, 1602]",[96],CCc1c(C(C)(C(=O)O)n2cc(CC(C)CNC(=O)OC(C)(C)C)cn2)oc2ccc(C)cc12,,random_balanced,BB-0446,BB-1602,5,7,0.36621264838579826
BB-0346 BB-1398,"[346, 1398]",[96],CC(C)CC(c1nnc2ccccn12)N(C(=O)OC(C)(C)C)C(C)(C(=O)O)c1c[nH]c2ccc([N+](=O)[O-])cc12,,random_balanced,BB-0346,BB-1398,5,7,0.37969583743175883
BB-0185 BB-0259,"[185, 259]",[96],CC(C)Oc1ccc2c(c1)CCCC2(C(=O)O)N(CCc1csc(N(C)C)n1)C(=O)OC(C)(C)C,,random_balanced,BB-0185,BB-0259,5,7,0.6424843332584579
BB-1392 BB-1910,"[1392, 1910]",[97],CC(C)(C)OC(=O)NC12CC(C)(C1)OC2COC(=O)[C@H]1CCN[C@@H](c2ccccc2)C1,,random_balanced,BB-1392,BB-1910,6,1,0.7166847126069553
BB-0735 BB-0132,"[735, 132]",[68],COC(=O)C1(c2cc(Sc3cnn(Cc4ccc(NC(=O)OC(C)(C)C)cc4)c3)ccc2C#N)CC1,,random_balanced,BB-0735,BB-0132,4,2,0.19389806747777022
BB-0834 BB-0901,"[834, 901]",[47],CCOC(=O)c1cn2cc(-c3ccc(C)c(NC(=O)CNC(=O)OC(C)(C)C)c3)ccc2n1,,random_balanced,BB-0834,BB-0901,7,1,0.107274653322927
BB-1220 BB-0652,"[1220, 652]",[16],COC(=O)C(OC(=O)[C@]1(C)C[C@H]2CC[C@@H]1C[C@H]2NC(=O)OC(C)(C)C)=C1CC1,,random_balanced,BB-1220,BB-0652,4,2,0.46432053217627034
BB-1815 BB-0558,"[1815, 558]",[68],COc1c(Cl)cc(NC(=O)OC(C)(C)C)cc1Sc1ccc(N2CCCC(NC(=O)OC(C)(C)C)C2=O)c(Cl)c1,,random_balanced,BB-1815,BB-0558,6,5,0.04665708346155212
BB-1814 BB-1943,"[1814, 1943]",[96],CCC(C(=O)O)(c1cccc(Br)c1)N(CC1(c2cccc(C(F)(F)F)c2)CC1)C(=O)OC(C)(C)C,,random_balanced,BB-1814,BB-1943,6,8,0.23659415403004033
BB-1306 BB-0349,"[1306, 349]",[96],Cc1cccc(C(C(N)=O)(C(=O)O)N(Cc2ccc3ccccc3c2F)C(=O)OC(C)(C)C)c1,,random_balanced,BB-1306,BB-0349,5,6,0.45928739006317787
BB-1459 BB-0429,"[1459, 429]",[96],CC(C)c1nnc(CN(C(=O)OC(C)(C)C)C(C)(Cc2ccncc2)C(=O)O)s1,,random_balanced,BB-1459,BB-0429,7,6,0.6153438820240585
BB-0903 BB-1801,"[903, 1801]",[47],COc1nc(-c2cccnc2OC(F)F)c(F)cc1NC(=O)OC(C)(C)C,,random_balanced,BB-0903,BB-1801,6,1,0.2873191288347118
BB-1077 BB-1937,"[1077, 1937]",[96],CCOC(=O)c1cc(C(C)(C(=O)O)N(CC2CN3CCCN2CC3)C(=O)OC(C)(C)C)n[nH]1,,random_balanced,BB-1077,BB-1937,6,6,0.6316140022034336
BB-1604 BB-0083,"[1604, 83]",[96],COC(=O)N1CCC(C(=O)O)(N(C(=O)OC(C)(C)C)C(C)(C)c2ccc3c(c2)OCO3)C1(C)C,,random_balanced,BB-1604,BB-0083,3,7,0.34002655956051503
BB-2188 BB-0723,"[2188, 723]",[96],CC(C)(C)OC(=O)N(C1C2CC3C(C2)C31)C1(C(=O)O)CCN(C(=O)OCc2ccccc2)CC1CC#N,,random_balanced,BB-2188,BB-0723,6,9,0.5013174704625839
BB-0059 BB-1972,"[59, 1972]",[96],CCOc1ccc(C(C)(C(=O)O)n2nc(C)c(NC(=O)C(C)CNC(=O)OC(C)(C)C)c2C)cc1S(=O)(=O)NC(=O)OC(C)(C)C,,random_balanced,BB-0059,BB-1972,6,8,0.08467647854245017
BB-0956 BB-1326,"[956, 1326]",[96],COc1cccc(C(OC(=O)C2=CCC(CNC(=O)OC(C)(C)C)CC2)(C(=O)O)c2ccc(C(=O)O)cc2)c1,,random_balanced,BB-0956,BB-1326,5,7,0.3527678535404555
BB-2083 BB-1546,"[2083, 1546]",[68],CC(C)(C)OC(=O)Nc1ccc(Sc2cnn3c2N(C(=O)OC(C)(C)C)CC3)c2c1CCO2,,random_balanced,BB-2083,BB-1546,9,2,0.4633966192373285
BB-2160 BB-0038,"[2160, 38]",[0],CC(C)(C)OC(=O)Nc1ccc2c(c1)N(C(=O)C=Cc1cnc3c(Br)cc(F)cn13)CC2,,random_balanced,BB-2160,BB-0038,5,1,0.5332940476401407
BB-0921 BB-1943,"[921, 1943]",[96],CCC(C(=O)O)(c1cccc(Br)c1)N(C(=O)OC(C)(C)C)C1CCCN(c2ccccc2F)C1=O,,random_balanced,BB-0921,BB-1943,7,9,0.2864979690692246
BB-1738 BB-1636,"[1738, 1636]",[96],Cc1cc(Cl)c2c(c1)C(C(=O)O)(N(CCCC1CCN(C(=O)OC(C)(C)C)CC1)C(=O)OC(C)(C)C)CCCO2,,random_balanced,BB-1738,BB-1636,5,7,0.4608810247457735
BB-0211 BB-1701,"[211, 1701]",[96],CC(C)(C)OC(=O)NC1CC(C(=O)O)(N(C(=O)OC(C)(C)C)C2CCC(C(F)(F)F)CC2)C12CC(C(F)F)C2,,random_balanced,BB-0211,BB-1701,4,7,0.7252250395231135
BB-2060 BB-0680,"[2060, 680]",[62],C=CCOc1ccc(CN(CC2(CNC(=O)OC(C)(C)C)CCOCC2)C(C)(C)C)cc1,,random_balanced,BB-2060,BB-0680,8,1,0.6928070715762172
BB-0519 BB-2024,"[519, 2024]",[96],Cn1nncc1C(CNC(=O)OC(C)(C)C)(C(=O)O)N(C(=O)OC(C)(C)C)c1cc(F)cc(C(=O)OC(C)(C)C)c1,,random_balanced,BB-0519,BB-2024,8,7,0.3708632462469426
BB-0490 BB-1465,"[490, 1465]",[3],CN(C(=O)c1csc(Cc2cccc(C(F)(F)F)c2)n1)S(=O)(=O)c1ccccc1CNC(=O)OC(C)(C)C,,random_balanced,BB-0490,BB-1465,4,0,0.3735391279698231
BB-0884 BB-0206,"[884, 206]",[96],Cc1cccc(C(CCO)N(C(=O)OC(C)(C)C)C2(C(=O)O)CCC(c3cncc(F)c3)C2)c1,,random_balanced,BB-0884,BB-0206,5,9,0.4526146181828987
BB-0648 BB-0792,"[648, 792]",[96],CCCN1C(=O)C(C(=O)O)(N(C(=O)OC(C)(C)C)S(=O)(=O)C2c3ccccc3-c3ccccc32)c2cc(Br)ccc21,,random_balanced,BB-0648,BB-0792,6,6,0.23680525418597387
BB-0417 BB-1767,"[417, 1767]",[10],CC1CNC(=O)c2cc(Sc3cccc4cc(NC(=O)OC(C)(C)C)ncc34)cn21,,random_balanced,BB-0417,BB-1767,7,2,0.523269193711938
BB-1734 BB-1739,"[1734, 1739]",[55],CC(C)(C)OC(=O)Nc1ccc(=O)n(Cc2ccccc2NC[C@H](N)C(=O)O)c1,,random_balanced,BB-1734,BB-1739,2,2,0.6766212623295123
BB-1100 BB-0223,"[1100, 223]",[47],Cc1cc2c(cc1-c1ccc3c(c1)CCC(NC(=O)OC(C)(C)C)C(=O)N3)NCCC2,,random_balanced,BB-1100,BB-0223,3,1,0.5283838452537807
BB-0996 BB-0061,"[996, 61]",[31],CC(C)(C)OC(=O)NCC1(c2ccccc2)CC(Oc2ccc(-c3cc(C=O)no3)cc2)(C(F)(F)F)C1,,random_balanced,BB-0996,BB-0061,4,3,0.4036699667178933
BB-1262 BB-1199,"[1262, 1199]",[10],Cc1c[n+]([O-])ccc1Sc1ccnc(NNC(=O)OC(C)(C)C)c1C,,random_balanced,BB-1262,BB-1199,4,3,0.5751893275374055
BB-1118 BB-1706,"[1118, 1706]",[96],Cc1nc(N(C(=O)OC(C)(C)C)C2(C(=O)O)CC(C(=O)O)(c3cccc(Br)c3)C2)ccc1-c1cnn(C)c1,,random_balanced,BB-1118,BB-1706,5,9,0.5744068733888829
BB-0080 BB-1253,"[80, 1253]",[96],COCCCC(Cc1ccccc1)N(C(=O)OC(C)(C)C)C(C(=O)O)(c1ccc(Cl)cc1NC(=O)OC(C)(C)C)C1CCCOC1,,random_balanced,BB-0080,BB-1253,7,9,0.3405484866738055
BB-0247 BB-1768,"[247, 1768]",[96],CCOC(=O)C(C(=O)O)(c1c(Br)nc(C)n1C)N(C(=O)OC(C)(C)C)C1(c2ccc(C(=O)OC)o2)CC1,,random_balanced,BB-0247,BB-1768,6,9,0.36487423325553237
BB-0647 BB-0732,"[647, 732]",[107],CNC(=O)c1cc(C)cc(C(O)c2cc(CNC(=O)OC(C)(C)C)c3ncccc3c2)c1,,random_balanced,BB-0647,BB-0732,5,0,0.6859266505758813
BB-2093 BB-0223,"[2093, 223]",[10],Cc1cc2c(cc1Sc1ccc3nn(C)c(CNC(=O)OC(C)(C)C)c3c1)NCCC2,,random_balanced,BB-2093,BB-0223,5,2,0.4848754387341199
BB-0983 BB-0351,"[983, 351]",[61],CCc1cc(Br)cc2c1N(C(=O)C(NC(=O)OC(C)(C)C)c1ccc3ccccc3c1)CCC2,,random_balanced,BB-0983,BB-0351,5,2,0.6964807157503828
BB-0688 BB-1221,"[688, 1221]",[96],COc1ccc(C(CCC(=O)O)(C(=O)O)N(C(=O)OC(C)(C)C)c2cc(-c3ccccc3C)nn2Cc2ccccc2)c(Cl)c1,,random_balanced,BB-0688,BB-1221,5,7,0.4432777469221349
BB-0735 BB-0692,"[735, 692]",[10],CC(C)(C)OC(=O)Nc1ccc(Cn2cc(Sc3ccc4c(c3)CCC(C(=O)O)N4)cn2)cc1,,random_balanced,BB-0735,BB-0692,5,1,0.08332824312899352
BB-2192 BB-0621,"[2192, 621]",[4],CC(C)(C)OC(=O)Nc1ccc(C2CCN(c3c(NC(=O)OC(C)(C)C)ccnc3F)CC2)cn1,,random_balanced,BB-2192,BB-0621,6,7,0.36961161189128494
BB-2027 BB-1390,"[2027, 1390]",[105],C=C(CCOCc1c(Br)cncc1Br)c1ccc(NC(=O)OC(C)(C)C)c2c1CCC2,,random_balanced,BB-2027,BB-1390,5,4,0.47273267913846895
BB-1350 BB-1238,"[1350, 1238]",[10],COC(=O)C1CNc2ccc(Sc3cc(Cl)cc(C(NC(=O)OC(C)(C)C)C(F)(F)C(=O)O)c3)cc21,,random_balanced,BB-1350,BB-1238,5,1,0.4078309324445901
BB-2129 BB-1912,"[2129, 1912]",[96],CCc1nc(C)c(N(C(=O)OC(C)(C)C)C2(C(=O)O)CCc3cc(NC(C)=O)c(Br)cc32)s1,,random_balanced,BB-2129,BB-1912,6,8,0.6176028546683648
BB-0443 BB-1734,"[443, 1734]",[68],CC(C)(C)OC(=O)Nc1ccc(=O)n(Cc2ccccc2Sc2cncc(NC(=O)OC(C)(C)C)c2O)c1,,random_balanced,BB-0443,BB-1734,6,3,0.17496106989753402
BB-1325 BB-0057,"[1325, 57]",[96],Cc1ccccc1NC(=O)CC(C)(C(=O)O)N(C(=O)OC(C)(C)C)C(CCOc1ccccc1)c1ccc(F)cc1F,,random_balanced,BB-1325,BB-0057,5,5,0.4003263933558202
BB-1863 BB-0710,"[1863, 710]",[40],CC(C)(C)OC(=O)NC(C)(C(=O)O[C@@H]1[C@@H]2CO[C@H]1CN2)c1ccc(C(F)(F)F)cc1,,random_balanced,BB-1863,BB-0710,7,1,0.46201550595882074
BB-2129 BB-1714,"[2129, 1714]",[96],CCc1nc(C)c(N(C(=O)OC(C)(C)C)C(C)(CCc2cccc(C(F)(F)F)c2)C(=O)O)s1,,random_balanced,BB-2129,BB-1714,7,6,0.5369309870925355
BB-0988 BB-0794,"[988, 794]",[96],Cc1ccsc1C(Cc1ccccc1)N(C(=O)OC(C)(C)C)C1(C(=O)O)CC(C)c2c(C)ccc(OCC(=O)O)c21,,random_balanced,BB-0988,BB-0794,7,8,0.30613184103244717
BB-1558 BB-1023,"[1558, 1023]",[96],CC(C)(C)OC(=O)NCC(C(=O)O)(c1ccc([N+](=O)[O-])cc1)N(C(=O)OC(C)(C)C)S(=O)(=O)c1ccccc1NC(=O)C1CC1,,random_balanced,BB-1558,BB-1023,3,9,0.33054419278048036
BB-0558 BB-1103,"[558, 1103]",[68],COC(=O)c1cc2c(Sc3cc(Cl)ccc3N3CCCC(NC(=O)OC(C)(C)C)C3=O)cccc2o1,,random_balanced,BB-0558,BB-1103,6,2,0.6219588650808351
BB-2013 BB-0222,"[2013, 222]",[68],CC(C)(C)OC(=O)NC1CCN(c2ccccc2Sc2cccc(C#CC(=O)O)c2)C1,,random_balanced,BB-2013,BB-0222,9,0,0.5375710921847082
BB-0515 BB-0726,"[515, 726]",[96],CC(C)(C)OC(=O)N(c1nccc2cnccc12)C(C(=O)O)(c1cccc(Br)c1)C(C)(C)O,,random_balanced,BB-0515,BB-0726,6,9,0.23575522889980532
BB-1429 BB-0184,"[1429, 184]",[106],CC(C)(C)OC(=O)NCC12CC[C@@H](C(=O)c3ccc(C=O)c(Br)c3)[C@@H](C1)OC2,,random_balanced,BB-1429,BB-0184,5,2,0.6692346749528708
BB-1985 BB-2062,"[1985, 2062]",[96],CCc1sc(N(C(=O)OC(C)(C)C)C(CCCNC(=O)OC(C)(C)C)(C(=O)O)c2ccc3c(c2)OCO3)nc1-c1ccc(OC)cc1,,random_balanced,BB-1985,BB-2062,5,9,0.3735318482981299
BB-0806 BB-1264,"[806, 1264]",[27],COC(=O)c1c(NC(=O)OC(C)(C)C)c(-c2noc(-c3c(C)nn(-c4ccccc4C)c3C)n2)c2n1CCOC2,,random_balanced,BB-0806,BB-1264,6,1,0.5200299845077566
BB-2196 BB-1472,"[2196, 1472]",[28],COC(=O)C(NC(=O)OC(C)(C)C)[C@@H]1C[C@H]1C(=O)N1C[C@H](OC)C[C@H]1c1nc(C)n[nH]1,,random_balanced,BB-2196,BB-1472,5,1,0.7749471026352106
BB-0978 BB-1864,"[978, 1864]",[96],CCOC(=O)C1(C)CCCCC1(C(=O)O)N(C(=O)OC(C)(C)C)S(=O)(=O)c1cc(C(F)F)ccc1OC,,random_balanced,BB-0978,BB-1864,6,8,0.3460393082684078
BB-2160 BB-0958,"[2160, 958]",[0],COc1cc(C=CC(=O)N2CCc3ccc(NC(=O)OC(C)(C)C)cc32)ccc1OC(C)C(=O)O,,random_balanced,BB-2160,BB-0958,6,0,0.36815787796510024
BB-2076 BB-1026,"[2076, 1026]",[17],Cc1ccc(CCNC(=O)OC(C)(C)C)c(S(=O)(=O)c2cc(C(C)C)nc3ncnn23)c1,,random_balanced,BB-2076,BB-1026,7,4,0.6724989630935894
BB-1208 BB-1996,"[1208, 1996]",[96],Cc1nc(C)c2c(C)c(C(C)(C(=O)O)N(C(=O)OC(C)(C)C)c3cnc(C)n3CC(F)(F)F)sc2n1,,random_balanced,BB-1208,BB-1996,4,8,0.610134340525869
BB-1042 BB-1851,"[1042, 1851]",[31],CC(C)(C)OC(=O)Nc1[nH]nc(OCCCOc2cc3c(c(CCC(=O)O)c2)OCC3)c1C#N,,random_balanced,BB-1042,BB-1851,7,1,0.15704720464433608
BB-2063 BB-1431,"[2063, 1431]",[86],Cc1cc(Cl)c(CNC(=O)OC(C)(C)C)nc1-c1cc2ccccc2[nH]c1=O,,random_balanced,BB-2063,BB-1431,6,1,0.6309097593438233
BB-1277 BB-0507,"[1277, 507]",[96],Cc1nc2c(CNC(=O)OC(C)(C)C)c(F)ccc2n1C(C)(CCc1n[nH]c2ccccc12)C(=O)O,,random_balanced,BB-1277,BB-0507,4,7,0.6489580179671681
BB-0920 BB-0927,"[920, 927]",[31],Cc1nc2cc(OC[C@](C)(NC(=O)OC(C)(C)C)c3ccccc3)ccc2n1C,,random_balanced,BB-0920,BB-0927,7,1,0.7189733020047648
BB-0570 BB-1147,"[570, 1147]",[96],COCC(C(=O)O)(c1ccc2cc(OC)ccc2n1)N(C(=O)OC(C)(C)C)C(Cc1cccc(F)c1)C(N)=O,,random_balanced,BB-0570,BB-1147,6,8,0.46411162321800536
BB-0881 BB-0109,"[881, 109]",[55],Cc1cc(N(C)CC(=O)c2c[nH]c3ccc(F)cc23)cc(C#N)c1NC(=O)OC(C)(C)C,,random_balanced,BB-0881,BB-0109,6,9,0.7169808167459195
BB-1168 BB-0354,"[1168, 354]",[96],CC(=O)N1CCC(C(C(=O)O)(c2ccc(F)cc2F)N(CC(C)(C)CC2CCN(C(=O)OC(C)(C)C)CC2)C(=O)OC(C)(C)C)CC1,,random_balanced,BB-1168,BB-0354,4,6,0.3541309132114409
BB-0118 BB-1778,"[118, 1778]",[68],CC(C)(C)OC(=O)NCC1(c2cccc(Sc3c(N=[N+]=[N-])ccc(Br)c3Cl)c2)CCC1,,random_balanced,BB-0118,BB-1778,6,1,0.35083433494008803
BB-2153 BB-1812,"[2153, 1812]",[31],COc1[nH]nc(C(F)(F)F)c1OCC1(NC(=O)OC(C)(C)C)COCC12CCC2,,random_balanced,BB-2153,BB-1812,4,0,0.553827067563407
BB-1361 BB-0811,"[1361, 811]",[28],CC(C)(C)OC(=O)Nc1snc(C(C)(C)C)c1C(=O)N1CCCCC1c1ncc(C(F)(F)F)cn1,,random_balanced,BB-1361,BB-0811,7,1,0.8103008286057798
BB-0016 BB-0378,"[16, 378]",[96],Cc1nn(C)c(C(N)=O)c1N(C(=O)OC(C)(C)C)C(CBr)(C(=O)O)C1COc2ccccc2O1,,random_balanced,BB-0016,BB-0378,6,6,0.39113744082688207
BB-0218 BB-1310,"[218, 1310]",[96],COCCCCc1cccnc1N(C(=O)OC(C)(C)C)C(CCl)(C(=O)O)c1cc(C)[nH]c1C,,random_balanced,BB-0218,BB-1310,6,6,0.26930337301026075
BB-1405 BB-0127,"[1405, 127]",[88],COC(=O)c1cc(Sc2nc3nc(C)c(CC(=O)O)c(C)n3n2)cc(S(=O)(=O)NC(=O)OC(C)(C)C)c1F,,random_balanced,BB-1405,BB-0127,6,0,0.2127361447860259
BB-1824 BB-0752,"[1824, 752]",[18],Cc1cc(S(=O)(=O)c2cc(-c3ccccc3)nc(NC(=O)OC(C)(C)C)n2)cc2c(=O)oc(=O)[nH]c12,,random_balanced,BB-1824,BB-0752,4,0,0.3172664126239879
BB-1517 BB-1373,"[1517, 1373]",[31],Cc1cccc(CC(COCC2CCN(C(=O)c3ccccc3)C2)NC(=O)OC(C)(C)C)c1,,random_balanced,BB-1517,BB-1373,6,1,0.5383681309452973
BB-2164 BB-0208,"[2164, 208]",[96],Cc1cc2c(cc1C)C(C(=O)O)(N(CCc1nccnc1C)C(=O)OC(C)(C)C)CCC2,,random_balanced,BB-2164,BB-0208,3,8,0.5577079353623008
BB-0425 BB-0744,"[425, 744]",[82],CC(C)(C)OC(=O)Nc1[nH]ncc1CN(Cc1ccccc1Cl)C1CC1,,random_balanced,BB-0425,BB-0744,8,2,0.5353970339695882
BB-2191 BB-0507,"[2191, 507]",[96],CC(C)(C)OC(=O)NN(C1CCCCCCC1)C(C)(CCc1n[nH]c2ccccc12)C(=O)O,,random_balanced,BB-2191,BB-0507,5,8,0.6795393015195506
BB-2184 BB-1267,"[2184, 1267]",[17],COCn1ncc(S(=O)(=O)c2ccc(C(F)(F)F)cc2C2(C(=O)O)CC2)c1S(=O)(=O)NC(=O)OC(C)(C)C,,random_balanced,BB-2184,BB-1267,9,1,0.3719852244862972
BB-0936 BB-0347,"[936, 347]",[98],CC(C)(C)OC(=O)NC1CCCN(CCCOC(=O)c2cccnc2OCCO)C1,,random_balanced,BB-0936,BB-0347,4,1,0.44454016762137005
BB-1921 BB-1669,"[1921, 1669]",[96],CCCc1ccc(C(CCC(=O)O)(C(=O)O)N(C(=O)OC(C)(C)C)c2ccc(OC3CCN(C)CC3)nc2)cc1,,random_balanced,BB-1921,BB-1669,5,8,0.5717408353335124
BB-2177 BB-1836,"[2177, 1836]",[96],Cc1ccc(C2CCCC2N(C(=O)OC(C)(C)C)C(C)(Cc2ccccc2S(=O)(=O)NC(=O)OC(C)(C)C)C(=O)O)cc1,,random_balanced,BB-2177,BB-1836,5,7,0.49666561158093037
BB-1726 BB-0396,"[1726, 396]",[88],COc1ccc(CCNC(=O)OC(C)(C)C)c(Oc2cc(C(=O)O)nc3c(Br)cccc23)c1,,random_balanced,BB-1726,BB-0396,7,2,0.619287127753464
BB-0882 BB-0715,"[882, 715]",[27],CCCc1ccc(NC(=O)OC(C)(C)C)c(-c2noc(C3CCNCC3(F)F)n2)c1,,random_balanced,BB-0882,BB-0715,7,0,0.5836318408469275
BB-2032 BB-0485,"[2032, 485]",[17],CCn1ncc(CN(C)C(=O)c2cc(-c3ccc(NC4CN(C)C4)c(C)n3)nc3ccc(S(=O)(=O)c4ccc(CSC)cc4NC(=O)OC(C)(C)C)cc23)c1C,,random_balanced,BB-2032,BB-0485,5,2,0.07979468238265021
BB-2199 BB-0365,"[2199, 365]",[96],CC(C)(C)OC(=O)N[C@H](COCc1ccccc1)C(CBr)(C(=O)O)N(C(=O)OC(C)(C)C)c1cc(Cl)c(Cl)cc1F,,random_balanced,BB-2199,BB-0365,7,9,0.4435978759576414
BB-2158 BB-0999,"[2158, 999]",[27],CC(C)(C)OC(=O)NC1CCCc2cc(-c3noc([C@H](Cc4ccc(OP(=O)(OCc5ccccc5)OCc5ccccc5)cc4)NC(=O)OCC4c5ccccc5-c5ccccc54)n3)ccc21,,random_balanced,BB-2158,BB-0999,8,0,0.0
BB-0470 BB-0842,"[470, 842]",[27],Cc1nc(N2CC[C@@H](NC(=O)OC(C)(C)C)C2)c(Cl)cc1-c1noc([C@@H]2CN(Cc3ccccc3)C[C@H]2C(C)C)n1,,random_balanced,BB-0470,BB-0842,5,1,0.13822812915729857
BB-0853 BB-1701,"[853, 1701]",[96],COc1ccc2c(c1)C(N(C(=O)OC(C)(C)C)C1(C(=O)O)CC(NC(=O)OC(C)(C)C)C13CC(C(F)F)C3)C(OC)CC2,,random_balanced,BB-0853,BB-1701,5,8,0.6013342623966957
BB-0763 BB-1015,"[763, 1015]",[96],CC(=O)c1ccc(O)c(C(C)(C(=O)O)N(CC(C)(C)c2cc[nH]c(=O)c2)C(=O)OC(C)(C)C)c1,,random_balanced,BB-0763,BB-1015,4,7,0.34146476174444934
BB-2020 BB-0093,"[2020, 93]",[10],CC(C)(C)OC(=O)NCC(=O)c1ccc(F)cc1Sc1c([N+](=O)[O-])cnc2ccc(C3CCC3)cc12,,random_balanced,BB-2020,BB-0093,9,1,0.5513164913586373
BB-2122 BB-0276,"[2122, 276]",[49],CCN1CCC(NC(=O)OC(C)(C)C)(C(=O)c2ccccc2NC(=O)CC#N)CC1,,random_balanced,BB-2122,BB-0276,5,1,0.5437782600421968
BB-1247 BB-1481,"[1247, 1481]",[96],Cc1c(C(C)(C(=O)O)N(C(=O)OC(C)(C)C)C23CCC(F)(CC2)C3)oc2ccccc12,,random_balanced,BB-1247,BB-1481,4,6,0.3603176612793095
BB-0482 BB-0927,"[482, 927]",[68],COC(=O)c1ccc(CCNC(=O)OC(C)(C)C)c(Sc2ccc3c(c2)nc(C)n3C)c1,,random_balanced,BB-0482,BB-0927,7,2,0.4299444130456596
BB-1947 BB-1372,"[1947, 1372]",[96],CCOC(=O)C1Cc2c(C)cccc2C(C(=O)O)(N2C(=O)c3ccc(NC(=O)OC(C)(C)C)cc3S2(=O)=O)C1,,random_balanced,BB-1947,BB-1372,4,5,0.3041809911813969
BB-0454 BB-1336,"[454, 1336]",[96],Cc1ccc(C(C)N(C(=O)OC(C)(C)C)C2(C(=O)O)CCCC2C2CCCN2)cc1[N+](=O)[O-],,random_balanced,BB-0454,BB-1336,5,4,0.4861782469982018
BB-0439 BB-0164,"[439, 164]",[96],CCOC(=O)C12CCCC1=CC(C(=O)O)(N(C[C@H](NC(=O)OC(C)(C)C)C(=O)O)C(=O)OC(C)(C)C)C2,,random_balanced,BB-0439,BB-0164,4,8,0.6284320566615458
BB-0576 BB-1268,"[576, 1268]",[96],CNC(=O)C(CC1CCCCC1)N(C(=O)OC(C)(C)C)C(C(=O)O)(c1cc(C)ccc1F)C1CCCCCCC1,,random_balanced,BB-0576,BB-1268,5,7,0.27337844112616505
BB-1921 BB-1469,"[1921, 1469]",[96],CN1CCC(Oc2ccc(N(C(=O)OC(C)(C)C)C(C)(Cn3c(=O)oc(=O)c4ccccc43)C(=O)O)cn2)CC1,,random_balanced,BB-1921,BB-1469,6,7,0.5673885099846273
BB-1630 BB-1145,"[1630, 1145]",[96],Cc1cc(N=[N+]=[N-])ccc1N(C(=O)OC(C)(C)C)C1(C(=O)O)CCCC(C2CN(C(=O)OC(C)(C)C)C2)C1,,random_balanced,BB-1630,BB-1145,6,9,0.5934568251043675
BB-2150 BB-1362,"[2150, 1362]",[96],COC(=O)C1(N(C(=O)OC(C)(C)C)C(C)(C(=O)O)c2c(Cl)cccc2Cl)CCCCC1,,random_balanced,BB-2150,BB-1362,5,8,0.20256671108866994
BB-1947 BB-0124,"[1947, 124]",[96],CC(=O)Nc1cc(C(CCl)(C(=O)O)N(C(=O)OC(C)(C)C)c2ccc3c(c2)S(=O)(=O)NC3=O)ccc1O,,random_balanced,BB-1947,BB-0124,5,7,0.4768653969527522
BB-1148 BB-1699,"[1148, 1699]",[96],CCCC(C(=O)N(CC)C1CCCC1)N(C(=O)OC(C)(C)C)C(C)(C(=O)O)c1cnc(Cl)c(Br)c1,,random_balanced,BB-1148,BB-1699,9,8,0.34692416305348356
BB-1859 BB-0919,"[1859, 919]",[49],Cn1cc(NC(=O)OC(C)(C)C)c(C(=O)c2nc3ccccc3cc2NC(=O)OC(C)(C)C)n1,,random_balanced,BB-1859,BB-0919,6,4,0.5178944851698216
BB-2089 BB-1453,"[2089, 1453]",[107],CC(CNC(=O)OC(C)(C)C)c1ccncc1C(C)(O)Cn1c(Br)nc2c1c(=O)[nH]c(=O)n2C,,random_balanced,BB-2089,BB-1453,4,5,0.8026330654368076
BB-1985 BB-0821,"[1985, 821]",[96],CCc1sc(N(C(=O)OC(C)(C)C)C2(C(=O)O)CCc3c2ccc(OC)c3OC)nc1-c1ccc(OC)cc1,,random_balanced,BB-1985,BB-0821,6,7,0.47056047209820495
BB-2118 BB-1268,"[2118, 1268]",[96],Cc1ccc(F)c(C(C(=O)O)(C2CCCCCCC2)N(C(=O)OC(C)(C)C)c2ccc(N3CCSCC3)cc2)c1,,random_balanced,BB-2118,BB-1268,4,8,0.45168778554470007
BB-1506 BB-0429,"[1506, 429]",[96],CC(C)(C)OC(=O)N(c1c(C(N)=O)sc2nc(C(F)(F)F)cc(-c3ccco3)c12)C(C)(Cc1ccncc1)C(=O)O,,random_balanced,BB-1506,BB-0429,6,7,0.3344653484620035
BB-1491 BB-2098,"[1491, 2098]",[96],CC(C)(C)OC(=O)Nc1cc(C(C)(C(=O)O)N(C(=O)OC(C)(C)C)C2CCc3cc(F)cc(F)c32)ccc1Br,,random_balanced,BB-1491,BB-2098,5,8,0.6063090379735776
BB-0688 BB-1408,"[688, 1408]",[96],Cc1ccccc1-c1cc(N(C(=O)OC(C)(C)C)C(C)(C(=O)O)C2=Cc3ccccc3OC2)n(Cc2ccccc2)n1,,random_balanced,BB-0688,BB-1408,6,9,0.35859706247703493
BB-1558 BB-1995,"[1558, 1995]",[96],CC(C)(C)OC(=O)NS(=O)(=O)c1ccccc1N(C(=O)C1CC1)C1(C(=O)O)CC(Oc2ccccc2)C1(C)C,,random_balanced,BB-1558,BB-1995,4,6,0.5482423434172802
BB-0118 BB-1418,"[118, 1418]",[10],CNC(=O)c1ccc(Sc2cccc(C3(CNC(=O)OC(C)(C)C)CCC3)c2)s1,,random_balanced,BB-0118,BB-1418,7,1,0.4579240470562274
BB-0194 BB-1669,"[194, 1669]",[96],CCCc1ccc(C(CCC(=O)O)(C(=O)O)N(C(=O)OC(C)(C)C)C(COC)(c2ccccc2)c2nc3ccccc3n2C)cc1,,random_balanced,BB-0194,BB-1669,4,9,0.20635621550295125
BB-1403 BB-1116,"[1403, 1116]",[28],CCCCCC(NC(=O)OC(C)(C)C)C(=O)N1CCN(c2c(C#N)c(C)nn2C)CC1,,random_balanced,BB-1403,BB-1116,4,1,0.7275029205084209
BB-0055 BB-0006,"[55, 6]",[96],CCCn1c(NC(=O)OC(C)(C)C)c(N2CCOCC2)c(=O)n(C(C)(C(=O)O)c2cc([N+](=O)[O-])ccc2SC)c1=O,,random_balanced,BB-0055,BB-0006,5,9,0.6672062524978337
BB-1233 BB-1906,"[1233, 1906]",[79],Cc1cc(N(C(=O)C(=O)N2CCc3cc(C(F)(F)F)[nH]c3C2)S(=O)(=O)c2ccc(NC(=O)OC(C)(C)C)cc2)n(-c2ccccc2)n1,,random_balanced,BB-1233,BB-1906,7,1,0.2810993573640541
BB-1738 BB-1005,"[1738, 1005]",[96],CN1C(=C(C#N)C(CCl)(C(=O)O)N(CCCC2CCN(C(=O)OC(C)(C)C)CC2)C(=O)OC(C)(C)C)Nc2ccccc21,,random_balanced,BB-1738,BB-1005,6,8,0.2529054671324671
BB-2024 BB-0203,"[2024, 203]",[96],Cn1nncc1C(=O)CN(C(=O)OC(C)(C)C)C1(C(=O)O)CC2(CCCC2NC(=O)OC(C)(C)C)C1,,random_balanced,BB-2024,BB-0203,8,8,0.6936982038020206
BB-0917 BB-0758,"[917, 758]",[61],CC(C)(C)OC(=O)N[C@]1(C(F)(F)F)CC[C@H](C(=O)N2CCC3(CC2)OC(=O)c2ncccc23)CC1,,random_balanced,BB-0917,BB-0758,4,0,0.633491194530538
BB-0576 BB-1836,"[576, 1836]",[96],CNC(=O)C(CC1CCCCC1)N(C(=O)OC(C)(C)C)C(C)(Cc1ccccc1S(=O)(=O)NC(=O)OC(C)(C)C)C(=O)O,,random_balanced,BB-0576,BB-1836,6,8,0.5441767466963315
BB-1271 BB-1795,"[1271, 1795]",[88],CC(C)(C)OC(=O)NNC(=O)c1ccn(COc2ccc(OCc3ccsc3Br)cc2)n1,,random_balanced,BB-1271,BB-1795,5,0,0.07352437237466244
BB-2169 BB-0603,"[2169, 603]",[61],CC(CO)N(Cc1ccccc1)C(=O)C(CN(C)c1ccccc1)NC(=O)OC(C)(C)C,,random_balanced,BB-2169,BB-0603,5,4,0.6001800889414497
BB-2188 BB-2007,"[2188, 2007]",[96],CC1CC(NC(=O)OC(C)(C)C)=CC(C(=O)O)(N(C(=O)OC(C)(C)C)C2C3CC4C(C3)C42)C1,,random_balanced,BB-2188,BB-2007,7,9,0.5920507704009063
BB-1364 BB-2040,"[1364, 2040]",[47],COc1ccc(C(NC(=O)OC(C)(C)C)C(F)(F)F)cc1-c1cc(NC(=O)OC(C)(C)C)c(C)[nH]c1=O,,random_balanced,BB-1364,BB-2040,8,6,0.477987900996046
BB-1094 BB-0977,"[1094, 977]",[61],CC(C)(C)OC(=O)NC(Cc1ccc(O)c(O)c1)C(=O)N1CCC(O)(C(N)=O)C1,,random_balanced,BB-1094,BB-0977,5,2,0.665032010891991
BB-0171 BB-1549,"[171, 1549]",[96],COC(=O)C(CC1CCCC1)CN(C(=O)OC(C)(C)C)C(CNC(=O)OC(C)(C)C)(C(=O)O)c1ccc(C)c(Br)c1,,random_balanced,BB-0171,BB-1549,6,9,0.45721884407024194
BB-0734 BB-1162,"[734, 1162]",[61],CCOC(=O)/C=C/CN(C)C(=O)c1cnc2c(c1)C(NC(=O)OC(C)(C)C)CCO2,,random_balanced,BB-0734,BB-1162,7,2,0.5166440782215288
BB-1233 BB-1742,"[1233, 1742]",[3],Cc1cc(N(C(=O)[C@H]2C[C@@H](O)C[C@@H](C(=O)O)C2)S(=O)(=O)c2ccc(NC(=O)OC(C)(C)C)cc2)n(-c2ccccc2)n1,,random_balanced,BB-1233,BB-1742,8,0,0.6247938974643839
BB-0515 BB-1932,"[515, 1932]",[96],CC(C)(C)OC(=O)N(c1nccc2cnccc12)C1(C(=O)O)CC2CCCC1C2,,random_balanced,BB-0515,BB-1932,7,9,0.2286983398497248
BB-0434 BB-0335,"[434, 335]",[96],COc1cccc2c1C(C(=O)O)CC2(C(=O)O)N(C(=O)OC(C)(C)C)C1CC1CC(C)(C)C,,random_balanced,BB-0434,BB-0335,6,7,0.6163440831253248
BB-1011 BB-2031,"[1011, 2031]",[31],COC(=O)C1Cc2c(Oc3ncccc3C(=O)CNC(=O)OC(C)(C)C)cccc2C1NC(=O)OC(C)(C)C,,random_balanced,BB-1011,BB-2031,5,9,0.18081351013950286
BB-0505 BB-0710,"[505, 710]",[28],CC(C)(C)OC(=O)Nc1c(C(=O)N2C[C@@H]3OC[C@H]2[C@H]3O)cnc2ncnn12,,random_balanced,BB-0505,BB-0710,5,2,0.5846824686424046
BB-0903 BB-0741,"[903, 741]",[47],COc1nc(-c2cc(S(=O)(=O)NC(=O)OC(C)(C)C)c(C)cc2C)c(F)cc1NC(=O)OC(C)(C)C,,random_balanced,BB-0903,BB-0741,7,7,0.17163153646870974
BB-1527 BB-1805,"[1527, 1805]",[96],CC(C)(C)OC(=O)Nc1ccc(OCc2nnnn2C2(C(=O)O)CCc3ccc(Cl)cc32)cc1,,random_balanced,BB-1527,BB-1805,4,7,0.44784931926717503
BB-1567 BB-1624,"[1567, 1624]",[28],COc1cccc(Cl)c1C1CN(C(=O)c2cc(NC(=O)OC(C)(C)C)n(C(C)C)n2)CCO1,,random_balanced,BB-1567,BB-1624,8,2,0.6102218295236558
BB-2084 BB-2180,"[2084, 2180]",[88],Cc1c(NC(=O)OC(C)(C)C)c(C(=O)O)cc(F)c1OC(C)CONC(=O)OC(C)(C)C,,random_balanced,BB-2084,BB-2180,5,7,0.3014296034780327
BB-2021 BB-1180,"[2021, 1180]",[96],CC(C)(C)OC(=O)N(CCc1cc2c(cc1Br)OCO2)C(C)(C(=O)O)c1cc(CBr)ccc1[N+](=O)[O-],,random_balanced,BB-2021,BB-1180,7,8,0.604689673534922
BB-1651 BB-0957,"[1651, 957]",[46],COC(=O)C(CC1CN(C(=O)OC(C)(C)C)C1)C(=O)[C@H](C)NC(=O)OC(C)(C)C,,random_balanced,BB-1651,BB-0957,5,0,0.542902558373294
BB-1233 BB-1611,"[1233, 1611]",[3],Cc1ccc(-n2cnnc2)c(C(=O)N(c2cc(C)nn2-c2ccccc2)S(=O)(=O)c2ccc(NC(=O)OC(C)(C)C)cc2)c1,,random_balanced,BB-1233,BB-1611,9,0,0.22967252640583952
BB-0016 BB-1519,"[16, 1519]",[96],Cc1nn(C)c(C(N)=O)c1N(C(=O)OC(C)(C)C)C1(C(=O)O)CCCc2oc(=O)c(C(N)=O)cc21,,random_balanced,BB-0016,BB-1519,7,9,0.3376725748964009
BB-0880 BB-0643,"[880, 643]",[107],CC(C)(C)OC(=O)NC1CCOCc2c(C(O)CCCCCO)cncc21,,random_balanced,BB-0880,BB-0643,6,2,0.6773550894455327
BB-1138 BB-1158,"[1138, 1158]",[10],C[C@@H]1CNc2cc(Sc3cccc(-n4nc5c(c4NC(=O)OC(C)(C)C)CCC5)c3)ccc2N1C,,random_balanced,BB-1138,BB-1158,9,2,0.24322048334396867
BB-1364 BB-1231,"[1364, 1231]",[104],COc1ccc(C(NC(=O)OC(C)(C)C)C(F)(F)F)cc1-c1ccc(C=O)o1,,random_balanced,BB-1364,BB-1231,9,1,0.6967155400269522
BB-0929 BB-1670,"[929, 1670]",[96],C[C@H]1C[C@]1(C)N(C(=O)OC(C)(C)C)C(C)(/C=C/c1ccc([N+](=O)[O-])cc1)C(=O)O,,random_balanced,BB-0929,BB-1670,4,9,0.5201303922176714
BB-2142 BB-0713,"[2142, 713]",[62],CC(C)(C)OC(=O)Nc1ccc(N2CCC(c3cc(-c4ccco4)n[nH]3)CC2)cc1-c1nc[nH]n1,,random_balanced,BB-2142,BB-0713,6,2,0.33134882201841126
BB-1608 BB-0342,"[1608, 342]",[96],Cc1ccc(Cl)c2c1NC(=O)C2(C(=O)O)N(C(=O)OC(C)(C)C)c1ccc(-c2ccco2)cc1F,,random_balanced,BB-1608,BB-0342,8,7,0.6063897705276631
BB-1558 BB-1970,"[1558, 1970]",[96],Cc1ccc(C(=O)CCC(CCC(=O)O)(C(=O)O)N(C(=O)OC(C)(C)C)S(=O)(=O)c2ccccc2NC(=O)C2CC2)s1,,random_balanced,BB-1558,BB-1970,5,7,0.4554362450313028
BB-1151 BB-0451,"[1151, 451]",[96],COc1cccc(C(CC(=O)OC2(C(=O)O)CC(NC(=O)OC(C)(C)C)C23CCC(F)CC3)NC(=O)OC(C)(C)C)c1,,random_balanced,BB-1151,BB-0451,7,6,0.3724406191261027
BB-2164 BB-1046,"[2164, 1046]",[96],Cc1ccc(CC(C(=O)O)(C2CC2)N(CCc2nccnc2C)C(=O)OC(C)(C)C)cc1,,random_balanced,BB-2164,BB-1046,4,8,0.4778971152404844
BB-1591 BB-1310,"[1591, 1310]",[10],Cc1cc(C(=O)CSc2c(F)ccc(NC(=O)OC(C)(C)C)c2F)c(C)[nH]1,,random_balanced,BB-1591,BB-1310,7,7,0.5197344613278789
BB-2120 BB-0150,"[2120, 150]",[96],C[C@@H]1CN(c2ccc(N(C(=O)OC(C)(C)C)C(C)(C(=O)O)c3cn(C)nc3C3CCC3)cc2)C[C@H](C)O1,,random_balanced,BB-2120,BB-0150,7,7,0.6534769258598313
BB-1592 BB-1987,"[1592, 1987]",[106],C#CCCCC(NC(=O)OC(C)(C)C)c1ccc(C(=O)C2(c3cncc(Br)c3)CCC2)cc1,,random_balanced,BB-1592,BB-1987,6,2,0.7389543242659963
BB-1304 BB-1948,"[1304, 1948]",[96],CCC(C(=O)O)(c1ccc(Cl)c(NC(=O)OC(C)(C)C)c1)N(C(=O)OC(C)(C)C)C(Cc1nccn1C(F)F)c1ccccc1,,random_balanced,BB-1304,BB-1948,8,6,0.36642291447651226
BB-1645 BB-1660,"[1645, 1660]",[98],CC(C)(C)OC(=O)NC(CCSCCOC(=O)CC1COc2cc(O)ccc21)C(=O)O,,random_balanced,BB-1645,BB-1660,7,0,0.1159176419641135
BB-2068 BB-1204,"[2068, 1204]",[25],CC(C)(C)OC(=O)N[C@@H]1CCN(Cc2ccc(I)cc2)[C@@H](C(=O)O)C1,,random_balanced,BB-2068,BB-1204,6,1,0.6801899613131275
BB-0059 BB-0799,"[59, 799]",[108],Cc1nn(-c2ccc(CC#N)cc2)c(C)c1NC(=O)C(C)CNC(=O)OC(C)(C)C,,random_balanced,BB-0059,BB-0799,7,1,0.5570849287575935
BB-0399 BB-1340,"[399, 1340]",[96],COc1ccc2c(c1)C(C)(C)CC2(C(=O)O)N(C(=O)OC(C)(C)C)c1nnn(C)n1,,random_balanced,BB-0399,BB-1340,5,4,0.3480438831755681
BB-0817 BB-1717,"[817, 1717]",[27],COC1C(Br)CCC(c2nc(-c3ccc(N4CCCC(NC(=O)OC(C)(C)C)C4=O)cc3)no2)N1C(=O)OC(C)(C)C,,random_balanced,BB-0817,BB-1717,5,1,0.13751961475128627
BB-1897 BB-0377,"[1897, 377]",[98],COc1ccc(C2(C(=O)OC(C)c3ccc(S(=O)(=O)NC(=O)OC(C)(C)C)cc3)CC2)cc1Br,,random_balanced,BB-1897,BB-0377,6,1,0.6164283864889298
BB-0929 BB-0586,"[929, 586]",[96],C[C@H]1C[C@]1(C)N(C(=O)OC(C)(C)C)C1(C(=O)O)C=CC(C)(c2ccccc2)CC1,,random_balanced,BB-0929,BB-0586,5,7,0.4358488087625487
BB-1780 BB-0480,"[1780, 480]",[96],CC(C)(C)OC(=O)N(c1cccc(N2CCOCC2)c1)C(C)(CCc1ccccc1[N+](=O)[O-])C(=O)O,,random_balanced,BB-1780,BB-0480,4,6,0.5491103457752007
BB-1208 BB-0760,"[1208, 760]",[96],Cc1cnc(C(C)(C(=O)O)N(C(=O)OC(C)(C)C)c2cnc(C)n2CC(F)(F)F)c(Br)c1,,random_balanced,BB-1208,BB-0760,5,6,0.40045482296874574
BB-1193 BB-0162,"[1193, 162]",[74],CCOc1ccc(S(=O)(=O)c2ccc(C(=O)O)cc2F)cc1CCNC(=O)OC(C)(C)C,,random_balanced,BB-1193,BB-0162,4,2,0.4995199484530082
BB-2001 BB-0131,"[2001, 131]",[62],CC(C)(C)OC(=O)NC1CCc2cccc(N3C[C@@H](Oc4ccccc4)C[C@H]3C(=O)O)c2C1,,random_balanced,BB-2001,BB-0131,5,1,0.7410405412384002
BB-1280 BB-1210,"[1280, 1210]",[61],CC(C)(C)OC(=O)NCc1ccc(-c2cccc(C(=O)N(c3ccc(F)c(Cl)c3)S(=O)(=O)c3cc(Cl)c(Cl)cc3Cl)c2)cc1,,random_balanced,BB-1280,BB-1210,5,3,0.3956417981184552
BB-1775 BB-1305,"[1775, 1305]",[28],CC(C)(C)OC(=O)NC1(c2nc(C(=O)N3CCCC(CNC(=O)c4ccco4)C3)c[nH]2)CCC1,,random_balanced,BB-1775,BB-1305,5,2,0.3591003961391072
BB-0806 BB-1089,"[806, 1089]",[49],CCCCn1c(NC(=O)OC(C)(C)C)c(C(=O)c2c(NC(=O)OC(C)(C)C)c(C(=O)OC)n3c2COCC3)c(=O)[nH]c1=O,,random_balanced,BB-0806,BB-1089,7,6,0.49815307507813567
BB-1730 BB-1990,"[1730, 1990]",[98],CN(C)C(=O)CCNC(=O)C(=O)OC1(CNC(=O)OC(C)(C)C)CS(=O)(=O)C1,,random_balanced,BB-1730,BB-1990,4,0,0.24569004813855966
BB-1558 BB-1200,"[1558, 1200]",[96],Cc1ccc2c(c1)C(C(=O)O)(N(C(=O)C1CC1)c1ccccc1S(=O)(=O)NC(=O)OC(C)(C)C)C(=O)N2,,random_balanced,BB-1558,BB-1200,6,5,0.6779420953932381
BB-2160 BB-1972,"[2160, 1972]",[96],CCOc1ccc(C(C)(C(=O)O)N(C(=O)OC(C)(C)C)c2ccc3c(c2)N(C(C)=O)CC3)cc1S(=O)(=O)NC(=O)OC(C)(C)C,,random_balanced,BB-2160,BB-1972,7,9,0.22127635089949893
BB-0557 BB-1268,"[557, 1268]",[96],Cc1ccc(F)c(C(C(=O)O)(C2CCCCCCC2)N(C(=O)OC(C)(C)C)C(c2nccc(C)n2)C2CC2)c1,,random_balanced,BB-0557,BB-1268,3,9,0.23256903528602071
BB-0454 BB-0076,"[454, 76]",[96],C=CC(C(=O)O)(c1c(F)cccc1Cl)N(C(=O)OC(C)(C)C)C(C)c1ccc(C)c([N+](=O)[O-])c1,,random_balanced,BB-0454,BB-0076,6,9,0.38083145447147837
BB-0328 BB-1163,"[328, 1163]",[96],COCC[C@@H]1C[C@H]1N(C(=O)OC(C)(C)C)C1(C(=O)O)CC(C)(C)CC(C)(C)C1,,random_balanced,BB-0328,BB-1163,7,6,0.2760154632896765
BB-2163 BB-1936,"[2163, 1936]",[96],COc1cc(O)c(C(C)(C(=O)O)N(CC2(C)CCCOC2)C(=O)OC(C)(C)C)cc1Cl,,random_balanced,BB-2163,BB-1936,6,7,0.43596055002499545
BB-0668 BB-0101,"[668, 101]",[96],CCCCO/C=C/C(C(=O)O)(N(C(=O)OC(C)(C)C)c1nc(-c2ccc3c(c2)-c2ccccc2C3)cs1)C(F)(F)F,,random_balanced,BB-0668,BB-0101,6,8,0.5601944452302907
BB-2055 BB-1335,"[2055, 1335]",[62],CN(c1cccc2[nH]c(NC(=O)OC(C)(C)C)nc12)C1COC(C)(C)C1,,random_balanced,BB-2055,BB-1335,5,2,0.6309106826084852
BB-0531 BB-0934,"[531, 934]",[96],COc1c(Cl)ccc2c1NC(=O)C2(C(=O)O)N(CC(=O)NCCc1ccccc1)C(=O)OC(C)(C)C,,random_balanced,BB-0531,BB-0934,7,7,0.6356528647195429
BB-1144 BB-2024,"[1144, 2024]",[96],Cn1nncc1C(CNC(=O)OC(C)(C)C)(C(=O)O)N(C(=O)OC(C)(C)C)[C@H]1C[C@H]2C[C@@H](NC(=O)OC(C)(C)C)C[C@H]2C1,,random_balanced,BB-1144,BB-2024,7,9,0.23562216310111114
BB-0621 BB-0409,"[621, 409]",[104],CC(C)(C)OC(=O)Nc1ccnc(F)c1-c1cnc2c(C(=O)O)cccn12,,random_balanced,BB-0621,BB-0409,8,0,0.7264139802688107
BB-0730 BB-0809,"[730, 809]",[97],CC(OC(=O)C(CC(N)=O)NC(=O)c1ccccc1F)C(NC(=O)OC(C)(C)C)c1ccccc1F,,random_balanced,BB-0730,BB-0809,6,0,0.5081335510275521
BB-2061 BB-1158,"[2061, 1158]",[104],C[C@@H]1CNc2cc(-c3ccc(NC(=O)OC(C)(C)C)c4c3OCCO4)ccc2N1C,,random_balanced,BB-2061,BB-1158,6,3,0.4798054360032488
BB-2150 BB-1490,"[2150, 1490]",[28],CC(C)N(Cc1ccc(Cl)cc1)C(=O)C1(NC(=O)OC(C)(C)C)CCCCC1,,random_balanced,BB-2150,BB-1490,6,1,0.6773572890148901
BB-0466 BB-1779,"[466, 1779]",[96],CSCC1(CN(C(=O)OC(C)(C)C)C(C(=O)O)(c2ccc(NC(C)=O)cc2)C(C)Cl)CC(F)(F)C1,,random_balanced,BB-0466,BB-1779,6,8,0.5278634331418205
BB-1729 BB-0383,"[1729, 383]",[88],CC(C)(C)OC(=O)Nc1cc(C(=O)O)ccc1Oc1ccc2c(c1)OCC2(C)C,,random_balanced,BB-1729,BB-0383,6,1,0.4516858971646884
BB-2114 BB-1399,"[2114, 1399]",[28],CN(C(=O)C1(NC(=O)OC(C)(C)C)CC(C(F)F)C1)c1cc(C(F)F)no1,,random_balanced,BB-2114,BB-1399,6,1,0.30853219746554505
BB-1822 BB-1766,"[1822, 1766]",[74],Cc1c(CNC(=O)OC(C)(C)C)oc2ccc(S(=O)(=O)c3cc([N+](=O)[O-])ccc3S(=O)(=O)NC(Cc3ccccc3)C(=O)O)cc12,,random_balanced,BB-1822,BB-1766,7,1,0.16066568280305313
BB-2139 BB-1362,"[2139, 1362]",[96],CCOc1ccc(N(C(=O)OC(C)(C)C)C(C)(C(=O)O)c2c(Cl)cccc2Cl)cc1C,,random_balanced,BB-2139,BB-1362,6,9,0.5609679604828794
BB-0004 BB-1114,"[4, 1114]",[4],CC(C)(C)OC(=O)NCCN(c1cccc(C(CC(F)(F)F)C(=O)O)c1)c1ccc(C(F)(F)F)cc1C#N,,random_balanced,BB-0004,BB-1114,7,3,0.7159585501107407
BB-1100 BB-1685,"[1100, 1685]",[62],CCN(CCCC[Si](C)(C)C)c1ccc2c(c1)CCC(NC(=O)OC(C)(C)C)C(=O)N2,,random_balanced,BB-1100,BB-1685,4,2,0.2556853871456042
BB-2005 BB-0196,"[2005, 196]",[10],Cc1c(SC#CC2CCOCC2)cn(C)c(=O)c1NC(=O)OC(C)(C)C,,random_balanced,BB-2005,BB-0196,6,0,0.6777238407499512
BB-0516 BB-2154,"[516, 2154]",[96],CCOc1ccc2c(c1)C(N(C(=O)OC(C)(C)C)C(CC1CCC1)(C(=O)O)c1ccccc1NC(=O)OC(C)(C)C)CCO2,,random_balanced,BB-0516,BB-2154,5,7,0.24536389038303796
BB-0717 BB-0543,"[717, 543]",[85],COc1ccc(N(CC2CC2)C(=O)C2CC(c3ccc(Br)cc3)C2)c(NC(=O)OC(C)(C)C)c1,,random_balanced,BB-0717,BB-0543,5,2,0.5807052856805233
BB-0813 BB-0011,"[813, 11]",[22],CC(C)(C)OC(=O)Nc1ccccc1N(C(=O)C(=O)N1CCOCC1CC(=O)c1ccccc1)C1CCN(C(=O)OC(C)(C)C)C1,,random_balanced,BB-0813,BB-0011,4,8,0.3446428256896235
BB-0831 BB-1504,"[831, 1504]",[96],CC(C)(C)OC(=O)N(c1nccn(C2CC2)c1=O)C1(C(=O)O)CCOc2ccc(C(C)(C)C)cc21,,random_balanced,BB-0831,BB-1504,7,7,0.5571275969178322
BB-0278 BB-0349,"[278, 349]",[96],Cc1cccc(C(C(N)=O)(C(=O)O)N(C(=O)OC(C)(C)C)[C@@H]2C[C@@H]2CS(C)(=O)=O)c1,,random_balanced,BB-0278,BB-0349,3,7,0.33426734283652926
BB-0034 BB-0894,"[34, 894]",[79],Cc1cnc(N(CCNC(=O)OC(C)(C)C)C(=O)C(=O)N2CCN(C(=O)c3c(F)cccc3Cl)CC2)nc1,,random_balanced,BB-0034,BB-0894,6,1,0.24681278077687155
BB-2058 BB-1632,"[2058, 1632]",[104],COC(=O)Cc1cc2c(c(-c3ccc(NC(=O)OC(C)(C)C)c4c3CCCC4)c1)OCC2,,random_balanced,BB-2058,BB-1632,3,2,0.5643613821357972
BB-2067 BB-0067,"[2067, 67]",[68],Cc1cc(Sc2ccccc2-n2nc(C)c3cc(C(=O)O)sc32)c(C)c([N+](=O)[O-])c1NC(=O)OC(C)(C)C,,random_balanced,BB-2067,BB-0067,6,2,0.42276416035373393
BB-0194 BB-1783,"[194, 1783]",[96],COCC(c1ccccc1)(c1nc2ccccc2n1C)N(C(=O)OC(C)(C)C)C1(C(=O)O)CC2(CC3CCCC(C2)N3C(=O)OC(C)(C)C)C1,,random_balanced,BB-0194,BB-1783,5,6,0.13089869699120316
BB-0155 BB-0196,"[155, 196]",[16],CC(C)(C)OC(=O)NC(CC(=O)OC#CC1CCOCC1)c1ccc(F)cc1,,random_balanced,BB-0155,BB-0196,5,1,0.6635349182094445
BB-2038 BB-0409,"[2038, 409]",[10],CC(C)(C)OC(=O)Nc1n[nH]c2ccc(F)c(Sc3cnc4c(C(=O)O)cccn34)c12,,random_balanced,BB-2038,BB-0409,6,1,0.5905196110791572
BB-0896 BB-2065,"[896, 2065]",[96],CCC(C(=O)O)(c1cc(NC(=O)OC(C)(C)C)ccc1F)N(C(=O)OC(C)(C)C)c1cc2c(cn1)OCC2,,random_balanced,BB-0896,BB-2065,6,9,0.4370043309058389
BB-2129 BB-1097,"[2129, 1097]",[96],C=CCN1C(=O)C(C(=O)O)(N(C(=O)OC(C)(C)C)c2sc(CC)nc2C)c2cc(C)ccc21,,random_balanced,BB-2129,BB-1097,8,5,0.498699990001975
BB-0774 BB-0429,"[774, 429]",[96],COCCNC(=O)c1c(N(C(=O)OC(C)(C)C)C(C)(Cc2ccncc2)C(=O)O)sc2c1CCCC2,,random_balanced,BB-0774,BB-0429,5,8,0.34955885079062216
BB-0682 BB-1717,"[682, 1717]",[49],COC1C(C(=O)c2c(SC)nn(C)c2NC(=O)OC(C)(C)C)CCC(C(=O)O)N1C(=O)OC(C)(C)C,,random_balanced,BB-0682,BB-1717,4,2,0.7120253718854798
BB-0688 BB-1180,"[688, 1180]",[96],Cc1ccccc1-c1cc(N(C(=O)OC(C)(C)C)C(C)(C(=O)O)c2cc(CBr)ccc2[N+](=O)[O-])n(Cc2ccccc2)n1,,random_balanced,BB-0688,BB-1180,7,9,0.41706774009892567
BB-2140 BB-0492,"[2140, 492]",[96],COc1cc(Br)cc(C(C)(C(=O)O)N(C[C@@H]2CCO[C@@H]2c2nc(C3CC3)no2)C(=O)OC(C)(C)C)c1O,,random_balanced,BB-2140,BB-0492,5,8,0.5440127286315325
BB-0520 BB-0143,"[520, 143]",[96],Cc1ccc(C(C(=O)O)(N(CC2(c3cccc(C(F)(F)F)c3)CCCC2)C(=O)OC(C)(C)C)C(F)(F)F)cc1,,random_balanced,BB-0520,BB-0143,4,5,0.3756298913068339
BB-2170 BB-0286,"[2170, 286]",[96],COC(=O)C1CCN(C(=O)CC(C)(C(=O)O)N(C(=O)OC(C)(C)C)S(=O)(=O)c2cn(C)c3ccccc23)CC1,,random_balanced,BB-2170,BB-0286,4,7,0.579078627868397
BB-0672 BB-1281,"[672, 1281]",[107],CC(C)(C)OC(=O)NCc1ncc(C(O)c2cc(C(=O)O)c3n2CCCC3)s1,,random_balanced,BB-0672,BB-1281,7,2,0.6155400020382388
BB-0171 BB-0694,"[171, 694]",[28],Cc1ncsc1C(=O)N1CCCN(C(=O)C(CNC(=O)OC(C)(C)C)CC2CCCC2)CC1,,random_balanced,BB-0171,BB-0694,7,1,0.7366085818007863
BB-0714 BB-0529,"[714, 529]",[25],CCOC(=O)c1[nH]cc(CN2CCC(n3cnc(C(N)=O)c3NC(=O)OC(C)(C)C)CC2)c1C,,random_balanced,BB-0714,BB-0529,5,0,0.6582518021179721
BB-0176 BB-1842,"[176, 1842]",[96],Cc1cc(N(C(=O)OC(C)(C)C)C(Cc2ccccc2)(C(=O)O)c2ccc(Br)s2)cc(C)c1F,,random_balanced,BB-0176,BB-1842,4,6,0.4712423199426476
BB-0664 BB-1966,"[664, 1966]",[28],CN(C(=O)OC(C)(C)C)[C@H]1CCCN(C(=O)Cc2nnc(CNC(=O)OC(C)(C)C)s2)C1,,random_balanced,BB-0664,BB-1966,7,2,0.11236854301210857
BB-0925 BB-1912,"[925, 1912]",[96],CC(=O)Nc1cc2c(cc1Br)C(C(=O)O)(N(C(=O)OC(C)(C)C)c1cncc(-c3cnn(C4CCCCO4)c3)c1)CC2,,random_balanced,BB-0925,BB-1912,6,9,0.3831573379865928
BB-0148 BB-0629,"[148, 629]",[28],CC(C)(C/C=C/C(=O)N1CCC2(CC1)COc1ncccc12)NC(=O)OC(C)(C)C,,random_balanced,BB-0148,BB-0629,6,1,0.34119857761318906
BB-1262 BB-0757,"[1262, 757]",[107],CCc1cc(C(O)c2ccnc(NNC(=O)OC(C)(C)C)c2C)cc(C)c1O,,random_balanced,BB-1262,BB-0757,5,0,0.5095700523772811
BB-2103 BB-1710,"[2103, 1710]",[96],Cc1ccc2c(c1)C(N(C(=O)OC(C)(C)C)C(CCl)(C(=O)O)C(C#N)=C1C=CN(C)C=C1)C(=O)N2C,,random_balanced,BB-2103,BB-1710,7,8,0.39800218369321355
BB-2199 BB-1294,"[2199, 1294]",[17],CC(C)(C)OC(=O)Nc1cc(Cl)c(S(=O)(=O)CC(=O)N2CCN(C(C#N)c3ccc(F)cc3)CC2)cc1F,,random_balanced,BB-2199,BB-1294,8,1,0.2546815057650436
BB-1017 BB-2022,"[1017, 2022]",[96],CC(C)(C)OC(=O)NCC(C(=O)O)(c1ccc(F)cc1Br)N(Cc1cc(F)ccc1N1CCOCC1)C(=O)OC(C)(C)C,,random_balanced,BB-1017,BB-2022,4,8,0.44661302159391514
BB-2078 BB-1327,"[2078, 1327]",[17],COCc1ccc(NC(=O)OC(C)(C)C)cc1S(=O)(=O)c1ccc2c(OC)ccc(OC)c2n1,,random_balanced,BB-2078,BB-1327,6,1,0.4724736852301916
BB-1280 BB-1375,"[1280, 1375]",[40],COCc1nc(COC(=O)c2cccc(-c3ccc(CNC(=O)OC(C)(C)C)cc3)c2)c[nH]1,,random_balanced,BB-1280,BB-1375,6,1,0.14248868623725935
BB-1168 BB-0424,"[1168, 424]",[96],CC(C)(CC1CCN(C(=O)OC(C)(C)C)CC1)CN(C(=O)OC(C)(C)C)C1(C(=O)O)C(=O)N(CCC(=O)O)c2cc(F)ccc21,,random_balanced,BB-1168,BB-0424,5,5,0.49526130883817776
BB-1527 BB-1871,"[1527, 1871]",[96],COc1cc(Cl)c2c(c1)C(C(=O)O)(N(C(=O)OC(C)(C)C)c1ccc(OCc3nnn[nH]3)cc1)CCC2,,random_balanced,BB-1527,BB-1871,5,7,0.527055447299476
BB-1617 BB-0249,"[1617, 249]",[46],CNC(=O)C(CC(NC(=O)OC(C)(C)C)c1ccccc1)C(=O)CC(NC(=O)OC(C)(C)C)c1ccccc1,,random_balanced,BB-1617,BB-0249,6,4,0.4561314002888615
BB-0434 BB-1794,"[434, 1794]",[96],COC(=CC(C(=O)O)(N(C(=O)OC(C)(C)C)C1CC1CC(C)(C)C)C(F)(F)F)OC,,random_balanced,BB-0434,BB-1794,7,9,0.5493049314250608
BB-1017 BB-0102,"[1017, 102]",[96],CC(C)(C)OC(=O)N(Cc1cc(F)ccc1N1CCOCC1)C(C)(C(=O)O)C12CC(c3ccccc3)(C1)C2(F)F,,random_balanced,BB-1017,BB-0102,5,6,0.0
BB-0953 BB-0083,"[953, 83]",[96],C#CC(O)CN(C(=O)OC(C)(C)C)C1(C(=O)O)CCN(C(=O)OC)C1(C)C,,random_balanced,BB-0953,BB-0083,4,8,0.2612355728881447
BB-0772 BB-1112,"[772, 1112]",[96],CCCCCN1C(=O)C(C(=O)O)(N(C(=O)OC(C)(C)C)c2c(C(N)=O)nn(C)c2C)c2ccccc21,,random_balanced,BB-0772,BB-1112,4,7,0.4888259432219622
BB-1863 BB-1096,"[1863, 1096]",[16],CCCOCCOC(=O)C(C)(NC(=O)OC(C)(C)C)c1ccc(C(F)(F)F)cc1,,random_balanced,BB-1863,BB-1096,8,3,0.6119200673985886
BB-1591 BB-1078,"[1591, 1078]",[62],CC(C)(C)OC(=O)Nc1ccc(F)c(N(CC(F)(F)F)C2CCCOC2)c1F,,random_balanced,BB-1591,BB-1078,8,2,0.702239883926773
BB-2125 BB-1064,"[2125, 1064]",[104],Cc1ccc(-c2ccc(C(CO)NC(=O)OC(C)(C)C)cc2C)cc1,,random_balanced,BB-2125,BB-1064,6,1,0.6597554188637609
BB-0917 BB-0367,"[917, 367]",[61],CC(C)(C)OC(=O)N[C@]1(C(F)(F)F)CC[C@H](C(=O)N2CCCC(c3nc4ccccc4o3)C2)CC1,,random_balanced,BB-0917,BB-0367,5,1,0.5947663074418904
BB-1985 BB-0101,"[1985, 101]",[96],CCCCO/C=C/C(C(=O)O)(N(C(=O)OC(C)(C)C)c1nc(-c2ccc(OC)cc2)c(CC)s1)C(F)(F)F,,random_balanced,BB-1985,BB-0101,7,9,0.520729911635578
BB-1333 BB-1713,"[1333, 1713]",[79],CC(C)(C)OC(=O)Nc1cc(C(N)=O)ccc1N(C(=O)C(=O)N1CCC(CCOc2ccc3ccccc3c2)CC1)C1CC1,,random_balanced,BB-1333,BB-1713,9,1,0.17548951282636507
BB-2093 BB-0149,"[2093, 149]",[10],Cc1nc(Cl)c(Sc2ccc3nn(C)c(CNC(=O)OC(C)(C)C)c3c2)cc1C(=O)O,,random_balanced,BB-2093,BB-0149,6,3,0.4384764270835506
BB-1220 BB-0403,"[1220, 403]",[96],CCO[C@@H]1CC(OC(=O)[C@]2(C)C[C@H]3CC[C@@H]2C[C@H]3NC(=O)OC(C)(C)C)(C(=O)O)[C@H]1N1C(=O)CCC1=O,,random_balanced,BB-1220,BB-0403,5,8,0.5900740247477669
BB-2149 BB-1038,"[2149, 1038]",[96],COc1ccc2c(c1[N+](=O)[O-])CCCC2(C(=O)O)N(C(=O)OC(C)(C)C)c1ccc(F)c(OC)c1F,,random_balanced,BB-2149,BB-1038,7,7,0.41943477630659987
BB-2123 BB-0408,"[2123, 408]",[98],CC(C)(C)OC(=O)NCC1(C(C)(C)OC(=O)c2cc(-c3cccnc3)nc3c2cnn3Cc2cccnc2)CCOCC1,,random_balanced,BB-2123,BB-0408,7,0,0.39750209794513514
BB-1288 BB-1024,"[1288, 1024]",[96],CC(C)CN1C(=O)C(C(=O)O)(N(C(=O)OC(C)(C)C)c2cnn(C(C)(C)c3nnc4n3CCCCC4)c2)c2ccccc21,,random_balanced,BB-1288,BB-1024,7,5,0.46588964078591494
BB-0557 BB-0379,"[557, 379]",[96],Cc1ccnc(C(C2CC2)N(C(=O)OC(C)(C)C)C2(C(=O)O)CCNc3ccc(C(=O)O)cc32)n1,,random_balanced,BB-0557,BB-0379,4,8,0.16527832073010323
BB-0678 BB-1140,"[678, 1140]",[96],CCn1cc(N2CCC(C(=O)O)(N(C[C@@H]3C[C@H](OC)CN3c3cc(C)ncn3)C(=O)OC(C)(C)C)CC2=O)cn1,,random_balanced,BB-0678,BB-1140,4,8,0.5860482209502328
BB-1392 BB-1626,"[1392, 1626]",[97],CC(C)(C)OC(=O)NC12CC(C)(C1)OC2COC(=O)C1=CC=CN2CCN=C12,,random_balanced,BB-1392,BB-1626,7,0,0.6177508632911504
BB-1303 BB-0440,"[1303, 440]",[47],C/C=C(\CCOC(C)C(=O)OCC)CNC(=O)OC(C)(C)C,,random_balanced,BB-1303,BB-0440,6,1,0.5871978328015499
BB-1077 BB-1602,"[1077, 1602]",[96],CCc1c(C(C)(C(=O)O)N(CC2CN3CCCN2CC3)C(=O)OC(C)(C)C)oc2ccc(C)cc12,,random_balanced,BB-1077,BB-1602,7,8,0.5801239362513051
BB-0346 BB-1469,"[346, 1469]",[96],CC(C)CC(c1nnc2ccccn12)N(C(=O)OC(C)(C)C)C(C)(Cn1c(=O)oc(=O)c2ccccc21)C(=O)O,,random_balanced,BB-0346,BB-1469,6,8,0.3708137195385944
BB-0121 BB-0106,"[121, 106]",[98],COc1ccc([C@@H]2CN(C(C)(C)C)C[C@H]2C(=O)OCC(NC(=O)OC(C)(C)C)c2cc(C)cc(C)c2)cc1,,random_balanced,BB-0121,BB-0106,6,0,0.5221951909920115
BB-0316 BB-0919,"[316, 919]",[10],CC(C)(C)OC(=O)Nc1cc2ccccc2nc1Sc1ccccc1C[C@@H](CC(=O)O)NC(=O)OC(C)(C)C,,random_balanced,BB-0316,BB-0919,4,5,0.40671809417135385
BB-1567 BB-1175,"[1567, 1175]",[28],CC(C)n1nc(C(=O)N2CCOC(c3ccc(Cl)cn3)C2)cc1NC(=O)OC(C)(C)C,,random_balanced,BB-1567,BB-1175,9,2,0.7021394320539497
BB-1618 BB-1555,"[1618, 1555]",[96],CCOC(=O)C1(C)C=CC(C(=O)O)(n2cnc3c(NC(=O)OC(C)(C)C)csc3c2=O)CC1,,random_balanced,BB-1618,BB-1555,8,9,0.6047012652823526
BB-1832 BB-1539,"[1832, 1539]",[96],C[C@@H](CN(C(=O)OC(C)(C)C)C1(C(=O)O)C2CC3C(C2)C31C(=O)O)Oc1ccccc1,,random_balanced,BB-1832,BB-1539,7,9,0.37973714225963856
BB-0678 BB-2081,"[678, 2081]",[96],CO[C@H]1C[C@@H](CN(C(=O)OC(C)(C)C)C(CNC(=O)OC(C)(C)C)(CC2CCOCC2)C(=O)O)N(c2cc(C)ncn2)C1,,random_balanced,BB-0678,BB-2081,5,9,0.3382302854263801
BB-0399 BB-0794,"[399, 794]",[96],Cc1ccc(OCC(=O)O)c2c1C(C)CC2(C(=O)O)N(C(=O)OC(C)(C)C)c1nnn(C)n1,,random_balanced,BB-0399,BB-0794,6,9,0.5803892737808097
BB-1197 BB-0837,"[1197, 837]",[96],Cn1nc([N+](=O)[O-])cc1C(C)(C(=O)O)N(C(=O)OC(C)(C)C)C(C)(C)c1cn(CC2CC2)nn1,,random_balanced,BB-1197,BB-0837,5,7,0.4478335570374928
BB-2153 BB-0300,"[2153, 300]",[31],COc1ccc(CNC(=O)C(C)OCC2(NC(=O)OC(C)(C)C)COCC23CCC3)cc1OC,,random_balanced,BB-2153,BB-0300,5,0,0.6578889734276315
BB-2053 BB-0044,"[2053, 44]",[10],CNCc1ccc(Sc2sc(NC(=O)OC(C)(C)C)nc2C(C)(C)C)cc1F,,random_balanced,BB-2053,BB-0044,7,3,0.6952279682007699
BB-2196 BB-1413,"[2196, 1413]",[28],COC(=O)[C@@H]1C[C@H]1C(NC(=O)OC(C)(C)C)C(=O)N1CCC[C@@H]1CN1CCC1,,random_balanced,BB-2196,BB-1413,6,1,0.5849409887138561
BB-2178 BB-0915,"[2178, 915]",[96],Cc1cc(Cl)cc2c1OCCCC2(C(=O)O)N(C(=O)OC(C)(C)C)C(C)CCC1CCCC1,,random_balanced,BB-2178,BB-0915,6,8,0.5174153366408786
BB-1149 BB-1055,"[1149, 1055]",[96],COCC(C)(C)CC(C(=O)O)(c1ccc2c(c1)OCC2(C)C)N(C(=O)OC(C)(C)C)C(c1nc(C)no1)C1CCOCC1,,random_balanced,BB-1149,BB-1055,7,8,0.0
BB-1118 BB-0507,"[1118, 507]",[96],Cc1nc(N(C(=O)OC(C)(C)C)C(C)(CCc2n[nH]c3ccccc23)C(=O)O)ccc1-c1cnn(C)c1,,random_balanced,BB-1118,BB-0507,6,9,0.5971936311754373
BB-0446 BB-1345,"[446, 1345]",[96],CCOC(=O)C(C(=O)O)(c1sc(C)cc1Br)n1cc(CC(C)CNC(=O)OC(C)(C)C)cn1,,random_balanced,BB-0446,BB-1345,6,7,0.41045539795197494
BB-0471 BB-1495,"[471, 1495]",[96],COC(=O)CCCCC(C(=O)O)(N(CC(C)(C)c1ccc(OCC(C)C)cc1)C(=O)OC(C)(C)C)C(F)(F)F,,random_balanced,BB-0471,BB-1495,5,7,0.6086583697268555
BB-1988 BB-1834,"[1988, 1834]",[61],CC(C)CON(Cc1ccccc1)C(=O)c1cc(CNC(=O)OC(C)(C)C)n2c1CCCC2,,random_balanced,BB-1988,BB-1834,6,1,0.5308016002078831
BB-2025 BB-0162,"[2025, 162]",[74],CC(C)(C)OC(=O)NC1CCN(c2cn[nH]c(=O)c2S(=O)(=O)c2ccc(C(=O)O)cc2F)C1,,random_balanced,BB-2025,BB-0162,6,3,0.7659721298763164
BB-2038 BB-0070,"[2038, 70]",[68],Cc1nn(C)c2nc(Sc3c(F)ccc4[nH]nc(NC(=O)OC(C)(C)C)c34)c(C=O)cc12,,random_balanced,BB-2038,BB-0070,7,3,0.6288193199170594
BB-2130 BB-0234,"[2130, 234]",[96],CC(C)(C)OC(=O)N(CCNC(=O)C1CCCC1)C1(C(=O)O)CCC(CC(=O)O)c2ccccc21,,random_balanced,BB-2130,BB-0234,9,5,0.5693939223071116
BB-0741 BB-0339,"[741, 339]",[107],Cc1cc(C)c(S(=O)(=O)NC(=O)OC(C)(C)C)cc1C1(O)CCCc2cc[nH]c21,,random_balanced,BB-0741,BB-0339,8,6,0.6756679177659713
BB-0903 BB-0412,"[903, 412]",[62],CCCN(c1nc(OC)c(NC(=O)OC(C)(C)C)cc1F)C(C(=O)O)C(C)C,,random_balanced,BB-0903,BB-0412,8,1,0.6727058861353151
BB-2140 BB-0271,"[2140, 271]",[96],CC(C)(C)OC(=O)N(C[C@@H]1CCO[C@@H]1c1nc(C2CC2)no1)C1(C(=O)O)CC(C)(C)Oc2cnc(Br)cc21,,random_balanced,BB-2140,BB-0271,6,6,0.5226248172649135
BB-1833 BB-1936,"[1833, 1936]",[96],COc1cc(O)c(C(C)(C(=O)O)N(Cc2cccc(C(=N)N)c2)C(=O)OC(C)(C)C)cc1Cl,,random_balanced,BB-1833,BB-1936,4,8,0.5673775052262248
BB-2149 BB-1789,"[2149, 1789]",[96],CCCCC(C)(C(=O)O)N(C(=O)OC(C)(C)C)c1ccc(F)c(OC)c1F,,random_balanced,BB-2149,BB-1789,8,7,0.434909840792648
BB-1509 BB-1624,"[1509, 1624]",[75],COCCn1c(NC(=O)OC(C)(C)C)c(C(=O)CS(=O)(=O)c2cccc(OC)c2C2CNCCO2)c(=O)[nH]c1=O,,random_balanced,BB-1509,BB-1624,8,3,0.5359569483676089
BB-2118 BB-0110,"[2118, 110]",[96],CC(C)(C)OC(=O)N(c1ccc(N2CCSCC2)cc1)C(C(=O)O)(c1cccc(Br)c1)C(F)F,,random_balanced,BB-2118,BB-0110,5,7,0.6178285680765765
BB-0734 BB-0205,"[734, 205]",[61],CC(C)(C)OC(=O)NC1CCOc2ncc(C(=O)N3CCC(Oc4ncccc4Br)CC3)cc21,,random_balanced,BB-0734,BB-0205,8,2,0.4256936346233713
BB-1769 BB-1471,"[1769, 1471]",[55],CC(C)(C)OC(=O)N[C@@H]1CCO[C@H]1c1ccc(N2CC3CCC2CC3)c(F)c1,,random_balanced,BB-1769,BB-1471,9,2,0.3184679920090623
BB-1332 BB-0169,"[1332, 169]",[107],CC(C)(C)OC(=O)NCc1cc(OC(F)(F)F)cc(C(O)c2sc3ccccc3c2C(=O)O)c1,,random_balanced,BB-1332,BB-0169,7,0,0.7086008800362471
BB-1011 BB-1816,"[1011, 1816]",[28],CN(Cc1ccc2c(c1)oc(=O)n2C)C(=O)C1Cc2c(O)cccc2C1NC(=O)OC(C)(C)C,,random_balanced,BB-1011,BB-1816,6,1,0.7088235121076807
BB-2199 BB-1005,"[2199, 1005]",[96],CN1C(=C(C#N)C(CCl)(C(=O)O)N(C(=O)OC(C)(C)C)c2cc(Cl)c(Cl)cc2F)Nc2ccccc21,,random_balanced,BB-2199,BB-1005,9,9,0.405672611515528
BB-1460 BB-0708,"[1460, 708]",[96],COC(=O)C1CC2(CCCCC2)CC1(C(=O)O)N(C(=O)OC(C)(C)C)c1onc(-c2cc(C)ccc2F)c1C,,random_balanced,BB-1460,BB-0708,5,7,0.5838037749528758
BB-1859 BB-1481,"[1859, 1481]",[96],Cc1c(C(C)(C(=O)O)N(C(=O)OC(C)(C)C)c2cn(C)nc2C#N)oc2ccccc12,,random_balanced,BB-1859,BB-1481,7,7,0.4824192575008778
BB-1617 BB-1018,"[1617, 1018]",[96],Cc1ccc(C(CCCC(=O)O)(C(=O)O)N(C(=O)OC(C)(C)C)C(CC(=O)OC(C)(C)C)c2ccccc2)cc1,,random_balanced,BB-1617,BB-1018,7,7,0.4576285769013877
BB-0346 BB-1636,"[346, 1636]",[96],Cc1cc(Cl)c2c(c1)C(C(=O)O)(N(C(=O)OC(C)(C)C)C(CC(C)C)c1nnc3ccccn13)CCCO2,,random_balanced,BB-0346,BB-1636,7,8,0.4098124439901726
BB-0860 BB-1254,"[860, 1254]",[96],CC(C)Cc1nn(C)c(C(N)=O)c1N(C(=O)OC(C)(C)C)C(CCOc1ccccc1)(C(=O)O)C1CC1,,random_balanced,BB-0860,BB-1254,5,9,0.508227995885222
BB-2132 BB-0699,"[2132, 699]",[0],CCOC(=O)C(=Cc1ccc([N+](=O)[O-])c(N2CCC(O)CC2)c1)c1ccccc1NC(=O)OC(C)(C)C,,random_balanced,BB-2132,BB-0699,6,2,0.5762366306817032
BB-0860 BB-0424,"[860, 424]",[96],CC(C)Cc1nn(C)c(C(N)=O)c1N(C(=O)OC(C)(C)C)C1(C(=O)O)C(=O)N(CCC(=O)O)c2cc(F)ccc21,,random_balanced,BB-0860,BB-0424,6,6,0.41150696186150154
BB-1985 BB-0949,"[1985, 949]",[96],CCc1sc(N(C(=O)OC(C)(C)C)C2(C(=O)O)CCc3c(C(=O)O)cccc32)nc1-c1ccc(OC)cc1,,random_balanced,BB-1985,BB-0949,8,7,0.527391840465893
BB-1759 BB-0083,"[1759, 83]",[96],COC(=O)c1cc(F)c(N(C(=O)OC(C)(C)C)C2(C(=O)O)CCN(C(=O)OC)C2(C)C)cc1F,,random_balanced,BB-1759,BB-0083,3,9,0.41766409686346556
BB-1645 BB-0009,"[1645, 9]",[31],CC(C)(C)OC(=O)NC(CCSCCOCCC(Cl)(Cl)Cl)C(=O)O,,random_balanced,BB-1645,BB-0009,8,1,0.43846899292344865
BB-0185 BB-1398,"[185, 1398]",[96],CN(C)c1nc(CCN(C(=O)OC(C)(C)C)C(C)(C(=O)O)c2c[nH]c3ccc([N+](=O)[O-])cc23)cs1,,random_balanced,BB-0185,BB-1398,6,8,0.6437276924671215
BB-0140 BB-1006,"[140, 1006]",[61],CCCN(Cc1ccc(B2OC(C)(C)C(C)(C)O2)cc1)C(=O)[C@]12CCCC[C@@]1(CNC(=O)OC(C)(C)C)C2,,random_balanced,BB-0140,BB-1006,6,2,0.498101609012676
BB-2072 BB-0933,"[2072, 933]",[55],CC1C(c2ccccc2)CCN1c1ccc(F)cc1CCNC(=O)OC(C)(C)C,,random_balanced,BB-2072,BB-0933,5,1,0.7547723787207687
BB-0316 BB-0257,"[316, 257]",[47],CC(C)(C)OC(=O)N[C@H](CC(=O)O)Cc1ccccc1-c1ccc2cc(C=O)ccc2c1,,random_balanced,BB-0316,BB-0257,5,2,0.3929031039732162
BB-0374 BB-0546,"[374, 546]",[96],COCc1cc(C(C)(C(=O)O)n2c(C)cc(C)c(CNC(=O)OC(C)(C)C)c2=O)ccc1OC,,random_balanced,BB-0374,BB-0546,6,8,0.7430323842669951
BB-0294 BB-1887,"[294, 1887]",[96],COC(=O)c1ccc2c(c1)CCC2(C(=O)O)N(C(=O)OC(C)(C)C)c1nncc(-c2cccc(F)c2)n1,,random_balanced,BB-0294,BB-1887,4,7,0.5552744138796977
BB-2151 BB-1790,"[2151, 1790]",[62],CC(CCCCN)Nc1nnc(C(N)=O)c(NC(=O)OC(C)(C)C)c1Cl,,random_balanced,BB-2151,BB-1790,6,1,0.633926439052574
BB-0324 BB-1705,"[324, 1705]",[28],COC(=O)c1cnc2sc(C(=O)N3CC(CCCC4CCCN(C(=O)OC(C)(C)C)C4)C3)c(NC(=O)OC(C)(C)C)c2c1,,random_balanced,BB-0324,BB-1705,6,1,0.08219504571467377
BB-0180 BB-1537,"[180, 1537]",[10],Cc1nn(-c2ncccn2)c(NC(=O)OC(C)(C)C)c1SCc1coc(-c2cc(Cl)cc(Cl)c2)n1,,random_balanced,BB-0180,BB-1537,5,2,0.5330361758446615
BB-1403 BB-0698,"[1403, 698]",[28],CCCCCC(NC(=O)OC(C)(C)C)C(=O)N1CC2(CCC2)C(F)(C(=O)OCC)C1,,random_balanced,BB-1403,BB-0698,5,4,0.6494186000169402
BB-0116 BB-1862,"[116, 1862]",[96],CCOC(=O)c1cc2c([nH]1)CCCC2(C(=O)O)N(C(=O)OC(C)(C)C)C(c1ccc(F)cc1)c1noc(C)n1,,random_balanced,BB-0116,BB-1862,8,9,0.5572669586470408
BB-1568 BB-2154,"[1568, 2154]",[96],CC(C)(C)OC(=O)Nc1ccccc1C(CC1CCC1)(C(=O)O)N(NC(=O)OC(C)(C)C)c1ccccc1S(C)(=O)=O,,random_balanced,BB-1568,BB-2154,6,8,0.20866056457497795
BB-2040 BB-0632,"[2040, 632]",[104],Cc1[nH]c(=O)c(-c2cccc(C(C)CC(=O)O)c2)cc1NC(=O)OC(C)(C)C,,random_balanced,BB-2040,BB-0632,7,2,0.6496304257268691
BB-2144 BB-1330,"[2144, 1330]",[96],CC(C)(C)OC(=O)N(Cc1ccc2c(c1)CCO2)C(C)(C(=O)O)c1nc2c(s1)CCC2,,random_balanced,BB-2144,BB-1330,7,9,0.5238870954177343
BB-2121 BB-2153,"[2121, 2153]",[88],CC(C)(C)OC(=O)NC1(COc2cc(Cl)cc(CS(=O)(=O)NC(=O)OC(C)(C)C)c2)COCC12CCC2,,random_balanced,BB-2121,BB-2153,7,6,0.4233911146690638
BB-1460 BB-1097,"[1460, 1097]",[96],C=CCN1C(=O)C(C(=O)O)(N(C(=O)OC(C)(C)C)c2onc(-c3cc(C)ccc3F)c2C)c2cc(C)ccc21,,random_balanced,BB-1460,BB-1097,6,6,0.4643967711384889
BB-1824 BB-1895,"[1824, 1895]",[10],CC(C)(C)OC(=O)Nc1nc(Sc2cc(Cl)c(C(F)(F)F)cc2[N+](=O)[O-])cc(-c2ccccc2)n1,,random_balanced,BB-1824,BB-1895,5,1,0.3835186119854439
BB-0559 BB-0250,"[559, 250]",[10],Cc1ccc(CCC2CCN(C(=O)CSc3cnc(C(F)(F)F)cc3NC(=O)OC(C)(C)C)CC2)cc1,,random_balanced,BB-0559,BB-0250,4,1,0.2632348474551378
BB-1248 BB-1034,"[1248, 1034]",[28],CCCC(CNC(=O)OC(C)(C)C)C(=O)N1CCCC1c1c(C)nn(CC(C)C)c1Cl,,random_balanced,BB-1248,BB-1034,6,2,0.7807532570393729
BB-1132 BB-1217,"[1132, 1217]",[96],Cc1cc(O)cc2c1C(C(=O)O)(N(C(=O)OC(C)(C)C)C1(c3nccs3)CCCC1)CO2,,random_balanced,BB-1132,BB-1217,6,9,0.21096151749882988
BB-1691 BB-1602,"[1691, 1602]",[96],CCc1c(C(C)(C(=O)O)N(C(=O)OC(C)(C)C)c2nc3ccc(F)cc3n2C(C)C)oc2ccc(C)cc12,,random_balanced,BB-1691,BB-1602,5,9,0.40175020444709986
BB-0903 BB-0554,"[903, 554]",[68],COc1nc(Sc2ccc(OC)c3cc(C(=O)O)[nH]c23)c(F)cc1NC(=O)OC(C)(C)C,,random_balanced,BB-0903,BB-0554,9,3,0.5299025413944626
BB-0236 BB-1336,"[236, 1336]",[96],CC(C)(C)OC(=O)N(C1CCCN(c2ccc3c(c2)OCO3)C1)C1(C(=O)O)CCCC1C1CCCN1,,random_balanced,BB-0236,BB-1336,5,5,0.5917347925592552
BB-1613 BB-0386,"[1613, 386]",[49],CC(C)(C)OC(=O)Nc1c(F)c(F)c(C(=O)c2ccc(=O)n(CC(=O)O)c2)c(F)c1F,,random_balanced,BB-1613,BB-0386,6,2,0.41595184692547327
BB-1585 BB-1718,"[1585, 1718]",[96],CC(C)(C)OC(=O)N(Cc1ccc(-c2ccc(C(F)(F)F)cc2)cc1)C(C(=O)O)(c1ccc(Cl)cc1)C(F)Br,,random_balanced,BB-1585,BB-1718,3,8,0.6201108409745206
BB-1527 BB-0200,"[1527, 200]",[96],COC(=O)c1cc(C(CCC(=O)O)(C(=O)O)n2nnnc2COc2ccc(NC(=O)OC(C)(C)C)cc2)c[nH]1,,random_balanced,BB-1527,BB-0200,6,7,0.32378200258865986
BB-1198 BB-0522,"[1198, 522]",[28],CCC12CN(C(=O)[C@@H]3C[C@H]3c3ccccc3NC(=O)OC(C)(C)C)C(CO)(C1)C2,,random_balanced,BB-1198,BB-0522,5,1,0.6223111870275114
BB-1630 BB-1080,"[1630, 1080]",[96],Cc1cc(N=[N+]=[N-])ccc1N(C(=O)OC(C)(C)C)C(C(=O)O)(c1ccc(F)cc1)c1ccn(C)n1,,random_balanced,BB-1630,BB-1080,7,6,0.2621865741101603
BB-2021 BB-1949,"[2021, 1949]",[88],CC(C)(C)OC(=O)NCCc1cc2c(cc1Oc1ccc(C=O)cc1C(F)(F)F)OCO2,,random_balanced,BB-2021,BB-1949,8,1,0.7663889360264189
BB-0035 BB-1018,"[35, 1018]",[96],Cc1ccc(C(CCCC(=O)O)(C(=O)O)N(CC23CCC(F)(CO2)C3)C(=O)OC(C)(C)C)cc1,,random_balanced,BB-0035,BB-1018,5,8,0.43024553303108376
BB-1311 BB-0627,"[1311, 627]",[96],COc1ccc(N(C(=O)OC(C)(C)C)C(/C=C(/[O-])C(F)(F)F)(C(=O)O)c2cccnc2)cc1S(=O)(=O)Nc1ccc(Cl)cc1,,random_balanced,BB-1311,BB-0627,8,6,0.41885857073911625
BB-2008 BB-1195,"[2008, 1195]",[10],Cc1nc(Sc2ccc(-n3ncc4c(S)ncnc43)cc2)c(CNC(=O)OC(C)(C)C)n1C,,random_balanced,BB-2008,BB-1195,7,1,0.3951557066200642
BB-0324 BB-1424,"[324, 1424]",[28],CCOC(=O)c1sc2ncc(C(=O)N3CCCCC3c3nccs3)cc2c1NC(=O)OC(C)(C)C,,random_balanced,BB-0324,BB-1424,7,3,0.6333622359011546
BB-2176 BB-0725,"[2176, 725]",[96],COc1ccc(C(C(=O)O)(C2CCCN2)N(C(=O)OC(C)(C)C)c2nnc(-c3c(F)cccc3F)s2)cc1,,random_balanced,BB-2176,BB-0725,7,7,0.48869859869117377
BB-2029 BB-0097,"[2029, 97]",[68],CNCc1cc(OC)ccc1Sc1nn(C)nc1CNC(=O)OC(C)(C)C,,random_balanced,BB-2029,BB-0097,5,2,0.6376285497415182
BB-0980 BB-0057,"[980, 57]",[96],Cc1ccccc1NC(=O)CC(C)(C(=O)O)N(NC(=O)OC(C)(C)C)C(=O)c1ccccc1OCc1ccc(F)cc1,,random_balanced,BB-0980,BB-0057,8,6,0.37520939141952014
BB-0932 BB-0339,"[932, 339]",[96],C[C@H]1CN(C)C[C@@H](C(=O)N(NC(=O)OC(C)(C)C)C2(C(=O)O)CCCc3cc[nH]c32)O1,,random_balanced,BB-0932,BB-0339,7,7,0.593003767132567
BB-2163 BB-0821,"[2163, 821]",[96],COc1ccc2c(c1OC)CCC2(C(=O)O)N(CC1(C)CCCOC1)C(=O)OC(C)(C)C,,random_balanced,BB-2163,BB-0821,7,8,0.585567951551819
