name,token_ids,reaction_ids,product_smiles,entropy,sampling_mode,first_building_block,second_building_block,first_building_block_prior_uses,second_building_block_prior_uses,score
BB-1711 BB-0362,"[1711, 362]",[125],CC(C(=O)O)(c1ncccc1C(=O)O)N(Cc1ccccc1[N+](=O)[O-])C1CC1,,random_balanced,BB-1711,BB-0362,0,0,0.41832711337820955
BB-1785 BB-1280,"[1785, 1280]",[126],COC[C@@H](C)OC(=O)c1cccc(-c2ccc(CN)cc2)c1,,random_balanced,BB-1785,BB-1280,0,0,0.5922492766733445
BB-1088 BB-0143,"[1088, 143]",[125],Cc1ccc(C(OC2CCCN(C(=O)OC(C)(C)C)CCC2)(C(=O)O)C(F)(F)F)cc1,,random_balanced,BB-1088,BB-0143,0,0,0.4961610343308508
BB-1202 BB-1783,"[1202, 1783]",[125],CCC1(C(=O)OC2(C(=O)O)CC3(CC4CCCC(C3)N4C(=O)OC(C)(C)C)C2)COC1,,random_balanced,BB-1202,BB-1783,0,0,0.5172912035847609
BB-1882 BB-1197,"[1882, 1197]",[78],CC(C)(NC(=O)c1ccc2c(c1)[nH]c(=O)n2C1CC1)c1cn(CC2CC2)nn1,,random_balanced,BB-1882,BB-1197,0,0,0.476845234767632
BB-0286 BB-0154,"[286, 154]",[108],COC(=O)C1CCN(C(=O)CC(C)N[C@@H]2CCCO[C@H]2c2ccc(C)cc2)CC1,,random_balanced,BB-0286,BB-0154,0,0,0.5841239478433384
BB-0492 BB-0725,"[492, 725]",[79],COc1ccc(C(=O)C2CCCN2c2cc(OC)c(O)c(C(C)=O)c2)cc1,,random_balanced,BB-0492,BB-0725,0,0,0.718716508710752
BB-1068 BB-0249,"[1068, 249]",[30],CNC(=O)CCC(NC(=O)C(=O)N1C[C@@H](C(=O)NC)[C@H](c2cnn(C)c2)C1)c1ccccc1,,random_balanced,BB-1068,BB-0249,0,0,0.2654231766695051
BB-0703 BB-0882,"[703, 882]",[49],CCCc1ccc(-n2cnc3c(Nc4cnc(OC(C)C)c(Cl)c4)ncnc32)c(C#N)c1,,random_balanced,BB-0703,BB-0882,0,0,0.0882905387793584
BB-1433 BB-1438,"[1433, 1438]",[44],CC1CCC2(CN1C(CC(=O)O)c1ccc(C(N)=O)o1)OCc1ccccc12,,random_balanced,BB-1433,BB-1438,0,0,0.7126796221335294
BB-0546 BB-1653,"[546, 1653]",[70],COCc1cc(C(C)=CC(=O)N2CCN(C)C2=O)ccc1OC,,random_balanced,BB-0546,BB-1653,0,0,0.7102549310590891
BB-0783 BB-1979,"[783, 1979]",[79],NCCN(c1cc([N+](=O)[O-])c(C=O)cc1F)c1ncc(C(F)(F)F)cc1Cl,,random_balanced,BB-0783,BB-1979,0,0,0.6098282909496293
BB-1069 BB-1961,"[1069, 1961]",[66],Cc1ccc(C(C)NC(=O)CC2(O)CCCC2=Cc2cccc([N+](=O)[O-])c2)cc1C,,random_balanced,BB-1069,BB-1961,0,0,0.4875783214839913
BB-1878 BB-1695,"[1878, 1695]",[15],Cc1cc2c(c(Sc3ccc([C@H]4CCN(C(=O)OCC5c6ccccc6-c6ccccc65)[C@@H]4C(=O)O)cc3)c1)CCNC2,,random_balanced,BB-1878,BB-1695,0,0,0.11360229195954039
BB-1384 BB-1767,"[1384, 1767]",[5],CC1CNC(=O)c2cc(N3CCC(c4cccs4)CC3)cn21,,random_balanced,BB-1384,BB-1767,0,0,0.6070204342522926
BB-1830 BB-0515,"[1830, 515]",[103],O=C(Nc1nccc2cnccc12)N1CCN(c2ncc(C(F)(F)F)cc2Cl)CC1,,random_balanced,BB-1830,BB-0515,0,0,0.2657710122714494
BB-1057 BB-1185,"[1057, 1185]",[23],COc1c(F)cc(F)cc1COC(=O)Cn1c(C)c(Br)c2ccccc21,,random_balanced,BB-1057,BB-1185,0,0,0.628059162566744
BB-0107 BB-1987,"[107, 1987]",[146],CCOC(=O)C1c2ccc(O)cc2CCN1c1cncc(C2(C#N)CCC2)c1,,random_balanced,BB-0107,BB-1987,0,0,0.7627626634547988
BB-0003 BB-1466,"[3, 1466]",[66],COc1ccc(C(=O)O)c(C(O)c2cccc(C3(O)CCC(=O)CC3)c2)c1,,random_balanced,BB-0003,BB-1466,0,0,0.769162960468067
BB-1946 BB-1095,"[1946, 1095]",[41],CC(C)(C)OC(=O)N1CCC(C(=O)O)(c2ccc(OCc3ccc(Oc4ccccc4F)cc3)cc2)C1,,random_balanced,BB-1946,BB-1095,0,0,0.038233310714027
BB-1936 BB-1659,"[1936, 1659]",[41],COc1cc(Oc2cc(C(C)C)c(OCC3CO3)cc2C)c(C(C)=O)cc1Cl,,random_balanced,BB-1936,BB-1659,0,0,0.7019737554738289
BB-1330 BB-0597,"[1330, 597]",[66],CC(O)(c1ccc2c(c1)C1(CC2)COCOC1)c1nc2c(s1)CCC2,,random_balanced,BB-1330,BB-0597,0,0,0.3684047324934864
BB-1921 BB-1211,"[1921, 1211]",[28],COc1cc(C)c(Cl)cc1NC(=O)Nc1ccc(OC2CCN(C)CC2)nc1,,random_balanced,BB-1921,BB-1211,0,0,0.05705648604588832
BB-0015 BB-0543,"[15, 543]",[89],COC(=O)C1CC(c2ccc(Sc3cc(F)ccc3C(N)c3ccc(C)cc3)cc2)C1,,random_balanced,BB-0015,BB-0543,0,0,0.2589806754017296
BB-1743 BB-0269,"[1743, 269]",[5],Cc1ccc(C(C)N(O)c2ccc3c(c2)C(=O)C(F)=CCC3)cc1,,random_balanced,BB-1743,BB-0269,0,0,0.6408529246805909
BB-0022 BB-0057,"[22, 57]",[125],COC(=O)CCN(c1ncc(C)cc1Br)C(C)(CC(=O)Nc1ccccc1C)C(=O)O,,random_balanced,BB-0022,BB-0057,0,0,0.5352654058062191
BB-1187 BB-1489,"[1187, 1489]",[4],CC1(C)COC(CC(=O)N2CCCC(F)(F)C23CCOCC3)C1,,random_balanced,BB-1187,BB-1489,0,0,0.4058074789033717
BB-1796 BB-0040,"[1796, 40]",[63],CNCc1ccnc2c(CC3CN(c4ccc(Br)cc4)C(=O)O3)cccc12,,random_balanced,BB-1796,BB-0040,0,0,0.6598312720404204
BB-0876 BB-1874,"[876, 1874]",[70],COc1ccc(-c2nc(C=Cc3cc(C)c(C)cn3)cs2)cc1OC,,random_balanced,BB-0876,BB-1874,0,0,0.115994114664875
BB-0688 BB-0379,"[688, 379]",[4],Cc1ccccc1-c1cc(NC(=O)c2ccc3c(c2)C(=O)CCN3)n(Cc2ccccc2)n1,,random_balanced,BB-0688,BB-0379,0,0,0.5238368108776824
BB-0658 BB-1074,"[658, 1074]",[15],Cc1nc(Sc2c(Br)cc(F)c3cnccc23)ccc1B(O)O,,random_balanced,BB-0658,BB-1074,0,0,0.29023148359993467
BB-1106 BB-1860,"[1106, 1860]",[15],CC(C)(C)OC(=O)N1CCC(c2ccc(Sc3ccc(OCC(N)=O)c(Br)c3)cc2F)CC1,,random_balanced,BB-1106,BB-1860,0,0,0.11948420312850495
BB-1810 BB-0569,"[1810, 569]",[5],CN1CCC(N(c2ccc(Br)cc2)c2ccc(Cl)c3c2CCNC3)CC1,,random_balanced,BB-1810,BB-0569,0,0,0.42262163769828476
BB-0836 BB-0673,"[836, 673]",[68],CC(C)(C)OC(=O)NC(CCCCCC#Cc1ccccc1C1(O)CCNCC1)C(=O)O,,random_balanced,BB-0836,BB-0673,0,0,0.24736757459633685
BB-1966 BB-0919,"[1966, 919]",[5],CN(C(=O)OC(C)(C)C)[C@H]1CCCN(c2nc3ccccc3cc2N)C1,,random_balanced,BB-1966,BB-0919,0,0,0.37179664785754496
BB-0176 BB-1388,"[176, 1388]",[146],Cc1cc(Nc2ccc(Cl)cc2OCc2cccc(C(=O)O)c2)cc(C)c1F,,random_balanced,BB-0176,BB-1388,0,0,0.4654648967898323
BB-0995 BB-0401,"[995, 401]",[79],COC(=O)C1CC(N2CCCC(c3ncc(C(F)(F)F)[nH]3)C2)=NO1,,random_balanced,BB-0995,BB-0401,0,0,0.6908374101061813
BB-1019 BB-0123,"[1019, 123]",[66],COC(=O)C1=NOC(CC(C)(O)c2c(C)[nH]c(-c3ccco3)nc2=O)C1,,random_balanced,BB-1019,BB-0123,0,0,0.7450800772494923
BB-0072 BB-0179,"[72, 179]",[116],COc1ccnc2nc(Sc3nncn3-c3cccc(Cl)c3)ccc12,,random_balanced,BB-0072,BB-0179,0,0,0.4239013764958357
BB-1782 BB-1329,"[1782, 1329]",[5],O=C(O)C1CC1(F)NC(C1CC1)C1(CO)CCCO1,,random_balanced,BB-1782,BB-1329,0,0,0.150046491911899
BB-0389 BB-0165,"[389, 165]",[105],O=C(NCC(F)(F)C1CC1)C(=O)N1CCN(c2ccc(Br)cc2C(F)(F)F)CC1,,random_balanced,BB-0389,BB-0165,0,0,0.47040873724501053
BB-1812 BB-1573,"[1812, 1573]",[79],COc1[nH]nc(C(F)(F)F)c1N1CCC(C(O)c2ccnn2C)CC1,,random_balanced,BB-1812,BB-1573,0,0,0.4431571744245733
BB-0708 BB-1042,"[708, 1042]",[37],N#Cc1c(OCCCO)n[nH]c1NC(=O)C1CC2(CCCCC2)CC1=O,,random_balanced,BB-0708,BB-1042,0,0,0.3223427100413934
BB-0508 BB-1423,"[508, 1423]",[49],CC(C)(C)C(Nc1ncnc2c1ncn2C(C(=O)O)c1ccc(C(F)(F)F)cc1)c1cccc(C(=O)O)c1,,random_balanced,BB-0508,BB-1423,0,0,0.4441117006913187
BB-1381 BB-0521,"[1381, 521]",[146],O=[N+]([O-])c1ccn(CC2CCN(c3c(CCl)ccnc3F)CC2)n1,,random_balanced,BB-1381,BB-0521,0,0,0.5940367514362503
BB-1871 BB-0920,"[1871, 920]",[71],COc1cc(N[C@@](C)(CO)c2ccccc2)c2c(c1)C(=O)CCC2,,random_balanced,BB-1871,BB-0920,0,0,0.6509076930030737
BB-1389 BB-0700,"[1389, 700]",[100],CCCc1cc(S(=O)(=O)c2ccc(OCC(=O)O)cc2CC)nc(Cl)n1,,random_balanced,BB-1389,BB-0700,0,0,0.6299553028655773
BB-1299 BB-1201,"[1299, 1201]",[1],C=C(Cl)CSc1nc(C)c(C(=Cc2c(O)cc(O)c(Cl)c2C)C(=O)O)s1,,random_balanced,BB-1299,BB-1201,0,0,0.5426147112814113
BB-0373 BB-1759,"[373, 1759]",[78],COC(=O)c1cc(F)c(NC(=O)C(N)Cc2ccn(C)n2)cc1F,,random_balanced,BB-0373,BB-1759,0,0,0.7392505842126271
BB-0349 BB-1859,"[349, 1859]",[108],Cc1cccc(C(Nc2cn(C)nc2C#N)C(N)=O)c1,,random_balanced,BB-0349,BB-1859,0,0,0.39140505224391087
BB-1165 BB-1823,"[1165, 1823]",[126],CC(C)(C)OC(=O)N1C[C@H]2C[C@@H]1C[C@@H](C(=O)OC1CC(C)(C)Oc3c(Br)cccc31)O2,,random_balanced,BB-1165,BB-1823,0,0,0.5570291653948177
BB-0677 BB-1476,"[677, 1476]",[64],C=C(CCCOC(=O)C(CC)N(Cc1ccco1)C(=O)n1ccnc1)c1n[nH]c2cnccc12,,random_balanced,BB-0677,BB-1476,0,0,0.5282015901671613
BB-0014 BB-1361,"[14, 1361]",[110],CC(C)(C)c1nsc2[nH]c(=O)n(C(=O)C3(c4ccncc4)CCCCC3)c(=O)c12,,random_balanced,BB-0014,BB-1361,0,0,0.7533735606239697
BB-0578 BB-0061,"[578, 61]",[41],Cc1cc2oc(=O)c3c(c2cc1Oc1ccc(-c2cc(C=O)no2)cc1)CCCC3,,random_balanced,BB-0578,BB-0061,0,0,0.38331283367172964
BB-1235 BB-1336,"[1235, 1336]",[125],Cc1ccccc1COc1cccc(CC(=O)OC2(C(=O)O)CCCC2C2CCCN2)c1,,random_balanced,BB-1235,BB-1336,0,0,0.1910187066819035
BB-1722 BB-1486,"[1722, 1486]",[41],COCCOCCOCC(=O)NCCSc1ccc(C2N=N2)cc1,,random_balanced,BB-1722,BB-1486,0,0,0.23070775209910893
BB-1167 BB-1448,"[1167, 1448]",[108],CCCC1CC(NC2(C(=O)OC)CCCN(Cc3ccccc3)C2)CCO1,,random_balanced,BB-1167,BB-1448,0,0,0.7131556428784669
BB-0069 BB-0820,"[69, 820]",[78],C[C@H](NC(=O)c1ccco1)C(=O)NCc1ccc(C2CCOCC2)cc1,,random_balanced,BB-0069,BB-0820,0,0,0.39088746780799627
BB-1027 BB-1301,"[1027, 1301]",[15],CC(C)(C)OC(=O)N1CCN(Cc2ccc(SCCCc3cccnc3)nn2)CC1(C)C,,random_balanced,BB-1027,BB-1301,0,0,0.1866643512338324
BB-1232 BB-0803,"[1232, 803]",[138],NC(=O)c1ccc(COc2ccc(-c3cccc4cnn(C5CCCCO5)c34)cc2)c(F)c1,,random_balanced,BB-1232,BB-0803,0,0,0.5002972873786968
BB-0983 BB-0181,"[983, 181]",[111],NC(c1ccc2ccccc2c1)c1nc(C2CCNC2=O)no1,,random_balanced,BB-0983,BB-0181,0,0,0.09758019910441659
BB-0934 BB-0000,"[934, 0]",[50],COc1c(Cl)ccc2c1NC(=O)C2(C(=O)O)N1Cc2cc(Br)ccc2NS1(=O)=O,,random_balanced,BB-0934,BB-0000,0,0,0.6102880581850318
BB-1282 BB-1907,"[1282, 1907]",[146],CNC(C(=O)O)c1cc(OC)ccc1NCc1cccc(NC(=O)COC)c1,,random_balanced,BB-1282,BB-1907,0,0,0.7013214438436458
BB-0755 BB-0340,"[755, 340]",[125],CCCN(c1nc2ccc(C)cc2c(=O)[nH]1)C(CBr)(C(=O)O)c1ccc(C#N)c([N+](=O)[O-])c1,,random_balanced,BB-0755,BB-0340,0,0,0.6118863159835803
BB-0775 BB-0951,"[775, 951]",[37],COCCn1nc(C)c(NC(=O)C2CCC3(CC(=O)N3)C2)c1C,,random_balanced,BB-0775,BB-0951,0,0,0.6716256701169403
BB-1263 BB-1030,"[1263, 1030]",[138],Cc1cc(N)cnc1CC12CC(C1)OC2C(F)(F)F,,random_balanced,BB-1263,BB-1030,0,0,0.18240761693999238
BB-0074 BB-1703,"[74, 1703]",[37],COc1cc(C2(CNC(=O)c3cc4c([nH]3)C(=O)CCC4)CCC2)ccn1,,random_balanced,BB-0074,BB-1703,0,0,0.6302484561862817
BB-1755 BB-1351,"[1755, 1351]",[78],COC(=O)C1CN(C(=O)c2cccc[n+]2[O-])Cc2[nH]ncc21,,random_balanced,BB-1755,BB-1351,0,0,0.5872174975436849
BB-0604 BB-0130,"[604, 130]",[62],CCOC(=O)N1CCCC(C(=O)O)(C(=O)Cc2cc3cnccc3nc2C)C1,,random_balanced,BB-0604,BB-0130,0,0,0.551584227009629
BB-1601 BB-0509,"[1601, 509]",[1],COc1cc(C)c(C=C2CC(C(N)=NO)CN(CC3CCOCC3)C2=O)cc1O,,random_balanced,BB-1601,BB-0509,0,0,0.6983177538478303
BB-0622 BB-1204,"[622, 1204]",[146],CC1(C)Oc2cc(Br)c(CNc3ccc(C=O)cc3)cc2O1,,random_balanced,BB-0622,BB-1204,0,0,0.46330652433460595
BB-1893 BB-1214,"[1893, 1214]",[41],Cn1cc(OCC2(C(=O)OC(C)(C)C)CCCC2)c(=O)c2ccc(F)cc21,,random_balanced,BB-1893,BB-1214,0,0,0.6829520176189197
BB-1685 BB-0778,"[1685, 778]",[4],CCN(CCCC[Si](C)(C)C)C(=O)C(C)(C)c1cc(OC)cc(OC)c1,,random_balanced,BB-1685,BB-0778,0,0,0.21802023736684364
BB-1404 BB-0404,"[1404, 404]",[30],COc1ccc(Br)cc1C1CCCCN1C(=O)C(=O)N1CCc2c(ncn2C2CCC2)C1,,random_balanced,BB-1404,BB-0404,0,0,0.713159511033319
BB-0134 BB-0045,"[134, 45]",[50],O=C(O)C1(Oc2ccc3c(c2)OCO3)CSCCc2ccccc21,,random_balanced,BB-0134,BB-0045,0,0,0.38314371432937044
BB-0179 BB-1919,"[179, 1919]",[141],CN(C)c1nc(C(O)c2cccc(-n3cnnc3S)c2)c(Cl)n1-c1ccc(Br)cc1,,random_balanced,BB-0179,BB-1919,1,0,0.6266397069817499
BB-1225 BB-1559,"[1225, 1559]",[146],O=C(O)c1ccc(CS(=O)(=O)c2c(Cl)cccc2N2CCOC(c3cccc([N+](=O)[O-])c3)C2)o1,,random_balanced,BB-1225,BB-1559,0,0,0.6719966558847951
BB-1113 BB-1895,"[1113, 1895]",[66],O=[N+]([O-])c1cc(C(F)(F)F)c(C2(O)CCC(OC3CCCCC3)CC2)cc1Cl,,random_balanced,BB-1113,BB-1895,0,0,0.558181314102813
BB-0135 BB-1985,"[135, 1985]",[79],CCCC1CC(Nc2nc(-c3ccc(OC)cc3)c(CC)s2)C1,,random_balanced,BB-0135,BB-1985,0,0,0.6868038563677514
BB-1063 BB-0554,"[1063, 554]",[89],COCOc1ccc(Sc2ccc(OC)c3cc(C(=O)O)[nH]c23)c(F)c1F,,random_balanced,BB-1063,BB-0554,0,0,0.5943560661929115
BB-1753 BB-1224,"[1753, 1224]",[116],Cc1cncc(C=O)c1Oc1c(C=O)ccc2c1OCO2,,random_balanced,BB-1753,BB-1224,0,0,0.22769718915600523
BB-1885 BB-1600,"[1885, 1600]",[36],C#CCNc1ccc(-c2nc(CCS(=O)(=O)Cc3ccc(F)cc3)no2)cc1,,random_balanced,BB-1885,BB-1600,0,0,0.18189851655780004
BB-0194 BB-1457,"[194, 1457]",[112],COCC(NC(=O)C1CC2(c3ccc(C)cc3)CC1C2)(c1ccccc1)c1nc2ccccc2n1C,,random_balanced,BB-0194,BB-1457,0,0,0.5779621611061789
BB-0354 BB-1423,"[354, 1423]",[50],CC(=O)N1CCC(C(OC(=O)C(N)c2ccc(C(F)(F)F)cc2)(C(=O)O)c2ccc(F)cc2F)CC1,,random_balanced,BB-0354,BB-1423,0,1,0.6455868664891161
BB-0650 BB-0085,"[650, 85]",[103],CC(C)(C)OC(=O)N1CC(c2nnc(NC(=O)Nc3ccccc3NC(=O)c3ccncc3)o2)C1,,random_balanced,BB-0650,BB-0085,0,0,0.024680728542686995
BB-1693 BB-1067,"[1693, 1067]",[41],Cc1ccc(Oc2ncnc3c2c(Br)nn3C(C)(C)C)cc1-n1ccnn1,,random_balanced,BB-1693,BB-1067,0,0,0.4213873303791477
BB-1038 BB-0485,"[1038, 485]",[66],CCn1ncc(CN(C)C(=O)c2cc(-c3ccc(NC4CN(C)C4)c(C)n3)nc3ccc(C4(O)CCCc5c4ccc(OC)c5[N+](=O)[O-])cc23)c1C,,random_balanced,BB-1038,BB-0485,0,0,0.05105307903189332
BB-0541 BB-0244,"[541, 244]",[125],Cc1nn(C(C)(C(=O)O)/C(=C/c2ccc(Cl)c(Cl)c2)C(N)=O)c2nc(F)ccc12,,random_balanced,BB-0541,BB-0244,0,0,0.6411161182339024
BB-1637 BB-1460,"[1637, 1460]",[103],Cc1ccc(F)c(-c2noc(NC(=O)N(c3cnn(CC(=O)O)c3)c3nc(=NCc4c(F)cc(F)cc4F)c(F)c[nH]3)c2C)c1,,random_balanced,BB-1637,BB-1460,0,0,0.15775474382805438
BB-0861 BB-1038,"[861, 1038]",[125],CCc1csc(C2CCCN(C3(C(=O)O)CCCc4c3ccc(OC)c4[N+](=O)[O-])C2)n1,,random_balanced,BB-0861,BB-1038,0,1,0.7732117260169762
BB-0810 BB-0726,"[810, 726]",[89],CC(C)(C)OC(=O)N1CCOc2cc(Sc3cccc(C(=O)C(C)(C)O)c3)cnc21,,random_balanced,BB-0810,BB-0726,0,0,0.276931384970406
BB-0295 BB-0682,"[295, 682]",[37],CSc1nn(C)c(NC(=O)c2ccc(C)c(Br)c2N)c1C#N,,random_balanced,BB-0295,BB-0682,0,0,0.6304837481485465
BB-0056 BB-0068,"[56, 68]",[15],O=[N+]([O-])c1cc2c(c(Sc3nccn3C(F)F)c1)OCC2,,random_balanced,BB-0056,BB-0068,0,0,0.1705333867566411
BB-1298 BB-0807,"[1298, 807]",[41],Cc1nn(C(F)F)c2cc(SCc3nnn(C)n3)ccc12,,random_balanced,BB-1298,BB-0807,0,0,0.19447227934632144
BB-1720 BB-0479,"[1720, 479]",[126],CCCc1ccc(C(=O)OCC(=O)NCC)cc1N,,random_balanced,BB-1720,BB-0479,0,0,0.38280354288704793
BB-0605 BB-1210,"[605, 1210]",[99],O=S(=O)(Nc1ccc(F)c(Cl)c1)c1cc(Cl)c(S(=O)(=O)c2cc(F)ncc2I)cc1Cl,,random_balanced,BB-0605,BB-1210,0,0,0.2547092951810114
BB-0212 BB-0903,"[212, 903]",[28],COC(=O)c1c(NC(=O)Nc2cc(F)c(Br)nc2OC)nc2n1CC(C(=O)O)CC2,,random_balanced,BB-0212,BB-0903,0,0,0.18874025926483073
BB-1775 BB-1604,"[1775, 1604]",[124],COC(=O)c1c[nH]c(C2(n3cnc4c(NC(C)(C)c5ccc6c(c5)OCO6)ncnc43)CCC2)n1,,random_balanced,BB-1775,BB-1604,0,0,0.4323385633666013
BB-1444 BB-1631,"[1444, 1631]",[126],Cc1[nH]c2ccc(Cl)cc2c1C(=O)OCc1ccc2c(c1)C1(CC1)CN2C(=O)OC(C)(C)C,,random_balanced,BB-1444,BB-1631,0,0,0.3541002204621865
BB-0224 BB-0822,"[224, 822]",[78],CC(=O)Nc1ccc(C)cc1NC(=O)C1CCOC(CNC(=O)OCC2c3ccccc3-c3ccccc32)C1,,random_balanced,BB-0224,BB-0822,0,0,0.03092503468684264
BB-1500 BB-0444,"[1500, 444]",[125],CCCCCC(CC)(OC(=O)c1cc(C(F)(F)F)cc([N+](=O)[O-])c1C)C(=O)O,,random_balanced,BB-1500,BB-0444,0,0,0.6432362353664447
BB-0695 BB-1508,"[695, 1508]",[15],C[C@H](O)CSc1cccc(F)c1Cl,,random_balanced,BB-0695,BB-1508,0,0,0.024523273964145647
BB-1318 BB-0170,"[1318, 170]",[127],O=C(Cc1ccc(C2CCCCC2)cc1)OC1CCOc2c(F)cc(F)cc21,,random_balanced,BB-1318,BB-0170,0,0,0.40127778449883894
BB-0485 BB-0237,"[485, 237]",[24],CCn1ncc(CN(C)C(=O)c2cc(-c3ccc(NC4CN(C)C4)c(C)n3)nc3ccc(S(=O)(=O)c4cc(C)cc(OCOC)c4Br)cc23)c1C,,random_balanced,BB-0485,BB-0237,1,0,0.03856168319404878
BB-0534 BB-0843,"[534, 843]",[67],Cn1c(=O)c2c(ncn2-c2ccc3c(c2)C(=O)N(C2CCC(=O)NC2=O)C3=O)n(C)c1=O,,random_balanced,BB-0534,BB-0843,0,0,0.31973036408020417
BB-0408 BB-0852,"[408, 852]",[51],COc1ccccc1C(OC(=O)c1cc(-c2cccnc2)nc2c1cnn2Cc1cccnc1)C1CCNCC1,,random_balanced,BB-0408,BB-0852,0,0,0.27347096220510925
BB-1613 BB-1646,"[1613, 1646]",[30],CC1(CCO)CCN(C(=O)C(=O)Nc2c(F)c(F)c(C#N)c(F)c2F)C1,,random_balanced,BB-1613,BB-1646,0,0,0.3147774008519527
BB-1717 BB-1947,"[1717, 1947]",[79],COC1C(Nc2ccc3c(c2)S(=O)(=O)NC3=O)CCC(C(=O)O)N1C(=O)OC(C)(C)C,,random_balanced,BB-1717,BB-1947,0,0,0.5138585521303818
BB-1571 BB-1067,"[1571, 1067]",[66],Cc1ccc(C(O)(c2ccccc2)c2nccs2)cc1-n1ccnn1,,random_balanced,BB-1571,BB-1067,0,1,0.48359035391625566
BB-0973 BB-0095,"[973, 95]",[63],CNc1cc(-c2nccn2C2CC2)ccc1N,,random_balanced,BB-0973,BB-0095,0,0,0.2732745523909194
BB-0568 BB-1741,"[568, 1741]",[28],COC(=O)C1(CNC(=O)N2CCC3(CC2)C(O)CC3OC)CC1S(C)(=O)=O,,random_balanced,BB-0568,BB-1741,0,0,0.3454421342973931
BB-1908 BB-1705,"[1908, 1705]",[78],CC(C)(C)OC(=O)N1CCCC(CCCC2CN(C(=O)COc3ccc([N+](=O)[O-])cc3)C2)C1,,random_balanced,BB-1908,BB-1705,0,0,0.12180889011347537
BB-0868 BB-1709,"[868, 1709]",[4],Cc1cc(C)c(C(=O)N2CCN(c3ccc4c(c3)C(=O)N(C3CCC(=O)NC3=O)C4=O)C[C@@H]2C)cc1N,,random_balanced,BB-0868,BB-1709,0,0,0.15833533551805393
BB-0106 BB-1013,"[106, 1013]",[51],COc1ccc([C@@H]2CN(C(C)(C)C)C[C@H]2C(=O)OC(C(=O)O)C2CCCCCC2)cc1,,random_balanced,BB-0106,BB-1013,0,0,0.5774306049792904
BB-1746 BB-0474,"[1746, 474]",[146],COc1ccc(N2CCC=C3OC(=O)C=C32)c2c1OCCNC2,,random_balanced,BB-1746,BB-0474,0,0,0.53783651534025
BB-0251 BB-1266,"[251, 1266]",[63],Cc1cc2c(cc1-c1ccc3c(c1)N(C)CC(=O)N3)OCCC2=O,,random_balanced,BB-0251,BB-1266,0,0,0.6494630390069054
BB-1636 BB-1594,"[1636, 1594]",[100],Cc1cc(C)c(N)c(S(=O)(=O)c2cc(C)cc3c2OCCCC3=O)c1,,random_balanced,BB-1636,BB-1594,0,0,0.7298605762848402
BB-0948 BB-0991,"[948, 991]",[108],COc1ccc2c(c1)OCC(CN1CCOc3c(ccc(O)c3C)C1)=C2,,random_balanced,BB-0948,BB-0991,0,0,0.6954548113308395
BB-0131 BB-0278,"[131, 278]",[78],CS(=O)(=O)C[C@H]1C[C@H]1NC(=O)[C@@H]1C[C@H](Oc2ccccc2)CN1,,random_balanced,BB-0131,BB-0278,0,0,0.5692346371060407
BB-1606 BB-1481,"[1606, 1481]",[125],Cc1c(C(C)(C(=O)O)N(CC2CCC2)c2cnn(C)c2)oc2ccccc12,,random_balanced,BB-1606,BB-1481,0,0,0.6514072604944678
BB-0696 BB-1354,"[696, 1354]",[38],CCOCOc1cnccc1-c1cc(CC)c2c(c1)CC(=O)N2,,random_balanced,BB-0696,BB-1354,0,0,0.7688245594003206
BB-0060 BB-1595,"[60, 1595]",[119],COc1cccc(N2C(=O)C(C(c3ccc(C(C)C)cc3)N3CCOc4c(C(=O)O)cccc43)NC2=S)c1,,random_balanced,BB-0060,BB-1595,0,0,0.36130753469465576
BB-0877 BB-1862,"[877, 1862]",[125],CCOC(=O)c1cc2c([nH]1)CCCC2(C(=O)O)N(C(=O)OC(C)(C)C)[C@H](CCC(F)F)C(=O)O,,random_balanced,BB-0877,BB-1862,0,0,0.41713632994982813
BB-1856 BB-0193,"[1856, 193]",[79],COCc1ncc2c(n1)CCN(c1nc(N3CCNCC3)nc(N3CCOCC3)n1)C2,,random_balanced,BB-1856,BB-0193,0,0,0.035516014808192296
BB-0748 BB-0811,"[748, 811]",[78],CCCCn1ncc(C(=O)N2CCCCC2c2ncc(C(F)(F)F)cn2)c1C,,random_balanced,BB-0748,BB-0811,0,0,0.8111825585013266
BB-0550 BB-1300,"[550, 1300]",[37],CCOC(=O)CC(CC1CCCC1)NC(=O)c1nc(Br)c2n1CCCC2,,random_balanced,BB-0550,BB-1300,0,0,0.6176895738044936
BB-0428 BB-1764,"[428, 1764]",[112],Cc1cc(N2CCC(NC(=O)c3ccc(C4(O)CCNC4)cc3)CC2)[nH]n1,,random_balanced,BB-0428,BB-1764,0,0,0.25739591995567823
BB-0357 BB-1364,"[357, 1364]",[15],COC(=O)c1ccc2cc(Sc3cc(C(N)C(F)(F)F)ccc3OC)cc(C)c2n1,,random_balanced,BB-0357,BB-1364,0,0,0.6551176873670965
BB-1788 BB-1413,"[1788, 1413]",[79],COc1cc(C(C)(C)O)ccc1N1CCC[C@@H]1CN1CCC1,,random_balanced,BB-1788,BB-1413,0,0,0.7223056799619055
BB-1437 BB-0187,"[1437, 187]",[116],COC(=O)c1cncc(C(C)(C)Oc2cc3ccc(Cl)nc3cc2F)c1,,random_balanced,BB-1437,BB-0187,0,0,0.6059861953791421
BB-1873 BB-0086,"[1873, 86]",[78],CC(C)(C)OC(=O)N1CC2CCC(C(=O)N3CCN(c4nsc(C5CC5)n4)CC3)CC2C1,,random_balanced,BB-1873,BB-0086,0,0,0.10913970614474328
BB-1535 BB-1665,"[1535, 1665]",[41],CC(C)CCC1(Oc2ccc(C(N)COc3ccccc3)cc2F)CC1,,random_balanced,BB-1535,BB-1665,0,0,0.3517806309653851
BB-0891 BB-1302,"[891, 1302]",[78],COc1ccc(-c2nc(C)sc2CC(=O)N2CCCC2Cc2cc(F)ccc2F)cc1,,random_balanced,BB-0891,BB-1302,0,0,0.5013920395714796
BB-0152 BB-0776,"[152, 776]",[125],NC(=O)c1cccc2c(=O)n(C(C(=O)O)(c3ccc(F)cc3)c3cc(Br)ccc3N)nnc12,,random_balanced,BB-0152,BB-0776,0,0,0.5228787269778054
BB-0247 BB-1738,"[247, 1738]",[105],COC(=O)c1ccc(C2(NC(=O)C(=O)NCCCC3CCN(C(=O)OC(C)(C)C)CC3)CC2)o1,,random_balanced,BB-0247,BB-1738,0,0,0.020072562030810117
BB-1502 BB-1842,"[1502, 1842]",[15],O=C(O)Cc1cc(F)c(F)cc1Sc1ccc(C(=O)Cc2ccccc2)s1,,random_balanced,BB-1502,BB-1842,0,0,0.2885893759180994
BB-1930 BB-0669,"[1930, 669]",[125],COC(=O)c1cc2c(o1)CCCC2(C(=O)O)N1C(=O)CCc2c(OC)cccc21,,random_balanced,BB-1930,BB-0669,0,0,0.6108423186374552
BB-1429 BB-0114,"[1429, 114]",[105],COC(=O)CC1CN(C(=O)C(=O)NCC23CC[C@@H](Br)[C@@H](C2)OC3)Cc2ccccc21,,random_balanced,BB-1429,BB-0114,0,0,0.5708434262212885
BB-1162 BB-1964,"[1162, 1964]",[5],CCOC(=O)/C=C/CN(C)c1coc2ccc(C(=O)O)cc12,,random_balanced,BB-1162,BB-1964,0,0,0.6557383579200661
BB-1477 BB-1972,"[1477, 1972]",[30],CCOc1ccc(C(C)=O)cc1S(=O)(=O)NC(=O)C(=O)NS(=O)(=O)N(CC)C1CC1,,random_balanced,BB-1477,BB-1972,0,0,0.20338239516369414
BB-1441 BB-0416,"[1441, 416]",[126],CC(OC(=O)C(=Cc1ccco1)NC(=O)c1ccccc1)C1CCCCN1C(=O)OC(C)(C)C,,random_balanced,BB-1441,BB-0416,0,0,0.36929792852497845
BB-0584 BB-0737,"[584, 737]",[103],CC1(OCC(=O)O)CN(C(=O)NCC(O)C(=O)O)C1,,random_balanced,BB-0584,BB-0737,0,0,0.2325725191142167
BB-0966 BB-1064,"[966, 1064]",[146],Cc1ccc(N(Cc2nc3ccccc3c(=O)[nH]2)C(C)C)cc1,,random_balanced,BB-0966,BB-1064,0,0,0.5953446108595412
BB-0411 BB-0468,"[411, 468]",[140],COc1ccc(OCCC(=O)C(C(C)=O)c2cccc(Br)c2)cc1OC,,random_balanced,BB-0411,BB-0468,0,0,0.3649263954405856
BB-0294 BB-1118,"[294, 1118]",[103],Cc1nc(NC(=O)Nc2nncc(-c3cccc(F)c3)n2)ccc1-c1cnn(C)c1,,random_balanced,BB-0294,BB-1118,0,0,0.02351089207424752
BB-1808 BB-1179,"[1808, 1179]",[30],COc1ccc(Br)cc1CC(NC(=O)C(=O)Nc1cc(F)c2c(c1)CCC(=O)N2)C(=O)O,,random_balanced,BB-1808,BB-1179,0,0,0.37736994178675554
BB-0018 BB-1391,"[18, 1391]",[37],CC(C)Cc1cc(C(=O)Nc2ncn(C(=O)OC(C)(C)C)n2)[nH]n1,,random_balanced,BB-0018,BB-1391,0,0,0.05022113314169154
BB-1688 BB-1198,"[1688, 1198]",[78],COC(=O)[C@@H]1C[C@H]1c1ccccc1NC(=O)c1ccc([N+](=O)[O-])cc1I,,random_balanced,BB-1688,BB-1198,0,0,0.5739438741896334
BB-1631 BB-1771,"[1631, 1771]",[71],COC(=O)C1(N2CCN(c3ccc4[nH]c(C)c(C(=O)O)c4c3)CC2)COC1,,random_balanced,BB-1631,BB-1771,1,0,0.702222027242187
BB-1566 BB-0484,"[1566, 484]",[30],CCOC(=O)c1c(C)oc(NC(=O)C(=O)N(c2cccc(Br)c2)C2CCCNC2)c1C#N,,random_balanced,BB-1566,BB-0484,0,0,0.4226831106437592
BB-0653 BB-0158,"[653, 158]",[24],NCCC1CC1(Cl)S(=O)(=O)c1cnc2ccc(C(F)(F)F)cc2n1,,random_balanced,BB-0653,BB-0158,0,0,0.3835148623224668
BB-1767 BB-1268,"[1767, 1268]",[125],Cc1ccc(F)c(C(C(=O)O)(C2CCCCCCC2)N2CC(C)n3cc(Br)cc3C2=O)c1,,random_balanced,BB-1767,BB-1268,1,0,0.09544033043297902
BB-1447 BB-0184,"[1447, 184]",[15],COC(=O)C1(N)CC(c2ccccc2Sc2cc(C#N)ccc2C=O)C1,,random_balanced,BB-1447,BB-0184,0,0,0.48753275396738177
BB-1799 BB-0538,"[1799, 538]",[103],CC(C)(C)OC(=O)[C@H]1[C@H](c2ccc(C(=O)O)cc2)CN1C(=O)N[C@@H](Cc1ccc([N+](=O)[O-])cc1)C(=O)O,,random_balanced,BB-1799,BB-0538,0,0,0.311522005763296
BB-0623 BB-0834,"[623, 834]",[5],Cc1ccc(N2CCOCC2Cc2c[nH]c3ccccc23)cc1NC(=O)CN,,random_balanced,BB-0623,BB-0834,0,0,0.8627542284574372
BB-0222 BB-0510,"[222, 510]",[143],COc1cccc(C#Cc2cccc(C#CC(=O)O)c2)n1,,random_balanced,BB-0222,BB-0510,0,0,0.15542788749537695
BB-0155 BB-1988,"[155, 1988]",[4],NCc1cc(C(=O)NC(CC(=O)O)c2ccc(F)cc2)c2n1CCCC2,,random_balanced,BB-0155,BB-1988,0,0,0.7189644898156593
BB-1888 BB-0664,"[1888, 664]",[28],COC(=O)Cc1nnc(CNC(=O)NC2CCOC2C)s1,,random_balanced,BB-1888,BB-0664,0,0,0.19467144460341884
BB-0122 BB-1497,"[122, 1497]",[98],CCOC(=O)c1c(C)nn(C)c1COC(=O)c1c(C)nc2ccc(Br)cc2c1C,,random_balanced,BB-0122,BB-1497,0,0,0.6694713295668577
BB-0663 BB-0363,"[663, 363]",[119],CN(C(c1c[nH]cn1)C(F)C(=O)O)C(C)(C)C(N)=O,,random_balanced,BB-0663,BB-0363,0,0,0.09076550070579703
BB-1886 BB-1414,"[1886, 1414]",[125],C=Cn1c(CCN(C(=O)OC(C)(C)C)C2(C(=O)O)c3cc(Br)cc(F)c3OC2CC)nc2ccccc21,,random_balanced,BB-1886,BB-1414,0,0,0.5363801808366919
BB-1030 BB-1177,"[1030, 1177]",[5],Cc1cc(Nc2nc(N(C)C)sc2C=O)cnc1Br,,random_balanced,BB-1030,BB-1177,1,0,0.3619991687988122
BB-1554 BB-0334,"[1554, 334]",[37],CCOC(=O)c1cnn2c(-c3cccc(NC(=O)CCBr)c3)ccnc12,,random_balanced,BB-1554,BB-0334,0,0,0.4845968629821865
BB-0521 BB-1310,"[521, 1310]",[100],Cc1cc(C(=O)CS(=O)(=O)c2c(CCl)ccnc2F)c(C)[nH]1,,random_balanced,BB-0521,BB-1310,1,0,0.0849535071030933
BB-1777 BB-0356,"[1777, 356]",[79],COc1ccc2c(c1F)OCCN2c1ncc(-c2ccccc2)o1,,random_balanced,BB-1777,BB-0356,0,0,0.5385683075699015
BB-0353 BB-0678,"[353, 678]",[49],CO[C@H]1C[C@@H](Cn2cnc3c(NC4C5CCOC5C45CCC5)ncnc32)N(c2cc(C)ncn2)C1,,random_balanced,BB-0353,BB-0678,0,0,0.22623623390384426
BB-1859 BB-0278,"[1859, 278]",[28],Cn1cc(NC(=O)N[C@@H]2C[C@@H]2CS(C)(=O)=O)c(C#N)n1,,random_balanced,BB-1859,BB-0278,1,1,0.5018333531232219
BB-1452 BB-0232,"[1452, 232]",[38],CN1Cc2cc(-c3cnc4nc5ccccc5n4c3)ccc2C1=O,,random_balanced,BB-1452,BB-0232,0,0,0.3169076668021216
BB-1344 BB-0299,"[1344, 299]",[78],Cc1cccc(CCC(=O)NCC(C)(Cc2ccc(F)cc2)C(C)O)c1F,,random_balanced,BB-1344,BB-0299,0,0,0.6162745582374505
BB-1523 BB-0040,"[1523, 40]",[108],Cc1ccc(C)c([N+](=O)[O-])c1CN(C)Cc1ccnc2c(Br)cccc12,,random_balanced,BB-1523,BB-0040,0,1,0.683709655717712
BB-1398 BB-1837,"[1398, 1837]",[108],CC(c1c[nH]c2ccc([N+](=O)[O-])cc12)N1CCCN(c2ccc(C#N)cc2F)CC1,,random_balanced,BB-1398,BB-1837,0,0,0.8194735113887694
BB-1816 BB-0750,"[1816, 750]",[146],COc1cc(N(C)Cc2ccc3c(c2)oc(=O)n3C)ccc1C(N)CO,,random_balanced,BB-1816,BB-0750,0,0,0.7135244121806685
BB-0199 BB-0393,"[199, 393]",[108],Cn1ncc2c(N3CCC(N4CCC(C(=O)O)c5cccc(C(F)(F)F)c54)CC3)ncnc21,,random_balanced,BB-0199,BB-0393,0,0,0.8248020154922531
BB-0770 BB-0545,"[770, 545]",[78],O=C(Nc1cnn(CCN2CCNC2=O)c1)c1ccc(Oc2ccc(F)cc2)cn1,,random_balanced,BB-0770,BB-0545,0,0,0.16846647886507185
BB-0216 BB-1094,"[216, 1094]",[124],O=C(O)C(Cc1ccc(O)c(O)c1)Nc1ncnc2c1ncn2-c1ccc2c(Br)nccc2n1,,random_balanced,BB-0216,BB-1094,0,0,0.15494502800401488
BB-0076 BB-1128,"[76, 1128]",[99],C=CC(=O)c1c(F)cccc1S(=O)(=O)c1cc(C2CCNC2)ccc1O,,random_balanced,BB-0076,BB-1128,0,0,0.2790440078771399
BB-1488 BB-0336,"[1488, 336]",[78],C=CC(=O)N1CCCC(n2cc(C(=O)Nc3cc(-n4cnnn4)ccc3Cl)nn2)C1,,random_balanced,BB-1488,BB-0336,0,0,0.24743322017615865
BB-0817 BB-1698,"[817, 1698]",[105],N#Cc1ccc(N2CCCC(NC(=O)C(=O)NC(c3ccc(Cl)cc3)c3cccc(C#N)c3)C2=O)cc1,,random_balanced,BB-0817,BB-1698,0,0,0.11241874597786242
BB-0494 BB-1226,"[494, 1226]",[66],C#Cc1cc(OC)c(C(O)c2cc(N3CCNCC3)ccc2O)c(OC)c1,,random_balanced,BB-0494,BB-1226,0,0,0.652607601971408
BB-1578 BB-1792,"[1578, 1792]",[78],CC#CC1(NC(=O)C2Cn3c(C)nnc3CN2CC2CC2)COC1,,random_balanced,BB-1578,BB-1792,0,0,0.7489301510090788
BB-0794 BB-1609,"[794, 1609]",[23],CCC(OC(=O)COc1ccc(C)c2c1C(=O)CC2C)c1ccc(Br)cc1,,random_balanced,BB-0794,BB-1609,0,0,0.5300491693695424
BB-1916 BB-1390,"[1916, 1390]",[138],C=CCCOCc1c(Br)cncc1-c1ncc(Br)cc1O,,random_balanced,BB-1916,BB-1390,0,0,0.24670751105232533
BB-1131 BB-1036,"[1131, 1036]",[79],CCOC(=O)c1cc(Nc2ccc(NS(=O)(=O)c3ccc(C)cc3)cc2)cc(CC)c1N,,random_balanced,BB-1131,BB-1036,0,0,0.2518975988710377
BB-1639 BB-0074,"[1639, 74]",[125],COC(=O)c1cc2c([nH]1)C(OC(=O)c1cc(C(=O)O)cc3c1CCC3N)(C(=O)O)CCC2,,random_balanced,BB-1639,BB-0074,0,1,0.6905569784281765
BB-0947 BB-0551,"[947, 551]",[78],C[C@@H]1CCC[C@H](CC(=O)N(CC(F)F)CC(F)(F)F)O1,,random_balanced,BB-0947,BB-0551,0,0,0.2766757535835136
BB-0501 BB-1459,"[501, 1459]",[108],COc1ccc2[nH]c3c(c2c1)CCCC3NCc1nnc(C(C)C)s1,,random_balanced,BB-0501,BB-1459,0,0,0.6291702699691387
BB-0342 BB-1817,"[342, 1817]",[100],Cc1cc(CBr)c(S(=O)(=O)c2ccc(C)c3c2C(=O)C(=O)N3)cc1C,,random_balanced,BB-0342,BB-1817,0,0,0.5125845166632753
BB-1990 BB-1774,"[1990, 1774]",[78],CN(C)C(=O)CCNC(=O)C(=O)N(c1ccc(Cl)cc1)S(=O)(=O)C1=CCS(=O)(=O)C1,,random_balanced,BB-1990,BB-1774,0,0,0.4168565035345576
BB-1247 BB-0735,"[1247, 735]",[124],FC12CCC(n3cnc4c(Nc5ccc(Cn6cc(Br)cn6)cc5)ncnc43)(CC1)C2,,random_balanced,BB-1247,BB-0735,0,0,0.20963913334820133
BB-1527 BB-1934,"[1527, 1934]",[30],Cc1cccc(NC(=O)C(=O)Nc2ccc(OCc3nnn[nH]3)cc2)c1C(=O)O,,random_balanced,BB-1527,BB-1934,0,0,0.03841716453281391
BB-0376 BB-1981,"[376, 1981]",[50],COC(=O)c1coc2c1CN(C1(C(=O)O)CCCc3cc(N)ccc31)C2,,random_balanced,BB-0376,BB-1981,0,0,0.681720770720736
BB-1436 BB-1043,"[1436, 1043]",[125],O=C1NC(=O)C2(CC(CF)C2)N1C(CN1CCNCC1)(C(=O)O)c1cccs1,,random_balanced,BB-1436,BB-1043,0,0,0.2704979045034899
BB-0415 BB-0304,"[415, 304]",[67],O=C(c1ccccc1)c1ccc(-n2c(N3CCCNCC3)nc3ccccc32)cc1,,random_balanced,BB-0415,BB-0304,0,0,0.6200849038129257
BB-0641 BB-1707,"[641, 1707]",[78],CC(C)(C)OC(=O)N1CCn2c(CNC(=O)c3cc(C4CN(C(=O)OCC5c6ccccc6-c6ccccc65)C4)n[nH]3)nnc2C1,,random_balanced,BB-0641,BB-1707,0,0,0.14175695374498365
BB-1580 BB-1435,"[1580, 1435]",[126],N#CC1CCCC(CC(=O)OCCNC(=O)c2ccccc2C(F)(F)F)C1,,random_balanced,BB-1580,BB-1435,0,0,0.25157955835761747
BB-1056 BB-1180,"[1056, 1180]",[89],CCOc1sc(C)nc1SCc1ccc([N+](=O)[O-])c(C(C)=O)c1,,random_balanced,BB-1056,BB-1180,0,0,0.5259798901539801
BB-1009 BB-1961,"[1009, 1961]",[89],Cc1ccc(C(C)NC(=O)CSc2ccc(CC(=O)O)cc2[N+](=O)[O-])cc1C,,random_balanced,BB-1009,BB-1961,0,1,0.5003049120851834
BB-1148 BB-1017,"[1148, 1017]",[49],CCCC(Nc1ncnc2c1ncn2Cc1cc(F)ccc1N1CCOCC1)C(=O)N(CC)C1CCCC1,,random_balanced,BB-1148,BB-1017,0,0,0.11900661119033558
BB-0717 BB-0392,"[717, 392]",[87],COc1ccc2c(c1)nc(-c1ccc(Cl)c3c1CCC3)n2CC1CC1,,random_balanced,BB-0717,BB-0392,0,0,0.654345847377226
BB-0804 BB-1958,"[804, 1958]",[124],CCCNc1ccncc1Nc1ncnc2c1ncn2-c1oc2ccc(F)cc2c(=O)c1C=O,,random_balanced,BB-0804,BB-1958,0,0,0.2790406332498395
BB-1428 BB-0739,"[1428, 739]",[30],CC(C)N1CCN(C(=O)C(=O)N(c2ccccc2)S(=O)(=O)c2cc(C(N)=O)n(C)c2)S1(=O)=O,,random_balanced,BB-1428,BB-0739,0,0,0.30493257851772043
BB-1219 BB-1144,"[1219, 1144]",[37],COc1c(Cl)cccc1C(=O)N[C@H]1C[C@H]2C[C@@H](NC(=O)OC(C)(C)C)C[C@H]2C1,,random_balanced,BB-1219,BB-1144,0,0,0.39783887437473486
BB-1470 BB-0520,"[1470, 520]",[71],O=C(O)/C=C/c1ccc(NCC2(c3cccc(C(F)(F)F)c3)CCCC2)c(C(F)(F)F)c1,,random_balanced,BB-1470,BB-0520,0,0,0.7015790953716006
BB-1086 BB-0153,"[1086, 153]",[111],CC(=O)N1CC(CCc2nc(-c3cccnn3)no2)c2ccccc21,,random_balanced,BB-1086,BB-0153,0,0,0.6546671614953965
BB-1081 BB-1730,"[1081, 1730]",[105],Cc1nnc(S(=O)(=O)NC(=O)C(=O)NCC2(O)CS(=O)(=O)C2)s1,,random_balanced,BB-1081,BB-1730,0,0,0.22113511937115346
BB-0462 BB-0773,"[462, 773]",[1],COC(=O)c1cccc2c(C=CC(=O)NCCc3ccc(S(=O)(=O)F)cc3)n[nH]c12,,random_balanced,BB-0462,BB-0773,0,0,0.2773778524651794
BB-0057 BB-0340,"[57, 340]",[66],Cc1ccccc1NC(=O)CC(C)(O)CC(=O)c1ccc(C#N)c([N+](=O)[O-])c1,,random_balanced,BB-0057,BB-0340,1,1,0.6772934316552502
BB-1549 BB-1509,"[1549, 1509]",[30],COCCn1c(NC(=O)C(=O)NCC(=O)c2ccc(C)c(Br)c2)c(C(=O)CCl)c(=O)[nH]c1=O,,random_balanced,BB-1549,BB-1509,0,0,0.2606401706886151
BB-1975 BB-1695,"[1975, 1695]",[5],Cc1cc2c(c(N3CCN(c4ccc(Br)cc4)CC3)c1)CCNC2,,random_balanced,BB-1975,BB-1695,0,1,0.7895129689460558
BB-0907 BB-1253,"[907, 1253]",[99],Nc1cc(S(=O)(=O)c2nc(C3CC3)nc3c2CCC3)ccc1C(=O)C1CCCOC1,,random_balanced,BB-0907,BB-1253,0,0,0.5842575236573585
BB-1494 BB-1595,"[1494, 1595]",[126],NCC(COC(=O)c1cccc2c1OCCN2)Cc1ccc(F)c(Br)c1,,random_balanced,BB-1494,BB-1595,0,1,0.5463978243243082
BB-0166 BB-1527,"[166, 1527]",[79],OCc1ccc(Nc2ccc(OCc3nnn[nH]3)cc2)c(C(F)(F)F)c1,,random_balanced,BB-0166,BB-1527,0,1,0.6446675014030864
BB-1157 BB-0198,"[1157, 198]",[23],CC[C@H](O)C(=O)OCCCc1scnc1C,,random_balanced,BB-1157,BB-0198,0,0,0.16280208257620604
BB-0905 BB-1416,"[905, 1416]",[73],CCOC(=O)c1nnc2n1CCN(C(=O)NCc1cc(C)ccc1C)C2,,random_balanced,BB-0905,BB-1416,0,0,0.48996501915930585
BB-0472 BB-1643,"[472, 1643]",[138],CNCc1ccc(-c2cc(C)c([N+](=O)[O-])cc2F)cc1Br,,random_balanced,BB-0472,BB-1643,0,0,0.508342335120083
BB-0486 BB-1251,"[486, 1251]",[25],Cc1cc(S(=O)(=O)c2cccc(-n3ccc(C(=O)O)n3)c2)c2nncn2n1,,random_balanced,BB-0486,BB-1251,0,0,0.5584772631958314
BB-0891 BB-0522,"[891, 522]",[51],CCC12CNC(COC(=O)Cc3sc(C)nc3-c3ccc(OC)cc3)(C1)C2,,random_balanced,BB-0891,BB-0522,1,0,0.2976408747462145
BB-1702 BB-0557,"[1702, 557]",[73],Cc1ccnc(C(NC(=O)Nc2ccc(F)cc2C(F)(F)F)C2CC2)n1,,random_balanced,BB-1702,BB-0557,0,0,0.39725231781863507
BB-1297 BB-1238,"[1297, 1238]",[138],COC(=O)C1CNc2ccc(-c3nc[nH]c3Br)cc21,,random_balanced,BB-1297,BB-1238,0,0,0.44426440313141236
BB-1028 BB-1099,"[1028, 1099]",[28],COc1ccc(-n2ncc(C(N)=O)c2NC(=O)N2CCc3c(cnn3C)C2C(=O)N(C)C)cc1,,random_balanced,BB-1028,BB-1099,0,0,0.445479091281081
BB-1245 BB-0188,"[1245, 188]",[89],Cc1cc(C(=O)O)n2ncc(Sc3c(C)ccc4[nH]c(=O)ccc34)c2n1,,random_balanced,BB-1245,BB-0188,0,0,0.5705056003419914
BB-0601 BB-0367,"[601, 367]",[28],COC(=O)[C@@H](Cc1c[nH]c2ccccc12)NC(=O)N1CCCC(c2nc3ccccc3o2)C1,,random_balanced,BB-0601,BB-0367,0,0,0.5683836776750605
BB-1714 BB-1592,"[1714, 1592]",[66],C#CCCCC(N)c1ccc(C(C)(O)CCc2cccc(C(F)(F)F)c2)cc1,,random_balanced,BB-1714,BB-1592,0,0,0.3362219736373786
BB-0681 BB-1656,"[681, 1656]",[4],CNc1ncnc2cc(C(=O)N3CCC(F)(C(=O)OC)CC3)ccc12,,random_balanced,BB-0681,BB-1656,0,0,0.44082458228294974
BB-0345 BB-0124,"[345, 124]",[125],CCC1Cc2ccccc2N(C(CCl)(C(=O)O)c2ccc(O)c(NC(C)=O)c2)C1,,random_balanced,BB-0345,BB-0124,0,0,0.596222252537447
BB-0651 BB-1938,"[651, 1938]",[50],Cn1ncc(C(=O)OC(CBr)(C(=O)O)c2ccc(OCc3ccccc3)c([N+](=O)[O-])c2)c1-c1ccc(F)cc1F,,random_balanced,BB-0651,BB-1938,0,0,0.2400543654250858
BB-1408 BB-1857,"[1408, 1857]",[50],CC(C)(C)OC(=O)N1CCCC1C(CC(=O)OC(C)(C(=O)O)C1=Cc2ccccc2OC1)C(F)(F)F,,random_balanced,BB-1408,BB-1857,0,0,0.3445034827970887
BB-1572 BB-1414,"[1572, 1414]",[138],CCC1Oc2c(F)cc(-c3cccc(-c4nc(CCl)c(C)o4)c3)cc2C1=O,,random_balanced,BB-1572,BB-1414,0,1,0.3314401860409707
BB-0992 BB-1517,"[992, 1517]",[51],Cc1cccc(CC(N)COC(=O)CN2CCn3cnc(-c4ccccc4)c3C2=O)c1,,random_balanced,BB-0992,BB-1517,0,0,0.3024498389870411
BB-1490 BB-1655,"[1490, 1655]",[79],CC(C)NCc1ccc(NC(COc2ccccc2)c2ccc(F)c(Cl)c2)cc1,,random_balanced,BB-1490,BB-1655,0,0,0.5039351074417227
BB-0800 BB-0372,"[800, 372]",[79],CC(C)n1c(=O)cc(N2CCc3c([nH]c4ccccc34)C2C(=O)O)[nH]c1=O,,random_balanced,BB-0800,BB-0372,0,0,0.7458020574104873
BB-0035 BB-0316,"[35, 316]",[54],O=C1C[C@H](Cc2ccccc2Br)NC(=O)N1CC12CCC(F)(CO1)C2,,random_balanced,BB-0035,BB-0316,0,0,0.5910070704955196
BB-0146 BB-0820,"[146, 820]",[28],O=C(NCc1ccc(C2CCOCC2)cc1)NCC1(c2cccc(C(F)(F)F)c2)CCOCC1,,random_balanced,BB-0146,BB-0820,0,1,0.22711178507459798
BB-0477 BB-1455,"[477, 1455]",[108],Cc1ccc(C2C(=O)NCCN2Cc2c(C)nn(-c3ccccc3)c2O)cc1,,random_balanced,BB-0477,BB-1455,0,0,0.7707532332698691
BB-0369 BB-0791,"[369, 791]",[30],COC(=O)c1cnc2n1CCCN2C(=O)C(=O)Nc1ccc(F)cc1N1CCCC1=O,,random_balanced,BB-0369,BB-0791,0,0,0.2616115698271892
BB-0771 BB-0895,"[771, 895]",[4],CC(CSCc1ccccc1)NC(=O)c1cc(C=Cc2cccs2)nc2ccc(Br)cc12,,random_balanced,BB-0771,BB-0895,0,0,0.1478350464720662
BB-1822 BB-1193,"[1822, 1193]",[30],CCOc1ccc(Cl)cc1CCNC(=O)C(=O)NCc1oc2ccc(Cl)cc2c1C,,random_balanced,BB-1822,BB-1193,0,0,0.3188611300175427
BB-1625 BB-0308,"[1625, 308]",[30],COC(=O)[C@H]1CCCC[C@H]1S(=O)(=O)NC(=O)C(=O)NCc1ccc2oc(C(C)C)nc2c1,,random_balanced,BB-1625,BB-0308,0,0,0.12661352517923496
BB-1376 BB-0485,"[1376, 485]",[37],CCn1ncc(CN(C)C(=O)c2cc(-c3ccc(N(C(=O)c4ccc(C(C)(C)N)cc4)C4CN(C)C4)c(C)n3)nc3ccc(Cl)cc23)c1C,,random_balanced,BB-1376,BB-0485,0,2,0.08846460671306017
BB-1962 BB-1939,"[1962, 1939]",[63],Nc1c(I)cc(F)c(-c2cccc(Br)c2CBr)c1F,,random_balanced,BB-1962,BB-1939,0,0,0.12101955347923239
BB-1827 BB-1793,"[1827, 1793]",[22],O=C1OCc2ccc(CN3C(=O)N[C@H]4C[C@@H](C3=O)N(C(=O)OCC3c5ccccc5-c5ccccc53)C4)cc21,,random_balanced,BB-1827,BB-1793,0,0,0.34803460980210993
BB-1778 BB-1814,"[1778, 1814]",[71],[N-]=[N+]=Nc1ccc(Br)c(Cl)c1NCC1(c2cccc(C(F)(F)F)c2)CC1,,random_balanced,BB-1778,BB-1814,0,0,0.5886866081486388
BB-0849 BB-0229,"[849, 229]",[138],CCOC(=O)c1[nH]c(C)c(C)c1-c1cc(CO)c2c(c1)CCO2,,random_balanced,BB-0849,BB-0229,0,0,0.5052350103172178
BB-1749 BB-1398,"[1749, 1398]",[33],CCN(C1CCN(C(=O)OC(C)(C)C)CC1)C(C)c1c[nH]c2ccc([N+](=O)[O-])cc12,,random_balanced,BB-1749,BB-1398,0,1,0.48276606588292853
BB-0439 BB-0846,"[439, 846]",[103],CC(C)Cn1c(NC(=O)NC[C@H](NC(=O)OC(C)(C)C)C(=O)O)c(C(=O)CCl)c(=O)[nH]c1=O,,random_balanced,BB-0439,BB-0846,0,0,0.23990484101042908
BB-1726 BB-0816,"[1726, 816]",[100],COc1ccc(CCN)c(S(=O)(=O)c2ccc(-n3nnc(CN)n3)cc2C(F)(F)F)c1,,random_balanced,BB-1726,BB-0816,0,0,0.5908489293450075
BB-1175 BB-1164,"[1175, 1164]",[146],COC(=O)c1cc(C)cc(N2CCOC(c3ccc(Cl)cn3)C2)c1,,random_balanced,BB-1175,BB-1164,0,0,0.6688659550000177
BB-1110 BB-0388,"[1110, 388]",[105],CC(CNC(=O)C(=O)N1CC(N2CCN(C(=O)OC(C)(C)C)CC2)C1)c1nc2ccccc2n1C(F)F,,random_balanced,BB-1110,BB-0388,0,0,0.036122988144784235
BB-1193 BB-1682,"[1193, 1682]",[71],CCOc1ccc(NCC(=O)c2ccc(Br)cc2)cc1CCN,,random_balanced,BB-1193,BB-1682,1,0,0.6990565857180411
BB-0831 BB-1349,"[831, 1349]",[4],NC(C(=O)Nc1nccn(C2CC2)c1=O)c1cc(F)ccc1F,,random_balanced,BB-0831,BB-1349,0,0,0.5109706530866234
BB-1936 BB-0215,"[1936, 215]",[50],COc1cc(O)c(C(C)(C(=O)O)N(C(=O)OC(C)(C)C)[C@@H](CC(=O)O)C(F)F)cc1Cl,,random_balanced,BB-1936,BB-0215,1,0,0.33605856601834205
BB-1063 BB-1997,"[1063, 1997]",[71],COCOc1ccc(N2CCC(n3cnc4cccnc43)CC2)c(F)c1F,,random_balanced,BB-1063,BB-1997,1,0,0.7308275003293045
BB-0691 BB-1453,"[691, 1453]",[89],CC(=O)Cn1c(Sc2cc(F)c(O)c([N+](=O)[O-])c2F)nc2c1c(=O)[nH]c(=O)n2C,,random_balanced,BB-0691,BB-1453,0,0,0.5879470396319562
BB-0660 BB-0622,"[660, 622]",[15],Cc1c(S(=O)(=O)Cl)sc2ccc(Sc3cc4c(cc3CN)OC(C)(C)O4)cc12,,random_balanced,BB-0660,BB-0622,0,1,0.24216183990214113
BB-1536 BB-0763,"[1536, 763]",[105],CC(C)CC1(C)CCCN1C(=O)C(=O)NCC(C)(C)c1cc[nH]c(=O)c1,,random_balanced,BB-1536,BB-0763,0,0,0.29651441833635883
BB-1940 BB-0540,"[1940, 540]",[30],C=CCOc1ccc(C[C@H](NC(=O)C(=O)N2CCn3c(C(=O)NC)ccc3C2C)C(=O)OC(C)(C)C)cc1,,random_balanced,BB-1940,BB-0540,0,0,0.10975969844903204
BB-1198 BB-0007,"[1198, 7]",[105],COC(=O)[C@@H]1C[C@H]1c1ccccc1NC(=O)C(=O)Nc1ccn2c(C)nnc2c1,,random_balanced,BB-1198,BB-0007,1,0,0.43898847420195564
BB-0743 BB-1296,"[743, 1296]",[78],CN=S(C)(=O)c1ccc(C(=O)N2CCCn3cc(-c4ccccc4)nc32)cc1,,random_balanced,BB-0743,BB-1296,0,0,0.579405465564456
BB-1732 BB-0345,"[1732, 345]",[79],CCC1Cc2ccccc2N(CC(=O)Nc2cccc(C(=O)N3CCSCC3)c2)C1,,random_balanced,BB-1732,BB-0345,0,1,0.4635638471668002
BB-0813 BB-1731,"[813, 1731]",[112],COc1cc(C)c(C(=O)Nc2ccccc2NC2CCN(C(=O)OC(C)(C)C)C2)cc1Cl,,random_balanced,BB-0813,BB-1731,0,0,0.21808165168095797
BB-1550 BB-1530,"[1550, 1530]",[68],C=Cc1ncc(C(F)(F)F)cc1C#CC1CC(NC(=O)OC(C)(C)C)(C(=O)O)C1,,random_balanced,BB-1550,BB-1530,0,0,0.7561055997359609
BB-1627 BB-1327,"[1627, 1327]",[89],CCOC(=O)c1nc2n(c1Sc1ccc3c(OC)ccc(OC)c3n1)CCCC2,,random_balanced,BB-1627,BB-1327,0,0,0.5974435638351931
BB-1201 BB-0832,"[1201, 832]",[125],Cc1c(Cl)c(O)cc(OC(C(=O)O)(c2cnccc2N)C(C)C)c1C=O,,random_balanced,BB-1201,BB-0832,1,0,0.36213914244389345
BB-1365 BB-1035,"[1365, 1035]",[78],CCOC(=O)CC1CCC2(CC1)CCN(C(=O)C(F)(F)CN1CCN(C(=O)OC(C)(C)C)CC1)CC2,,random_balanced,BB-1365,BB-1035,0,0,0.07629988347047476
BB-0258 BB-0657,"[258, 657]",[15],CC(SCc1cc(Br)no1)C(=O)Nc1ccccc1C(C)C,,random_balanced,BB-0258,BB-0657,0,0,0.35332952980507243
BB-1432 BB-0071,"[1432, 71]",[41],Cc1c(Oc2cc(Br)cc(C(C)(C)O)c2)ccc2c3c(c(=O)oc12)CCC(C)C3,,random_balanced,BB-1432,BB-0071,0,0,0.4112915329405139
BB-0226 BB-0197,"[226, 197]",[66],O=c1c(C(O)c2c(F)cc(CO)cc2F)nccn1C(F)F,,random_balanced,BB-0226,BB-0197,0,0,0.27386392451200897
BB-0080 BB-1903,"[80, 1903]",[30],COCCCC(Cc1ccccc1)NC(=O)C(=O)NS(=O)(=O)c1sc(Br)c(OC)c1OC,,random_balanced,BB-0080,BB-1903,0,0,0.27825178118695515
BB-1805 BB-1921,"[1805, 1921]",[71],CN1CCC(Oc2ccc(Nc3ccc4c(c3)C(=O)CC4)cn2)CC1,,random_balanced,BB-1805,BB-1921,0,1,0.20068677582948832
BB-0431 BB-0249,"[431, 249]",[28],CNC(=O)CCC(NC(=O)NC1CCCc2cc(C(=O)O)ccc21)c1ccccc1,,random_balanced,BB-0431,BB-0249,0,1,0.5267561317462439
BB-1014 BB-1907,"[1014, 1907]",[68],CNC(C(=O)O)c1cc(OC)ccc1C#CC1(C2CC2)COCCN1C(=O)OC(C)(C)C,,random_balanced,BB-1014,BB-1907,0,1,0.6409709862593341
BB-1078 BB-1860,"[1078, 1860]",[146],NC(=O)COc1ccc(Cl)cc1N(CC(F)(F)F)C1CCCOC1,,random_balanced,BB-1078,BB-1860,0,1,0.31498004998801293
BB-0802 BB-1879,"[802, 1879]",[30],COC(C1CC1)C(C)NC(=O)C(=O)NCC1CC(C)(C)C(C)(C)O1,,random_balanced,BB-0802,BB-1879,0,0,0.19846669277472717
BB-1461 BB-1115,"[1461, 1115]",[15],COC(=O)C#Cc1ccccc1Sc1cccc2c1C(C)(C#N)C2,,random_balanced,BB-1461,BB-1115,0,0,0.4478180211624903
BB-0986 BB-0575,"[986, 575]",[108],CC(CC1(O)CCC1)Nc1c[nH]nc1C(=O)N1CCCOC(C)C1,,random_balanced,BB-0986,BB-0575,0,0,0.5830290958902554
BB-0770 BB-1718,"[770, 1718]",[23],O=C(OC(F)C(=O)c1ccc(Cl)cc1)c1ccc(Oc2ccc(F)cc2)cn1,,random_balanced,BB-0770,BB-1718,1,0,0.04051510980140992
BB-0893 BB-1599,"[893, 1599]",[127],CC(F)(F)C(F)(F)COC(=O)C1=CC2CCCC12,,random_balanced,BB-0893,BB-1599,0,0,0.31464413826895016
BB-1944 BB-1242,"[1944, 1242]",[145],CCC1(C=C2CCOc3cc(C)c(Cl)c(C)c32)COC1,,random_balanced,BB-1944,BB-1242,0,0,0.4436617869479009
BB-0734 BB-0334,"[734, 334]",[30],CCOC(=O)c1cnn2c(-c3cccc(NC(=O)C(=O)NC4CCOc5ncc(C(=O)O)cc54)c3)ccnc12,,random_balanced,BB-0734,BB-0334,0,1,0.020854746985429065
BB-1430 BB-1372,"[1430, 1372]",[112],CCc1cc(=O)n2nc(NC(=O)C3CC(=O)c4cccc(C)c4C3)[nH]c2n1,,random_balanced,BB-1430,BB-1372,0,0,0.4060006125627213
BB-0830 BB-1182,"[830, 1182]",[79],COc1cc(F)cc(CC(C)Nc2ccc3ncn(C)c(=O)c3c2)c1,,random_balanced,BB-0830,BB-1182,0,0,0.707695470707611
BB-1739 BB-0118,"[1739, 118]",[5],NC[C@H](Nc1cccc(C2(CN)CCC2)c1)C(=O)O,,random_balanced,BB-1739,BB-0118,0,0,0.5685594980877802
BB-0611 BB-1648,"[611, 1648]",[111],CCOC(=O)C1(c2noc(C(F)(F)C(F)(F)C(F)(F)C(F)F)n2)CC(OCc2ccccc2)C1,,random_balanced,BB-0611,BB-1648,0,0,0.4675895608860015
BB-0544 BB-1666,"[544, 1666]",[78],COC(=O)c1c[nH]c(C2(NC(=O)C3CCOCCN3C(=O)OC(C)(C)C)CCOCC2)n1,,random_balanced,BB-0544,BB-1666,0,0,0.35686049632361405
BB-0774 BB-0032,"[774, 32]",[33],COCCNC(=O)c1c(NC[C@H]2COC(C)(C)N2C(=O)OC(C)(C)C)sc2c1CCCC2,,random_balanced,BB-0774,BB-0032,0,0,0.3885039311259093
BB-1317 BB-1392,"[1317, 1392]",[78],Cc1ccc2c(c1)[C@@H](N)[C@@H](C(=O)NC13CC(C)(C1)OC3CO)C2,,random_balanced,BB-1317,BB-1392,0,0,0.5405527910440716
BB-1332 BB-0020,"[1332, 20]",[49],CCOC(=O)c1nc2c(Br)cccn2c1-n1cnc2c(NCc3cc(Br)cc(OC(F)(F)F)c3)ncnc21,,random_balanced,BB-1332,BB-0020,0,0,0.16790343897037766
BB-1519 BB-0467,"[1519, 467]",[66],COC(=O)c1ccc(C2(O)CCCc3oc(=O)c(C(N)=O)cc32)c2c1CCNC2C,,random_balanced,BB-1519,BB-0467,0,0,0.6304413987468768
BB-1905 BB-1629,"[1905, 1629]",[50],Cc1cc(F)c(N)c(C(=O)OC(C(=O)O)(c2ncc[nH]2)C2CCCCC2)c1,,random_balanced,BB-1905,BB-1629,0,0,0.5798508249617852
BB-0609 BB-0976,"[609, 976]",[25],CN(C)c1ncc(C(=O)O)c(S(=O)(=O)Cc2nnc(-c3cc4c(s3)CCC(C(C)(C)C)C4)o2)c1F,,random_balanced,BB-0609,BB-0976,0,0,0.008139081053177982
BB-1863 BB-0018,"[1863, 18]",[112],CC(C)Cc1cc(C(=O)NC(C)(C(=O)O)c2ccc(C(F)(F)F)cc2)[nH]n1,,random_balanced,BB-1863,BB-0018,0,1,0.8018182623479168
BB-0378 BB-1645,"[378, 1645]",[50],NC(CCSCCO)C(=O)OC(CBr)(C(=O)O)C1COc2ccccc2O1,,random_balanced,BB-0378,BB-1645,0,0,0.6930821534145652
BB-1796 BB-0576,"[1796, 576]",[79],CNC(=O)C(CC1CCCCC1)Nc1ccc(N2CC(CBr)OC2=O)cc1,,random_balanced,BB-1796,BB-0576,1,0,0.48688324924829063
BB-0518 BB-1562,"[518, 1562]",[89],Cc1cc(O)c(C(=O)CCC(=O)O)cc1Sc1cc(NC(=O)OC(C)(C)C)cs1,,random_balanced,BB-0518,BB-1562,0,0,0.22706312523639402
BB-1968 BB-1761,"[1968, 1761]",[89],COC(=O)c1cc2c(Sc3ccc(O)c(N)c3C)ccc(C)c2[nH]1,,random_balanced,BB-1968,BB-1761,0,0,0.6800481662525267
BB-1588 BB-0276,"[1588, 276]",[5],CN(c1ccccc1NC(=O)CC#N)C(CC(=O)O)C(F)(F)F,,random_balanced,BB-1588,BB-0276,0,0,0.21313969474279418
BB-0581 BB-0443,"[581, 443]",[5],Cc1nn(-c2ccccc2F)c(C)c1C1COCCN1c1cncc(N)c1O,,random_balanced,BB-0581,BB-0443,0,0,0.7630461650142574
BB-0284 BB-1216,"[284, 1216]",[4],O=C(N[C@@H](CCC(F)F)C(=O)NCCNO)OCC1c2ccccc2-c2ccccc21,,random_balanced,BB-0284,BB-1216,0,0,0.6659748410557964
BB-1392 BB-0409,"[1392, 409]",[5],CC12CC(Nc3cnc4c(C(=O)O)cccn34)(C1)C(CO)O2,,random_balanced,BB-1392,BB-0409,1,0,0.5275400736455202
BB-1004 BB-1677,"[1004, 1677]",[65],CN1CCN(C(=O)CC(=O)c2cccc(C3CO3)c2)CC1,,random_balanced,BB-1004,BB-1677,0,0,0.5973552458886758
BB-1388 BB-1158,"[1388, 1158]",[79],C[C@@H]1CN(c2ccc(Cl)c(OCc3cccc(C(=O)O)c3)c2)c2cc(Br)ccc2N1C,,random_balanced,BB-1388,BB-1158,1,0,0.33890829075759454
BB-0162 BB-1723,"[162, 1723]",[15],O=C(O)c1ccc(Sc2ccc3c(c2)CCC(C(=O)O)O3)c(F)c1,,random_balanced,BB-0162,BB-1723,0,0,0.521301667848748
BB-1132 BB-1682,"[1132, 1682]",[103],O=C(NCC(=O)c1ccc(Br)cc1)NC1(c2nccs2)CCCC1,,random_balanced,BB-1132,BB-1682,0,1,0.5225807604148585
BB-1292 BB-1754,"[1292, 1754]",[78],O=C(O)COc1ccc(CCNC(=O)C(CNC(=O)OCC2c3ccccc3-c3ccccc32)Cc2cccc3ccccc23)cc1,,random_balanced,BB-1292,BB-1754,0,0,0.11073337120569304
BB-0098 BB-0128,"[98, 128]",[30],Cc1cc(CNC(=O)C(=O)N2CC(C(=O)O)OC3(CCOCC3)C2)ccc1N,,random_balanced,BB-0098,BB-0128,0,0,0.59899960168547
BB-0859 BB-1253,"[859, 1253]",[125],CC1(C)CC(=O)N(C(C(=O)O)(c2ccc(Cl)cc2N)C2CCCOC2)C(=O)C1,,random_balanced,BB-0859,BB-1253,0,1,0.3657840617485994
BB-1927 BB-1260,"[1927, 1260]",[50],CC(C)(C)C1OCCCC1(O[C@]1(C(F)(F)F)C[C@H](O)C1)C(=O)O,,random_balanced,BB-1927,BB-1260,0,0,0.12244559340510207
BB-1224 BB-1195,"[1224, 1195]",[41],O=Cc1ccc2c(c1Oc1ccc(-n3ncc4c(S)ncnc43)cc1)OCO2,,random_balanced,BB-1224,BB-1195,1,0,0.4637549748335805
BB-0641 BB-0276,"[641, 276]",[111],O=C(Cc1noc(-c2cc(C3CN(C(=O)OCC4c5ccccc5-c5ccccc54)C3)n[nH]2)n1)Nc1ccccc1Cl,,random_balanced,BB-0641,BB-0276,1,1,0.11776226420833746
BB-1963 BB-1188,"[1963, 1188]",[30],O=C(NC(Cn1cnc2ccccc21)C(=O)O)C(=O)NC1(Cc2ccc(F)cc2F)CCCCC1,,random_balanced,BB-1963,BB-1188,0,0,0.20721801385491176
BB-0617 BB-0929,"[617, 929]",[28],C[C@H]1C[C@]1(C)NC(=O)NCc1ccc(-c2cccc(F)c2)o1,,random_balanced,BB-0617,BB-0929,0,0,0.4847807508623099
BB-1311 BB-1361,"[1311, 1361]",[49],COC(=O)c1c(C(C)(C)C)nsc1-n1cnc2c(Nc3ccc(OC)c(S(=O)(=O)Nc4ccc(Cl)cc4)c3)ncnc21,,random_balanced,BB-1311,BB-1361,0,1,0.020113071377147945
BB-0383 BB-1173,"[383, 1173]",[41],CC1(C)COc2cc(OC3(Cl)CCCNS3(=O)=O)ccc21,,random_balanced,BB-0383,BB-1173,0,0,0.4649390638141174
BB-0979 BB-1331,"[979, 1331]",[71],CCC(CN)Cc1cccc(Nc2cnc3c(c2)C(=O)CC(C)C3)c1,,random_balanced,BB-0979,BB-1331,0,0,0.380446779240617
BB-0731 BB-1623,"[731, 1623]",[5],Cc1cc2cc(N3CCO[C@H](C(F)F)C3)c(F)cc2nc1N,,random_balanced,BB-0731,BB-1623,0,0,0.6344874457977596
BB-0781 BB-0194,"[781, 194]",[37],COCC(NC(=O)c1cc2c(Cl)cccc2[nH]1)(c1ccccc1)c1nc2ccccc2n1C,,random_balanced,BB-0781,BB-0194,0,1,0.6780550884299902
BB-0301 BB-1659,"[301, 1659]",[99],Cc1nc(N)c2cccc(S(=O)(=O)c3cc(C(C)C)c(OCC4CO4)cc3C)c2n1,,random_balanced,BB-0301,BB-1659,0,1,0.6284192376241287
BB-1103 BB-1933,"[1103, 1933]",[79],COC(=O)c1cc2c(NCc3cc(OC)ccc3Cl)cccc2o1,,random_balanced,BB-1103,BB-1933,0,0,0.630604745517067
BB-0851 BB-1820,"[851, 1820]",[64],CCc1ccsc1C=CCOc1c(C)cccc1C(=O)O,,random_balanced,BB-0851,BB-1820,0,0,0.3919810302861451
BB-0590 BB-1981,"[590, 1981]",[105],COC(=O)c1coc2c1CN(C(=O)C(=O)Nc1nc(C)nc(N)n1)C2,,random_balanced,BB-0590,BB-1981,0,1,0.0545006553147198
BB-0310 BB-1942,"[310, 1942]",[30],CCC(NC(=O)C(=O)N1CCN(C(CO)c2cccc(C)c2)CC1)c1nc(C)n[nH]1,,random_balanced,BB-0310,BB-1942,0,0,0.2295310752487329
BB-1199 BB-1329,"[1199, 1329]",[15],Cc1c[n+]([O-])ccc1SC1(F)CC1C(=O)O,,random_balanced,BB-1199,BB-1329,0,1,0.1068210850481063
BB-1846 BB-1649,"[1846, 1649]",[78],CN(CC(=O)NCc1ccc(Oc2ccc(F)cc2)nc1)c1ccc(C(F)(F)F)cc1C=O,,random_balanced,BB-1846,BB-1649,0,0,0.31876131460328516
BB-1089 BB-1101,"[1089, 1101]",[141],CCCCn1c(N)c(C(C)(O)c2sc(N)c(C(=O)OCC)c2C)c(=O)[nH]c1=O,,random_balanced,BB-1089,BB-1101,0,0,0.779016837280507
BB-1607 BB-0093,"[1607, 93]",[5],O=C(NC1CC1)C1CCCN(c2c([N+](=O)[O-])cnc3ccc(C4CCC4)cc23)C1,,random_balanced,BB-1607,BB-0093,0,0,0.7327562699620755
BB-0841 BB-1858,"[841, 1858]",[112],Cc1ccc(C2CC(C(F)(F)F)n3nccc3N2C(=O)c2cccc(CO)c2F)s1,,random_balanced,BB-0841,BB-1858,0,0,0.5512835975757102
BB-1865 BB-0908,"[1865, 908]",[49],CSc1cccc(C(Nc2ncnc3c2ncn3-c2c(Cl)nnc(Cl)c2[N+](=O)[O-])c2ccc(F)cc2F)c1,,random_balanced,BB-1865,BB-0908,0,0,0.4421528158222506
BB-1046 BB-1230,"[1046, 1230]",[50],Cc1ccc(CC(OC(=O)[C@H]2C[C@@H](C)N[C@@H](C)C2)(C(=O)O)C2CC2)cc1,,random_balanced,BB-1046,BB-1230,0,0,0.5722142241980325
BB-0592 BB-0377,"[592, 377]",[50],CCCCc1cc(=O)oc2c(C)c(O)c(C(C=CN(C)C)(OC(=O)C3(c4ccc(OC)c(Br)c4)CC3)C(=O)O)cc12,,random_balanced,BB-0592,BB-0377,0,0,0.42905391646726676
BB-1030 BB-1691,"[1030, 1691]",[103],Cc1cc(NC(=O)Nc2nc3ccc(F)cc3n2C(C)C)cnc1Br,,random_balanced,BB-1030,BB-1691,2,0,0.48038399543758875
BB-1368 BB-1025,"[1368, 1025]",[30],Cc1cnn(C2CCCN(C(=O)C(=O)N3CCNc4cnccc43)C2)c1,,random_balanced,BB-1368,BB-1025,0,0,0.5220607262579526
BB-1286 BB-0356,"[1286, 356]",[79],COc1ccc2c(c1F)OCCN2c1nc(C)c(C)cc1C(=O)O,,random_balanced,BB-1286,BB-0356,0,1,0.3483314840855621
BB-0426 BB-1253,"[426, 1253]",[8],FC1(F)CC(c2nc3cc(Cl)ccc3c(C3CCCOC3)c2Br)C1,,random_balanced,BB-0426,BB-1253,0,2,0.5018455524929115
BB-1673 BB-0185,"[1673, 185]",[103],CC(NC(=O)NCCc1csc(N(C)C)n1)[C@@H]1C[C@H]1c1ccccc1,,random_balanced,BB-1673,BB-0185,0,0,0.5545919537011892
BB-1092 BB-0301,"[1092, 301]",[124],Cc1nc(Nc2ncnc3c2ncn3-c2ccc(O)cc2)c2cccc(Cl)c2n1,,random_balanced,BB-1092,BB-0301,0,1,0.39011155164566247
BB-1028 BB-0906,"[1028, 906]",[49],COc1ccc(-n2ncc(C(N)=O)c2Nc2ncnc3c2ncn3Cc2cccnc2P(C)(C)=O)cc1,,random_balanced,BB-1028,BB-0906,1,0,0.38402263486721766
BB-1883 BB-1880,"[1883, 1880]",[5],CC(=O)N1CC2(CCN(c3cc4c(cc3C)OC(C)CN4)CC2)[C@H]2COC[C@H]21,,random_balanced,BB-1883,BB-1880,0,0,0.6993672968489865
BB-1709 BB-1003,"[1709, 1003]",[44],Cc1cc(C(CC(=O)O)Nc2cc(C(=O)O)c(C)cc2C)ccc1Br,,random_balanced,BB-1709,BB-1003,1,0,0.5359188700663098
BB-0375 BB-1664,"[375, 1664]",[66],O=C(Nc1cccc(C(O)c2cccc(C3CCNCC3)c2F)c1)C(F)(F)F,,random_balanced,BB-0375,BB-1664,0,0,0.6175800212247121
BB-1899 BB-0235,"[1899, 235]",[146],CC1(C)CN(c2ccccc2Nc2cccc(-n3ccnc3SCC(=O)O)c2)C1=O,,random_balanced,BB-1899,BB-0235,0,0,0.6566645512087926
BB-1111 BB-0583,"[1111, 583]",[4],CCOC(=O)c1[nH]c(C)c(C(=O)NC(C(=O)OC)c2cc(Cl)cc(Br)c2)c1CC,,random_balanced,BB-1111,BB-0583,0,0,0.6941915954268589
BB-1649 BB-0316,"[1649, 316]",[4],N[C@H](CC(=O)NCc1ccc(Oc2ccc(F)cc2)nc1)Cc1ccccc1Br,,random_balanced,BB-1649,BB-0316,1,1,0.28871694106224427
BB-0719 BB-0809,"[719, 809]",[4],NC(=O)CC(NC(=O)c1ccccc1F)C(=O)N1CCCC1C(=O)N1CCCCCC1,,random_balanced,BB-0719,BB-0809,0,0,0.42094471502731723
BB-1834 BB-0652,"[1834, 652]",[44],COC(=O)C(Cl)C1(N(Cc2ccccc2)OCC(C)C)CC1,,random_balanced,BB-1834,BB-0652,0,0,0.46496099094179694
BB-0752 BB-1843,"[752, 1843]",[100],Cc1cc(S(=O)(=O)c2cc3c(cc2[N+](=O)[O-])CN(C(=O)OC(C)(C)C)CC3)cc2c(=O)oc(=O)[nH]c12,,random_balanced,BB-0752,BB-1843,0,0,0.15926831375556424
BB-1159 BB-0437,"[1159, 437]",[71],CC(O)CC1CCCCCN1c1ccc(CC(=O)O)cc1O,,random_balanced,BB-1159,BB-0437,0,0,0.5200350087379833
BB-0613 BB-0856,"[613, 856]",[105],COc1ccc(C(NC(=O)C(=O)Nc2cc(CNC(=O)OC(C)(C)C)cc(C(F)(F)F)c2)C(F)F)cc1F,,random_balanced,BB-0613,BB-0856,0,0,0.025592432373098533
BB-1249 BB-0075,"[1249, 75]",[111],COC(=O)C1(c2noc(CNC(=O)c3cccc(OC(F)F)c3)n2)CC2(COC2)C1,,random_balanced,BB-1249,BB-0075,0,0,0.4595374989582292
BB-1363 BB-1117,"[1363, 1117]",[41],CCn1c2ccccc2c2cc(-n3c(Sc4ccc(C(=O)CCl)cc4)nc4ccccc4c3=O)ccc21,,random_balanced,BB-1363,BB-1117,0,0,0.2080423149847604
BB-1563 BB-0838,"[1563, 838]",[37],CCCn1c(NC(=O)c2oc3ccc(CC)cc3c2C)nc2ccccc21,,random_balanced,BB-1563,BB-0838,0,0,0.4712184576205009
BB-0907 BB-1450,"[907, 1450]",[141],Cn1cc(-c2ncc(C(O)c3nc(C4CC4)nc4c3CCC4)cn2)cn1,,random_balanced,BB-0907,BB-1450,1,0,0.6818554229424212
BB-0248 BB-1471,"[248, 1471]",[37],O=C(c1ccc2c(c1)CNCC2)N1CC2CCC1CC2,,random_balanced,BB-0248,BB-1471,0,0,0.4227414600614671
BB-0547 BB-1050,"[547, 1050]",[100],CC(C)N1CCC(S(=O)(=O)Cc2c(F)ccc(F)c2F)CC1,,random_balanced,BB-0547,BB-1050,0,0,0.3557596928568048
BB-1207 BB-1521,"[1207, 1521]",[105],CS(=O)(=O)N(C(=O)C(=O)N1CCOC[C@@H]1c1ccccc1)c1ccc(I)cc1,,random_balanced,BB-1207,BB-1521,0,0,0.45066675410725004
BB-1640 BB-1546,"[1640, 1546]",[5],CC(C)(C)OC(=O)N1CCn2ncc(N3CCOc4c(Cl)cc(Br)cc4C3)c21,,random_balanced,BB-1640,BB-1546,0,0,0.741536483130833
BB-0167 BB-0146,"[167, 146]",[103],Cc1ccc2c(c1)CC(N(C)C(=O)NCC1(c3cccc(C(F)(F)F)c3)CCOCC1)C2,,random_balanced,BB-0167,BB-0146,0,1,0.6276700077457061
BB-0872 BB-1732,"[872, 1732]",[15],CCOC(=O)c1nc2c(SCC(=O)Nc3cccc(C(=O)N4CCSCC4)c3)cccn2c1C,,random_balanced,BB-0872,BB-1732,0,1,0.22397529857125018
BB-0484 BB-0354,"[484, 354]",[33],CCOC(=O)c1c(C)oc(NC(c2ccc(F)cc2F)C2CCN(C(C)=O)CC2)c1C#N,,random_balanced,BB-0484,BB-0354,1,1,0.6445305559543378
BB-0488 BB-1817,"[488, 1817]",[41],Cc1cc(CBr)c(Oc2c(C(=O)O)ccc(C)c2C)cc1C,,random_balanced,BB-0488,BB-1817,0,1,0.4855545109197685
BB-0849 BB-1991,"[849, 1991]",[126],O=C(OCc1cc(Br)cc2c1OCC2)c1c(-c2ccccc2)nn2c1CCCC2,,random_balanced,BB-0849,BB-1991,1,0,0.6474002289726687
BB-0637 BB-1819,"[637, 1819]",[94],CCOC(=O)c1nc(C2CC2)n(Cc2ccccc2)c1NC(=O)Nc1ccnn1C,,random_balanced,BB-0637,BB-1819,0,0,0.5877023005086284
BB-1010 BB-0868,"[1010, 868]",[30],C[C@H]1CN(c2ccc3c(c2)C(=O)N(C2CCC(=O)NC2=O)C3=O)CCN1C(=O)C(=O)Nc1c(F)cc(F)c(F)c1I,,random_balanced,BB-1010,BB-0868,0,1,0.05249242606567238
BB-0442 BB-0293,"[442, 293]",[99],COc1ccc(S(=O)(=O)c2ccc3oc(CCl)c(C)c(=O)c3c2)cc1N1CC(C(=O)O)CC1=O,,random_balanced,BB-0442,BB-0293,0,0,0.4767107967712743
BB-1226 BB-1650,"[1226, 1650]",[141],C#Cc1cccc(C(C)(O)c2cc(N3CCNCC3)ccc2O)c1F,,random_balanced,BB-1226,BB-1650,1,0,0.7717518032853192
BB-1630 BB-1661,"[1630, 1661]",[28],CO[C@@H]1C[C@H](CNC(=O)Nc2ccc(N=[N+]=[N-])cc2C)N(c2cc(N)ncn2)C1,,random_balanced,BB-1630,BB-1661,0,0,0.36008156941986513
BB-1535 BB-1157,"[1535, 1157]",[126],CC[C@H](O)C(=O)OC1(CCC(C)C)CC1,,random_balanced,BB-1535,BB-1157,1,1,0.3212142564898687
BB-0878 BB-0252,"[878, 252]",[5],CCOC(=O)c1cc(C(=O)N(C)Cc2cc3c(cc2Br)OCO3)n(C)n1,,random_balanced,BB-0878,BB-0252,0,0,0.6364102272961433
BB-0941 BB-1440,"[941, 1440]",[78],Cn1cc(C(F)(F)F)nc1C1CCCN(C(=O)C(=O)N2CC(=O)Nc3ccccc32)C1,,random_balanced,BB-0941,BB-1440,0,0,0.6471731627221771
BB-0351 BB-1387,"[351, 1387]",[71],CCc1cc(N2C[C@@H](C(=O)OC)[C@H](c3cc(F)cc(F)c3)C2)cc2c1NCCC2,,random_balanced,BB-0351,BB-1387,0,0,0.7013972707789211
BB-0361 BB-1748,"[361, 1748]",[78],Cc1cnn(C)c1C1(C(=O)Nc2nc(N)cc(Br)n2)CCCO1,,random_balanced,BB-0361,BB-1748,0,0,0.3676977025998985
BB-1327 BB-0442,"[1327, 442]",[24],COc1ccc(S(=O)(=O)c2ccc3c(OC)ccc(OC)c3n2)cc1N1CC(C(=O)O)CC1=O,,random_balanced,BB-1327,BB-0442,1,1,0.3659081715185531
BB-1818 BB-0344,"[1818, 344]",[124],COC(=O)C[C@H](Nc1ncnc2c1ncn2-c1ccc(C(F)(F)F)cc1C(=O)OC)c1cc([N+](=O)[O-])ccc1F,,random_balanced,BB-1818,BB-0344,0,0,0.29033409038560354
BB-1323 BB-0253,"[1323, 253]",[30],CCS(=O)(=O)NC1CCCN(C(=O)C(=O)NCc2nc3cc4c(cc3n2CCOC)OCO4)C1,,random_balanced,BB-1323,BB-0253,0,0,0.3055555010237372
BB-0981 BB-0125,"[981, 125]",[37],CC(Cc1c(F)cccc1F)NC(=O)C1(C2CCOCC2)CC=NN1,,random_balanced,BB-0981,BB-0125,0,0,0.7209949522060698
BB-1285 BB-0772,"[1285, 772]",[93],Cc1c2c(nn1C)C(=O)NC(c1cncc(F)c1)(C1CC1)N2,,random_balanced,BB-1285,BB-0772,0,0,0.4727484153741932
BB-0785 BB-1427,"[785, 1427]",[112],Cc1cc(C2CCCN2C(=O)C(C)(F)C2CCCC2)no1,,random_balanced,BB-0785,BB-1427,0,0,0.4189549361461126
BB-1518 BB-1586,"[1518, 1586]",[30],CCC(NC(=O)C(=O)N(C)C1CCN(C(C)C)CC1)C(C)(C)O,,random_balanced,BB-1518,BB-1586,0,0,0.18033244563597087
BB-1099 BB-1493,"[1099, 1493]",[5],Cc1nc2cccc(N3CCc4c(cnn4C)C3C(=O)N(C)C)c2c(=O)[nH]1,,random_balanced,BB-1099,BB-1493,1,0,0.6994830931982524
BB-0023 BB-1001,"[23, 1001]",[4],CC(C)(C)OC(=O)NCc1cn(C2CCCN(C(=O)c3cccc(COc4ccc(Br)cc4)c3)C2)nn1,,random_balanced,BB-0023,BB-1001,0,0,0.048593307301367517
BB-1643 BB-1251,"[1643, 1251]",[5],CN(Cc1ccc(Br)cc1Br)c1cccc(-n2ccc(C(=O)O)n2)c1,,random_balanced,BB-1643,BB-1251,1,1,0.49363150103212733
BB-0070 BB-0923,"[70, 923]",[116],Cc1nn(C)c2nc(OCc3nn(C)c(Cl)c3Br)c(C=O)cc12,,random_balanced,BB-0070,BB-0923,0,0,0.588519331591286
BB-0762 BB-1989,"[762, 1989]",[125],Cc1cccc(N(C(=O)Oc2ccccc2)C(C)(C(=O)O)c2cc3cccc(F)c3o2)c1,,random_balanced,BB-0762,BB-1989,0,0,0.5356015599302809
BB-1785 BB-1396,"[1785, 1396]",[127],C=C(C)c1ncc(C(=O)O[C@H](C)COC)o1,,random_balanced,BB-1785,BB-1396,1,0,0.39192825972772655
BB-0067 BB-1463,"[67, 1463]",[78],Cc1nn(-c2ccccc2Cl)c2sc(C(=O)NS(=O)(=O)C3CC3)cc12,,random_balanced,BB-0067,BB-1463,0,0,0.5263006973734148
BB-0727 BB-1909,"[727, 1909]",[28],CC(C)(NC(=O)N[C@@H]1CCOC1)C(=O)Nc1ccccc1,,random_balanced,BB-0727,BB-1909,0,0,0.27263486309957496
BB-0817 BB-1615,"[817, 1615]",[36],Cc1cnc(-c2nc(-c3ccc(N4CCCC(N)C4=O)cc3)no2)cc1Cl,,random_balanced,BB-0817,BB-1615,1,0,0.1638469104406899
BB-1759 BB-0834,"[1759, 834]",[5],COC(=O)c1cc(F)c(Nc2ccc(C)c(NC(=O)CN)c2)cc1F,,random_balanced,BB-1759,BB-0834,1,1,0.6017156432344599
BB-0430 BB-1636,"[430, 1636]",[15],Cc1cc(Sc2c(N)cccc2C(=O)OC(C)(C)C)c2c(c1)C(=O)CCCO2,,random_balanced,BB-0430,BB-1636,0,1,0.6862380696301063
BB-0897 BB-0955,"[897, 955]",[15],COc1cc(C)c(Sc2ccc(OCCN3CCC(C)C3)cc2)cc1OC,,random_balanced,BB-0897,BB-0955,0,0,0.2395632547699281
BB-0620 BB-1931,"[620, 1931]",[116],COC(=O)c1cc2ccc(OCc3cccc([N+](=O)[O-])c3)cc2cn1,,random_balanced,BB-0620,BB-1931,0,0,0.2832367702866916
BB-1343 BB-1826,"[1343, 1826]",[78],CCOC1CCC(C(=O)N2CCOC(c3ccc(C)o3)C2)CC1,,random_balanced,BB-1343,BB-1826,0,0,0.5902729747557008
BB-0851 BB-0718,"[851, 718]",[23],C=CCOc1c(C)cccc1C(=O)OCc1cc(Cl)ncn1,,random_balanced,BB-0851,BB-0718,1,0,0.4339282625932696
BB-0725 BB-1265,"[725, 1265]",[105],COc1ccc(C(=O)C2CCCN2C(=O)C(=O)NCC(O)c2csc(C)n2)cc1,,random_balanced,BB-0725,BB-1265,1,0,0.6914020166789946
BB-0656 BB-1387,"[656, 1387]",[71],COC(=O)[C@@H]1CN(c2ccc3[nH]c4c(c3c2)C(=O)NCCC4)C[C@H]1c1cc(F)cc(F)c1,,random_balanced,BB-0656,BB-1387,0,1,0.6441410404895769
BB-0992 BB-1399,"[992, 1399]",[78],CN(C(=O)CN1CCn2cnc(-c3ccccc3)c2C1=O)c1cc(C(F)F)no1,,random_balanced,BB-0992,BB-1399,1,0,0.7095430423185282
BB-0996 BB-0225,"[996, 225]",[127],CC(C)(C)OC(=O)N1CC(C(=O)OC2(C(F)(F)F)CC(CN)(c3ccccc3)C2)CC2COCCC21,,random_balanced,BB-0996,BB-0225,0,0,0.5779547961478713
BB-1145 BB-1593,"[1145, 1593]",[108],Cc1ccc(C2(NC3CCCC(C4CN(C(=O)OC(C)(C)C)C4)C3)CCCCC2)c(Br)c1,,random_balanced,BB-1145,BB-1593,0,0,0.4216453145584328
BB-0680 BB-0323,"[680, 323]",[105],C=CCOc1ccc(CN(C(=O)C(=O)NC[C@]2(C)COC[C@@H]3CCCN32)C(C)(C)C)cc1,,random_balanced,BB-0680,BB-0323,0,0,0.37046319655607673
BB-0784 BB-1799,"[784, 1799]",[30],CC(C)(C)OC(=O)[C@H]1[C@H](c2ccc(C(=O)O)cc2)CN1C(=O)C(=O)N1c2ccccc2CCCC1C(N)=O,,random_balanced,BB-0784,BB-1799,0,1,0.41206847695739135
BB-1284 BB-0399,"[1284, 399]",[103],Cn1nnc(NC(=O)NCCc2nccn2C(F)F)n1,,random_balanced,BB-1284,BB-0399,0,0,0.2711534951932252
BB-0390 BB-0116,"[390, 116]",[49],Cc1nc(C(c2ccc(F)cc2)n2cnc3c(Nc4ccc5[nH]c(=O)[nH]c5c4)ncnc32)no1,,random_balanced,BB-0390,BB-0116,0,0,0.5846924667054058
BB-0692 BB-0015,"[692, 15]",[15],Cc1ccc(C(N)c2ccc(F)cc2Sc2ccc3c(c2)CCC(C(=O)O)N3)cc1,,random_balanced,BB-0692,BB-0015,0,1,0.670658434271893
BB-1479 BB-1922,"[1479, 1922]",[105],N#Cc1ccc(N(C(=O)C(=O)N2CCCCc3cc(Cl)ccc32)S(N)(=O)=O)cc1,,random_balanced,BB-1479,BB-1922,0,0,0.43577831762561753
BB-0956 BB-0599,"[956, 599]",[119],CC1CN(Cc2ccccc2CNC2CC(CN)CCC2C(=O)O)CC(C)O1,,random_balanced,BB-0956,BB-0599,0,0,0.515841282124552
BB-0997 BB-1060,"[997, 1060]",[99],Cc1ccc(CS(=O)(=O)c2ccc(Cl)c(O)c2)nc1,,random_balanced,BB-0997,BB-1060,0,0,0.2638565130804045
BB-0150 BB-0508,"[150, 508]",[50],Cn1cc(C(C)(OC(=O)c2cccc(C(N)C(C)(C)C)c2)C(=O)O)c(C2CCC2)n1,,random_balanced,BB-0150,BB-0508,0,1,0.3388880646376754
BB-1581 BB-1818,"[1581, 1818]",[110],O=c1[nH]c2ccc(C(F)(F)F)cc2c(=O)n1C(=S)c1ccc(-c2ccccc2)cc1,,random_balanced,BB-1581,BB-1818,0,1,0.2640304779023604
BB-0802 BB-1604,"[802, 1604]",[49],COC(C1CC1)C(C)Nc1ncnc2c1ncn2C(C)(C)c1ccc2c(c1)OCO2,,random_balanced,BB-0802,BB-1604,1,1,0.5014273416946853
BB-1457 BB-0148,"[1457, 148]",[37],COC(=O)/C=C/CC(C)(C)NC(=O)C1CC2(c3ccc(C)cc3)CC1C2,,random_balanced,BB-1457,BB-0148,1,0,0.4356593134809648
BB-1929 BB-0203,"[1929, 203]",[141],CC(C)n1ncc(N)c1C1(O)CC2(CCCC2NC(=O)OC(C)(C)C)C1,,random_balanced,BB-1929,BB-0203,0,0,0.544438414336348
BB-0227 BB-0975,"[227, 975]",[105],CC1CN(C(=O)C(=O)N(C)S(=O)(=O)c2ccc(CC(=O)O)cc2)c2ccccc2NC1=O,,random_balanced,BB-0227,BB-0975,0,0,0.41781001517276883
BB-1756 BB-1334,"[1756, 1334]",[146],Cc1nc2cc(Br)c(N3CCC(C(=O)N4CCCCCC4)CC3)cc2[nH]1,,random_balanced,BB-1756,BB-1334,0,0,0.6278083437979916
BB-0298 BB-1248,"[298, 1248]",[78],CCCC(CNC(=O)c1nccc(C(F)(F)F)c1OC)C(=O)OCC,,random_balanced,BB-0298,BB-1248,0,0,0.7176081255087778
BB-1960 BB-0214,"[1960, 214]",[37],Cc1cc(C(=O)N2CC(=O)c3c2n(CC(C)C)c(=O)n(C)c3=O)c(C)n1C,,random_balanced,BB-1960,BB-0214,0,0,0.6310280004394635
BB-0230 BB-0793,"[230, 793]",[50],O=C(O)C1(Oc2ccc(-c3ccco3)nn2)CCN(c2cnccn2)CC1,,random_balanced,BB-0230,BB-0793,0,0,0.36234467204026377
BB-1121 BB-1472,"[1121, 1472]",[71],CO[C@@H]1C[C@@H](c2nc(C)n[nH]2)N(c2cnc(F)c(C#CCN)c2)C1,,random_balanced,BB-1121,BB-1472,0,0,0.7630290148193708
BB-1339 BB-1669,"[1339, 1669]",[141],CCCc1ccc(C(O)(CCC(=O)O)c2c(C)n(C3CC3)cc(C(=O)O)c2=O)cc1,,random_balanced,BB-1339,BB-1669,0,0,0.7515563209945082
BB-1833 BB-1174,"[1833, 1174]",[5],N=C(N)c1cccc(CNCCC(=O)Nc2cccc(C(F)(F)F)c2)c1,,random_balanced,BB-1833,BB-1174,0,0,0.5719943462333019
BB-1953 BB-1950,"[1953, 1950]",[28],C[C@@H](NC(=O)Nc1ncc2c(c1C#N)CCOC2)c1coc2c(F)cccc12,,random_balanced,BB-1953,BB-1950,0,0,0.3546130165715583
BB-0644 BB-0067,"[644, 67]",[98],Cc1nn(-c2ccccc2Cl)c2sc(C(=O)OCc3cc(-c4cccc(F)c4F)ccc3F)cc12,,random_balanced,BB-0644,BB-0067,0,1,0.15732777504050421
BB-1876 BB-1937,"[1876, 1937]",[50],CCOC(=O)c1cc(C(C)=O)nn1C1(C(=O)O)CCN(Cc2ccccc2)CC1,,random_balanced,BB-1876,BB-1937,0,0,0.706481962300753
BB-1880 BB-0892,"[1880, 892]",[71],Cc1cc2c(cc1NCC(c1ccccc1)C(C)(C)CO)NCC(C)O2,,random_balanced,BB-1880,BB-0892,1,0,0.7424383374756016
BB-0918 BB-0236,"[918, 236]",[81],O=S(=O)(Cc1ccc(F)cc1F)NC1CCCN(c2ccc3c(c2)OCO3)C1,,random_balanced,BB-0918,BB-0236,0,0,0.6918031830378836
BB-0047 BB-1183,"[47, 1183]",[74],COc1cccc(S(C)(=O)=O)c1NN=Cc1cc2c(s1)CCOC2,,random_balanced,BB-0047,BB-1183,0,0,0.6324928081614616
BB-1032 BB-0742,"[1032, 742]",[15],COC(=O)c1ccc(Cn2cc(Sc3cc(C=O)c(OC)c(C=O)c3)c([N+](=O)[O-])n2)o1,,random_balanced,BB-1032,BB-0742,0,0,0.31815522902566984
BB-1104 BB-1187,"[1104, 1187]",[30],COc1ccc(Cl)cc1N(CCC(=O)O)C(=O)C(=O)N1CCCC(F)(F)C12CCOCC2,,random_balanced,BB-1104,BB-1187,0,1,0.5459301805310675
BB-0260 BB-0990,"[260, 990]",[5],Cc1nc2n(c1C)CCN(c1ncc(F)cc1Cl)C2,,random_balanced,BB-0260,BB-0990,0,0,0.49198223809226527
BB-0222 BB-1924,"[222, 1924]",[138],COc1ccc(-c2cccc(C#CC(=O)O)c2)nc1Cl,,random_balanced,BB-0222,BB-1924,1,0,0.31930576529200116
BB-1299 BB-1898,"[1299, 1898]",[98],C=C(CSc1nc(C)c(CC(=O)O)s1)OC(=O)/C=C/c1ccc(OC)c(Cl)c1,,random_balanced,BB-1299,BB-1898,1,0,0.5123906650546377
BB-0183 BB-0915,"[183, 915]",[89],Cc1cc(Sc2cnc3c(F)cccc3n2)cc2c1OCCCC2=O,,random_balanced,BB-0183,BB-0915,0,0,0.38321889902179535
BB-0102 BB-1496,"[102, 1496]",[66],CCOC(=O)c1c(N)c(C(C)(O)C23CC(c4ccccc4)(C2)C3(F)F)cn1C,,random_balanced,BB-0102,BB-1496,0,0,0.735847596260854
BB-0790 BB-0954,"[790, 954]",[89],CC(C)c1c[nH]c(Sc2ccc(Oc3ccc(C(=O)O)cc3Cl)cc2)n1,,random_balanced,BB-0790,BB-0954,0,0,0.44474433970211535
BB-0659 BB-0902,"[659, 902]",[105],Cc1cccc(N2CCN(CCCNC(=O)C(=O)N3CC(c4nc(C)no4)C4(COC4)C3)CC2)c1,,random_balanced,BB-0659,BB-0902,0,0,0.0744801410057762
BB-1537 BB-0915,"[1537, 915]",[99],Cc1cc(S(=O)(=O)c2cc(Cl)cc(-c3nc(CCl)co3)c2)cc2c1OCCCC2=O,,random_balanced,BB-1537,BB-0915,0,1,0.593538867841947
BB-0391 BB-0596,"[391, 596]",[93],Cc1cccc2c1C(=O)NC1(CCCCC1CCCC1CC1)N2,,random_balanced,BB-0391,BB-0596,0,0,0.6786087657582068
BB-0790 BB-0251,"[790, 251]",[63],CC(C)c1c[nH]c(-c2ccc3c(c2)N(C)CC(=O)N3)n1,,random_balanced,BB-0790,BB-0251,1,1,0.625710259595734
BB-0290 BB-0324,"[290, 324]",[30],CCOC(=O)c1sc2ncc(C(=O)OC)cc2c1NC(=O)C(=O)NCc1ccnc(NC2CC2)c1,,random_balanced,BB-0290,BB-0324,0,0,0.09086804428811132
BB-0501 BB-0864,"[501, 864]",[50],COc1ccc2[nH]c3c(c2c1)CCCC3(C(=O)O)N1CCC(=C(C)B2OC(C)(C)C(C)(C)O2)CC1,,random_balanced,BB-0501,BB-0864,1,0,0.5513430474797353
BB-0633 BB-0025,"[633, 25]",[122],COC(=O)C(C(C)c1ccccc1)n1cc(CN(C)C(N)=NC(=N)N)nn1,,random_balanced,BB-0633,BB-0025,0,0,0.5792963539504842
BB-1772 BB-1080,"[1772, 1080]",[141],Cn1ccc(C(O)(c2ccc(F)cc2)C2CCC(C(C)(C)C)CC2)n1,,random_balanced,BB-1772,BB-1080,0,0,0.532817081015521
BB-1365 BB-1757,"[1365, 1757]",[78],CCOC(=O)CC(CNC(=O)C(F)(F)CN1CCN(C(=O)OC(C)(C)C)CC1)B1OC(C)(C)C(C)(C)O1,,random_balanced,BB-1365,BB-1757,1,0,0.13157690980702288
BB-0701 BB-0418,"[701, 418]",[5],C#Cc1sc(NC2CC2Cc2ccccc2C(F)(F)F)cc1Cl,,random_balanced,BB-0701,BB-0418,0,0,0.4774928967267968
BB-1751 BB-1005,"[1751, 1005]",[65],Cc1ccccc1C(C)C(=O)CC(=O)C(C#N)=C1Nc2ccccc2N1C,,random_balanced,BB-1751,BB-1005,0,0,0.6501670503483403
BB-0595 BB-0580,"[595, 580]",[98],COc1ccc(S(=O)(=O)F)cc1C(=O)OCC(=O)Nc1ccccc1C(=O)OC1CC(C)CCC1C(C)C,,random_balanced,BB-0595,BB-0580,0,0,0.02372739338521924
BB-0978 BB-0787,"[978, 787]",[105],COc1ccc(C(F)F)cc1S(=O)(=O)NC(=O)C(=O)NCc1cccc(Br)c1Cl,,random_balanced,BB-0978,BB-0787,0,0,0.228024728275394
BB-1368 BB-1381,"[1368, 1381]",[30],O=C(C(=O)N1CCNc2ccncc21)N1CCC(Cn2ccc([N+](=O)[O-])n2)CC1,,random_balanced,BB-1368,BB-1381,1,1,0.3425740436455618
BB-0602 BB-0098,"[602, 98]",[50],CC(C)c1cccc2c1OCCCC2(OC(=O)C1CNCC2(CCOCC2)O1)C(=O)O,,random_balanced,BB-0602,BB-0098,0,1,0.486701755402027
BB-0238 BB-0506,"[238, 506]",[103],CCn1c(NC(=O)Nc2cc(-c3cccc(Cl)c3)ccc2C)c(-c2csc(C)n2)c(=O)[nH]c1=O,,random_balanced,BB-0238,BB-0506,0,0,0.5197706221741137
BB-1433 BB-0191,"[1433, 191]",[112],CC1CCC2(CN1C(=O)c1c(CBr)sc3c(Br)cccc13)OCc1ccccc12,,random_balanced,BB-1433,BB-0191,1,0,0.5936856487720639
BB-0528 BB-0313,"[528, 313]",[138],COC(=O)c1cc2cc(-c3ccc4c(c3)nc(C(=O)OC)n4C)cnc2s1,,random_balanced,BB-0528,BB-0313,0,0,0.3179327681237686
BB-1003 BB-0223,"[1003, 223]",[15],Cc1cc(/C=C/C(=O)O)ccc1Sc1cc2c(cc1C)CCCN2,,random_balanced,BB-1003,BB-0223,1,0,0.6612557561679409
BB-1105 BB-0715,"[1105, 715]",[78],O=C(NCc1cccnc1C(=O)N1CCC(C(=O)O)C(F)(F)C1)OCC1c2ccccc2-c2ccccc21,,random_balanced,BB-1105,BB-0715,0,0,0.12125873051830062
BB-0193 BB-1659,"[193, 1659]",[43],COCc1ncc2c(n1)CCN(C(CO)COc1cc(C)c(Cl)cc1C(C)C)C2,,random_balanced,BB-0193,BB-1659,1,2,0.6230071338433214
BB-1139 BB-1933,"[1139, 1933]",[5],COc1ccc(N2CCCC2CN=[N+]=[N-])c(CN)c1,,random_balanced,BB-1139,BB-1933,0,1,0.31376337508281815
BB-1930 BB-0560,"[1930, 560]",[125],COc1cccc2c1CCC(=O)N2C1(C(=O)O)C=C(c2cccc(CO)n2)CCC1,,random_balanced,BB-1930,BB-0560,1,0,0.570507543346469
BB-1866 BB-0041,"[1866, 41]",[146],COC(=O)CC(C)(C)c1ccc(Nc2ccc(C)c(N3CCNCC3)c2)cc1,,random_balanced,BB-1866,BB-0041,0,0,0.18104455902202465
BB-1710 BB-1602,"[1710, 1602]",[141],CCc1c(C(C)(O)CC(=O)C(C#N)=C2C=CN(C)C=C2)oc2ccc(C)cc12,,random_balanced,BB-1710,BB-1602,0,0,0.6064083330978548
BB-0341 BB-1953,"[341, 1953]",[71],CC(=O)Nc1cc(N[C@H](C)c2coc3c(F)cccc23)ccc1C(=O)O,,random_balanced,BB-0341,BB-1953,0,1,0.6934645347920665
BB-1166 BB-1633,"[1166, 1633]",[4],O=C(c1cccc(Cn2cc(Br)cn2)c1)N1CCCC1c1ccc2c(c1)OCCCO2,,random_balanced,BB-1166,BB-1633,0,0,0.7190381865777167
BB-0044 BB-1565,"[44, 1565]",[15],CNCc1ccc(Sc2ccc(C(C)(F)F)cn2)cc1F,,random_balanced,BB-0044,BB-1565,0,0,0.31671266695777384
BB-0062 BB-1116,"[62, 1116]",[140],Cc1nn(C)c(N2CCNCC2)c1C(=O)c1cnc2ccsc2c1O,,random_balanced,BB-0062,BB-1116,0,0,0.4637171276744848
BB-1371 BB-0985,"[1371, 985]",[116],CCN1CCc2c(sc3nc(Sc4c(S(=O)(=O)F)sc5ccccc45)n(Cc4ccccc4)c(=O)c23)C1,,random_balanced,BB-1371,BB-0985,0,0,0.19005750578818925
BB-0366 BB-0054,"[366, 54]",[78],Cc1cc(N2CCC(N(C)C(=O)[C@@H](CS)NC(=O)OCc3ccccc3)CC2)ncn1,,random_balanced,BB-0366,BB-0054,0,0,0.5247036752126065
BB-0767 BB-0444,"[767, 444]",[125],CCCCCC(CC)(C(=O)O)N(C(=O)OCC)S(C)(=O)=O,,random_balanced,BB-0767,BB-0444,0,1,0.3592874096930847
BB-0864 BB-1100,"[864, 1100]",[5],CC(B1OC(C)(C)C(C)(C)O1)=C1CCN(c2ccc3c(c2)CCC(N)C(=O)N3)CC1,,random_balanced,BB-0864,BB-1100,1,0,0.2906310984433591
BB-1617 BB-0385,"[1617, 385]",[30],Cc1ccc(N2CCN(C(=O)C(=O)NC(CC(=O)OC(C)(C)C)c3ccccc3)CC2=O)o1,,random_balanced,BB-1617,BB-0385,0,0,0.15000075602500776
BB-0091 BB-0597,"[91, 597]",[41],O=c1c2ccccc2[nH]c2cc(O)cc(Oc3ccc4c(c3)C3(CC4)COCOC3)c12,,random_balanced,BB-0091,BB-0597,0,1,0.4528712402556694
BB-0427 BB-1411,"[427, 1411]",[125],COCOc1ccc(C(C)(C(=O)O)n2cc(-n3cccc3)cn2)c(O)c1C,,random_balanced,BB-0427,BB-1411,0,0,0.7977019748031062
BB-0473 BB-0968,"[473, 968]",[38],O=C(O)C1CCc2cccc(-c3cccc(COC4CCOC4)c3)c21,,random_balanced,BB-0473,BB-0968,0,0,0.44039309902642326
BB-1720 BB-0341,"[1720, 341]",[127],CCNC(=O)COC(=O)c1ccc(Cl)cc1NC(C)=O,,random_balanced,BB-1720,BB-0341,1,1,0.21268205683370559
BB-1280 BB-0515,"[1280, 515]",[49],O=C(O)c1cccc(-c2ccc(CNc3ncnc4c3ncn4-c3nccc4cnccc34)cc2)c1,,random_balanced,BB-1280,BB-0515,1,1,0.13755514152650605
BB-0458 BB-0697,"[458, 697]",[51],CC(OC(=O)C1CCN(C(=O)C2(c3ccccc3)CCC2)CC1)C(=O)NC1CC1,,random_balanced,BB-0458,BB-0697,0,0,0.5396767453428114
BB-1401 BB-1896,"[1401, 1896]",[33],Cc1cc2c(cc1Br)C(N1CCCC(O)(c3ccccc3)C1)CCO2,,random_balanced,BB-1401,BB-1896,0,0,0.7372163079723097
BB-0634 BB-1939,"[634, 1939]",[41],Nc1c(I)cc(F)c(Sc2ncc(-c3ccc(F)cc3)o2)c1F,,random_balanced,BB-0634,BB-1939,0,1,0.30353456459526457
BB-1394 BB-0009,"[1394, 9]",[15],Cc1cc(Cl)ccc1C(C)SC(Cl)(Cl)CCCl,,random_balanced,BB-1394,BB-0009,0,0,0.13663236664715528
BB-0121 BB-1261,"[121, 1261]",[146],Cc1cc(C)cc(C(CO)Nc2cccc(C3=CCNCC3)c2F)c1,,random_balanced,BB-0121,BB-1261,0,0,0.7203019475115565
BB-0024 BB-0058,"[24, 58]",[5],COc1cc(C)c(O)c(Nc2cc(C3CCCCN3)ccc2C)c1,,random_balanced,BB-0024,BB-0058,0,0,0.6624168433823684
BB-0087 BB-0097,"[87, 97]",[108],COc1ccc(Br)c(CN(C)C2CCN(Cc3cccs3)CC2)c1,,random_balanced,BB-0087,BB-0097,0,0,0.5611437182369362
BB-1439 BB-1083,"[1439, 1083]",[51],Cc1nc2ccc(O)cn2c1C(=O)OC[C@H](N)Cc1ccc([N+](=O)[O-])cc1,,random_balanced,BB-1439,BB-1083,0,0,0.6211974276951664
BB-0039 BB-1555,"[39, 1555]",[137],Cc1ccc2c(c1)SCC(C(=O)C1(C)C=CC(=O)CC1)C(=O)N2,,random_balanced,BB-0039,BB-1555,0,0,0.5321050497368133
BB-1995 BB-0204,"[1995, 204]",[108],CCc1noc(CC2CCOC3(CCN(C4CC(Oc5ccccc5)C4(C)C)CC3)C2)n1,,random_balanced,BB-1995,BB-0204,0,0,0.35738425374535066
BB-1407 BB-0956,"[1407, 956]",[78],O=C(Cc1nnn[nH]1)NCC1CC=C(C(=O)O)CC1,,random_balanced,BB-1407,BB-0956,0,1,0.19859437146057707
BB-1773 BB-0328,"[1773, 328]",[78],COCC[C@@H]1C[C@H]1NC(=O)Cc1ccc(OC)c(F)c1,,random_balanced,BB-1773,BB-0328,0,0,0.545388728374119
BB-1283 BB-1097,"[1283, 1097]",[125],C=CCN1C(=O)C(Oc2nc(C)c(OC)c(O)n2)(C(=O)O)c2cc(C)ccc21,,random_balanced,BB-1283,BB-1097,0,0,0.555620611306178
BB-1979 BB-1382,"[1979, 1382]",[71],Cc1cc(C)c(NC(=O)CN(C)c2cc(C(F)(F)F)cnc2NCCN)c(C)c1,,random_balanced,BB-1979,BB-1382,1,0,0.7574769340590775
BB-1752 BB-0440,"[1752, 440]",[89],CCOC(=O)C(C)OCCSc1c(Cl)cccc1CC,,random_balanced,BB-1752,BB-0440,0,0,0.3518691691467865
BB-1184 BB-0066,"[1184, 66]",[78],CC(NN)c1ccc(C(=O)N2CCC(c3nnc4n3CCCC4)C2)cc1,,random_balanced,BB-1184,BB-0066,0,0,0.39583266023763136
BB-1892 BB-0722,"[1892, 722]",[66],CCc1ccc(C(O)c2ccc(C)c(N)n2)[nH]1,,random_balanced,BB-1892,BB-0722,0,0,0.5648690292007893
BB-1029 BB-0673,"[1029, 673]",[71],O=C1c2cc(N3CCC(O)(c4ccccc4Cl)CC3)ccc2CC1C(F)(F)F,,random_balanced,BB-1029,BB-0673,0,1,0.6883887643194383
BB-1424 BB-1403,"[1424, 1403]",[103],CCCCCC(NC(=O)N1CCCCC1c1nccs1)C(=O)OC,,random_balanced,BB-1424,BB-1403,0,0,0.674082716121848
BB-0069 BB-0884,"[69, 884]",[78],Cc1cccc(C(CCO)NC(=O)[C@H](C)NC(=O)c2ccco2)c1,,random_balanced,BB-0069,BB-0884,1,0,0.7488704755807273
BB-0270 BB-0149,"[270, 149]",[5],CSCC1CCCN(c2cc(C(=O)O)c(C)nc2Cl)CC1,,random_balanced,BB-0270,BB-0149,0,0,0.6227341038067641
BB-1358 BB-0396,"[1358, 396]",[4],COC(=O)C1CCN(C(=O)c2cc(O)c3cccc(Br)c3n2)C(C(C)C)C1,,random_balanced,BB-1358,BB-0396,0,0,0.7734014217221951
BB-1729 BB-0452,"[1729, 452]",[146],CCNC1CCSc2ccc(Nc3cc(C(=O)O)ccc3I)cc21,,random_balanced,BB-1729,BB-0452,0,0,0.6962884870642838
BB-0007 BB-0939,"[7, 939]",[44],Cc1nnc2cc(NCCC(=O)Nc3ccccc3F)ccn12,,random_balanced,BB-0007,BB-0939,1,0,0.4780651423272383
BB-1647 BB-1779,"[1647, 1779]",[75],CC(Cl)C(=O)c1ccc(NC(=O)C=Cc2ccc(OCCN(C)C)cc2)cc1,,random_balanced,BB-1647,BB-1779,0,0,0.49284851045414146
BB-0686 BB-0764,"[686, 764]",[73],CCCCC1CCC(NC(=O)N(CC)Cc2nc3ccccc3c(=O)[nH]2)CC1,,random_balanced,BB-0686,BB-0764,0,0,0.5035241585029279
BB-0397 BB-1718,"[397, 1718]",[125],CC(C)COC(=O)N(OCC(N)=O)C(C(=O)O)(c1ccc(Cl)cc1)C(F)Br,,random_balanced,BB-0397,BB-1718,0,1,0.4979918911213843
BB-0946 BB-1231,"[946, 1231]",[41],O=Cc1ccc(Oc2cnc3cc(Cl)ccc3n2)o1,,random_balanced,BB-0946,BB-1231,0,0,0.11263023913327581
BB-0128 BB-0921,"[128, 921]",[49],Cc1cc(CN)ccc1Nc1ncnc2c1ncn2C1CCCN(c2ccccc2F)C1=O,,random_balanced,BB-0128,BB-0921,1,0,0.30192260268160326
BB-1214 BB-1852,"[1214, 1852]",[15],CCC(Oc1ccccc1Sc1cn(C)c2cc(F)ccc2c1=O)C(=O)O,,random_balanced,BB-1214,BB-1852,1,0,0.6563351081649448
BB-0457 BB-0264,"[457, 264]",[105],CNc1ncc(F)cc1NC(=O)C(=O)NC1(c2nc(C3CCOCC3)no2)CCOCC1,,random_balanced,BB-0457,BB-0264,0,0,0.23133088747043692
BB-0195 BB-1838,"[195, 1838]",[15],CNCCCCc1cccc(Sc2ccnc3ccc(S(=O)(=O)C(C)C)cc23)c1,,random_balanced,BB-0195,BB-1838,0,0,0.1443396724196055
BB-0259 BB-0874,"[259, 874]",[50],CC(C)Oc1ccc2c(c1)CCCC2(C(=O)O)n1c2c(c3ccccc31)CN(C(=O)CCl)CC2,,random_balanced,BB-0259,BB-0874,0,0,0.7751115272410302
BB-0469 BB-0588,"[469, 588]",[105],Cc1ccc(C2(O)CCN(C(=O)C(=O)N(CCO)c3nc(N4CCN(c5ccccc5)CC4)nc4ccccc34)C2)cn1,,random_balanced,BB-0469,BB-0588,0,0,0.0500514307915305
BB-0788 BB-1253,"[788, 1253]",[15],Nc1cc(Sc2ccc(CBr)c(I)c2)ccc1C(=O)C1CCCOC1,,random_balanced,BB-0788,BB-1253,0,3,0.5137911250413677
BB-0896 BB-0778,"[896, 778]",[4],COc1cc(OC)cc(C(C)(C)C(=O)Nc2cc3c(cn2)OCC3)c1,,random_balanced,BB-0896,BB-0778,0,1,0.4899497758926544
BB-1839 BB-1853,"[1839, 1853]",[127],O=C(OC1CC(C(=O)OCc2ccccc2)C1)c1ccn(-c2ccc(Cl)c(Cl)c2)n1,,random_balanced,BB-1839,BB-1853,0,0,0.6145413997874184
BB-1815 BB-1780,"[1815, 1780]",[49],COc1c(Cl)cc(Nc2ncnc3c2ncn3-c2cccc(N3CCOCC3)c2)cc1Cl,,random_balanced,BB-1815,BB-1780,0,0,0.0995387004939903
BB-0824 BB-1600,"[824, 1600]",[78],C#CCN(C(=O)CC(C)C1CC1)c1ccc(C(=O)O)cc1,,random_balanced,BB-0824,BB-1600,0,1,0.5732905035994322
BB-1606 BB-0727,"[1606, 727]",[103],Cn1cc(N(CC2CCC2)C(=O)NC(C)(C)C(=O)Nc2ccccc2)cn1,,random_balanced,BB-1606,BB-0727,1,1,0.5106871469539501
BB-0812 BB-1567,"[812, 1567]",[124],COC(=O)c1cc(Nc2ncnc3c2ncn3-c2cc(Cl)c(-c3cc(C)ccc3C)cc2C)n(C(C)C)n1,,random_balanced,BB-0812,BB-1567,0,0,0.09093619566029534
BB-1666 BB-0733,"[1666, 733]",[49],COC(=O)c1c[nH]c(C2(Nc3ncnc4c3ncn4CC3(CC(C)C)N=N3)CCOCC2)n1,,random_balanced,BB-1666,BB-0733,1,0,0.2217734330412595
BB-0019 BB-0484,"[19, 484]",[78],CCOC(=O)c1c(C)oc(NC(=O)C23CC(N(NC(=O)OC(C)(C)C)C(=O)OC(C)(C)C)(C2)C3)c1C#N,,random_balanced,BB-0019,BB-0484,0,2,0.07642494953278087
BB-1090 BB-0369,"[1090, 369]",[37],COC(=O)c1cnc2n1CCCN2C(=O)C1CCN(c2ncnc3c2cnn3-c2ccccc2)CC1,,random_balanced,BB-1090,BB-0369,0,1,0.19810054807100694
BB-1524 BB-0660,"[1524, 660]",[138],CNC(=O)COC1CCCOc2cc(-c3ccc4sc(S(=O)(=O)Cl)c(C)c4c3)ccc21,,random_balanced,BB-1524,BB-0660,0,1,0.6239798343033318
BB-1106 BB-0450,"[1106, 450]",[79],Cc1cc(C2CCN(c3ccc(C4CCN(C(=O)OC(C)(C)C)CC4)c(F)c3)CC2)ccc1Br,,random_balanced,BB-1106,BB-0450,1,0,0.06308593944815191
BB-0138 BB-1397,"[138, 1397]",[15],COc1cccc(NN)c1Sc1c(C(=O)O)n(C)c2cc(Cl)ccc12,,random_balanced,BB-0138,BB-1397,0,0,0.45500111414913796
BB-1615 BB-0909,"[1615, 909]",[99],Cc1cnc(C(=O)O)cc1S(=O)(=O)c1cc(C#N)c2cn[nH]c2c1,,random_balanced,BB-1615,BB-0909,1,0,0.44121404637891337
BB-1838 BB-0154,"[1838, 154]",[71],Cc1ccc([C@@H]2OCCC[C@H]2Nc2ccnc3ccc(S(=O)(=O)C(C)C)cc23)cc1,,random_balanced,BB-1838,BB-0154,1,1,0.5532865729683153
BB-1149 BB-0454,"[1149, 454]",[105],Cc1noc(C(NC(=O)C(=O)NC(C)c2ccc(C)c([N+](=O)[O-])c2)C2CCOCC2)n1,,random_balanced,BB-1149,BB-0454,0,0,0.4838342380273318
BB-1875 BB-0371,"[1875, 371]",[138],COC(=O)C1CCc2sc(CC(C(C)C)C(C)C)nc2C1,,random_balanced,BB-1875,BB-0371,0,0,0.3497566469791647
BB-0632 BB-1355,"[632, 1355]",[71],CC(CC(=O)O)c1cccc(NC2CCC(CCCC(=O)O)C2)c1,,random_balanced,BB-0632,BB-1355,0,0,0.4125387123576332
BB-0141 BB-0650,"[141, 650]",[108],CC(C)(C)OC(=O)N1CC(c2nnc(NCc3ccc(N=[N+]=[N-])c(F)c3)o2)C1,,random_balanced,BB-0141,BB-0650,0,1,0.1375945845564987
BB-1910 BB-1459,"[1910, 1459]",[78],CC(C)c1nnc(CNC(=O)[C@H]2CCN[C@@H](c3ccccc3)C2)s1,,random_balanced,BB-1910,BB-1459,0,1,0.5390934371666838
BB-0455 BB-1049,"[455, 1049]",[1],CC1(C)OB(c2ccc(Cl)c(C=CS(=N)(=O)N3CCCCC3)c2)OC1(C)C,,random_balanced,BB-0455,BB-1049,0,0,0.34455954736154887
BB-1087 BB-0490,"[1087, 490]",[103],CCCc1ccc(C(C)N(CC(N)=O)C(=O)NCc2ccccc2S(=O)(=O)NC)cc1,,random_balanced,BB-1087,BB-0490,0,0,0.4947428042214492
BB-1513 BB-0234,"[1513, 234]",[125],O=C(O)CC1CCC(C(=O)O)(N(O)Cc2ccccc2)c2ccccc21,,random_balanced,BB-1513,BB-0234,0,0,0.6837514690476912
BB-0888 BB-1191,"[888, 1191]",[89],CCn1c(C(=O)O)c(C=O)c2cc(SCCCN(C)c3ccccc3)ccc21,,random_balanced,BB-0888,BB-1191,0,0,0.1950061241475754
BB-0632 BB-1605,"[632, 1605]",[140],CC(CC(=O)O)c1cccc(C(=O)CSCC(=O)O)c1,,random_balanced,BB-0632,BB-1605,1,0,0.31845223743885054
BB-0231 BB-0386,"[231, 386]",[41],O=C(O)C=Cc1cc(O)c(O)c(Oc2ccc(=O)n(CC(=O)O)c2)c1,,random_balanced,BB-0231,BB-0386,0,0,0.4326198745871723
BB-0901 BB-0744,"[901, 744]",[71],CCOC(=O)c1cn2cc(N(Cc3ccccc3Cl)C3CC3)ccc2n1,,random_balanced,BB-0901,BB-0744,0,0,0.7207534073291827
BB-0608 BB-0822,"[608, 822]",[13],CC(=O)n1c(-c2ccc(C)cc2C2CC2)nc2cc(C)ccc21,,random_balanced,BB-0608,BB-0822,0,1,0.6240842332930547
BB-0335 BB-1668,"[335, 1668]",[78],CCN(CC)S(=O)(=O)c1ccc(Oc2ccc(Br)cc2)c(NC(=O)C2CC(=O)c3cccc(OC)c32)c1,,random_balanced,BB-0335,BB-1668,0,0,0.48505796161569964
BB-0713 BB-1585,"[713, 1585]",[103],O=C(NCc1ccc(-c2ccc(C(F)(F)F)cc2)cc1)N1CCC(c2cc(-c3ccco3)n[nH]2)CC1,,random_balanced,BB-0713,BB-1585,0,0,0.11164446164236688
BB-1798 BB-0692,"[1798, 692]",[79],Cn1c(N)nc2cc(C(=O)O)cc(N3c4ccc(Br)cc4CCC3C(=O)O)c21,,random_balanced,BB-1798,BB-0692,0,1,0.4071531031963948
BB-0048 BB-0081,"[48, 81]",[5],Cc1cc(N)n(-c2ccc(N3CCCC(n4cccn4)C3)cc2)n1,,random_balanced,BB-0048,BB-0081,0,0,0.5780701765094264
BB-0631 BB-1374,"[631, 1374]",[78],CC1CN(C(=O)C2Cc3c(cnn3C)CN2C(=O)OC(C)(C)C)CCC(c2ccccc2)O1,,random_balanced,BB-0631,BB-1374,0,0,0.5877345949622439
BB-0903 BB-0214,"[903, 214]",[141],COc1nc(C2(O)CNc3c2c(=O)n(C)c(=O)n3CC(C)C)c(F)cc1N,,random_balanced,BB-0903,BB-0214,1,1,0.7575390637887234
BB-0277 BB-0493,"[277, 493]",[78],COC(=O)C1Cc2cccc(Br)c2CN1C(=O)C1CC2CC1(c1ccncc1)C2,,random_balanced,BB-0277,BB-0493,0,0,0.62874079837
BB-0777 BB-0779,"[777, 779]",[105],CCOC(=O)C1Cc2cccc(F)c2N(C(=O)C(=O)Nc2nc(-c3sccc3F)cs2)C1,,random_balanced,BB-0777,BB-0779,0,0,0.16401996856437037
BB-0871 BB-0274,"[871, 274]",[116],COc1ccc2c(=O)n(C)c(-c3ccc(SCc4ccc5c(c4)CCO5)cc3)nc2c1,,random_balanced,BB-0871,BB-0274,0,0,0.42815924923924975
BB-1256 BB-1074,"[1256, 1074]",[15],Cc1nc(Sc2cnc3ccccc3n2)ccc1B(O)O,,random_balanced,BB-1256,BB-1074,0,1,0.2992128516220315
BB-0796 BB-1771,"[796, 1771]",[78],COC(=O)C1(N2CCN(C(=O)c3cc4[nH]nnc4cc3F)CC2)COC1,,random_balanced,BB-0796,BB-1771,0,1,0.6353616584996525
BB-1313 BB-0429,"[1313, 429]",[125],CC(Cc1ccncc1)(C(=O)O)N1CCc2nn(-c3ccccc3)cc2C1,,random_balanced,BB-1313,BB-0429,0,0,0.7971017741464884
BB-1699 BB-0303,"[1699, 303]",[116],CC(=O)c1cnc(Cl)c(Oc2ccc3ncnn3c2)c1,,random_balanced,BB-1699,BB-0303,0,0,0.349398959456232
BB-0927 BB-0960,"[927, 960]",[116],COc1ccc(Br)cc1C(N)COc1ccc2c(c1)nc(C)n2C,,random_balanced,BB-0927,BB-0960,0,0,0.5975150057889844
BB-1832 BB-0133,"[1832, 133]",[5],C[C@@H](CNc1cnc(N(C)C)c2c1CCNC2)Oc1ccccc1,,random_balanced,BB-1832,BB-0133,0,0,0.6380659141430916
BB-0618 BB-0806,"[618, 806]",[124],CCCc1ccc(-n2cnc3c(Nc4c(C#N)c5n(c4C(=O)OC)CCOC5)ncnc32)c(C(=O)O)c1,,random_balanced,BB-0618,BB-0806,0,0,0.23233423295455738
BB-1825 BB-0522,"[1825, 522]",[30],CCC12CN(C(=O)C(=O)Nc3c(C(C)C)n[nH]c3C(N)=O)C(CO)(C1)C2,,random_balanced,BB-1825,BB-0522,0,1,0.5564718293072862
BB-1054 BB-0180,"[1054, 180]",[15],Cc1cnc(C2CC2)nc1Sc1c(C)nn(-c2ncccn2)c1N,,random_balanced,BB-1054,BB-0180,0,0,0.6868166490671902
BB-1503 BB-0890,"[1503, 890]",[63],CCNS(=O)(=O)c1ccc(-c2cc(C)cc(C3(C(=O)O)CC3)c2)cc1,,random_balanced,BB-1503,BB-0890,0,0,0.704257774131006
BB-1318 BB-1900,"[1318, 1900]",[126],Cc1noc(C)c1C(C)CC(=O)OC1CCOc2c(F)cc(F)cc21,,random_balanced,BB-1318,BB-1900,1,0,0.6400619222440708
BB-0979 BB-0824,"[979, 824]",[4],CCC(CNC(=O)CC(C)C1CC1)Cc1cccc(Br)c1,,random_balanced,BB-0979,BB-0824,1,1,0.47952911676460996
BB-0157 BB-1487,"[157, 1487]",[105],CC(C)NC(=O)NCCN1CCN(C(=O)C(=O)Nc2cc(-c3ccc(-c4ccccc4)cc3)[nH]n2)CC1,,random_balanced,BB-0157,BB-1487,0,0,0.04516211556502392
BB-1405 BB-1534,"[1405, 1534]",[105],COCCN1C(=O)N[C@H]2CN(C(=O)C(=O)NS(=O)(=O)c3cc(Br)cc(C(=O)OC)c3F)CC[C@H]21,,random_balanced,BB-1405,BB-1534,0,0,0.13092027989112995
BB-0096 BB-0558,"[96, 558]",[124],COc1ccc(C(=O)Cn2cnc3c(NC4CCCN(c5ccc(Cl)cc5Cl)C4=O)ncnc32)cc1Cl,,random_balanced,BB-0096,BB-0558,0,0,0.2670597600255714
BB-0498 BB-0248,"[498, 248]",[78],COC(=O)c1ccc2c(c1)CN(C(=O)C(C)NC(=O)Cc1cccc3ccccc13)CC2,,random_balanced,BB-0498,BB-0248,0,1,0.29493022940196617
BB-1011 BB-1730,"[1011, 1730]",[124],COC(=O)C1Cc2c(O)cccc2C1n1cnc2c(NCC3(O)CS(=O)(=O)C3)ncnc21,,random_balanced,BB-1011,BB-1730,0,1,0.5940949282512992
BB-1178 BB-1805,"[1178, 1805]",[15],O=C1CCc2ccc(Sc3ccccc3C3CNCCN3)cc21,,random_balanced,BB-1178,BB-1805,0,1,0.2847854442793391
BB-0420 BB-1311,"[420, 1311]",[108],COc1ccc(NC2CC(C(=O)O)Oc3ccccc32)cc1S(=O)(=O)Nc1ccc(Cl)cc1,,random_balanced,BB-0420,BB-1311,0,1,0.6314702884078509
BB-0476 BB-0404,"[476, 404]",[38],COC(=O)c1cc(-c2ccc(OC)c(C3CCCCN3)c2)ccc1NC(=O)OC(C)(C)C,,random_balanced,BB-0476,BB-0404,0,1,0.11312236135333793
BB-1342 BB-0744,"[1342, 744]",[78],O=C(OCC1c2ccccc2-c2ccccc21)N1CC2CCC(C1)C(C(=O)N(Cc1ccccc1Cl)C1CC1)C2,,random_balanced,BB-1342,BB-0744,0,1,0.2880202193093889
BB-0036 BB-0467,"[36, 467]",[37],COC(=O)c1ccc(Cl)c2c1CCN(C(=O)Cc1ccnc(C)c1)C2C,,random_balanced,BB-0036,BB-0467,0,1,0.7324616967430767
BB-0110 BB-0790,"[110, 790]",[89],CC(C)c1c[nH]c(Sc2cccc(C(=O)C(F)F)c2)n1,,random_balanced,BB-0110,BB-0790,0,2,0.3236260993712134
BB-1911 BB-1204,"[1911, 1204]",[33],Cc1cc2c(c(C(=O)O)c1)N(Cc1ccc(I)cc1)CCC2,,random_balanced,BB-1911,BB-1204,0,1,0.6018157745527721
BB-0974 BB-0094,"[974, 94]",[89],Cc1cc(C)c([N+](=O)[O-])cc1CSc1cnc(C(=O)[O-])n1C,,random_balanced,BB-0974,BB-0094,0,0,0.5163470382241926
BB-1496 BB-0963,"[1496, 963]",[124],CCOC(=O)c1c(-n2cnc3c(Nc4ncc(Br)nc4C(=O)OC)ncnc32)c(Cl)cn1C,,random_balanced,BB-1496,BB-0963,1,0,0.31674289629869556
BB-1385 BB-1923,"[1385, 1923]",[30],CC(C1CC1)N(Cc1ccccc1O)C(=O)C(=O)N1CC[C@H](CF)C1,,random_balanced,BB-1385,BB-1923,0,0,0.5928722211234969
BB-1638 BB-0926,"[1638, 926]",[37],Cn1cc(I)c2c(C(=O)Nc3nccc4c3CN(C(=O)OC(C)(C)C)CC4)c[nH]c(=O)c21,,random_balanced,BB-1638,BB-0926,0,0,0.08098464402865196
BB-0709 BB-0343,"[709, 343]",[41],CCc1cnc(Sc2ccc(F)c(CC(=O)O)c2F)n1C(C)c1ccc(F)cc1,,random_balanced,BB-0709,BB-0343,0,0,0.4043358152457258
BB-1320 BB-1310,"[1320, 1310]",[66],Cc1cc(C(=O)CC(O)c2cc(C)n(CC(C)C)c2C)c(C)[nH]1,,random_balanced,BB-1320,BB-1310,0,1,0.34403991090668085
BB-1468 BB-1176,"[1468, 1176]",[125],COCCn1cnc2c1c(=O)n(C1(C(=O)O)C=C(NCc3ccccc3)CC(C)(C)C1)c(=O)n2Cc1ccccc1,,random_balanced,BB-1468,BB-1176,0,0,0.5265839994734061
BB-0892 BB-0969,"[892, 969]",[49],CC(C)(C)OC(=O)NC[C@@H]1C[C@H]1n1cnc2c(NCC(c3ccccc3)C(C)(C)CO)ncnc21,,random_balanced,BB-0892,BB-0969,1,0,0.03949834199716436
BB-0250 BB-0936,"[250, 936]",[79],Cc1ccc(CCC2CCN(C(=O)CNC3CCCN(CCCO)C3)CC2)cc1,,random_balanced,BB-0250,BB-0936,0,0,0.17978652779917273
BB-0658 BB-1395,"[658, 1395]",[79],Cc1nsc(N2CCN(c3c(Br)cc(F)c4cnccc34)CC2)c1C#N,,random_balanced,BB-0658,BB-1395,1,0,0.6193698176710508
BB-1122 BB-0982,"[1122, 982]",[89],CCc1cc(N)cc(Sc2cc(C)c(CC(=O)O)c(C)c2)n1,,random_balanced,BB-1122,BB-0982,0,0,0.6504770687709662
BB-0958 BB-1288,"[958, 1288]",[108],COc1cc(CNc2cnn(C(C)(C)c3nnc4n3CCCCC4)c2)ccc1OC(C)C(=O)O,,random_balanced,BB-0958,BB-1288,0,0,0.20185673580627458
BB-1003 BB-0154,"[1003, 154]",[119],Cc1ccc([C@@H]2OCCC[C@H]2NC(CC(=O)O)c2ccc(Br)c(C)c2)cc1,,random_balanced,BB-1003,BB-0154,2,2,0.538072353229984
BB-0487 BB-1177,"[487, 1177]",[33],CN(C)c1nc(Cl)c(CN2CCO[C@H](CO)C2)s1,,random_balanced,BB-0487,BB-1177,0,1,0.47043426661303384
BB-1590 BB-1419,"[1590, 1419]",[78],COC(=O)c1cc(Br)c(NC(=O)C2(c3cc(F)cc(C(F)(F)F)c3)CCCC2)c(C)n1,,random_balanced,BB-1590,BB-1419,0,0,0.7291079572141791
BB-1181 BB-0145,"[1181, 145]",[15],Cn1cc([N+](=O)[O-])c(Sc2ccc(N)c(CO)c2F)cc1=O,,random_balanced,BB-1181,BB-0145,0,0,0.3969403869785408
BB-0987 BB-0788,"[987, 788]",[24],Cc1c(Br)c(=O)n(C2CCCC2)c2nc(S(=O)(=O)c3ccc(CBr)c(I)c3)ncc12,,random_balanced,BB-0987,BB-0788,0,1,0.5751773293125535
BB-1734 BB-1273,"[1734, 1273]",[105],O=C(Nc1ccc(=O)n(Cc2ccccc2Cl)c1)C(=O)NC(CC1CCOCC1)C(=O)O,,random_balanced,BB-1734,BB-1273,0,0,0.09454034355315889
BB-0674 BB-1369,"[674, 1369]",[71],COC(=O)C(Nc1cc(/C=C/C(=O)O)cc2c1OCO2)c1cc(C)cc(Br)c1,,random_balanced,BB-0674,BB-1369,0,0,0.6570790636563698
BB-0225 BB-0350,"[225, 350]",[78],CC(C)(C)OC(=O)N1CC(C(=O)Nc2nnc3[nH]cnn23)CC2COCCC21,,random_balanced,BB-0225,BB-0350,1,0,0.526291573029762
BB-1777 BB-0768,"[1777, 768]",[79],O=C(O)CC(Nc1ncc(-c2ccccc2)o1)c1cccc(I)c1,,random_balanced,BB-1777,BB-0768,1,0,0.5914725374565223
BB-1591 BB-0118,"[1591, 118]",[146],NCC1(c2cccc(Nc3ccc(F)c(I)c3F)c2)CCC1,,random_balanced,BB-1591,BB-0118,0,1,0.5466520987282939
BB-1557 BB-1078,"[1557, 1078]",[30],O=C(N[C@H]1CCCN(Cc2ccccc2)C1)C(=O)N(CC(F)(F)F)C1CCCOC1,,random_balanced,BB-1557,BB-1078,0,1,0.20822332361802418
BB-1964 BB-1482,"[1964, 1482]",[116],CC(=O)c1c(Oc2coc3ccc(C(=O)O)cc23)ccc2ccccc12,,random_balanced,BB-1964,BB-1482,1,0,0.6485721685495489
BB-0242 BB-1765,"[242, 1765]",[78],O=C(CNC(=O)N1CCCC1)N1Cc2cc(F)c(Br)cc2C1,,random_balanced,BB-0242,BB-1765,0,0,0.3635065018974333
BB-0943 BB-0137,"[943, 137]",[146],CC(C#CC(=O)O)Nc1ccc(Cl)cc1C(=O)OC(C)(C)C,,random_balanced,BB-0943,BB-0137,0,0,0.39919791695765805
BB-0789 BB-1932,"[789, 1932]",[145],O=C1CC2CC(C=C3CC4CCCC3C4)(C2)N1,,random_balanced,BB-0789,BB-1932,0,0,0.10680205576553119
BB-1694 BB-0359,"[1694, 359]",[66],Cc1c(C(C)(O)c2cn[nH]c2Cc2ccccc2)nnn1-c1cccc2ncccc12,,random_balanced,BB-1694,BB-0359,0,0,0.1972384020737823
BB-0105 BB-0854,"[105, 854]",[108],Cn1cc(CN2c3ccccc3C[C@@H]2CO)c(C2CCC2)n1,,random_balanced,BB-0105,BB-0854,0,0,0.39916295268575236
BB-0447 BB-0459,"[447, 459]",[36],Cn1cc2c(n1)CC(c1nc(-c3cnn4c3CNCC4)no1)NC2=O,,random_balanced,BB-0447,BB-0459,0,0,0.2659503083577318
BB-0536 BB-0552,"[536, 552]",[126],CCCCCCCCCCC(CCCCCC)OC(=O)c1cc(C)ccc1C1CC1,,random_balanced,BB-0536,BB-0552,0,0,0.1847591892970579
BB-0038 BB-0146,"[38, 146]",[108],Fc1cc(Br)c2ncc(CNCC3(c4cccc(C(F)(F)F)c4)CCOCC3)n2c1,,random_balanced,BB-0038,BB-0146,0,2,0.6259420124623388
BB-0263 BB-1072,"[263, 1072]",[89],COC(=O)c1ccc2c(c1)nc(Sc1cn(C3CCCC3)nc1C=O)c1ncncc12,,random_balanced,BB-0263,BB-1072,0,0,0.3430559187743768
BB-1596 BB-0101,"[1596, 101]",[125],CCCCO/C=C/C(OC(=O)CCC1CN(C(=O)OC(C)(C)C)CCO1)(C(=O)O)C(F)(F)F,,random_balanced,BB-1596,BB-0101,0,0,0.16914088969966087
BB-0707 BB-1008,"[707, 1008]",[142],COC(=O)c1cc2c(n1-c1cccc(F)c1C#N)CNCC2,,random_balanced,BB-0707,BB-1008,0,0,0.4264469685394871
BB-1251 BB-0682,"[1251, 682]",[78],CSc1nn(C)c(NC(=O)c2ccn(-c3cccc(Cl)c3)n2)c1C#N,,random_balanced,BB-1251,BB-0682,2,1,0.4276115362373664
BB-1189 BB-1177,"[1189, 1177]",[145],COC(=O)c1cnn(C)c1CC=Cc1sc(N(C)C)nc1Cl,,random_balanced,BB-1189,BB-1177,0,2,0.7490200908172056
BB-1284 BB-0963,"[1284, 963]",[28],COC(=O)c1nc(Br)cnc1NC(=O)NCCc1nccn1C(F)F,,random_balanced,BB-1284,BB-0963,1,1,0.26758746365562935
BB-1192 BB-0277,"[1192, 277]",[98],CS(=O)(=O)c1ccc(-n2nnnc2COC(=O)C2CC3CC2(c2ccncc2)C3)cc1,,random_balanced,BB-1192,BB-0277,0,1,0.5759289470391613
BB-1686 BB-1089,"[1686, 1089]",[64],CCCCn1c(N)c(C2=C[C@@H]3CN(C(=O)OC(C)(C)C)C[C@H]23)c(=O)[nH]c1=O,,random_balanced,BB-1686,BB-1089,0,1,0.5928167131034803
BB-0730 BB-0706,"[730, 706]",[126],CC(OC(=O)[C@H]1C[C@@]12CCCc1ccccc12)C(N)c1ccccc1F,,random_balanced,BB-0730,BB-0706,0,0,0.5813876600227635
BB-0911 BB-1208,"[911, 1208]",[81],COCC1(S(=O)(=O)Nc2cnc(C)n2CC(F)(F)F)CC1,,random_balanced,BB-0911,BB-1208,0,0,0.19901880884097906
BB-0640 BB-0579,"[640, 579]",[116],COC(=O)c1nocc1-c1ccc(Oc2ccc3c(C)cc(C)nc3c2)cc1,,random_balanced,BB-0640,BB-0579,0,0,0.22425892442877562
BB-0779 BB-1637,"[779, 1637]",[30],CCOC(=O)C1Cc2cccc(F)c2N(C(=O)C(=O)N(c2cnn(CC(=O)O)c2)c2nc(=NCc3c(F)cc(F)cc3F)c(F)c[nH]2)C1,,random_balanced,BB-0779,BB-1637,1,1,0.1959919192412299
BB-1896 BB-1841,"[1896, 1841]",[108],Cc1cc2c(cc1Br)C(N1CC3(CCC3)c3cc(Br)ccc31)CCO2,,random_balanced,BB-1896,BB-1841,1,0,0.6620781385366172
BB-1900 BB-0086,"[1900, 86]",[78],Cc1noc(C)c1C(C)CC(=O)N1CCN(c2nsc(C3CC3)n2)CC1,,random_balanced,BB-1900,BB-0086,1,1,0.7240217427579716
BB-0229 BB-1713,"[229, 1713]",[37],Cc1[nH]c(C(=O)N2CCC(CCOc3ccc4ccccc4c3)CC2)c(Br)c1C,,random_balanced,BB-0229,BB-1713,1,0,0.427118925270936
BB-1423 BB-0819,"[1423, 819]",[4],O=C(NC(C(=O)O)c1ccc(C(F)(F)F)cc1)c1ncc2c(F)cccn12,,random_balanced,BB-1423,BB-0819,2,0,0.5914333310356731
BB-1346 BB-1350,"[1346, 1350]",[103],O=C(NC(c1cc(Cl)cc(Cl)c1)C(F)(F)C(=O)O)N1CCC/C1=C/[N+](=O)[O-],,random_balanced,BB-1346,BB-1350,0,0,0.3734086021621696
BB-1128 BB-0914,"[1128, 914]",[116],Cc1nc(C(=O)NCC(=O)O)c(Oc2cc(C3CCNC3)ccc2O)c2ccc(Oc3ccccc3)cc12,,random_balanced,BB-1128,BB-0914,1,0,0.2125056130063691
BB-1309 BB-0679,"[1309, 679]",[28],CCOC(=O)c1n[nH]c2c1CN(C(=O)Nc1ccc3nnc(CC)n3c1)CC2,,random_balanced,BB-1309,BB-0679,0,0,0.22447149276259704
BB-0838 BB-0781,"[838, 781]",[5],CCCn1c(Nc2cccc3[nH]c(C(=O)OC)cc23)nc2ccccc21,,random_balanced,BB-0838,BB-0781,1,1,0.7008144548862149
BB-1168 BB-1372,"[1168, 1372]",[33],CCOC(=O)C1Cc2c(C)cccc2C(NCC(C)(C)CC2CCN(C(=O)OC(C)(C)C)CC2)C1,,random_balanced,BB-1168,BB-1372,0,1,0.1844003591954089
BB-1886 BB-1023,"[1886, 1023]",[125],C=Cn1c(CCN(C(=O)OC(C)(C)C)C(CN)(C(=O)O)c2ccc([N+](=O)[O-])cc2)nc2ccccc21,,random_balanced,BB-1886,BB-1023,1,0,0.4530879074338492
BB-1431 BB-1016,"[1431, 1016]",[67],CCOC(=O)c1cnn(-c2cc3ccccc3[nH]c2=O)c1C(C)(F)F,,random_balanced,BB-1431,BB-1016,0,0,0.6167503911459877
BB-1751 BB-0523,"[1751, 523]",[65],Cc1ccccc1C(C)C(=O)c1cc(Cl)ccc1Cn1c(NCCN)nc2c1c(=O)n(C)c(=O)n2C,,random_balanced,BB-1751,BB-0523,1,0,0.568066035016389
BB-1156 BB-1670,"[1156, 1670]",[125],COC(=O)c1cc(C)nc2c1ncn2C(C)(/C=C/c1ccc([N+](=O)[O-])cc1)C(=O)O,,random_balanced,BB-1156,BB-1670,0,0,0.779382990029796
BB-0190 BB-0116,"[190, 116]",[119],Cc1nc(C(NC(CC(N)=O)C2CCN(C(=O)OC(C)(C)C)CC2)c2ccc(F)cc2)no1,,random_balanced,BB-0190,BB-0116,0,1,0.5587525676113033
BB-0308 BB-1735,"[308, 1735]",[5],CC(C)c1nc2cc(CNc3cnco3)ccc2o1,,random_balanced,BB-0308,BB-1735,1,0,0.26140812888744297
BB-0916 BB-1411,"[916, 1411]",[125],COCOc1ccc(C(C)(C(=O)O)n2ccnc2-c2cccc(OC(F)F)c2)c(O)c1C,,random_balanced,BB-0916,BB-1411,0,1,0.5311058754188549
BB-1105 BB-1819,"[1105, 1819]",[78],CCOC(=O)c1nc(C2CC2)n(Cc2ccccc2)c1NC(=O)c1ncccc1CNC(=O)OCC1c2ccccc2-c2ccccc21,,random_balanced,BB-1105,BB-1819,1,1,0.042445739588327626
BB-0953 BB-0457,"[953, 457]",[105],C#CC(O)CNC(=O)C(=O)NC1(c2nc(C3CCOCC3)no2)CCOCC1,,random_balanced,BB-0953,BB-0457,0,1,0.4475263276598257
BB-1711 BB-1551,"[1711, 1551]",[5],O=[N+]([O-])c1ccccc1CN(c1ccc(-n2c(S)nnc2-c2ccccn2)cc1)C1CC1,,random_balanced,BB-1711,BB-1551,1,0,0.5807571929456756
BB-0315 BB-1285,"[315, 1285]",[125],CNC(=O)N(c1nc2ccc(C(=O)O)cc2s1)C(C(=O)O)(c1cncc(F)c1)C1CC1,,random_balanced,BB-0315,BB-1285,0,1,0.5123551556672363
BB-0273 BB-0324,"[273, 324]",[110],COC(=O)c1cnc2sc3c(=O)n(C(=NO)c4ccccc4CN4CCCCC4)c(=O)[nH]c3c2c1,,random_balanced,BB-0273,BB-0324,0,1,0.4616317932565885
BB-1578 BB-0262,"[1578, 262]",[111],Cc1nnc2n1CC(c1nc(-c3ccc([C@@H](O)C(=O)O)cc3)no1)N(CC1CC1)C2,,random_balanced,BB-1578,BB-0262,1,0,0.6076849884435613
BB-1446 BB-1549,"[1446, 1549]",[89],Cc1ccc(C(=O)CN)cc1Sc1nnco1,,random_balanced,BB-1446,BB-1549,0,1,0.1589357615781293
BB-1534 BB-0311,"[1534, 311]",[103],COCCN1C(=O)N[C@H]2CN(C(=O)Nc3ccnc4cc(C)nn34)CC[C@H]21,,random_balanced,BB-1534,BB-0311,1,0,0.6088429481796598
BB-1354 BB-0522,"[1354, 522]",[79],CCc1cc(N2CC3(CC)CC2(CO)C3)cc2c1NC(=O)C2,,random_balanced,BB-1354,BB-0522,1,2,0.41497326788476857
BB-1154 BB-0818,"[1154, 818]",[78],CC(C)(COc1ccc(C(F)(F)F)cn1)NC(=O)c1cc2sc(C=O)cc2[nH]1,,random_balanced,BB-1154,BB-0818,0,0,0.5041133615944724
BB-1543 BB-0139,"[1543, 139]",[65],CCOC(=O)c1cnc2c(C(=O)Cc3nc4cc(Cl)ccc4s3)cccn12,,random_balanced,BB-1543,BB-0139,0,0,0.29230200567139963
BB-1928 BB-1491,"[1928, 1491]",[71],Cc1c(Cl)ccc(CO)c1NC1CCc2cc(F)cc(F)c21,,random_balanced,BB-1928,BB-1491,0,0,0.38144652628091413
BB-0999 BB-0059,"[999, 59]",[78],Cc1n[nH]c(C)c1NC(=O)C(C)CNC(=O)[C@H](Cc1ccc(OP(=O)(OCc2ccccc2)OCc2ccccc2)cc1)NC(=O)OCC1c2ccccc2-c2ccccc21,,random_balanced,BB-0999,BB-0059,0,0,0.006547803939369003
BB-1910 BB-1897,"[1910, 1897]",[78],CC(O)c1ccc(S(=O)(=O)NC(=O)[C@H]2CCN[C@@H](c3ccccc3)C2)cc1,,random_balanced,BB-1910,BB-1897,1,0,0.3722024885637903
BB-0300 BB-1953,"[300, 1953]",[79],COc1ccc(CNC(=O)C(C)N[C@H](C)c2coc3c(F)cccc23)cc1OC,,random_balanced,BB-0300,BB-1953,0,2,0.4863662067809336
BB-1058 BB-1405,"[1058, 1405]",[41],COC(=O)c1cc(Oc2ccc3ccccc3c2OC)cc(S(N)(=O)=O)c1F,,random_balanced,BB-1058,BB-1405,0,1,0.6859761893000808
BB-1873 BB-1576,"[1873, 1576]",[78],CC(C)(C)OC(=O)N1CC2CCC(C(=O)N3CCc4cc(C(=O)O)cnc4C3)CC2C1,,random_balanced,BB-1873,BB-1576,1,0,0.19199946639014384
BB-0428 BB-1205,"[428, 1205]",[103],Cc1cc(N2CCC(NC(=O)Nc3nccn3-c3ccccc3)CC2)[nH]n1,,random_balanced,BB-0428,BB-1205,1,0,0.2194766717117836
BB-1395 BB-1698,"[1395, 1698]",[5],Cc1nsc(N2CCN(c3ccc(C(N)c4cccc(C#N)c4)cc3)CC2)c1C#N,,random_balanced,BB-1395,BB-1698,1,1,0.5452005067674581
BB-0500 BB-1495,"[500, 1495]",[125],COC(=O)CCCCC(OC(=O)CCCc1cccc(C(=O)OC)c1)(C(=O)O)C(F)(F)F,,random_balanced,BB-0500,BB-1495,0,0,0.30446897104752724
BB-0751 BB-1138,"[751, 1138]",[15],CN1CCN(C(=O)CCSc2cccc(-n3nc4c(c3N)CCC4)c2)CC1,,random_balanced,BB-0751,BB-1138,0,0,0.13651159869627974
BB-0054 BB-0986,"[54, 986]",[33],Cc1cc(N2CCC(N(C)C(C)CC3(O)CCC3)CC2)ncn1,,random_balanced,BB-0054,BB-0986,1,1,0.6441723597583754
BB-1949 BB-0555,"[1949, 555]",[66],CC(=O)c1cc(Cl)sc1C(O)c1ccc(O)c(C(F)(F)F)c1,,random_balanced,BB-1949,BB-0555,0,0,0.16391193631577508
BB-1335 BB-1630,"[1335, 1630]",[30],Cc1cc(N=[N+]=[N-])ccc1NC(=O)C(=O)N(C)C1COC(C)(C)C1,,random_balanced,BB-1335,BB-1630,0,1,0.3048281272694687
BB-0759 BB-0476,"[759, 476]",[112],Cc1nn(C)c(N2CCC2)c1NC(=O)c1cc(B2OC(C)(C)C(C)(C)O2)ccc1NC(=O)OC(C)(C)C,,random_balanced,BB-0759,BB-0476,0,1,0.2539483561984677
BB-0189 BB-0550,"[189, 550]",[38],CCOC(=O)c1nc(-c2cccc3c2CCCCN3C(=O)OC(C)(C)C)c2n1CCCC2,,random_balanced,BB-0189,BB-0550,0,1,0.36757801702555387
BB-0268 BB-0963,"[268, 963]",[71],COC(=O)c1nc(Br)cnc1Nc1c[nH]c(=O)c2ccc(C(F)(F)F)cc12,,random_balanced,BB-0268,BB-0963,0,2,0.4564668972744159
BB-1164 BB-0848,"[1164, 848]",[116],COC(=O)c1cc(C)cc(OC2(c3cccc(C(F)(F)F)c3)CCNCC2)c1,,random_balanced,BB-1164,BB-0848,1,0,0.6414330308502153
BB-0017 BB-0808,"[17, 808]",[15],Cc1noc(CO)c1SCCC1(C)CCOC1,,random_balanced,BB-0017,BB-0808,0,0,0.05674986244456459
BB-0477 BB-1060,"[477, 1060]",[66],Cc1nn(-c2ccccc2)c(O)c1C(O)c1ccc(Cl)c(O)c1,,random_balanced,BB-0477,BB-1060,1,1,0.3602999467724279
BB-0551 BB-1769,"[551, 1769]",[146],N[C@@H]1CCO[C@H]1c1ccc(N(CC(F)F)CC(F)(F)F)c(F)c1,,random_balanced,BB-0551,BB-1769,1,0,0.31248995354061027
BB-1488 BB-0885,"[1488, 885]",[78],C=CC(=O)N1CCCC(n2cc(C(=O)Nc3cc(-c4cnccn4)ccc3C)nn2)C1,,random_balanced,BB-1488,BB-0885,1,0,0.21334810274717622
BB-1293 BB-1356,"[1293, 1356]",[5],CN1CCC(Oc2ncccc2N2CCC3(CC2)CC(CO)=NO3)C1,,random_balanced,BB-1293,BB-1356,0,0,0.5855786095286285
BB-0803 BB-1531,"[803, 1531]",[89],NC(=O)c1ccc(COc2ccc(Sc3c(Cl)ccc4c3NC(=O)CC4)cc2)c(F)c1,,random_balanced,BB-0803,BB-1531,1,0,0.29725802213576585
BB-0361 BB-1037,"[361, 1037]",[125],Cc1ccc2c(CC(=O)O)c(C(C)(OC(=O)C3(c4c(C)cnn4C)CCCO3)C(=O)O)oc2c1,,random_balanced,BB-0361,BB-1037,1,0,0.7279291174537178
BB-1605 BB-0741,"[1605, 741]",[78],Cc1cc(C)c(S(=O)(=O)NC(=O)CSCC#N)cc1Br,,random_balanced,BB-1605,BB-0741,1,0,0.43344534413931773
BB-1918 BB-1552,"[1918, 1552]",[15],COC(=O)c1cc(Sc2nc(C(=O)OC)c(Br)cc2C)c(F)cc1F,,random_balanced,BB-1918,BB-1552,0,0,0.5045172123377838
BB-0591 BB-1041,"[591, 1041]",[78],CCC1CCCC(CNC(=O)[C@@H]2C[C@H]2c2cccc(Br)c2C)CC1,,random_balanced,BB-0591,BB-1041,0,0,0.4195787135476888
BB-0226 BB-1386,"[226, 1386]",[125],CN(C)/C=C1\OCCN(C(=O)OC(C)(C)C)CC1(OCc1cc(F)c(C=O)c(F)c1)C(=O)O,,random_balanced,BB-0226,BB-1386,1,0,0.6077459181067169
BB-1719 BB-1631,"[1719, 1631]",[146],Cc1[nH]c2ccc(NCC3CC4CCC3N(C)C4)cc2c1C(=O)O,,random_balanced,BB-1719,BB-1631,0,2,0.5617689606805689
BB-0935 BB-1314,"[935, 1314]",[63],COCc1sccc1-c1ccc(F)cc1CS,,random_balanced,BB-0935,BB-1314,0,0,0.037610228467317125
BB-1200 BB-0226,"[1200, 226]",[50],Cc1ccc2c(c1)C(OCc1cc(F)c(C=O)c(F)c1)(C(=O)O)C(=O)N2,,random_balanced,BB-1200,BB-0226,0,2,0.6297906997588705
BB-0985 BB-0050,"[985, 50]",[41],CCN1CCc2c(sc3nc(Sc4cc(C5CC(=O)NC(=O)C5)ccc4OC)n(Cc4ccccc4)c(=O)c23)C1,,random_balanced,BB-0985,BB-0050,1,0,0.20727578867184526
BB-0334 BB-1282,"[334, 1282]",[124],CCOC(=O)c1cnn2c(-c3cccc(-n4cnc5c(NCc6cccc(NC(=O)COC)c6)ncnc54)c3)ccnc12,,random_balanced,BB-0334,BB-1282,2,1,0.037901551486638714
BB-0736 BB-1795,"[736, 1795]",[89],OCc1ccsc1Sc1ccc(CN2CCC(=NO)CC2)cc1,,random_balanced,BB-0736,BB-1795,0,0,0.240164268667438
BB-1503 BB-1745,"[1503, 1745]",[4],CCN(C(=O)Cc1c(C)nc2[nH]n(C)c(=O)c2c1C)S(=O)(=O)c1ccc(I)cc1,,random_balanced,BB-1503,BB-1745,1,0,0.7208301927188769
BB-0450 BB-1994,"[450, 1994]",[79],Cc1cc(C2CCNCC2)ccc1NC(CO)Cc1ccccc1Cl,,random_balanced,BB-0450,BB-1994,1,0,0.6373504286176509
BB-0392 BB-1644,"[392, 1644]",[15],O=C(O)c1ccc(Sc2ccc3ccoc3c2C(=O)O)c2c1CCC2,,random_balanced,BB-0392,BB-1644,1,0,0.5901512624599904
BB-1654 BB-1015,"[1654, 1015]",[125],CC(=O)c1ccc(O)c(C(C)(C(=O)O)n2c(=O)n(C(=O)OC(C)(C)C)c3cnccc32)c1,,random_balanced,BB-1654,BB-1015,0,0,0.48477054322443797
BB-0235 BB-1924,"[235, 1924]",[15],COc1ccc(Sc2cccc(-n3ccnc3SCC(=O)O)c2)nc1Cl,,random_balanced,BB-0235,BB-1924,1,1,0.45233867933060795
BB-0290 BB-0240,"[290, 240]",[5],Cc1nc(N(c2cc(CN)ccn2)C2CC2)c(C#N)s1,,random_balanced,BB-0290,BB-0240,1,0,0.40802996653444357
BB-1312 BB-0390,"[1312, 390]",[78],COC(=O)[C@H]1C(F)(F)[C@]12C[C@H](C(=O)Nc1ccc3[nH]c(=O)[nH]c3c1)C2,,random_balanced,BB-1312,BB-0390,0,1,0.5331000950850393
BB-1868 BB-0144,"[1868, 144]",[79],Cc1ccc(Nc2ccc3c(C=O)c(C(=O)O)[nH]c3c2)cc1-c1ccccc1,,random_balanced,BB-1868,BB-0144,0,0,0.26642719877099924
BB-1481 BB-0863,"[1481, 863]",[70],CC(=CC(=O)NNC(=O)c1ccc(C#N)cc1)c1oc2ccccc2c1C,,random_balanced,BB-1481,BB-0863,1,0,0.28402600641160364
BB-0606 BB-1452,"[606, 1452]",[142],COC(=O)c1cc2c(OC)nccc2n1-c1ccc2c(c1)CN(C)C2=O,,random_balanced,BB-0606,BB-1452,0,1,0.49483429079231406
BB-0611 BB-0168,"[611, 168]",[125],Nc1ccccc1C(CCCC(=O)O)(OC(=O)C(F)(F)C(F)(F)C(F)(F)C(F)F)C(=O)O,,random_balanced,BB-0611,BB-0168,1,0,0.6189860780509139
BB-1370 BB-0607,"[1370, 607]",[78],CCn1cc([C@@H]2NC(=O)CC[C@H]2NC(=O)COC(C)(C)CC)cn1,,random_balanced,BB-1370,BB-0607,0,0,0.6240118922444099
BB-0333 BB-1291,"[333, 1291]",[66],NNC(=O)c1c(F)cccc1C(O)c1nc2cc(F)ccc2o1,,random_balanced,BB-0333,BB-1291,0,0,0.3838947302137766
BB-1322 BB-1117,"[1322, 1117]",[146],O=C(CCl)c1ccc(N2CCN(S(=O)(=O)c3ccccc3C(F)(F)F)CC2)cc1,,random_balanced,BB-1322,BB-1117,0,1,0.5981729715624667
BB-1730 BB-1704,"[1730, 1704]",[4],O=C(Cc1cccnc1)Nc1ccc(C(=O)NCC2(O)CS(=O)(=O)C2)cc1,,random_balanced,BB-1730,BB-1704,2,0,0.2588146597933446
BB-1867 BB-1879,"[1867, 1879]",[30],Cc1nc(NC(=O)C(=O)NCC2CC(C)(C)C(C)(C)O2)oc1-c1ccncc1,,random_balanced,BB-1867,BB-1879,0,1,0.12852821541200732
BB-0159 BB-0765,"[159, 765]",[78],CC(C)[C@@H](C(=O)NC(CC(=O)O)Cc1ccc([N+](=O)[O-])cc1)n1sc2ccccc2c1=O,,random_balanced,BB-0159,BB-0765,0,0,0.8061026952438477
BB-1484 BB-0597,"[1484, 597]",[68],C(#Cc1ncoc1C1CC1)c1ccc2c(c1)C1(CC2)COCOC1,,random_balanced,BB-1484,BB-0597,0,2,0.2957267265901814
BB-1390 BB-0310,"[1390, 310]",[79],C=CCCOCc1c(Br)cncc1N1CCN(C(CO)c2cccc(C)c2)CC1,,random_balanced,BB-1390,BB-0310,1,1,0.48332941723946937
BB-0526 BB-0210,"[526, 210]",[78],Cc1nc(C2CC2)nc(C)c1C(=O)N1CC(C23CC(Cl)(C2)C3)C1,,random_balanced,BB-0526,BB-0210,0,0,0.4857315630628243
BB-0001 BB-1285,"[1, 1285]",[125],CC(C)(C)OC(=O)N1CCCN(c2ccc(C(=O)OC(C(=O)O)(c3cncc(F)c3)C3CC3)cn2)CC1,,random_balanced,BB-0001,BB-1285,0,2,0.048788345386947866
BB-1587 BB-1556,"[1587, 1556]",[71],CC1(C)CC(N)c2cccc(N[C@H](CO)C3CCCCC3)c2O1,,random_balanced,BB-1587,BB-1556,0,0,0.6123192086029839
BB-1990 BB-1574,"[1990, 1574]",[78],CN(C)C(=O)CCNC(=O)C(=O)Nc1ccc(Br)cc1C(F)(F)F,,random_balanced,BB-1990,BB-1574,1,0,0.22238806230225686
BB-0030 BB-0919,"[30, 919]",[146],Nc1cc2ccccc2nc1N1CCC(n2cc(C(F)(F)F)cn2)CC1,,random_balanced,BB-0030,BB-0919,0,1,0.691759873342233
BB-0407 BB-0203,"[407, 203]",[141],CC(C)(C)OC(=O)NC1CCCC12CC(O)(c1cccc3c1CN(C1CCC(=O)NC1=O)C3=O)C2,,random_balanced,BB-0407,BB-0203,0,1,0.47628719088333815
BB-0924 BB-1746,"[924, 1746]",[44],O=C1CC2(N3CCC(c4cccc(C(F)(F)F)n4)CC3)NCCC=C2O1,,random_balanced,BB-0924,BB-1746,0,1,0.6021650710725068
BB-0233 BB-1943,"[233, 1943]",[66],CCC(=O)c1cccc(C(C)(O)c2[nH]c(CC(=O)O)c(C(=O)OC)c2C)c1,,random_balanced,BB-0233,BB-1943,0,0,0.8635006421110615
BB-1055 BB-1297,"[1055, 1297]",[50],COCC(C)(C)CC(C(=O)O)(c1ccc2c(c1)OCC2(C)C)n1cnc(Br)c1Br,,random_balanced,BB-1055,BB-1297,0,1,0.6138718991518413
BB-1615 BB-0846,"[1615, 846]",[24],Cc1cnc(C(=O)O)cc1S(=O)(=O)CC(=O)c1c(N)n(CC(C)C)c(=O)[nH]c1=O,,random_balanced,BB-1615,BB-0846,2,1,0.6412006029027858
BB-1974 BB-1594,"[1974, 1594]",[30],Cc1cc(C)c(NC(=O)C(=O)N[C@H]2C[C@@H](CC(=O)O)C2)c(Cl)c1,,random_balanced,BB-1974,BB-1594,0,1,0.4604293302055549
BB-1836 BB-1384,"[1836, 1384]",[108],CC(Cc1ccccc1S(=O)(=O)NC(=O)OC(C)(C)C)N1CCC(c2cccs2)CC1,,random_balanced,BB-1836,BB-1384,0,1,0.49598094982088925
BB-1633 BB-1448,"[1633, 1448]",[78],COC(=O)C1(NC(=O)c2cccc(Cn3cc(Br)cn3)c2)CCCN(Cc2ccccc2)C1,,random_balanced,BB-1633,BB-1448,1,1,0.6334404206792671
BB-1319 BB-1449,"[1319, 1449]",[117],CN(C(=O)C(Br)C1CCCC1)c1cnc2ccccc2c1,,random_balanced,BB-1319,BB-1449,0,0,0.5350660196182799
BB-0186 BB-0016,"[186, 16]",[78],Cc1coc(/C=C/C(=O)Nc2c(C)nn(C)c2C(N)=O)n1,,random_balanced,BB-0186,BB-0016,0,0,0.6917897222776624
BB-1528 BB-0540,"[1528, 540]",[105],CNC(=O)c1ccc2n1CCN(C(=O)C(=O)N1CCC(c3nc4ccccc4o3)CC1)C2C,,random_balanced,BB-1528,BB-0540,0,1,0.27990984134695107
BB-1102 BB-1004,"[1102, 1004]",[111],CN1CCN(C(=O)Cc2noc(-c3cccc(S(=O)(=O)NCc4nncn4C)c3)n2)CC1,,random_balanced,BB-1102,BB-1004,0,1,0.05751416616499005
BB-1791 BB-1303,"[1791, 1303]",[78],C/C=C(\Br)CNC(=O)C1C(C)(C)C1(F)F,,random_balanced,BB-1791,BB-1303,0,0,0.07509589864710904
BB-1352 BB-1962,"[1352, 1962]",[41],Cc1noc(CC2(OCc3c(Br)cccc3Br)CCCNC2)n1,,random_balanced,BB-1352,BB-1962,0,1,0.5129479019844153
BB-0498 BB-1994,"[498, 1994]",[51],CC(NC(=O)Cc1cccc2ccccc12)C(=O)OCC(N)Cc1ccccc1Cl,,random_balanced,BB-0498,BB-1994,1,1,0.35800795520951695
BB-1973 BB-0119,"[1973, 119]",[79],CCCn1c(Nc2n[nH]nc2[Si](C)(C)C)c(C(=O)CCl)c(=O)[nH]c1=O,,random_balanced,BB-1973,BB-0119,0,0,0.13301478818077117
BB-0603 BB-1589,"[603, 1589]",[146],CCCNc1ccc(C)c(N(Cc2ccccc2)C(C)CO)c1,,random_balanced,BB-0603,BB-1589,0,0,0.7469011493921835
BB-0193 BB-0295,"[193, 295]",[146],COCc1ncc2c(n1)CCN(c1c(C)ccc(C(=O)OC)c1N)C2,,random_balanced,BB-0193,BB-0295,2,1,0.7375435071848943
BB-1861 BB-1166,"[1861, 1166]",[78],CCc1cc(C(=O)N2CCCC2c2ccc3c(c2)OCCCO3)c(Br)s1,,random_balanced,BB-1861,BB-1166,0,1,0.770268679465694
BB-0671 BB-0066,"[671, 66]",[78],CC(C)(C)OC(=O)N1CCC2(C(=O)N3CCC(c4nnc5n4CCCC5)C3)CCCCCC12,,random_balanced,BB-0671,BB-0066,0,1,0.5821025159622609
BB-1798 BB-1293,"[1798, 1293]",[78],Cn1c(N)nc2cc(C(=O)N3CCC4(CC3)CC(CO)=NO4)cc(Br)c21,,random_balanced,BB-1798,BB-1293,1,1,0.6221170459134052
BB-0438 BB-0121,"[438, 121]",[71],Cc1cc(C)cc(C(CO)Nc2cccc3c(=N)c(C(N)=O)c[nH]c23)c1,,random_balanced,BB-0438,BB-0121,0,1,0.6404194883458718
BB-0661 BB-0746,"[661, 746]",[125],CC(C)CC1CCC(C(=O)O)(N2CC(C3CCCO3)CC2=O)C1,,random_balanced,BB-0661,BB-0746,0,0,0.6159022596618561
BB-0933 BB-0825,"[933, 825]",[105],COC(=O)C1(F)CN(C(=O)C(=O)N2CCC(c3ccccc3)C2C)CC12CCOCC2,,random_balanced,BB-0933,BB-0825,0,0,0.30956034410172656
BB-0325 BB-1929,"[325, 1929]",[79],CC(C)n1ncc(Nc2cc3c(cc2F)NC(=O)CN3C2CCCC2)c1Cl,,random_balanced,BB-0325,BB-1929,0,1,0.5844060501681912
BB-0406 BB-0505,"[406, 505]",[110],O=C(N1C[C@H]2[C@@H]3CC[C@@H](C3)[C@H]21)n1c(=O)[nH]c2c(cnc3ncnn32)c1=O,,random_balanced,BB-0406,BB-0505,0,0,0.5257529017019904
BB-0961 BB-0756,"[961, 756]",[111],O=C(NCc1nnc(CCc2nc(-c3cnc4cnccn34)no2)s1)OCC1c2ccccc2-c2ccccc21,,random_balanced,BB-0961,BB-0756,0,0,0.005151608861478811
BB-1495 BB-0704,"[1495, 704]",[66],C=CCc1c(C(=O)OC)ccc(C(O)(CCCCC(=O)OC)C(F)(F)F)c1O,,random_balanced,BB-1495,BB-0704,1,0,0.7187174335706907
BB-0044 BB-1348,"[44, 1348]",[116],CNCc1ccc(OCCn2nc(C)c(C(=O)O)c2C)cc1F,,random_balanced,BB-0044,BB-1348,1,0,0.738598819518278
BB-0283 BB-1710,"[283, 1710]",[125],Cc1ncc2c(n1)CCC(C(=O)OC(CCl)(C(=O)O)C(C#N)=C1C=CN(C)C=C1)C2,,random_balanced,BB-0283,BB-1710,0,1,0.788708864564608
BB-0412 BB-0567,"[412, 567]",[30],CCCN(C(=O)C(=O)Nc1cc(NC(=O)OC(C)(C)C)ccc1O)C(C(=O)O)C(C)C,,random_balanced,BB-0412,BB-0567,0,0,0.10831152786189684
BB-1377 BB-0367,"[1377, 367]",[30],O=C(NCCCN1C(=O)NC(c2ccccc2)(c2ccccc2)C1=O)C(=O)N1CCCC(c2nc3ccccc3o2)C1,,random_balanced,BB-1377,BB-0367,0,1,0.03806287385473273
BB-1925 BB-0701,"[1925, 701]",[105],O=C(NC1CC1Cc1ccccc1C(F)(F)F)C(=O)N1CCCN(c2cnccn2)CC1,,random_balanced,BB-1925,BB-0701,0,1,0.23336128813464363
BB-1417 BB-0722,"[1417, 722]",[24],Cc1ccc(S(=O)(=O)c2nccn3c(C(F)(F)F)ncc23)nc1N,,random_balanced,BB-1417,BB-0722,0,1,0.49576404162833
BB-0363 BB-1632,"[363, 1632]",[146],COC(=O)Cc1cc2c(c(N(C)C(C)(C)C(N)=O)c1)OCC2,,random_balanced,BB-0363,BB-1632,1,0,0.46918366401774897
BB-0804 BB-1270,"[804, 1270]",[85],Nc1c(C(=O)c2cc(F)ccc2O)cnn1-c1cc(F)c(Cl)cc1Cl,,random_balanced,BB-0804,BB-1270,1,0,0.4548726225908057
BB-1223 BB-0933,"[1223, 933]",[30],CC1C(c2ccccc2)CCN1C(=O)C(=O)Nc1c2c(nc3ccccc13)CCOC2,,random_balanced,BB-1223,BB-0933,0,1,0.39914291086785936
BB-0729 BB-1618,"[729, 1618]",[37],Cc1cccc(-c2ccc(C(=O)Nc3csc4c(=O)[nH]cnc34)[nH]2)c1,,random_balanced,BB-0729,BB-1618,0,0,0.38218374618185513
BB-1489 BB-0228,"[1489, 228]",[125],Cc1cc(Cl)c(O)c(C(C)(OC(=O)CC2CC(C)(C)CO2)C(=O)O)c1,,random_balanced,BB-1489,BB-0228,1,0,0.705991012646832
BB-1742 BB-1896,"[1742, 1896]",[125],Cc1cc2c(cc1Br)C(O[C@H]1C[C@@H](C(=O)O)C[C@@H](C(=O)O)C1)(C(=O)O)CCO2,,random_balanced,BB-1742,BB-1896,0,2,0.8110279811629391
BB-0093 BB-0221,"[93, 221]",[79],CC(C)Cn1cnnc1C1CCCN1c1c([N+](=O)[O-])cnc2ccc(C3CCC3)cc12,,random_balanced,BB-0093,BB-0221,1,0,0.5473748030765779
BB-0499 BB-0011,"[499, 11]",[125],O=C(OC(CC1COCCN1)(C(=O)O)c1ccccc1)c1c[nH]nc1C1CCCN(C(=O)OCC2c3ccccc3-c3ccccc32)C1,,random_balanced,BB-0499,BB-0011,0,0,0.032184777069894005
BB-0886 BB-0529,"[886, 529]",[141],CCOC(=O)c1[nH]cc(C(O)c2cc(F)ccc2CC(=O)O)c1C,,random_balanced,BB-0886,BB-0529,0,0,0.747941987202908
BB-1844 BB-1533,"[1844, 1533]",[15],COc1ccc(SCC(=O)c2c(N)n(C)c(=O)n(C)c2=O)c(-c2cc(C(=O)O)on2)c1,,random_balanced,BB-1844,BB-1533,0,0,0.6754854973250308
BB-0033 BB-0607,"[33, 607]",[79],CCn1cc([C@@H]2NC(=O)CC[C@H]2Nc2ccccc2-c2cc(C(=O)OC)no2)cn1,,random_balanced,BB-0033,BB-0607,0,1,0.7633462926226449
BB-0372 BB-0825,"[372, 825]",[30],COC(=O)C1(F)CN(C(=O)C(=O)N2CCc3c([nH]c4ccccc34)C2C(=O)O)CC12CCOCC2,,random_balanced,BB-0372,BB-0825,1,1,0.3660580609817013
BB-0962 BB-1478,"[962, 1478]",[76],C[C@H]1CN(C(=S)NCCCCCNC(=O)OC(C)(C)C)CC[C@H]1N(C)C,,random_balanced,BB-0962,BB-1478,0,0,0.09039252141004202
BB-1545 BB-0403,"[1545, 403]",[125],CCO[C@@H]1CC(OC(=O)C(CCC(F)(F)F)OC)(C(=O)O)[C@H]1N1C(=O)CCC1=O,,random_balanced,BB-1545,BB-0403,0,0,0.6728085503769987
BB-0390 BB-0089,"[390, 89]",[146],CC1CNCC2(C1)OC(=O)Nc1ccc(Nc3ccc4[nH]c(=O)[nH]c4c3)c(F)c12,,random_balanced,BB-0390,BB-0089,2,0,0.7176028720636733
BB-0941 BB-1537,"[941, 1537]",[23],O=C1CN(C(=O)C(=O)OCc2coc(-c3cc(Cl)cc(Cl)c3)n2)c2ccccc2N1,,random_balanced,BB-0941,BB-1537,1,1,0.271307584631773
BB-0322 BB-0751,"[322, 751]",[75],Cc1ncc(C=C(CBr)C(=O)N2CCN(C)CC2)c(N(C)C)n1,,random_balanced,BB-0322,BB-0751,0,1,0.6099872763015581
BB-1215 BB-1620,"[1215, 1620]",[68],CCOC(=O)C1(C#CCCC2CCCCCC2)CCC1,,random_balanced,BB-1215,BB-1620,0,0,0.3597492297345539
BB-0087 BB-0388,"[87, 388]",[50],CC(C)(C)OC(=O)N1CCN(C2CN(C3(C(=O)O)CCN(Cc4cccs4)CC3)C2)CC1,,random_balanced,BB-0087,BB-0388,1,1,0.37412825719310067
BB-1772 BB-1054,"[1772, 1054]",[99],Cc1cnc(C2CC2)nc1S(=O)(=O)C1CCC(C(C)(C)C)CC1,,random_balanced,BB-1772,BB-1054,1,1,0.4011654596428532
BB-1499 BB-0951,"[1499, 951]",[30],COCCn1nc(C)c(NC(=O)C(=O)N2C[C@@H](O)C[C@@H](OC)C2)c1C,,random_balanced,BB-1499,BB-0951,0,1,0.5370345708066053
BB-1536 BB-1603,"[1536, 1603]",[30],CCOc1ccc(NC(=O)C(=NNc2ccc(S(=O)(=O)N(C(=O)C(=O)N3CCCC3(C)CC(C)C)c3nnc(C)s3)cc2)C(C)=O)cc1,,random_balanced,BB-1536,BB-1603,1,0,0.04137375486802761
BB-0370 BB-1171,"[370, 1171]",[7],COc1cc(CN(C)S(=O)(=O)c2cc(C(=O)O)c(Br)cc2OC)sn1,,random_balanced,BB-0370,BB-1171,0,0,0.5865423797892366
BB-0435 BB-0724,"[435, 724]",[28],O=C(NCc1noc2cc(F)ccc12)N1CCOC(CCC(F)(F)F)C1,,random_balanced,BB-0435,BB-0724,0,0,0.5124738754032371
BB-1881 BB-1209,"[1881, 1209]",[41],Cc1ccc(-c2ncn(C)n2)cc1SC1CCOC(C)(C)C1,,random_balanced,BB-1881,BB-1209,0,0,0.5542631542102398
BB-1383 BB-0566,"[1383, 566]",[125],Cn1c(C(C)(OC(=O)c2ccc(N)c(S(N)(=O)=O)c2)C(=O)O)nc2ccc(Cl)cc21,,random_balanced,BB-1383,BB-0566,0,0,0.7529283666322464
BB-0593 BB-1141,"[593, 1141]",[111],CC(C)(C)OC(=O)NCCN(Cc1nc(-c2ccc(F)c(CN=[N+]=[N-])c2)no1)C(=O)OCC1c2ccccc2-c2ccccc21,,random_balanced,BB-0593,BB-1141,0,0,0.0602663688034352
BB-1721 BB-1534,"[1721, 1534]",[94],COCCN1C(=O)N[C@H]2CN(C(=O)Nc3cnccc3C)CC[C@H]21,,random_balanced,BB-1721,BB-1534,0,2,0.5265489487958379
BB-1248 BB-1009,"[1248, 1009]",[146],CCCC(CNc1ccc(CC(=O)O)cc1[N+](=O)[O-])C(=O)OCC,,random_balanced,BB-1248,BB-1009,1,1,0.6040633988157439
BB-1133 BB-1253,"[1133, 1253]",[125],Nc1cc(Cl)ccc1C(O[C@H]1CCN(CC(F)F)C1)(C(=O)O)C1CCCOC1,,random_balanced,BB-1133,BB-1253,0,4,0.5323948741045385
BB-1811 BB-1536,"[1811, 1536]",[30],CC(C)CC1(C)CCCN1C(=O)C(=O)NC1CC2(CCC(C)(C)C2)C1,,random_balanced,BB-1811,BB-1536,0,2,0.4600155044063241
BB-0676 BB-0956,"[676, 956]",[78],Cc1ccc([N+](=O)[O-])c(CC(=O)NCC2CC=C(C(=O)O)CC2)c1,,random_balanced,BB-0676,BB-0956,0,2,0.41057488806183756
BB-0654 BB-1333,"[654, 1333]",[37],CCn1ncc2c(Cl)c(C(=O)N(c3ccc(C(N)=O)cc3N)C3CC3)cnc21,,random_balanced,BB-0654,BB-1333,0,0,0.8181390598331179
BB-1581 BB-1819,"[1581, 1819]",[110],O=c1[nH]c2c(nc(C3CC3)n2Cc2ccccc2)c(=O)n1C(=S)c1ccc(-c2ccccc2)cc1,,random_balanced,BB-1581,BB-1819,1,2,0.2274133296144996
BB-0797 BB-1822,"[797, 1822]",[30],COC(=O)C[C@@H](Cc1cccc(F)c1)NC(=O)C(=O)NCc1oc2ccc(Cl)cc2c1C,,random_balanced,BB-0797,BB-1822,0,1,0.5672669299178121
BB-1187 BB-0144,"[1187, 144]",[105],Cc1ccc(NC(=O)C(=O)N2CCCC(F)(F)C23CCOCC3)cc1-c1ccccc1,,random_balanced,BB-1187,BB-0144,2,1,0.19430095950219037
BB-0200 BB-0982,"[200, 982]",[37],CCc1cc(NC(=O)c2cc(C(=O)CCC(=O)O)c[nH]2)cc(Cl)n1,,random_balanced,BB-0200,BB-0982,0,1,0.44985536022986755
BB-1412 BB-0382,"[1412, 382]",[68],CN(CCC#CCc1ccc(O)nn1)c1ccc2c(c1)C(=O)N(C1CCC(=O)NC1=O)C2=O,,random_balanced,BB-1412,BB-0382,0,0,0.46254415101431545
BB-1002 BB-1101,"[1002, 1101]",[105],CCOC(=O)c1c(NC(=O)C(=O)N(C)C2CCOC(c3ccc(F)cc3)C2)sc(C(C)=O)c1C,,random_balanced,BB-1002,BB-1101,0,1,0.19069325026537048
BB-0435 BB-0041,"[435, 41]",[105],Cc1ccc(Cl)cc1N1CCN(C(=O)C(=O)NCc2noc3cc(F)ccc23)CC1,,random_balanced,BB-0435,BB-0041,1,1,0.3824322240535643
BB-0083 BB-0243,"[83, 243]",[50],COC(=O)N1CCC(OC(=O)c2ncccc2Br)(C(=O)O)C1(C)C,,random_balanced,BB-0083,BB-0243,0,0,0.27436761373623403
BB-1360 BB-0348,"[1360, 348]",[125],CC(=CC(=O)OC(C)(C(=O)O)c1cc(C(N)C(=O)O)ccc1O)C1CCCCC1,,random_balanced,BB-1360,BB-0348,0,0,0.6840614149104084
BB-0202 BB-1503,"[202, 1503]",[105],CCN(C(=O)C(=O)N1CCCn2nc(C)cc21)S(=O)(=O)c1ccc(I)cc1,,random_balanced,BB-0202,BB-1503,0,2,0.5919203070614036
BB-0365 BB-1165,"[365, 1165]",[89],CC(C)(C)OC(=O)N[C@H](COCc1ccccc1)C(=O)CSc1cccc2c1OC(C)(C)CC2O,,random_balanced,BB-0365,BB-1165,0,1,0.47623104739162875
BB-1898 BB-0028,"[1898, 28]",[24],CCn1c(N)c(C(=O)CS(=O)(=O)c2cc(/C=C/C(=O)O)ccc2OC)c(=O)[nH]c1=O,,random_balanced,BB-1898,BB-0028,1,0,0.5477376293717495
BB-1823 BB-1994,"[1823, 1994]",[78],CC(C)(C)OC(=O)N1C[C@H]2C[C@@H]1C[C@@H](C(=O)NC(CO)Cc1ccccc1Cl)O2,,random_balanced,BB-1823,BB-1994,1,2,0.6258421765478971
BB-0920 BB-1683,"[920, 1683]",[49],C[C@@](CO)(Nc1ncnc2c1ncn2C1CCCc2cn(CC(F)(F)F)nc21)c1ccccc1,,random_balanced,BB-0920,BB-1683,1,0,0.45704476484417345
BB-1804 BB-0857,"[1804, 857]",[81],CCCN(C1CCN(C)C1)S(=O)(=O)c1ccc(OCC)nc1,,random_balanced,BB-1804,BB-0857,0,0,0.6949337256116187
BB-0441 BB-1658,"[441, 1658]",[44],COc1cccc(C(CC(C)=O)N2CCc3nc(C4CCC4)[nH]c3C2)c1,,random_balanced,BB-0441,BB-1658,0,0,0.6401690679100511
BB-1591 BB-0926,"[1591, 926]",[124],CC(C)(C)OC(=O)N1CCc2ccnc(Nc3ncnc4c3ncn4-c3ccc(F)c(I)c3F)c2C1,,random_balanced,BB-1591,BB-0926,1,1,0.06287704514910736
BB-1371 BB-0364,"[1371, 364]",[81],CC(C)c1ccc2c(c1)N(S(=O)(=O)c1sc3ccccc3c1Br)CCO2,,random_balanced,BB-1371,BB-0364,1,0,0.5999049503933611
BB-1953 BB-1954,"[1953, 1954]",[28],C[C@@H](NC(=O)N1CCN2CCCC2C12CC(NC(=O)OC(C)(C)C)C2)c1coc2c(F)cccc12,,random_balanced,BB-1953,BB-1954,3,0,0.45081112347458396
BB-0218 BB-1065,"[218, 1065]",[105],COCCCCc1cccnc1NC(=O)C(=O)N(Cc1cccs1)C1CCOC1,,random_balanced,BB-0218,BB-1065,0,0,0.5709239686449413
BB-1901 BB-0373,"[1901, 373]",[40],Cn1ccc(CC(C(=O)O)N2C(=O)C(C(F)(F)F)N(C(=O)OC(C)(C)C)C2=O)n1,,random_balanced,BB-1901,BB-0373,0,1,0.30991539407256175
BB-1980 BB-1614,"[1980, 1614]",[138],CCC1(Cc2cc(C)c(C#N)c([N+](=O)[O-])c2)CCCC1,,random_balanced,BB-1980,BB-1614,0,0,0.3123780500007194
BB-1794 BB-0469,"[1794, 469]",[50],COC(=CC(OCCNc1nc(N2CCN(c3ccccc3)CC2)nc2ccccc12)(C(=O)O)C(F)(F)F)OC,,random_balanced,BB-1794,BB-0469,0,1,0.1210396694432983
BB-0429 BB-1671,"[429, 1671]",[50],CN1CCN(Cc2cc(C=O)ccc2OC(C)(Cc2ccncc2)C(=O)O)CC1,,random_balanced,BB-0429,BB-1671,1,0,0.7724266514937399
BB-1487 BB-1510,"[1487, 1510]",[4],CC(C)NC(=O)NCCN1CCN(C(=O)[C@@H]2CCCN2C2=NS(=O)(=O)c3ccccc32)CC1,,random_balanced,BB-1487,BB-1510,1,0,0.30885143877032734
BB-0080 BB-0979,"[80, 979]",[28],CCC(CNC(=O)NC(CCCOC)Cc1ccccc1)Cc1cccc(Br)c1,,random_balanced,BB-0080,BB-0979,1,2,0.5686813651643697
BB-0655 BB-1390,"[655, 1390]",[15],C=CCCOCc1c(Br)cncc1SCCc1cc(F)ccc1OC,,random_balanced,BB-0655,BB-1390,0,2,0.4621156486012757
BB-0551 BB-0647,"[551, 647]",[146],NCc1cc(N(CC(F)F)CC(F)(F)F)cc2cccnc12,,random_balanced,BB-0551,BB-0647,2,0,0.43472253769991925
BB-0006 BB-0437,"[6, 437]",[108],CSc1ccc([N+](=O)[O-])cc1C(C)N1CCCCCC1CC(C)O,,random_balanced,BB-0006,BB-0437,0,1,0.4420071822756117
BB-1954 BB-0065,"[1954, 65]",[30],CC(C)(C)OC(=O)NC1CC2(C1)C1CCCN1CCN2C(=O)C(=O)NC1CCCN(c2ccc(Cl)c(Cl)c2)C1,,random_balanced,BB-1954,BB-0065,1,0,0.12340509260813239
BB-0205 BB-0211,"[205, 211]",[105],O=C(NC1CCC(C(F)(F)F)CC1)C(=O)N1CCC(Oc2ncccc2Br)CC1,,random_balanced,BB-0205,BB-0211,0,0,0.208367922289858
BB-0851 BB-1564,"[851, 1564]",[51],C#Cc1cc(COC(=O)c2cccc(C)c2OCC=C)ccn1,,random_balanced,BB-0851,BB-1564,2,0,0.6942376925397465
BB-0331 BB-0133,"[331, 133]",[5],CCn1cnnc1C1CCN(c2cnc(N(C)C)c3c2CCNC3)CC1,,random_balanced,BB-0331,BB-0133,0,1,0.6922659826212305
BB-0502 BB-0145,"[502, 145]",[89],Cc1cc(NC(=O)C(C)Sc2ccc(N)c(CO)c2F)on1,,random_balanced,BB-0502,BB-0145,0,1,0.6080144630202301
BB-1873 BB-0794,"[1873, 794]",[125],Cc1ccc(OCC(=O)O)c2c1C(C)CC2(OC(=O)C1CCC2CN(C(=O)OC(C)(C)C)CC2C1)C(=O)O,,random_balanced,BB-1873,BB-0794,2,1,0.4396838283420263
BB-0409 BB-0577,"[409, 577]",[79],CC(Nc1cnc2c(C(=O)O)cccn12)C(=O)Nc1cc(C(F)(F)F)n[nH]1,,random_balanced,BB-0409,BB-0577,1,0,0.7082997645343668
BB-1096 BB-1852,"[1096, 1852]",[98],CCCOCCOC(=O)C(CC)Oc1ccccc1Cl,,random_balanced,BB-1096,BB-1852,0,1,0.6159980704716902
BB-0988 BB-0558,"[988, 558]",[124],Cc1ccsc1C(Cc1ccccc1)n1cnc2c(NC3CCCN(c4ccc(Cl)cc4Cl)C3=O)ncnc21,,random_balanced,BB-0988,BB-0558,0,1,0.10382799491305902
BB-0021 BB-0389,"[21, 389]",[71],O=[N+]([O-])c1ccc2cc(NCC(F)(F)C3CC3)cnc2c1,,random_balanced,BB-0021,BB-0389,0,1,0.45039880183110514
BB-0589 BB-0731,"[589, 731]",[78],CC(C)(C)OC(=O)N1CCOC[C@H]1C(=O)N1CCO[C@H](C(F)F)C1,,random_balanced,BB-0589,BB-0731,0,1,0.3204128808549676
BB-1563 BB-1854,"[1563, 1854]",[37],CCc1ccc2oc(C(=O)NC[C@H]3C[C@@H](C(C)C)c4ccccc43)c(C)c2c1,,random_balanced,BB-1563,BB-1854,1,0,0.3756135111808888
BB-1665 BB-1245,"[1665, 1245]",[15],Cc1ccc2[nH]c(=O)ccc2c1Sc1ccc(C(N)COc2ccccc2)cc1F,,random_balanced,BB-1665,BB-1245,1,1,0.25764480785822336
BB-0460 BB-0825,"[460, 825]",[78],CCc1nn(C)c2ncc(C(=O)N3CC4(CCOCC4)C(F)(C(=O)OC)C3)cc12,,random_balanced,BB-0460,BB-0825,0,2,0.6198377838513
BB-1739 BB-0346,"[1739, 346]",[129],CC(C)CC(c1nnc2ccccn12)N1C(=O)NC[C@H](N)C1=O,,random_balanced,BB-1739,BB-0346,1,0,0.6583451043352613
BB-1153 BB-1227,"[1153, 1227]",[41],Cc1cc(N(C)C)ccc1Oc1ccncc1F,,random_balanced,BB-1153,BB-1227,0,0,0.4350713006306507
BB-1093 BB-0043,"[1093, 43]",[108],CCOC(=O)c1cc(CN2CCC(C(=O)OC)(c3ccc(OC)cc3)C2)oc1C(C)C,,random_balanced,BB-1093,BB-0043,0,0,0.6497190681470223
BB-1781 BB-1048,"[1781, 1048]",[78],Cc1n[nH]c2c(C(=O)N3CC(CC(=O)O)c4cc(Br)ccc43)cccc12,,random_balanced,BB-1781,BB-1048,0,0,0.6997704223205777
BB-1421 BB-0347,"[1421, 347]",[127],Cn1ncc2c1CCCC2COC(=O)c1cccnc1OCCO,,random_balanced,BB-1421,BB-0347,0,0,0.47518596153291254
BB-1056 BB-1231,"[1056, 1231]",[63],CCOc1sc(C)nc1-c1ccc(C=O)o1,,random_balanced,BB-1056,BB-1231,1,1,0.10661703974989177
BB-1853 BB-1569,"[1853, 1569]",[24],CC(C)(O)c1cnc(S(=O)(=O)c2cc(-n3ccc(C(=O)O)n3)ccc2Cl)cn1,,random_balanced,BB-1853,BB-1569,1,0,0.3511691407464443
BB-1632 BB-1493,"[1632, 1493]",[15],COC(=O)Cc1cc2c(c(Sc3cccc4nc(C)[nH]c(=O)c34)c1)OCC2,,random_balanced,BB-1632,BB-1493,1,1,0.6959701691273511
BB-1605 BB-0304,"[1605, 304]",[78],N#CCSCC(=O)N1CCCN(c2nc3ccccc3[nH]2)CC1,,random_balanced,BB-1605,BB-0304,2,1,0.6961594148229919
BB-1445 BB-0198,"[1445, 198]",[66],COc1ccc(-c2[nH]ncc2C(O)CCCc2scnc2C)cc1,,random_balanced,BB-1445,BB-0198,0,1,0.2741084756116485
BB-1345 BB-0830,"[1345, 830]",[89],CCOC(=O)C(=O)c1sc(C)cc1Sc1ccc2ncn(C)c(=O)c2c1,,random_balanced,BB-1345,BB-0830,0,1,0.5444830444171423
BB-1799 BB-0600,"[1799, 600]",[78],CC(C)(C)OC(=O)[C@@H]1NC[C@H]1c1ccc(C(=O)NCCCOc2ccc(C(C)(C)C)cc2)cc1,,random_balanced,BB-1799,BB-0600,2,0,0.06141771167522769
BB-0008 BB-1884,"[8, 1884]",[15],CCOC(=O)CC(=O)C(F)(F)Sc1cccc2c(=O)[nH]sc12,,random_balanced,BB-0008,BB-1884,0,0,0.42635208374884753
BB-1935 BB-1877,"[1935, 1877]",[78],COc1ccc(N2CCN(C(C)C(=O)N(C)C3CCN(c4ccc(C(F)(F)F)nc4)CC3)CC2)cc1,,random_balanced,BB-1935,BB-1877,0,0,0.1887858884373153
BB-1247 BB-0810,"[1247, 810]",[146],CC(C)(C)OC(=O)N1CCOc2cc(NC34CCC(F)(CC3)C4)cnc21,,random_balanced,BB-1247,BB-0810,1,1,0.11041308877357368
BB-1942 BB-0412,"[1942, 412]",[4],CCCNC(C(=O)NC(CC)c1nc(C)n[nH]1)C(C)C,,random_balanced,BB-1942,BB-0412,1,1,0.5424537830344587
BB-0633 BB-1912,"[633, 1912]",[68],CC(=O)Nc1cc2c(cc1C#CCN(C)C(N)=NC(=N)N)C(=O)CC2,,random_balanced,BB-0633,BB-1912,1,0,0.5063297716905214
BB-1672 BB-0789,"[1672, 789]",[5],O=C1CC2CC(CN3CCC4CCCC3C4)(C2)N1,,random_balanced,BB-1672,BB-0789,0,1,0.16209357621068585
BB-0612 BB-1639,"[612, 1639]",[37],O=C(Cl)CCCC(=O)NC1CCc2c(C(=O)O)cc(C(=O)O)cc21,,random_balanced,BB-0612,BB-1639,0,1,0.6660646623181421
BB-0395 BB-0734,"[395, 734]",[108],CC(NC1CCOc2ncc(C(=O)O)cc21)c1ccc(S(=O)(=O)N(C)C)cc1,,random_balanced,BB-0395,BB-0734,0,1,0.7294921651892219
BB-0165 BB-1869,"[165, 1869]",[112],C=C1CC1C(=O)N1CCN(c2ccc(Br)cc2C(F)(F)F)CC1,,random_balanced,BB-0165,BB-1869,1,0,0.48057767242594057
BB-1136 BB-0504,"[1136, 504]",[125],CCOC(=O)c1cnn(C)c1C(C)(C(=O)O)N(C(=O)OC(C)(C)C)C1CCCC2CN(Cc3ccccc3)CC21,,random_balanced,BB-1136,BB-0504,0,0,0.3520435628017915
BB-1660 BB-0615,"[1660, 615]",[114],COCc1nnc(CC2COc3cc(O)ccc32)o1,,random_balanced,BB-1660,BB-0615,0,0,0.24698750329035188
BB-1515 BB-1766,"[1515, 1766]",[41],N#CC1(COc2cc([N+](=O)[O-])ccc2S(=O)(=O)NC(Cc2ccccc2)C(=O)O)COC1,,random_balanced,BB-1515,BB-1766,0,0,0.5944546684773182
BB-0265 BB-1028,"[265, 1028]",[108],COc1ccc(-n2ncc(C(N)=O)c2NCc2nc(OC)ccc2F)cc1,,random_balanced,BB-0265,BB-1028,0,2,0.4589489198247427
BB-0105 BB-0411,"[105, 411]",[66],COc1ccc(OCCC(O)c2cn(C)nc2C2CCC2)cc1OC,,random_balanced,BB-0105,BB-0411,1,1,0.6883742402380238
BB-1969 BB-0589,"[1969, 589]",[50],CC(C)(C)OC(=O)N1CCOC[C@H]1C(=O)OC(C)(CCCN1C(=O)c2ccccc2C1=O)C(=O)O,,random_balanced,BB-1969,BB-0589,0,1,0.12687054063845715
BB-1596 BB-1897,"[1596, 1897]",[51],CC(OC(=O)CCC1CN(C(=O)OC(C)(C)C)CCO1)c1ccc(S(N)(=O)=O)cc1,,random_balanced,BB-1596,BB-1897,1,1,0.11740663693453249
BB-1610 BB-1321,"[1610, 1321]",[37],CCc1cc(C(=O)N(CC)Cc2cccc(-c3ccncc3)c2)c2c(C)nn(-c3ccccc3)c2n1,,random_balanced,BB-1610,BB-1321,0,0,0.6174532393531176
BB-1736 BB-0698,"[1736, 698]",[30],CCOC(=O)C1(F)CN(C(=O)C(=O)NC(CO)C2CCC(F)(F)CC2)CC12CCC2,,random_balanced,BB-1736,BB-0698,0,0,0.4234147922154177
BB-1956 BB-1226,"[1956, 1226]",[65],Cc1cc(N)ncc1C(=O)c1cc(N2CCNCC2)ccc1O,,random_balanced,BB-1956,BB-1226,0,2,0.6543185302082156
BB-1475 BB-0798,"[1475, 798]",[108],Cc1[nH]c2cccnc2c1CN[C@H]1Cc2ccccc2[C@@H]1NC(=O)OC(C)(C)C,,random_balanced,BB-1475,BB-0798,0,0,0.5913180633187973
BB-0884 BB-0043,"[884, 43]",[30],COC(=O)C1(c2ccc(OC)cc2)CCN(C(=O)C(=O)NC(CCO)c2cccc(C)c2)C1,,random_balanced,BB-0884,BB-0043,1,1,0.3066338887357048
BB-1907 BB-0953,"[1907, 953]",[78],C#CC(O)CNC(=O)C(NC)c1cc(OC)ccc1Br,,random_balanced,BB-1907,BB-0953,2,1,0.6405583281049396
BB-0667 BB-1210,"[667, 1210]",[15],O=S(=O)(Nc1ccc(F)c(Cl)c1)c1cc(Cl)c(SC(Cl)C(Cl)C(Cl)Cl)cc1Cl,,random_balanced,BB-0667,BB-1210,0,1,0.2609257340731568
BB-1332 BB-1929,"[1332, 1929]",[15],CC(C)n1ncc(N)c1Sc1cc(CN)cc(OC(F)(F)F)c1,,random_balanced,BB-1332,BB-1929,1,2,0.61910389101394
BB-0988 BB-1996,"[988, 1996]",[33],Cc1nc(C)c2c(C)c(C(C)NC(Cc3ccccc3)c3sccc3C)sc2n1,,random_balanced,BB-0988,BB-1996,1,0,0.505045556320097
BB-0177 BB-1220,"[177, 1220]",[79],CCCOc1cccc(CN[C@@H]2C[C@H]3CC[C@@H]2C[C@@]3(C)C(=O)O)c1,,random_balanced,BB-0177,BB-1220,0,0,0.625175258311073
BB-0159 BB-1917,"[159, 1917]",[78],CC(C)[C@@H](C(=O)N1CC=C(c2cccnc2)CC1)n1sc2ccccc2c1=O,,random_balanced,BB-0159,BB-1917,1,0,0.7899970703395766
BB-0275 BB-1040,"[275, 1040]",[105],COc1ccc(OC)c2c1CCN(C(=O)C(=O)N(C)C1(CNC(=O)OC(C)(C)C)COC1)C2,,random_balanced,BB-0275,BB-1040,0,0,0.0844640212245153
BB-0282 BB-0678,"[282, 678]",[103],CO[C@H]1C[C@@H](CNC(=O)NCC(C)n2cc(C)cn2)N(c2cc(C)ncn2)C1,,random_balanced,BB-0282,BB-0678,0,1,0.7448312537461892
BB-0837 BB-0210,"[837, 210]",[66],Cn1nc([N+](=O)[O-])cc1C(C)(O)C12CC(C3CNC3)(C1)C2,,random_balanced,BB-0837,BB-0210,0,1,0.11391069115191474
BB-0938 BB-0304,"[938, 304]",[37],CCN1C(=O)C[C@H](C(=O)N2CCCN(c3nc4ccccc4[nH]3)CC2)[C@H]1c1ccncc1,,random_balanced,BB-0938,BB-0304,0,2,0.6982799723747946
BB-1946 BB-0499,"[1946, 499]",[127],O=C(OCc1ccc(Oc2ccccc2F)cc1)c1c[nH]nc1C1CCCN(C(=O)OCC2c3ccccc3-c3ccccc32)C1,,random_balanced,BB-1946,BB-0499,1,1,0.0638073632726328
BB-1633 BB-1736,"[1633, 1736]",[78],O=C(NC(CO)C1CCC(F)(F)CC1)c1cccc(Cn2cc(Br)cn2)c1,,random_balanced,BB-1633,BB-1736,2,1,0.5251554570127436
BB-0924 BB-1994,"[924, 1994]",[30],O=C(NC(CO)Cc1ccccc1Cl)C(=O)N1CCC(c2cccc(C(F)(F)F)n2)CC1,,random_balanced,BB-0924,BB-1994,1,3,0.2034094257429785
BB-1902 BB-1773,"[1902, 1773]",[127],COc1ccc(CC(=O)OC(C)(C)c2n[nH]c3c2CCC3)cc1F,,random_balanced,BB-1902,BB-1773,0,1,0.6928166131581857
BB-1908 BB-0780,"[1908, 780]",[78],O=C(COc1ccc([N+](=O)[O-])cc1)NS(=O)(=O)c1cc(F)cc(F)c1,,random_balanced,BB-1908,BB-0780,1,0,0.289216627131807
BB-1955 BB-1988,"[1955, 1988]",[118],COc1ccc(CC(O)CNCc2cc(C(=O)O)c3n2CCCC3)cc1OC,,random_balanced,BB-1955,BB-1988,0,1,0.45429482542903277
BB-0738 BB-1087,"[738, 1087]",[37],CCCc1ccc(C(C)N(CC(N)=O)C(=O)c2cc(CC)[nH]n2)cc1,,random_balanced,BB-0738,BB-1087,0,1,0.7188100335070972
BB-1042 BB-1770,"[1042, 1770]",[28],CC(C)C(C#N)NC(=O)Nc1[nH]nc(OCCCO)c1C#N,,random_balanced,BB-1042,BB-1770,1,0,0.21844186004994717
BB-0541 BB-0028,"[541, 28]",[125],CCn1c(N)c(C(CCl)(C(=O)O)n2nc(C)c3ccc(F)nc32)c(=O)[nH]c1=O,,random_balanced,BB-0541,BB-0028,1,1,0.5278858561265771
BB-0536 BB-1210,"[536, 1210]",[41],CCCCCCCCCCC(CCCCCC)Oc1cc(S(=O)(=O)Nc2ccc(F)c(Cl)c2)c(Cl)cc1Cl,,random_balanced,BB-0536,BB-1210,1,2,0.07025317457562028
BB-0424 BB-0133,"[424, 133]",[66],CN(C)c1ncc(C2(O)C(=O)N(CCC(=O)O)c3cc(F)ccc32)c2c1CNCC2,,random_balanced,BB-0424,BB-0133,0,2,0.8457414545147833
BB-1084 BB-0228,"[1084, 228]",[125],COC(=O)[C@@](C)(OC(C)(C(=O)O)c1cc(C)cc(Cl)c1O)c1ccccc1,,random_balanced,BB-1084,BB-0228,0,1,0.5237916228454131
BB-0371 BB-0316,"[371, 316]",[79],CC(C)C(CN[C@H](CC(=O)O)Cc1ccccc1Br)C(C)C,,random_balanced,BB-0371,BB-0316,1,2,0.42903994538348666
BB-1098 BB-0775,"[1098, 775]",[62],COC(=O)C1(C(=O)[C@H]2[CH]OC(C)(C)O2)CCC2(CC(=O)N2)C1,,random_balanced,BB-1098,BB-0775,0,1,0.441127500887811
BB-0031 BB-0293,"[31, 293]",[65],Cc1c(CCl)oc2ccc(C(=O)Cc3ccc(O)cc3)cc2c1=O,,random_balanced,BB-0031,BB-0293,0,1,0.5076676451872391
BB-1906 BB-0454,"[1906, 454]",[30],Cc1ccc(C(C)NC(=O)C(=O)N2CCc3cc(C(F)(F)F)[nH]c3C2)cc1[N+](=O)[O-],,random_balanced,BB-1906,BB-0454,0,1,0.5965265550181186
BB-1231 BB-0297,"[1231, 297]",[79],O=Cc1ccc(N[C@H]2CCc3c(Cl)cccc32)o1,,random_balanced,BB-1231,BB-0297,2,0,0.046833866978029104
BB-0108 BB-0264,"[108, 264]",[13],Cc1cc(F)sc1-c1nc2cc(F)cnc2n1C,,random_balanced,BB-0108,BB-0264,0,1,0.13080497484073125
BB-1967 BB-0351,"[1967, 351]",[105],CCc1cc(Br)cc2c1N(C(=O)C(=O)NCc1cc(F)cc3c1OCOC3)CCC2,,random_balanced,BB-1967,BB-0351,0,1,0.5750015190848051
BB-1988 BB-0007,"[1988, 7]",[28],Cc1nnc2cc(NC(=O)NCc3cc(C(=O)O)c4n3CCCC4)ccn12,,random_balanced,BB-1988,BB-0007,2,2,0.37729885707234745
BB-0772 BB-0326,"[772, 326]",[5],Cc1nn(CCCO)c(C)c1Nc1c(C(N)=O)nn(C)c1C,,random_balanced,BB-0772,BB-0326,1,0,0.5722346799858372
BB-1697 BB-1765,"[1697, 1765]",[138],COc1cc2c(cc1-c1cc3c(cc1F)CNC3)CCNC2,,random_balanced,BB-1697,BB-1765,0,1,0.649185322264334
BB-1271 BB-0165,"[1271, 165]",[15],NNC(=O)c1ccn(COc2ccc(Sc3ccc(N4CCNCC4)c(C(F)(F)F)c3)cc2)n1,,random_balanced,BB-1271,BB-0165,0,2,0.07119678764252743
BB-1935 BB-1799,"[1935, 1799]",[78],COc1ccc(N2CCN(C(C)C(=O)N3C[C@@H](c4ccc(C(=O)O)cc4)[C@@H]3C(=O)OC(C)(C)C)CC2)cc1,,random_balanced,BB-1935,BB-1799,1,3,0.2718786641473588
BB-0643 BB-1837,"[643, 1837]",[108],N#Cc1ccc(N2CCCN(CCCCCCO)CC2)c(F)c1,,random_balanced,BB-0643,BB-1837,0,1,0.3641680948791466
BB-0612 BB-1920,"[612, 1920]",[62],CN1C(=O)C(C(=O)CCCC(=O)Cl)C[C@H](C(=O)O)[C@H]1c1cccs1,,random_balanced,BB-0612,BB-1920,1,0,0.5763321786044634
BB-1584 BB-1913,"[1584, 1913]",[127],CCc1c(C(=O)OC(c2cc(OC)ns2)S(=O)(=O)[O-])cnn1CC,,random_balanced,BB-1584,BB-1913,0,0,0.6187304808051091
BB-1997 BB-0297,"[1997, 297]",[5],N[C@H]1CCc2c1cccc2N1CCC(n2cnc3cccnc32)CC1,,random_balanced,BB-1997,BB-0297,1,1,0.7062046241918148
BB-1515 BB-1397,"[1515, 1397]",[65],Cn1c(C(=O)O)c(Cl)c2ccc(C(=O)C3(CO)COC3)cc21,,random_balanced,BB-1515,BB-1397,1,1,0.4003750837018531
BB-0912 BB-0021,"[912, 21]",[38],O=[N+]([O-])c1ccc2cc(-c3ccccc3C3CCCC3)cnc2c1,,random_balanced,BB-0912,BB-0021,0,1,0.5356283385942049
BB-1540 BB-0898,"[1540, 898]",[24],Cc1cc2c(c(S(=O)(=O)c3cccc(CS)c3Cl)c1Br)OCO2,,random_balanced,BB-1540,BB-0898,0,0,0.48881733160694496
BB-0296 BB-0254,"[296, 254]",[100],C#CC(C)S(=O)(=O)c1nccc2c1S(=O)(=O)NCCN2,,random_balanced,BB-0296,BB-0254,0,0,0.07615873801802514
BB-0102 BB-0559,"[102, 559]",[66],CC(O)(c1cnc(C(F)(F)F)cc1N)C12CC(c3ccccc3)(C1)C2(F)F,,random_balanced,BB-0102,BB-0559,1,0,0.5363747201050056
BB-0735 BB-0058,"[735, 58]",[146],COc1cc(C)c(O)c(Nc2ccc(Cn3cc(Br)cn3)cc2)c1,,random_balanced,BB-0735,BB-0058,1,1,0.5340937387770914
BB-1689 BB-1355,"[1689, 1355]",[71],CCCc1cc(C(=O)O)cc(NC2CCC(CCCC(=O)O)C2)n1,,random_balanced,BB-1689,BB-1355,0,1,0.6499071474105775
BB-0761 BB-0148,"[761, 148]",[78],COC(=O)/C=C/CC(C)(C)NC(=O)[C@@H]1[C@H]2C[C@H](CN(C(=O)OC(C)(C)C)C2)[C@H]1C(F)(F)F,,random_balanced,BB-0761,BB-0148,0,1,0.5599220373559974
BB-1192 BB-1458,"[1192, 1458]",[15],CS(=O)(=O)c1ccc(-n2nnnc2CSCCC=C(F)F)cc1,,random_balanced,BB-1192,BB-1458,1,0,0.1725980879605271
BB-1984 BB-0630,"[1984, 630]",[78],COC(=O)C[C@H](NC(=O)CC1CN(C(=O)OC(C)(C)C)CC1(C)C)c1ccnc(O)c1,,random_balanced,BB-1984,BB-0630,0,0,0.28502094087056634
BB-1807 BB-1937,"[1807, 1937]",[112],CC(=O)c1cc(C(=O)N2CCC[C@@H]2Cn2cncn2)[nH]n1,,random_balanced,BB-1807,BB-1937,0,1,0.31922125263103523
BB-1693 BB-0987,"[1693, 987]",[63],Cc1c(-c2nn(C(C)(C)C)c3ncnc(O)c23)c(=O)n(C2CCCC2)c2nc(Cl)ncc12,,random_balanced,BB-1693,BB-0987,1,1,0.7661560777770687
BB-0753 BB-1909,"[753, 1909]",[81],COC(=O)c1cnn(C)c1S(=O)(=O)N[C@@H]1CCOC1,,random_balanced,BB-0753,BB-1909,0,1,0.32976873022095776
BB-0587 BB-0930,"[587, 930]",[30],CN(CC(F)F)C1CCN(C(=O)C(=O)N2CCCC(c3cn[nH]c3C(=O)O)C2)CC1,,random_balanced,BB-0587,BB-0930,0,0,0.35044947930945497
BB-0468 BB-0466,"[468, 466]",[108],CSCC1(CNC(C)C(C#N)c2cccc(Br)c2)CC(F)(F)C1,,random_balanced,BB-0468,BB-0466,1,0,0.41418478923426993
BB-1031 BB-1682,"[1031, 1682]",[125],CC(C)(C)OC(=O)N(C1CCCN(S(C)(=O)=O)C1)C(CN)(C(=O)O)c1ccc(Br)cc1,,random_balanced,BB-1031,BB-1682,0,2,0.28068019824454643
BB-0665 BB-1573,"[665, 1573]",[79],Cn1nccc1C(O)C1CCN(CC(=O)N2CCN(C(=O)Nc3ccccc3)CC2)CC1,,random_balanced,BB-0665,BB-1573,0,1,0.1864666231348139
BB-1347 BB-1902,"[1347, 1902]",[51],CCc1nc(C(C)C)ccc1C(=O)OC(C)(C)c1n[nH]c2c1CCC2,,random_balanced,BB-1347,BB-1902,0,1,0.706319145927728
BB-0497 BB-1148,"[497, 1148]",[48],CCCC(NCc1cn(Cc2cnc(C)s2)nn1)C(=O)N(CC)C1CCCC1,,random_balanced,BB-0497,BB-1148,0,1,0.24817236766270662
BB-1242 BB-1049,"[1242, 1049]",[141],Cc1cc2c(c(C)c1C(O)c1cc(B3OC(C)(C)C(C)(C)O3)ccc1Cl)C(=O)CCO2,,random_balanced,BB-1242,BB-1049,1,1,0.708287791726889
BB-1911 BB-0136,"[1911, 136]",[78],Cc1cc2c(c(C(=O)N3Cc4nccc(O)c4C3)c1)NCCC2,,random_balanced,BB-1911,BB-0136,1,0,0.7277499269019397
BB-1809 BB-1895,"[1809, 1895]",[38],CP(C)(=O)c1ccccc1-c1cc(Cl)c([N+](=O)[O-])cc1C(F)(F)F,,random_balanced,BB-1809,BB-1895,0,1,0.25358230387700526
BB-0979 BB-1492,"[979, 1492]",[30],CCC(CNC(=O)C(=O)N(c1ccc(C(O)CN(N=O)C(C)C)cc1)S(C)(=O)=O)Cc1cccc(Br)c1,,random_balanced,BB-0979,BB-1492,3,0,0.056306522029849614
BB-0878 BB-0805,"[878, 805]",[5],Cc1nn2c(c1N(C)Cc1cc3c(cc1Br)OCO3)CNCC2,,random_balanced,BB-0878,BB-0805,1,0,0.5199168621323724
BB-1466 BB-0061,"[1466, 61]",[89],O=Cc1cc(-c2ccc(Sc3cccc(C4(O)CCC(=O)CC4)c3)cc2)on1,,random_balanced,BB-1466,BB-0061,1,1,0.1835043417882572
BB-0089 BB-1898,"[89, 1898]",[89],COc1ccc(/C=C/C(=O)O)cc1Sc1ccc2c(c1F)C1(CNCC(C)C1)OC(=O)N2,,random_balanced,BB-0089,BB-1898,1,2,0.6996004665122799
BB-1006 BB-1225,"[1006, 1225]",[30],CCCN(Cc1ccc(B2OC(C)(C)C(C)(C)O2)cc1)C(=O)C(=O)N1CCOC(c2cccc([N+](=O)[O-])c2)C1,,random_balanced,BB-1006,BB-1225,0,1,0.13022159040847808
BB-0574 BB-1100,"[574, 1100]",[79],O=C1Nc2ccc(Br)cc2CCC1Nc1cccc2c1S(=O)(=O)CCC2,,random_balanced,BB-0574,BB-1100,0,1,0.7318276414147807
BB-0604 BB-1764,"[604, 1764]",[37],COC(=O)c1ccc(C2(O)CCN(C(=O)Cc3cc4cnccc4nc3C)C2)cc1,,random_balanced,BB-0604,BB-1764,1,1,0.5712940568066859
BB-0548 BB-0531,"[548, 531]",[78],Cc1cccc(COCC(=O)NCC(=O)NCCc2ccccc2)c1,,random_balanced,BB-0548,BB-0531,0,0,0.4996002365791084
BB-1795 BB-1843,"[1795, 1843]",[15],CC(C)(C)OC(=O)N1CCc2cc(Sc3sccc3CO)c([N+](=O)[O-])cc2C1,,random_balanced,BB-1795,BB-1843,1,1,0.28136463953825136
BB-1523 BB-1305,"[1523, 1305]",[108],Cc1ccc(C)c([N+](=O)[O-])c1CN1CCCC(CNC(=O)c2ccco2)C1,,random_balanced,BB-1523,BB-1305,1,0,0.8013244081008786
BB-0626 BB-0096,"[626, 96]",[125],CCOC(=O)c1c(C)c(C(=O)O)c(C)n1C(CN)(C(=O)O)c1ccc(OC)c(Cl)c1,,random_balanced,BB-0626,BB-0096,0,1,0.5074197460894191
BB-1947 BB-0797,"[1947, 797]",[30],COC(=O)C[C@@H](Cc1cccc(F)c1)NC(=O)C(=O)Nc1ccc2c(c1)S(=O)(=O)NC2=O,,random_balanced,BB-1947,BB-0797,1,1,0.30380878189991783
BB-0613 BB-0452,"[613, 452]",[28],CCN(C(=O)Nc1cc(CNC(=O)OC(C)(C)C)cc(C(F)(F)F)c1)C1CCSc2ccc(Br)cc21,,random_balanced,BB-0613,BB-0452,1,1,0.19471615495163908
BB-0860 BB-0768,"[860, 768]",[28],CC(C)Cc1nn(C)c(C(N)=O)c1NC(=O)NC(CC(=O)O)c1cccc(I)c1,,random_balanced,BB-0860,BB-0768,0,1,0.7039391087978157
BB-0585 BB-0033,"[585, 33]",[63],COC(=O)c1cc(-c2ccccc2-c2ccc(C(CC(=O)O)CC(=O)O)cc2C)on1,,random_balanced,BB-0585,BB-0033,0,1,0.7794536203121352
BB-0441 BB-0191,"[441, 191]",[146],CCOC(=O)c1c(CBr)sc2c(N3CCc4nc(C5CCC5)[nH]c4C3)cccc12,,random_balanced,BB-0441,BB-0191,1,1,0.5347481014379741
BB-1553 BB-0165,"[1553, 165]",[38],Fc1cc(F)c(C(F)F)cc1-c1ccc(N2CCNCC2)c(C(F)(F)F)c1,,random_balanced,BB-1553,BB-0165,0,3,0.6736757338113026
BB-1801 BB-1052,"[1801, 1052]",[79],FC(F)/C=C/CNc1cccnc1OC(F)F,,random_balanced,BB-1801,BB-1052,0,0,0.21369022763955045
BB-0507 BB-1700,"[507, 1700]",[50],CC(CC(C)C1CCCCC1)OC(C)(CCc1n[nH]c2ccccc12)C(=O)O,,random_balanced,BB-0507,BB-1700,0,0,0.3391256903359103
BB-1847 BB-1349,"[1847, 1349]",[37],O=C(CCCS(=O)(=O)Cl)NC(C(=O)O)c1cc(F)ccc1F,,random_balanced,BB-1847,BB-1349,0,1,0.48672255615700716
BB-0749 BB-1315,"[749, 1315]",[71],Cn1nc2c(c1C(=O)O)CN(c1ccc3c(NCCCC(=O)O)ccnc3c1)C2,,random_balanced,BB-0749,BB-1315,0,0,0.44873360393898043
BB-0368 BB-0203,"[368, 203]",[125],CCCCCC(CC)C(=O)OC1(C(=O)O)CC2(CCCC2NC(=O)OC(C)(C)C)C1,,random_balanced,BB-0368,BB-0203,0,2,0.45149132595549757
BB-1312 BB-1258,"[1312, 1258]",[78],COC(=O)[C@H]1C(F)(F)[C@]12C[C@H](C(=O)Nc1nc(N)ccc1I)C2,,random_balanced,BB-1312,BB-1258,1,0,0.47519280687457865
BB-0834 BB-1591,"[834, 1591]",[63],Cc1ccc(-c2c(F)ccc(N)c2F)cc1NC(=O)CN,,random_balanced,BB-0834,BB-1591,2,2,0.6664764374838809
BB-1397 BB-0943,"[1397, 943]",[71],CC(C#CC(=O)O)Nc1ccc2c(Cl)c(C(=O)O)n(C)c2c1,,random_balanced,BB-1397,BB-0943,2,1,0.5619034305785534
BB-0965 BB-1104,"[965, 1104]",[118],COc1ccc(Cl)cc1N(CCC(=O)O)C(C(=O)OCc1ccccc1)C(C)(C)O,,random_balanced,BB-0965,BB-1104,0,1,0.5347644153514487
BB-0262 BB-1172,"[262, 1172]",[127],N#Cc1ccc([C@@H](OC(=O)[C@@H]2C=C[C@H](NC(=O)OCC3c4ccccc4-c4ccccc43)C2)C(=O)O)cc1,,random_balanced,BB-0262,BB-1172,1,0,0.05716501152935269
BB-1201 BB-1350,"[1201, 1350]",[25],Cc1c(C=O)c(O)cc(O)c1S(=O)(=O)c1cc(Cl)cc(C(N)C(F)(F)C(=O)O)c1,,random_balanced,BB-1201,BB-1350,2,1,0.6280123530441686
BB-0353 BB-1818,"[353, 1818]",[112],Nc1ccc(C(F)(F)F)cc1C(=O)NC1C2CCOC2C12CCC2,,random_balanced,BB-0353,BB-1818,1,2,0.509443375521762
BB-1976 BB-1417,"[1976, 1417]",[68],Cc1cc(OCC#Cc2nccn3c(C(F)(F)F)ncc23)no1,,random_balanced,BB-1976,BB-1417,0,1,0.33907401675909743
BB-0642 BB-0160,"[642, 160]",[79],Fc1cccc(OC(F)(F)F)c1CNc1ncnc2c1COCC2,,random_balanced,BB-0642,BB-0160,0,0,0.44157906547015574
BB-1834 BB-1161,"[1834, 1161]",[5],CC(C)CON(Cc1ccccc1)c1ccc(C(=O)O)cc1N1CCCC1=O,,random_balanced,BB-1834,BB-1161,1,0,0.4432471892144211
BB-1224 BB-1100,"[1224, 1100]",[108],O=C1Nc2ccc(Br)cc2CCC1NCc1ccc2c(c1O)OCO2,,random_balanced,BB-1224,BB-1100,2,2,0.6615233680373318
BB-1502 BB-0446,"[1502, 446]",[78],CC(CNC(=O)Cc1cc(F)c(F)cc1Cl)Cc1cn[nH]c1,,random_balanced,BB-1502,BB-0446,1,0,0.40674083467992495
BB-0000 BB-1544,"[0, 1544]",[71],CC(C)(C)OC(=O)N1CCCN(CCCNc2ccc3c(c2)CNS(=O)(=O)N3)CC1,,random_balanced,BB-0000,BB-1544,1,0,0.20866605387755222
BB-1659 BB-0237,"[1659, 237]",[100],COCOc1cc(C)cc(S(=O)(=O)c2cc(C(C)C)c(OCC3CO3)cc2C)c1Br,,random_balanced,BB-1659,BB-0237,3,1,0.5027384631927557
BB-1954 BB-1922,"[1954, 1922]",[30],CC(C)(C)OC(=O)NC1CC2(C1)C1CCCN1CCN2C(=O)C(=O)N1CCCCc2cc(Cl)ccc21,,random_balanced,BB-1954,BB-1922,2,1,0.47972261504830715
BB-1652 BB-1319,"[1652, 1319]",[105],CN(C(=O)C(=O)NCCc1occc1C(=O)O)c1cnc2ccccc2c1,,random_balanced,BB-1652,BB-1319,0,1,0.47754182448095905
BB-1821 BB-0196,"[1821, 196]",[66],CC(C)(C)OC(=O)N1CCC(O)(C#CC2CCOCC2)CC1=O,,random_balanced,BB-1821,BB-0196,0,0,0.3606916525843577
BB-0384 BB-0764,"[384, 764]",[109],CCN(Cc1nc2ccccc2c(=O)[nH]1)C(=O)Cc1c(C(=O)O)n(C)c2ccccc12,,random_balanced,BB-0384,BB-0764,0,1,0.7745930506619552
BB-0475 BB-0636,"[475, 636]",[13],NS(=O)(=O)c1ccc2[nH]c(C3(F)CC3)nc2c1,,random_balanced,BB-0475,BB-0636,0,0,0.20159619051733468
BB-0657 BB-0923,"[657, 923]",[89],CC(Sc1c(Br)c(CO)nn1C)C(=O)Nc1ccccc1C(C)C,,random_balanced,BB-0657,BB-0923,1,1,0.5159337526371295
BB-0581 BB-0681,"[581, 681]",[105],COC(=O)C1(F)CCN(C(=O)C(=O)N2CCOCC2c2c(C)nn(-c3ccccc3F)c2C)CC1,,random_balanced,BB-0581,BB-0681,1,1,0.5681351803850158
BB-0287 BB-1975,"[287, 1975]",[78],O=C(C1=C(c2ccccc2)N2CCS(=O)(=O)N=C2S1)N1CCN(c2ccc(Br)cc2)CC1,,random_balanced,BB-0287,BB-1975,0,1,0.5458450494288819
BB-1134 BB-0784,"[1134, 784]",[108],CCCCCCCCCC(C)CCN1c2ccccc2CCCC1C(N)=O,,random_balanced,BB-1134,BB-0784,0,1,0.24817020525631842
BB-1832 BB-0213,"[1832, 213]",[28],Cc1cc(NC(=O)NC[C@H](C)Oc2ccccc2)ccc1N1CCCS1(=O)=O,,random_balanced,BB-1832,BB-0213,1,0,0.15760073556385118
BB-1750 BB-1912,"[1750, 1912]",[125],CC(=O)Nc1cc2c(cc1Br)C(C(=O)O)(N1CCC(NC(C)=O)(c3nc(C)cs3)C1)CC2,,random_balanced,BB-1750,BB-1912,0,1,0.7930389223147021
BB-0980 BB-1359,"[980, 1359]",[39],CCc1cnc(-c2nnc(-c3ccccc3OCc3ccc(F)cc3)o2)o1,,random_balanced,BB-0980,BB-1359,0,0,0.36221495071919774
BB-0103 BB-0735,"[103, 735]",[63],CCC(C)Oc1ccc(-c2cnn(Cc3ccc(N)cc3)c2)cc1,,random_balanced,BB-0103,BB-0735,0,2,0.22721587439069638
BB-0455 BB-0333,"[455, 333]",[1],N=S(=O)(C=Cc1nc2cc(F)ccc2o1)N1CCCCC1,,random_balanced,BB-0455,BB-0333,1,1,0.4599086096078317
BB-0368 BB-0530,"[368, 530]",[78],CCCCCC(CC)C(=O)N(C)CC1CCc2nc(C)cn2C1,,random_balanced,BB-0368,BB-0530,1,0,0.5924833207138911
BB-1507 BB-1941,"[1507, 1941]",[25],COc1ccc(C2=NC(=Cc3cccnc3)C(=O)O2)c(S(=O)(=O)C(C)C(=O)N(C)C2(C#N)CCCCC2)c1,,random_balanced,BB-1507,BB-1941,0,0,0.35332611519299445
BB-0275 BB-1426,"[275, 1426]",[5],CN(c1ccc(CNN)c(Cl)c1)C1(CNC(=O)OC(C)(C)C)COC1,,random_balanced,BB-0275,BB-1426,1,0,0.45054730832553136
BB-0861 BB-0531,"[861, 531]",[30],CCc1csc(C2CCCN(C(=O)C(=O)NCC(=O)NCCc3ccccc3)C2)n1,,random_balanced,BB-0861,BB-0531,1,1,0.26056712203797944
BB-0208 BB-0091,"[208, 91]",[50],Cc1cc2c(cc1C)C(Oc1cc(O)c3c(=O)c4ccccc4[nH]c3c1)(C(=O)O)CCC2,,random_balanced,BB-0208,BB-0091,0,1,0.7194971087521267
BB-0245 BB-0958,"[245, 958]",[1],COc1cc(C=C(C#N)CN(CCC#N)c2ccccc2)ccc1OC(C)C(=O)O,,random_balanced,BB-0245,BB-0958,0,1,0.5265292564348285
BB-0391 BB-1248,"[391, 1248]",[108],CCCC(CNC1CCCCC1CCCC1CC1)C(=O)OCC,,random_balanced,BB-0391,BB-1248,1,2,0.5380623469532451
BB-1972 BB-1742,"[1972, 1742]",[50],CCOc1ccc(C(C)(OC(=O)[C@H]2C[C@@H](O)C[C@@H](C(=O)O)C2)C(=O)O)cc1S(N)(=O)=O,,random_balanced,BB-1972,BB-1742,1,1,0.7075842294102883
BB-1380 BB-0004,"[1380, 4]",[111],CCOC(=O)c1c(/C=C/c2nc(-c3cc(C(F)(F)F)ccc3NCCN)no2)c(C)n(CC)c1C,,random_balanced,BB-1380,BB-0004,0,0,0.41742347813740754
BB-1057 BB-0900,"[1057, 900]",[51],COc1ccc(C2C(COC(=O)Cn3c(C)c(Br)c4ccccc43)CCC(=O)N2C)cc1,,random_balanced,BB-1057,BB-0900,1,0,0.7249590031384497
BB-1699 BB-0868,"[1699, 868]",[71],CC(=O)c1cnc(N2CCN(c3ccc4c(c3)C(=O)N(C3CCC(=O)NC3=O)C4=O)C[C@@H]2C)c(Br)c1,,random_balanced,BB-1699,BB-0868,1,2,0.1277701753461527
BB-0907 BB-1624,"[907, 1624]",[24],COc1cccc(S(=O)(=O)c2nc(C3CC3)nc3c2CCC3)c1C1CNCCO1,,random_balanced,BB-0907,BB-1624,2,0,0.6380352046412462
BB-1072 BB-0433,"[1072, 433]",[89],COc1ccc(Sc2cn(C3CCCC3)nc2C=O)c(CCC(=O)O)c1,,random_balanced,BB-1072,BB-0433,1,0,0.5838313418017131
BB-1779 BB-0624,"[1779, 624]",[66],COc1cc(I)c(C2CC2)cc1C(O)(c1ccc(NC(C)=O)cc1)C(C)Cl,,random_balanced,BB-1779,BB-0624,1,0,0.7896732112326732
BB-1560 BB-1329,"[1560, 1329]",[41],O=C(O)C1CC1(F)OCCn1c(=O)oc2ccccc21,,random_balanced,BB-1560,BB-1329,0,2,0.2822502392388947
BB-1338 BB-0523,"[1338, 523]",[105],Cn1c(=O)c2c(nc(NCCNC(=O)C(=O)Nc3ccc4ccnn4c3)n2Cc2ccc(Cl)cc2Cl)n(C)c1=O,,random_balanced,BB-1338,BB-0523,0,1,0.07011059354700795
BB-0502 BB-0908,"[502, 908]",[89],Cc1cc(NC(=O)C(C)Sc2nnc(Cl)c(N)c2[N+](=O)[O-])on1,,random_balanced,BB-0502,BB-0908,1,1,0.6419243272939188
BB-0150 BB-1181,"[150, 1181]",[66],Cn1cc(C(C)(O)c2cc(=O)n(C)cc2[N+](=O)[O-])c(C2CCC2)n1,,random_balanced,BB-0150,BB-1181,1,1,0.38631737946307737
BB-0583 BB-0735,"[583, 735]",[78],CCOC(=O)c1[nH]c(C)c(C(=O)Nc2ccc(Cn3cc(Br)cn3)cc2)c1CC,,random_balanced,BB-0583,BB-0735,1,3,0.47508815022625084
BB-1071 BB-0371,"[1071, 371]",[23],COCCC1(C(=O)OCC(C(C)C)C(C)C)CNC1,,random_balanced,BB-1071,BB-0371,0,2,0.3179174906282563
BB-1591 BB-1430,"[1591, 1430]",[28],CCc1cc(=O)n2nc(NC(=O)Nc3ccc(F)c(I)c3F)[nH]c2n1,,random_balanced,BB-1591,BB-1430,3,1,0.16254858664005528
BB-1804 BB-0417,"[1804, 417]",[81],CCOc1ccc(S(=O)(=O)Nc2cc3cccc(Br)c3cn2)cn1,,random_balanced,BB-1804,BB-0417,1,0,0.4251854165407878
BB-0507 BB-0447,"[507, 447]",[108],CC(CCc1n[nH]c2ccccc12)N1CCn2ncc(C#N)c2C1,,random_balanced,BB-0507,BB-0447,1,1,0.32870689958068167
BB-1846 BB-1922,"[1846, 1922]",[108],CN(CC(=O)O)c1ccc(C(F)(F)F)cc1CN1CCCCc2cc(Cl)ccc21,,random_balanced,BB-1846,BB-1922,1,2,0.6390721515095157
BB-0799 BB-1698,"[799, 1698]",[38],N#CCc1ccc(-c2ccc(C(N)c3cccc(C#N)c3)cc2)cc1,,random_balanced,BB-0799,BB-1698,0,2,0.25444167348176133
BB-0079 BB-0760,"[79, 760]",[89],CC(=O)c1ncc(C)cc1Sc1ccc(OC(=S)Cl)cc1,,random_balanced,BB-0079,BB-0760,0,0,0.409984551990915
BB-1058 BB-0020,"[1058, 20]",[41],CCOC(=O)c1nc2c(Oc3ccc4ccccc4c3OC)cccn2c1N,,random_balanced,BB-1058,BB-0020,1,1,0.5571870449770102
BB-0237 BB-0693,"[237, 693]",[99],COCOc1cc(C)cc(S(=O)(=O)c2cccc(C3(C#N)CCC3)n2)c1Br,,random_balanced,BB-0237,BB-0693,2,0,0.5954066218716798
BB-1170 BB-0662,"[1170, 662]",[126],C#CC[C@@H](NC(=O)OC(C)(C)C)C(=O)OCc1cnc(SC)n1C,,random_balanced,BB-1170,BB-0662,0,0,0.5466516452283937
BB-0877 BB-0094,"[877, 94]",[23],Cc1cc(C)c([N+](=O)[O-])cc1COC(=O)[C@@H](CCC(F)F)NC(=O)OC(C)(C)C,,random_balanced,BB-0877,BB-0094,1,1,0.45400018936490616
BB-1222 BB-1121,"[1222, 1121]",[37],[N-]=[N+]=NC1CC2(CCC(C(=O)NCC#Cc3cc(Cl)cnc3F)C2)C1,,random_balanced,BB-1222,BB-1121,0,1,0.6845161146409525
BB-1621 BB-0257,"[1621, 257]",[141],O=Cc1nc(C(O)c2ccc3cc(I)ccc3c2)co1,,random_balanced,BB-1621,BB-0257,0,0,0.05015640662600802
BB-1520 BB-0592,"[1520, 592]",[125],CCCCc1cc(=O)oc2c(C)c(O)c(C(C=CN(C)C)(OC(=O)C3(OC)CC(CF)C3)C(=O)O)cc12,,random_balanced,BB-1520,BB-0592,0,1,0.6398745770111831
BB-1692 BB-1295,"[1692, 1295]",[1],CCOC1CC(C=C(C(=O)N(C)OC)C2CCCO2)C1,,random_balanced,BB-1692,BB-1295,0,0,0.35887967135931015
BB-1616 BB-0594,"[1616, 594]",[5],Cc1nc2cccnc2nc1Nc1ccc2c(c1)N(Cc1ccc(F)cc1)CC2,,random_balanced,BB-1616,BB-0594,0,0,0.6665541932710284
BB-1601 BB-0689,"[1601, 689]",[1],Cc1cc(C=C2CC(C(N)=NO)CN(CC3CCOCC3)C2=O)c(C)n1-c1cc(C(F)(F)F)ccc1Cl,,random_balanced,BB-1601,BB-0689,1,0,0.6453818181790084
BB-0237 BB-1640,"[237, 1640]",[25],COCOc1cc(C)cc(S(=O)(=O)c2cc(Br)cc3c2OCCNC3)c1Br,,random_balanced,BB-0237,BB-1640,3,1,0.733662531553015
BB-0409 BB-0478,"[409, 478]",[89],O=C(O)c1cccn2c(SCC34CCC(C3)C(=O)N4)cnc12,,random_balanced,BB-0409,BB-0478,2,0,0.2787697016906297
BB-1770 BB-1600,"[1770, 1600]",[36],C#CCNc1ccc(-c2nc(C(N)C(C)C)no2)cc1,,random_balanced,BB-1770,BB-1600,1,2,0.33522757193607544
BB-1420 BB-1758,"[1420, 1758]",[108],CCC1(C)NC(=O)N(CCCNCc2cccc(OCC3CCCCC3)c2)C1=O,,random_balanced,BB-1420,BB-1758,0,0,0.08500591799144482
BB-1434 BB-1748,"[1434, 1748]",[138],COC(=O)C1COc2c(F)cc(-c3cc(N)nc(N)n3)cc21,,random_balanced,BB-1434,BB-1748,0,1,0.2418484826999125
BB-1545 BB-1734,"[1545, 1734]",[78],COC(CCC(F)(F)F)C(=O)Nc1ccc(=O)n(Cc2ccccc2Cl)c1,,random_balanced,BB-1545,BB-1734,1,1,0.5594816748356541
BB-1418 BB-1314,"[1418, 1314]",[116],CNC(=O)c1ccc(SCc2cc(F)ccc2Br)s1,,random_balanced,BB-1418,BB-1314,0,1,0.22031884240803268
BB-0949 BB-0049,"[949, 49]",[50],COc1ccc(F)c(CCC(=O)OC2(C(=O)O)CCc3c(C(=O)O)cccc32)c1,,random_balanced,BB-0949,BB-0049,0,0,0.741621524744172
BB-0261 BB-0214,"[261, 214]",[33],CC(C)Cn1c2c(c(=O)n(C)c1=O)C(N1C(CO)CC13CCC(F)(F)CC3)CN2,,random_balanced,BB-0261,BB-0214,0,2,0.6617024695744299
BB-1625 BB-1403,"[1625, 1403]",[37],CCCCCC(NC(=O)[C@H]1CCCC[C@H]1S(N)(=O)=O)C(=O)OC,,random_balanced,BB-1625,BB-1403,1,1,0.5505867630771742
BB-1925 BB-1159,"[1925, 1159]",[5],O=C(O)Cc1ccc(N2CCCN(c3cnccn3)CC2)c(O)c1,,random_balanced,BB-1925,BB-1159,1,1,0.42855379238325975
BB-0519 BB-1933,"[519, 1933]",[28],COc1ccc(Cl)c(CNC(=O)Nc2cc(F)cc(C(=O)OC(C)(C)C)c2)c1,,random_balanced,BB-0519,BB-1933,0,2,0.059658901371775694
BB-0950 BB-1399,"[950, 1399]",[78],COCc1cc(Cl)cc(C(=O)N(C)c2cc(C(F)F)no2)c1,,random_balanced,BB-0950,BB-1399,0,1,0.5618637137260941
BB-1741 BB-0875,"[1741, 875]",[126],COC1CC(OC(=O)C2(c3cccc(NC(=O)OC(C)(C)C)c3)CCC2)C12CCNCC2,,random_balanced,BB-1741,BB-0875,1,0,0.4646855080727502
BB-0158 BB-0191,"[158, 191]",[89],CCOC(=O)c1c(CBr)sc2c(SC3(Cl)CC3CCN)cccc12,,random_balanced,BB-0158,BB-0191,1,2,0.33197625909875217
BB-0159 BB-1018,"[159, 1018]",[125],Cc1ccc(C(CCCC(=O)O)(OC(=O)[C@H](C(C)C)n2sc3ccccc3c2=O)C(=O)O)cc1,,random_balanced,BB-0159,BB-1018,2,0,0.6049634697539686
BB-0862 BB-0042,"[862, 42]",[63],NS(=O)(=O)c1cc(C(=O)O)c(F)c(-c2cc(Br)ccc2OCc2ccc(C(=O)O)o2)c1,,random_balanced,BB-0862,BB-0042,0,0,0.7005272494503909
BB-0147 BB-0942,"[147, 942]",[78],Cc1nc2n(c1C(=O)NCCC1=CCCCC1)CCCC2C,,random_balanced,BB-0147,BB-0942,0,0,0.3956958372443192
BB-0012 BB-0483,"[12, 483]",[15],Cn1ncc(Sc2nccn3nc(C(C)(C)C)cc23)c1CNC(=O)OC(C)(C)C,,random_balanced,BB-0012,BB-0483,0,0,0.42738066289149057
BB-0841 BB-1735,"[841, 1735]",[5],Cc1ccc(C2CC(C(F)(F)F)n3nccc3N2c2cnco2)s1,,random_balanced,BB-0841,BB-1735,1,1,0.35561466001441977
BB-0057 BB-1177,"[57, 1177]",[1],Cc1ccccc1NC(=O)CC(=O)C=Cc1sc(N(C)C)nc1Cl,,random_balanced,BB-0057,BB-1177,2,3,0.18176448544238108
BB-1472 BB-0234,"[1472, 234]",[33],CO[C@@H]1C[C@@H](c2nc(C)n[nH]2)N(C2CCC(CC(=O)O)c3ccccc32)C1,,random_balanced,BB-1472,BB-0234,1,1,0.7091531204855069
BB-1869 BB-1952,"[1869, 1952]",[37],C=Cc1ccc2c(c1)CN(C(=O)C1CC1=C)C2,,random_balanced,BB-1869,BB-1952,1,0,0.4103800485956277
BB-0766 BB-0874,"[766, 874]",[70],CCC(=O)CC(=CC(=O)N1CCc2[nH]c3ccccc3c2C1)c1ccc(C(F)(F)F)cc1,,random_balanced,BB-0766,BB-0874,0,1,0.7065894023149719
BB-0613 BB-0107,"[613, 107]",[105],CCOC(=O)C1c2ccc(O)cc2CCN1C(=O)C(=O)Nc1cc(CNC(=O)OC(C)(C)C)cc(C(F)(F)F)c1,,random_balanced,BB-0613,BB-0107,2,1,0.024203127703833646
BB-1518 BB-1173,"[1518, 1173]",[30],CC(C)N1CCC(N(C)C(=O)C(=O)N2CCCC(Cl)(Cl)S2(=O)=O)CC1,,random_balanced,BB-1518,BB-1173,1,1,0.4022001477716405
BB-1764 BB-1897,"[1764, 1897]",[30],COC(=O)c1ccc(C2(O)CCN(C(=O)C(=O)NS(=O)(=O)c3ccc(C(C)O)cc3)C2)cc1,,random_balanced,BB-1764,BB-1897,2,2,0.19110478091419295
BB-1264 BB-1279,"[1264, 1279]",[78],CCc1ncc(CN(C)C(=O)c2c(C)nn(-c3ccccc3C)c2C)s1,,random_balanced,BB-1264,BB-1279,0,0,0.6100387184070204
BB-1934 BB-1972,"[1934, 1972]",[78],CCOc1ccc(C(C)=O)cc1S(=O)(=O)NC(=O)c1c(C)cccc1N,,random_balanced,BB-1934,BB-1972,1,2,0.36765941278639197
BB-0286 BB-0787,"[286, 787]",[108],COC(=O)C1CCN(C(=O)CC(C)NCc2cccc(Br)c2Cl)CC1,,random_balanced,BB-0286,BB-0787,1,1,0.630457670818351
BB-1216 BB-1914,"[1216, 1914]",[78],COC(=O)c1ncoc1C1CCCN(C(=O)[C@H](CCC(F)F)NC(=O)OCC2c3ccccc3-c3ccccc32)C1,,random_balanced,BB-1216,BB-1914,1,0,0.2709662022820732
BB-0750 BB-1533,"[750, 1533]",[105],COc1cc(Cl)ccc1C(CO)NC(=O)C(=O)Nc1c(C(=O)CCl)c(=O)n(C)c(=O)n1C,,random_balanced,BB-0750,BB-1533,1,1,0.5311800038773441
BB-1521 BB-0384,"[1521, 384]",[34],Cn1c(C(=O)N2CCOC[C@@H]2c2ccccc2)c(CC(=O)O)c2ccccc21,,random_balanced,BB-1521,BB-0384,1,1,0.7286038011191093
BB-0418 BB-0880,"[418, 880]",[89],C#Cc1sc(Cl)cc1Sc1cncc2c1COCCC2N,,random_balanced,BB-0418,BB-0880,1,0,0.20358481883715654
BB-0780 BB-1022,"[780, 1022]",[4],Cn1c(C(=O)NS(=O)(=O)c2cc(F)cc(F)c2)c(C=O)c2ccccc21,,random_balanced,BB-0780,BB-1022,1,0,0.6198280098736183
BB-1419 BB-1052,"[1419, 1052]",[139],COC(=O)c1cc(/C(=C\C(F)F)CN)c(N)c(C)n1,,random_balanced,BB-1419,BB-1052,1,1,0.34850132783087573
BB-1021 BB-0487,"[1021, 487]",[51],CCCCC(NC(N)=O)C(=O)OC[C@@H]1CNCCO1,,random_balanced,BB-1021,BB-0487,0,1,0.5860044188598267
BB-0170 BB-1962,"[170, 1962]",[23],O=C(Cc1ccc(C2CCCCC2)cc1)OCc1c(Br)cccc1Br,,random_balanced,BB-0170,BB-1962,1,2,0.2642394394801914
BB-0348 BB-0727,"[348, 727]",[105],CC(=O)c1cc(C(NC(=O)C(=O)NC(C)(C)C(=O)Nc2ccccc2)C(=O)O)ccc1O,,random_balanced,BB-0348,BB-0727,1,2,0.11662865206842576
BB-1601 BB-0963,"[1601, 963]",[110],O=C1CCC(C(=NO)n2c(=O)[nH]c3ncc(Br)nc3c2=O)CN1CC1CCOCC1,,random_balanced,BB-1601,BB-0963,2,3,0.76016783997619
BB-0409 BB-1072,"[409, 1072]",[63],O=Cc1nn(C2CCCC2)cc1-c1cnc2c(C(=O)O)cccn12,,random_balanced,BB-0409,BB-1072,3,2,0.23684626598838526
BB-1155 BB-1664,"[1155, 1664]",[81],CC(C)OC(=O)c1ccc(S(=O)(=O)N2CCC(c3cccc(Cl)c3F)CC2)cc1,,random_balanced,BB-1155,BB-1664,0,1,0.3487460868340294
BB-1264 BB-0909,"[1264, 909]",[111],Cc1ccccc1-n1nc(C)c(-c2nc(-c3cc(Cl)cc4[nH]ncc34)no2)c1C,,random_balanced,BB-1264,BB-0909,1,1,0.25568915992309693
BB-0089 BB-1619,"[89, 1619]",[5],Cc1noc2nc(C3CC3)c(N3CC(C)CC4(C3)OC(=O)Nc3ccc(Cl)c(F)c34)c(C(=O)O)c12,,random_balanced,BB-0089,BB-1619,2,0,0.7543318536375815
BB-0966 BB-0503,"[966, 503]",[112],COc1conc1C(=O)N(Cc1nc2ccccc2c(=O)[nH]1)C(C)C,,random_balanced,BB-0966,BB-0503,1,0,0.5515926757751157
BB-1032 BB-0692,"[1032, 692]",[108],COc1c(C=O)cc(Cl)cc1CN1c2ccc(Br)cc2CCC1C(=O)O,,random_balanced,BB-1032,BB-0692,1,2,0.3748339611420543
BB-0016 BB-1355,"[16, 1355]",[124],Cc1nn(C)c(C(N)=O)c1-n1cnc2c(NC3CCC(CCCC(=O)O)C3)ncnc21,,random_balanced,BB-0016,BB-1355,1,2,0.20010145763294718
BB-0316 BB-0889,"[316, 889]",[5],O=C(O)C[C@H](Cc1ccccc1Br)Nc1c(C(F)(F)F)nc2ccccn12,,random_balanced,BB-0316,BB-0889,3,0,0.3892327939919659
BB-1035 BB-0733,"[1035, 733]",[105],CCOC(=O)CC1CCC2(CC1)CCN(C(=O)C(=O)NCC1(CC(C)C)N=N1)CC2,,random_balanced,BB-1035,BB-0733,1,1,0.1934533114353052
BB-1728 BB-0149,"[1728, 149]",[126],Cc1nc(Cl)c(Cl)cc1C(=O)OC1CC(C)N(C)C1,,random_balanced,BB-1728,BB-0149,0,1,0.5859098549799455
BB-0875 BB-1981,"[875, 1981]",[78],COC(=O)c1coc2c1CN(C(=O)C1(c3cccc(NC(=O)OC(C)(C)C)c3)CCC1)C2,,random_balanced,BB-0875,BB-1981,1,2,0.3321222351655143
BB-0984 BB-1007,"[984, 1007]",[108],Cc1noc(C2CC3CCC2N3CC2CC2)n1,,random_balanced,BB-0984,BB-1007,0,0,0.11332569243407324
BB-0243 BB-1836,"[243, 1836]",[141],CC(C)(C)OC(=O)NS(=O)(=O)c1ccccc1CC(C)(O)c1cccnc1C(=O)O,,random_balanced,BB-0243,BB-1836,1,1,0.48999024680659903
BB-1782 BB-1557,"[1782, 1557]",[124],OCC1(C(C2CC2)n2cnc3c(N[C@H]4CCCN(Cc5ccccc5)C4)ncnc32)CCCO1,,random_balanced,BB-1782,BB-1557,1,1,0.24719794971225842
BB-0532 BB-0470,"[532, 470]",[111],Cc1nc(N2CC[C@@H](N)C2)c(Cl)cc1-c1noc(C(C)N2C(=O)c3nccnc3C2=O)n1,,random_balanced,BB-0532,BB-0470,0,0,0.1798887327672467
BB-1300 BB-1023,"[1300, 1023]",[103],CCOC(=O)CC(CC1CCCC1)NC(=O)NCC(=O)c1ccc([N+](=O)[O-])cc1,,random_balanced,BB-1300,BB-1023,1,1,0.642228100390718
BB-0436 BB-1044,"[436, 1044]",[78],CCOC(=O)c1cn[nH]c1CNC(=O)c1ccc(OC(F)(F)F)cc1NC(=O)OC(C)(C)C,,random_balanced,BB-0436,BB-1044,0,0,0.2987884513618179
BB-1048 BB-1010,"[1048, 1010]",[89],Nc1c(F)cc(F)c(F)c1Sc1ccc2c(c1)C(CC(=O)O)CN2,,random_balanced,BB-1048,BB-1010,1,1,0.3789509981622541
BB-0823 BB-0938,"[823, 938]",[112],CCN1C(=O)C[C@H](C(=O)Nc2cccc3c2CN(CC(F)(F)F)C3)[C@H]1c1ccncc1,,random_balanced,BB-0823,BB-0938,0,1,0.7425753096851857
BB-0816 BB-0477,"[816, 477]",[116],Cc1nn(-c2ccccc2)c(Oc2ccc(-n3nnc(CN)n3)cc2C(F)(F)F)c1C=O,,random_balanced,BB-0816,BB-0477,1,2,0.6526389927720829
BB-1085 BB-0433,"[1085, 433]",[41],COc1ccc(Sc2nnc(-c3ccsc3)o2)c(CCC(=O)O)c1,,random_balanced,BB-1085,BB-0433,0,1,0.54255135535946
BB-1457 BB-0824,"[1457, 824]",[62],Cc1ccc(C23CC(C2)C(C(=O)C(C(=O)O)C(C)C2CC2)C3)cc1,,random_balanced,BB-1457,BB-0824,2,2,0.4034578831339454
BB-1744 BB-1556,"[1744, 1556]",[79],O=C(O)Cc1ccc(N[C@H](CO)C2CCCCC2)cc1[N+](=O)[O-],,random_balanced,BB-1744,BB-1556,0,1,0.5710777957263465
BB-1203 BB-1176,"[1203, 1176]",[78],CC1(C)CC(=O)C=C(N(Cc2ccccc2)C(=O)c2ccc(-c3coc(=O)[nH]3)cc2)C1,,random_balanced,BB-1203,BB-1176,0,1,0.667886897740379
BB-1872 BB-1192,"[1872, 1192]",[41],CS(=O)(=O)c1ccc(-n2nnnc2COc2ccnc3ccc(S(C)(=O)=O)cc23)cc1,,random_balanced,BB-1872,BB-1192,0,2,0.11440688338000915
BB-0402 BB-1518,"[402, 1518]",[30],CC(C)N1CCC(N(C)C(=O)C(=O)Nc2cccc3c2CCCN3C(N)=O)CC1,,random_balanced,BB-0402,BB-1518,0,2,0.09638871444355986
BB-1348 BB-0563,"[1348, 563]",[78],Cc1nn(CCO)c(C)c1C(=O)NS(=O)(=O)c1ccc(NC(=O)C2CC2)cc1,,random_balanced,BB-1348,BB-0563,1,0,0.42601719576521596
BB-0122 BB-1522,"[122, 1522]",[98],CCOC(=O)c1c(C)nn(C)c1COC(=O)c1ccn(C2CCCNC2)n1,,random_balanced,BB-0122,BB-1522,1,0,0.4166175738691824
BB-0634 BB-1480,"[634, 1480]",[41],Cn1cc2cc(Sc3ncc(-c4ccc(F)cc4)o3)cc(F)c2n1,,random_balanced,BB-0634,BB-1480,1,0,0.20130676728849642
BB-0408 BB-1727,"[408, 1727]",[125],CC(OC(=O)c1cc(-c2cccnc2)nc2c1cnn2Cc1cccnc1)(C(=O)O)c1ccc(C(F)(F)F)s1,,random_balanced,BB-0408,BB-1727,1,0,0.3894430067814824
BB-1378 BB-0618,"[1378, 618]",[30],CCCc1ccc(NC(=O)C(=O)N2CCCCCO[C@@H]3C[C@]3(C)C2)c(C(=O)O)c1,,random_balanced,BB-1378,BB-0618,0,1,0.5786586991883387
BB-0624 BB-1864,"[624, 1864]",[141],CCOC(=O)C1(C)CCCCC1(O)c1cc(C2CC2)c(I)cc1OC,,random_balanced,BB-0624,BB-1864,1,0,0.4019543704198457
BB-1284 BB-0387,"[1284, 387]",[49],FC(F)n1ccnc1CCNc1ncnc2c1ncn2-c1c2c(nn1-c1ccccc1)COC2,,random_balanced,BB-1284,BB-0387,2,0,0.4939746364656867
BB-1725 BB-0487,"[1725, 487]",[116],N=S(=O)(Cc1cccnc1)c1cccc(OC[C@@H]2CNCCO2)c1,,random_balanced,BB-1725,BB-0487,0,2,0.225246439440578
BB-0106 BB-0883,"[106, 883]",[125],COc1ccc([C@@H]2CN(C(C)(C)C)C[C@H]2C(=O)OC(CCCl)(C(=O)O)c2ccccc2F)cc1,,random_balanced,BB-0106,BB-0883,1,0,0.6899654884449428
BB-0342 BB-0679,"[342, 679]",[71],CCOC(=O)c1n[nH]c2c1CN(c1ccc(C)c3c1C(=O)C(=O)N3)CC2,,random_balanced,BB-0342,BB-0679,1,1,0.8380027926734432
BB-1955 BB-0176,"[1955, 176]",[118],COc1ccc(CC(O)CNc2cc(C)c(F)c(C)c2)cc1OC,,random_balanced,BB-1955,BB-0176,1,1,0.5741933238068754
BB-1723 BB-1837,"[1723, 1837]",[78],N#Cc1ccc(N2CCCN(C(=O)C3CCc4cc(Br)ccc4O3)CC2)c(F)c1,,random_balanced,BB-1723,BB-1837,1,2,0.6790115965158688
BB-0397 BB-0083,"[397, 83]",[125],COC(=O)N1CCC(C(=O)O)(N(OCC(N)=O)C(=O)OCC(C)C)C1(C)C,,random_balanced,BB-0397,BB-0083,1,1,0.3721227454330266
BB-0117 BB-1663,"[117, 1663]",[125],O=C(O)c1cc2c(oc1=O)CCCC2(C(=O)O)N1C(=O)CCC(n2nnc3cccc(F)c3c2=O)C1=O,,random_balanced,BB-0117,BB-1663,0,0,0.6776212469329185
BB-1578 BB-1522,"[1578, 1522]",[78],Cc1nnc2n1CC(C(=O)N1CCCC(n3ccc(C(=O)O)n3)C1)N(CC1CC1)C2,,random_balanced,BB-1578,BB-1522,2,1,0.8020201118344321
BB-1981 BB-1863,"[1981, 1863]",[4],COC(=O)c1coc2c1CN(C(=O)C(C)(N)c1ccc(C(F)(F)F)cc1)C2,,random_balanced,BB-1981,BB-1863,3,1,0.7181093402042472
BB-0394 BB-0784,"[394, 784]",[79],COC(=O)c1nnsc1CN1c2ccccc2CCCC1C(N)=O,,random_balanced,BB-0394,BB-0784,0,2,0.5669735771966742
BB-0506 BB-1617,"[506, 1617]",[28],Cc1ccc(-c2cccc(Cl)c2)cc1NC(=O)NC(CC(=O)OC(C)(C)C)c1ccccc1,,random_balanced,BB-0506,BB-1617,1,1,0.17116590245948268
BB-1264 BB-1884,"[1264, 1884]",[125],CCOC(=O)CC(OC(=O)c1c(C)nn(-c2ccccc2C)c1C)(C(=O)O)C(F)(F)Cl,,random_balanced,BB-1264,BB-1884,2,1,0.47655855951648246
BB-1822 BB-1993,"[1822, 1993]",[89],COc1ccc2[nH]c(C(=O)O)cc2c1Sc1ccc2oc(CN)c(C)c2c1,,random_balanced,BB-1822,BB-1993,2,0,0.47381320610691546
BB-1582 BB-0044,"[1582, 44]",[105],CN(Cc1ccc(Br)cc1F)C(=O)C(=O)N(C)C1CCOc2ccc(Br)cc21,,random_balanced,BB-1582,BB-0044,0,2,0.5686355818228552
BB-1506 BB-1162,"[1506, 1162]",[30],CCOC(=O)/C=C/CN(C)C(=O)C(=O)Nc1c(C(N)=O)sc2nc(C(F)(F)F)cc(-c3ccco3)c12,,random_balanced,BB-1506,BB-1162,0,1,0.5803473071890021
BB-1077 BB-1233,"[1077, 1233]",[105],Cc1cc(NS(=O)(=O)c2ccc(NC(=O)C(=O)NCC3CN4CCCN3CC4)cc2)n(-c2ccccc2)n1,,random_balanced,BB-1077,BB-1233,0,0,0.010973048684374122
BB-1970 BB-1762,"[1970, 1762]",[50],Cc1ccc(C(CCC(=O)CCC(=O)O)(OC(=O)c2cnco2)C(=O)O)s1,,random_balanced,BB-1970,BB-1762,0,0,0.6774830513252449
BB-1720 BB-0170,"[1720, 170]",[127],CCNC(=O)COC(=O)Cc1ccc(C2CCCCC2)cc1,,random_balanced,BB-1720,BB-0170,2,2,0.4833781612915007
BB-1866 BB-1787,"[1866, 1787]",[49],COC(=O)CC(C)(C)c1ccc(Nc2ncnc3c2ncn3Cc2cnc(N)c(Br)c2)cc1,,random_balanced,BB-1866,BB-1787,1,0,0.10378554838134899
BB-0614 BB-1361,"[614, 1361]",[110],COC(C(=N)n1c(=O)[nH]c2snc(C(C)(C)C)c2c1=O)C1CC1,,random_balanced,BB-0614,BB-1361,0,2,0.610107134790525
BB-1539 BB-0481,"[1539, 481]",[50],COC(=O)c1nn(C2(C(=O)O)C3CC4C(C3)C42C(=O)O)c(C)c1[N+](=O)[O-],,random_balanced,BB-1539,BB-0481,0,0,0.24672377855224736
BB-1004 BB-0132,"[1004, 132]",[65],COC(=O)C1(c2cc(C(=O)CC(=O)N3CCN(C)CC3)ccc2C#N)CC1,,random_balanced,BB-1004,BB-0132,2,0,0.3144528486795584
BB-1999 BB-0737,"[1999, 737]",[78],CC(C)n1cnnc1CC(=O)NCC(O)C(=O)O,,random_balanced,BB-1999,BB-0737,0,1,0.17417578058039623
BB-1763 BB-0270,"[1763, 270]",[78],CSCC1CCCN(C(=O)c2ccn(CCO)c(=O)c2)CC1,,random_balanced,BB-1763,BB-0270,0,1,0.6352542502972014
BB-0199 BB-1160,"[199, 1160]",[50],Cn1ncc2c(N3CCC(Oc4ccc(NC(=O)c5ccccc5Cl)cc4)(C(=O)O)CC3)ncnc21,,random_balanced,BB-0199,BB-1160,1,0,0.18671654097705961
BB-1073 BB-0860,"[1073, 860]",[93],CCc1ccc2c(c1)C1(NC(=O)c3c(c(CC(C)C)nn3C)N1)C(=O)N2C,,random_balanced,BB-1073,BB-0860,0,1,0.7974074477592037
BB-1957 BB-1303,"[1957, 1303]",[124],C/C=C(\Br)CNc1ncnc2c1ncn2CCCN1CCc2ccccc21,,random_balanced,BB-1957,BB-1303,0,1,0.5719030269202887
BB-0936 BB-0513,"[936, 513]",[28],CN(Cc1ccc(Br)c([N+](=O)[O-])c1)C(=O)NC1CCCN(CCCO)C1,,random_balanced,BB-0936,BB-0513,1,0,0.5937024962397625
BB-0833 BB-1603,"[833, 1603]",[125],CCOc1ccc(NC(=O)C(=NNc2ccc(S(=O)(=O)Nc3nnc(C)s3)cc2)C(C)(C(=O)O)N(C(N)=O)C(C)C)cc1,,random_balanced,BB-0833,BB-1603,0,1,0.11808445408864827
BB-1890 BB-0212,"[1890, 212]",[110],O=C(O)C1CCc2nc3[nH]c(=O)n(C(=NO)c4ccc(OC(F)(F)F)cc4)c(=O)c3n2C1,,random_balanced,BB-1890,BB-0212,0,1,0.644625302370251
BB-0639 BB-0324,"[639, 324]",[112],CCOC(=O)c1sc2ncc(C(=O)N3CCOC(c4ccccc4OC)C3)cc2c1N,,random_balanced,BB-0639,BB-0324,0,2,0.43097043563853926
BB-1127 BB-0492,"[1127, 492]",[116],COc1cc(Br)cc(C(C)=O)c1Oc1c(O)ccc2ncnn12,,random_balanced,BB-1127,BB-0492,0,1,0.21082067249705
BB-0247 BB-1662,"[247, 1662]",[28],CCc1nc2ccccc2n1C1CCCN(C(=O)NC2(c3ccc(C(=O)OC)o3)CC2)C1,,random_balanced,BB-0247,BB-1662,1,0,0.6900624934704799
BB-1807 BB-1586,"[1807, 1586]",[30],CCC(NC(=O)C(=O)N1CCC[C@@H]1Cn1cncn1)C(C)(C)O,,random_balanced,BB-1807,BB-1586,1,1,0.40696023854893804
BB-1648 BB-0217,"[1648, 217]",[37],CC1(C)OB(c2cccc(CNC(=O)C3(C#N)CC(OCc4ccccc4)C3)c2)OC1(C)C,,random_balanced,BB-1648,BB-0217,1,0,0.12258343282181908
BB-0850 BB-1137,"[850, 1137]",[104],CCCc1cc(=O)[nH]c(S(=O)(=O)CC2CC(C)=NO2)n1,,random_balanced,BB-0850,BB-1137,0,0,0.34324441429292446
BB-1210 BB-1447,"[1210, 1447]",[71],COC(=O)C1(Nc2cc(NS(=O)(=O)c3cc(Cl)c(Cl)cc3Cl)ccc2F)CC(c2ccccc2Cl)C1,,random_balanced,BB-1210,BB-1447,3,1,0.4444629772235768
BB-0415 BB-1383,"[415, 1383]",[50],CC1(C)OB(c2ccc(C(OC(=O)c3ccc(N)c(S(N)(=O)=O)c3)(C(=O)O)c3ccccc3)cc2)OC1(C)C,,random_balanced,BB-0415,BB-1383,1,1,0.2591629216729184
BB-1505 BB-1390,"[1505, 1390]",[41],C=CCCOCc1c(Br)cncc1Oc1ccc2c(c1)CCCC2C(=O)O,,random_balanced,BB-1505,BB-1390,0,3,0.6456639725894117
BB-0218 BB-0112,"[218, 112]",[49],COCCCCc1cccnc1Nc1ncnc2c1ncn2-c1cc(C2CC2)n(C)n1,,random_balanced,BB-0218,BB-0112,1,0,0.1349962152343183
BB-0375 BB-0230,"[375, 230]",[75],O=C1CCN(c2cnccn2)CC1=Cc1cccc(NC(=O)C(F)(F)F)c1,,random_balanced,BB-0375,BB-0230,1,1,0.6121498526572202
BB-0965 BB-1934,"[965, 1934]",[118],Cc1cccc(NC(C(=O)OCc2ccccc2)C(C)(C)O)c1C(=O)O,,random_balanced,BB-0965,BB-1934,1,2,0.6096303792774445
BB-0576 BB-0651,"[576, 651]",[125],CN(C(=O)C(N)CC1CCCCC1)C(CBr)(C(=O)O)c1ccc(OCc2ccccc2)c([N+](=O)[O-])c1,,random_balanced,BB-0576,BB-0651,1,1,0.35995669793500534
BB-0235 BB-0699,"[235, 699]",[141],O=C(O)CSc1nccn1-c1cccc(C(O)c2ccc([N+](=O)[O-])c(N3CCC(O)CC3)c2)c1,,random_balanced,BB-0235,BB-0699,2,0,0.5252821615157595
BB-0828 BB-1311,"[828, 1311]",[68],COc1ccc(N)cc1S(=O)(=O)Nc1ccc(C#Cc2cccc3sccc23)cc1,,random_balanced,BB-0828,BB-1311,0,2,0.21620851980659653
BB-1988 BB-0009,"[1988, 9]",[5],O=C(O)c1cc(CNCCC(Cl)(Cl)Cl)n2c1CCCC2,,random_balanced,BB-1988,BB-0009,3,1,0.34277416147396084
BB-1135 BB-0708,"[1135, 708]",[59],COC(=O)C1CC2(CCCCC2)c2c1[nH]c1c(C)c(C)c(Br)cc21,,random_balanced,BB-1135,BB-0708,0,1,0.5602402062004499
BB-0932 BB-1983,"[932, 1983]",[125],C[C@H]1CN(C)C[C@@H](C(=O)N(N)C(C)(C(=O)O)c2ccc(OCC(F)(F)F)cc2)O1,,random_balanced,BB-0932,BB-1983,0,0,0.7381408531131514
BB-0827 BB-0316,"[827, 316]",[126],CC(C)C(COC(=O)C[C@@H](N)Cc1ccccc1Br)C(=O)O,,random_balanced,BB-0827,BB-0316,0,4,0.6308959812803859
BB-1862 BB-1451,"[1862, 1451]",[66],CCOC(=O)c1cc2c([nH]1)CCCC2(O)c1cnc2c(SC)ncnn12,,random_balanced,BB-1862,BB-1451,1,0,0.7458562021385489
BB-1093 BB-1684,"[1093, 1684]",[37],COCc1nccc(C2CCCN(C(=O)c3cc(C=O)oc3C(C)C)C2)n1,,random_balanced,BB-1093,BB-1684,1,0,0.7665154301009826
BB-1391 BB-0737,"[1391, 737]",[124],CC(C)(C)OC(=O)n1cnc(-n2cnc3c(NCC(O)C(=O)O)ncnc32)n1,,random_balanced,BB-1391,BB-0737,1,2,0.08676732726074711
BB-0463 BB-1554,"[463, 1554]",[5],COC(=O)CCN1CC(O)c2nc[nH]c2C12CCC2,,random_balanced,BB-0463,BB-1554,0,1,0.30320758264337483
BB-1287 BB-1651,"[1287, 1651]",[78],CC(C)COC(=O)[C@H](C)NC(=O)c1n[nH]c2cc(Br)ccc12,,random_balanced,BB-1287,BB-1651,0,0,0.6126691296803414
BB-0957 BB-1664,"[957, 1664]",[37],CC(C)(C)OC(=O)N1CC(CCC(=O)N2CCC(c3cccc(Cl)c3F)CC2)C1,,random_balanced,BB-0957,BB-1664,0,2,0.21570471590824317
BB-1409 BB-0443,"[1409, 443]",[64],CCC(=Cc1cncc(N)c1O)C(C)CO,,random_balanced,BB-1409,BB-0443,0,1,0.21853346350810524
BB-0685 BB-0449,"[685, 449]",[66],CC(C)(C)OC(=O)CCn1ccc(C(O)c2ccc(O)c([N+](=O)[O-])c2)n1,,random_balanced,BB-0685,BB-0449,0,0,0.33112127814923875
BB-0429 BB-0433,"[429, 433]",[66],COc1ccc(C(C)(O)Cc2ccncc2)c(CCC(=O)O)c1,,random_balanced,BB-0429,BB-0433,2,2,0.44984388726555197
BB-0713 BB-1729,"[713, 1729]",[30],O=C(Nc1cc(C(=O)O)ccc1I)C(=O)N1CCC(c2cc(-c3ccco3)n[nH]2)CC1,,random_balanced,BB-0713,BB-1729,1,1,0.22760999438248639
BB-0110 BB-0197,"[110, 197]",[89],O=C(c1cccc(Sc2nccn(C(F)F)c2=O)c1)C(F)F,,random_balanced,BB-0110,BB-0197,1,1,0.3054376014143917
BB-0488 BB-1597,"[488, 1597]",[78],Cc1ccc(C(=O)NC(CN(C)C)c2ccc(Cl)cc2)c(O)c1C,,random_balanced,BB-0488,BB-1597,1,0,0.6968455742014613
BB-1125 BB-0514,"[1125, 514]",[98],COC(=O)c1ccccc1COC(=O)Cc1ccc(OC)c(Cl)c1,,random_balanced,BB-1125,BB-0514,0,0,0.4595878716326987
BB-1894 BB-1566,"[1894, 1566]",[71],Cc1c(NC(=O)CC#N)cccc1N1CCCC(Nc2cccc(Br)c2)C1,,random_balanced,BB-1894,BB-1566,0,1,0.6353461840698191
BB-0336 BB-1192,"[336, 1192]",[100],CS(=O)(=O)c1ccc(-n2nnnc2CS(=O)(=O)c2ccc(-n3cnnn3)cc2N)cc1,,random_balanced,BB-0336,BB-1192,1,3,0.4997042375626173
BB-0922 BB-0420,"[922, 420]",[125],O=C(O)C1CC(C(=O)O)(N(C(=O)c2ccccc2)c2ccc3[nH]ccc3c2)c2ccccc2O1,,random_balanced,BB-0922,BB-0420,0,1,0.4369244183921856
BB-0234 BB-0126,"[234, 126]",[50],CC1(C)CN(C2(C(=O)O)CCC(CC(=O)O)c3ccccc32)c2cnccc21,,random_balanced,BB-0234,BB-0126,2,0,0.674807020021402
BB-1733 BB-1454,"[1733, 1454]",[127],CC(=O)N[C@H](C(=O)OC1CN(S(=O)(=O)c2ccccc2[N+](=O)[O-])C2(CCOCC2)C1)C1CCCCC1,,random_balanced,BB-1733,BB-1454,0,0,0.4875636910882259
BB-1510 BB-1174,"[1510, 1174]",[23],O=C(CCOC(=O)[C@@H]1CCCN1C1=NS(=O)(=O)c2ccccc21)Nc1cccc(C(F)(F)F)c1,,random_balanced,BB-1510,BB-1174,1,1,0.271177846830829
BB-0972 BB-0854,"[972, 854]",[50],CC(C)(C)n1cc(C(OC[C@H]2Cc3ccccc3N2)(C(=O)O)C(=O)O)cn1,,random_balanced,BB-0972,BB-0854,0,1,0.6360524227206856
BB-1815 BB-1174,"[1815, 1174]",[89],COc1c(Cl)cc(N)cc1SCCC(=O)Nc1cccc(C(F)(F)F)c1,,random_balanced,BB-1815,BB-1174,1,2,0.5499972980179447
BB-1282 BB-1266,"[1282, 1266]",[125],COCC(=O)N(c1cccc(CN)c1)C1(C(=O)O)CCOc2cc(Br)c(C)cc21,,random_balanced,BB-1282,BB-1266,2,1,0.6441158723260179
BB-0407 BB-1135,"[407, 1135]",[138],Cc1c(NN)ccc(-c2cccc3c2CN(C2CCC(=O)NC2=O)C3=O)c1C,,random_balanced,BB-0407,BB-1135,1,1,0.7827242679244808
BB-0609 BB-1865,"[609, 1865]",[71],CSc1cccc(C(Nc2c(C(=O)O)cnc(N(C)C)c2F)c2ccc(F)cc2F)c1,,random_balanced,BB-0609,BB-1865,1,1,0.7276438337777423
BB-1446 BB-1291,"[1446, 1291]",[15],NNC(=O)c1c(F)cccc1Sc1nnco1,,random_balanced,BB-1446,BB-1291,1,1,0.041869650924615955
BB-1511 BB-0806,"[1511, 806]",[110],COC(=O)C(C1CCOC1)n1c(=O)[nH]c2c(C#N)c3n(c2c1=O)CCOC3,,random_balanced,BB-1511,BB-0806,0,1,0.7619416554046438
BB-0299 BB-1617,"[299, 1617]",[54],CC(O)C(C)(Cc1ccc(F)cc1)CN1C(=O)CC(c2ccccc2)NC1=O,,random_balanced,BB-0299,BB-1617,1,2,0.6182902793834599
BB-0355 BB-0404,"[355, 404]",[30],COc1ccc(Br)cc1C1CCCCN1C(=O)C(=O)N(C)C1CCCC1c1ccc(C(F)(F)F)cc1,,random_balanced,BB-0355,BB-0404,0,2,0.5203765707128524
BB-0197 BB-0771,"[197, 771]",[79],CC(CSCc1ccccc1)Nc1nccn(C(F)F)c1=O,,random_balanced,BB-0197,BB-0771,2,1,0.6049832219419851
BB-1681 BB-1221,"[1681, 1221]",[4],CCOC(=O)c1ccc(CNC(=O)CCC(=O)c2ccc(OC)cc2Cl)o1,,random_balanced,BB-1681,BB-1221,0,0,0.5869204268266404
BB-0185 BB-1501,"[185, 1501]",[103],CN(C)c1nc(CCNC(=O)NC(c2ccccc2)c2ccoc2)cs1,,random_balanced,BB-0185,BB-1501,1,0,0.574293838724985
BB-1651 BB-1994,"[1651, 1994]",[103],CC(C)COC(=O)[C@H](C)NC(=O)NC(CO)Cc1ccccc1Cl,,random_balanced,BB-1651,BB-1994,1,4,0.5872948231161228
BB-0563 BB-1342,"[563, 1342]",[4],O=C(Nc1ccc(S(=O)(=O)NC(=O)C2CC3CCC2CN(C(=O)OCC2c4ccccc4-c4ccccc42)C3)cc1)C1CC1,,random_balanced,BB-0563,BB-1342,1,1,0.15072196227997955
BB-0303 BB-0963,"[303, 963]",[41],COC(=O)c1nc(Oc2ccc3ncnn3c2)cnc1N,,random_balanced,BB-0303,BB-0963,1,4,0.1353875228570561
BB-0690 BB-0419,"[690, 419]",[126],CC(C)(F)c1cncc(C(=O)OC(Cc2c[nH]c3ccccc23)S(=O)(=O)[O-])c1,,random_balanced,BB-0690,BB-0419,0,0,0.4541557822380992
BB-1687 BB-1115,"[1687, 1115]",[65],COC(=O)C#Cc1ccccc1C(=O)CN1CC(C)CC(C)C1,,random_balanced,BB-1687,BB-1115,0,1,0.6003696262267564
BB-0690 BB-0955,"[690, 955]",[41],CC1CCN(CCOc2ccc(OC(Cc3c[nH]c4ccccc34)S(=O)(=O)[O-])cc2)C1,,random_balanced,BB-0690,BB-0955,1,1,0.07592962007220129
BB-0991 BB-1788,"[991, 1788]",[146],COc1cc(C(C)(C)O)ccc1N1CCOc2c(ccc(O)c2C)C1,,random_balanced,BB-0991,BB-1788,1,1,0.771235373582219
BB-0192 BB-0378,"[192, 378]",[141],CN1C(=O)NC2CC1(C)Oc1ccc(C(O)(CBr)C3COc4ccccc4O3)cc12,,random_balanced,BB-0192,BB-0378,0,1,0.5995008751598826
BB-0802 BB-1258,"[802, 1258]",[5],COC(C1CC1)C(C)Nc1ccc(N)nc1N,,random_balanced,BB-0802,BB-1258,2,1,0.4680632967749315
BB-1277 BB-1917,"[1277, 1917]",[28],Cc1nc2c(CNC(=O)N3CC=C(c4cccnc4)CC3)c(F)ccc2[nH]1,,random_balanced,BB-1277,BB-1917,0,1,0.6172125979923649
BB-0941 BB-1980,"[941, 1980]",[23],CCC1(COC(=O)C(=O)N2CC(=O)Nc3ccccc32)CCCC1,,random_balanced,BB-0941,BB-1980,2,1,0.3987307388718241
BB-1431 BB-1112,"[1431, 1112]",[125],CCCCCN1C(=O)C(C(=O)O)(n2c(=O)c(B(O)O)cc3ccccc32)c2ccccc21,,random_balanced,BB-1431,BB-1112,1,0,0.6322072747298725
BB-1326 BB-1151,"[1326, 1151]",[108],COc1cccc(C(CC(=O)O)NC(c2ccc(C(=O)O)cc2)c2cccc(OC)c2)c1,,random_balanced,BB-1326,BB-1151,0,0,0.5973539988292573
BB-1234 BB-1418,"[1234, 1418]",[5],CNC(=O)c1ccc(N(Cc2ccccc2)Cc2cncnc2)s1,,random_balanced,BB-1234,BB-1418,0,1,0.6658257681820181
BB-0082 BB-1697,"[82, 1697]",[41],COc1cc2c(cc1Oc1ccc(OCc3ccccc3)cc1F)CCNC2,,random_balanced,BB-0082,BB-1697,0,1,0.2741034995143014
BB-0107 BB-1286,"[107, 1286]",[41],CCOC(=O)C1NCCc2cc(Oc3nc(C)c(C)cc3C(=O)O)ccc21,,random_balanced,BB-0107,BB-1286,2,1,0.6811252906223999
BB-1000 BB-1147,"[1000, 1147]",[125],COCC(C(=O)O)(c1ccc2cc(OC)ccc2n1)n1cc(C(N)=O)c(-c2ccccc2)n1,,random_balanced,BB-1000,BB-1147,0,0,0.6749195149168618
BB-1294 BB-1076,"[1294, 1076]",[79],CCOC(=O)C12CC(CO)(C1)OC21CCN(CC(=O)N2CCN(C(C#N)c3ccc(F)cc3)CC2)CC1,,random_balanced,BB-1294,BB-1076,0,0,0.23206301513960023
BB-0037 BB-1137,"[37, 1137]",[70],CC1=NOC(C=C(CC(=O)C(F)(F)F)c2ccc([N+](=O)[O-])cc2)C1,,random_balanced,BB-0037,BB-1137,0,1,0.5628174486643793
BB-1959 BB-1569,"[1959, 1569]",[5],Cc1c(CN(C)c2cnc(C(C)(C)O)cn2)oc2c(C)cccc12,,random_balanced,BB-1959,BB-1569,0,1,0.6800238779384639
BB-1356 BB-0095,"[1356, 95]",[15],CNc1cc(Sc2cccnc2OC2CCN(C)C2)ccc1N,,random_balanced,BB-1356,BB-0095,1,1,0.5800793621292342
BB-1587 BB-0959,"[1587, 959]",[4],Cc1[nH]c(C(=O)NC2CC(C)(C)Oc3c(Br)cccc32)c(C)c1C=O,,random_balanced,BB-1587,BB-0959,1,0,0.7884717172897039
BB-0723 BB-1468,"[723, 1468]",[50],COCCn1cnc2c1c(=O)n(C1(C(=O)O)CCN(C(=O)OCc3ccccc3)CC1CC#N)c(=O)n2Cc1ccccc1,,random_balanced,BB-0723,BB-1468,0,1,0.32627827317298713
BB-0167 BB-1786,"[167, 1786]",[105],Cc1ccc2c(c1)CC(N(C)C(=O)C(=O)N1CCCCC1c1nc3ccccc3s1)C2,,random_balanced,BB-0167,BB-1786,1,0,0.6698487463453155
BB-0798 BB-0200,"[798, 200]",[4],COC(=O)c1cc(C(=O)CCC(=O)N[C@H]2Cc3ccccc3[C@@H]2NC(=O)OC(C)(C)C)c[nH]1,,random_balanced,BB-0798,BB-0200,1,1,0.41752182740985877
BB-1499 BB-1075,"[1499, 1075]",[127],CO[C@H]1CNC[C@@H](OC(=O)CN2CCN(C)CC2)C1,,random_balanced,BB-1499,BB-1075,1,0,0.28181330817656647
BB-1020 BB-0401,"[1020, 401]",[37],COc1cnc2ccccc2c1C(=O)N1CCCC(c2ncc(C(F)(F)F)[nH]2)C1,,random_balanced,BB-1020,BB-0401,0,1,0.8290934420939382
BB-1290 BB-0866,"[1290, 866]",[4],N#Cc1cccc2c1CC[C@H]2NC(=O)C#CC1CC12CCC2,,random_balanced,BB-1290,BB-0866,0,0,0.4096631491542951
BB-0677 BB-0986,"[677, 986]",[62],CCC(C(=O)C(C(C)=O)C1(O)CCC1)N(Cc1ccco1)C(=O)n1ccnc1,,random_balanced,BB-0677,BB-0986,1,2,0.425314674020492
BB-0420 BB-0178,"[420, 178]",[50],CN(Cc1cc(Br)cc([N+](=O)[O-])c1)C1(C(=O)O)CC(C(=O)O)Oc2ccccc21,,random_balanced,BB-0420,BB-0178,2,0,0.45067694727881946
BB-0486 BB-1388,"[486, 1388]",[25],Cc1cc(S(=O)(=O)c2ccc(Cl)c(OCc3cccc(C(=O)O)c3)c2)c2nncn2n1,,random_balanced,BB-0486,BB-1388,1,2,0.3923288993356965
BB-1960 BB-1956,"[1960, 1956]",[37],Cc1cc(NC(=O)c2cc(C)n(C)c2C)ncc1C#N,,random_balanced,BB-1960,BB-1956,1,1,0.35345852947899836
BB-1379 BB-1629,"[1379, 1629]",[71],Cc1cc(F)c(Nc2ncccc2N=[N+]=[N-])c(C(=O)O)c1,,random_balanced,BB-1379,BB-1629,0,1,0.1850341504742203
BB-0280 BB-1803,"[280, 1803]",[81],CCc1cccc2c1CCCN2S(=O)(=O)CC(OC)C1CC1,,random_balanced,BB-0280,BB-1803,0,0,0.5660587769500236
BB-1675 BB-1154,"[1675, 1154]",[1],O=C(O)c1cc2sc(C=CC(=O)N3CC4C=CC3C4)cc2[nH]1,,random_balanced,BB-1675,BB-1154,0,1,0.2649646596841959
BB-1948 BB-1474,"[1948, 1474]",[25],CCC(=O)c1ccc(S(=O)(=O)c2nc(C3CC3)nc(Cl)c2C(=O)OC)c(N)c1,,random_balanced,BB-1948,BB-1474,0,0,0.6695241702693404
BB-1621 BB-1429,"[1621, 1429]",[79],O=Cc1nc(NCC23CC[C@@H](Br)[C@@H](C2)OC3)co1,,random_balanced,BB-1621,BB-1429,1,1,0.1457989108173747
BB-0144 BB-0945,"[144, 945]",[30],Cc1ccc(NC(=O)C(=O)N(CC(=O)O)S(=O)(=O)c2ccc(NC(C)C)c([N+](=O)[O-])c2)cc1-c1ccccc1,,random_balanced,BB-0144,BB-0945,2,0,0.024865762367264472
BB-1729 BB-0607,"[1729, 607]",[30],CCn1cc([C@@H]2NC(=O)CC[C@H]2NC(=O)C(=O)Nc2cc(C(=O)O)ccc2I)cn1,,random_balanced,BB-1729,BB-0607,2,2,0.5988710272160281
BB-0801 BB-1738,"[801, 1738]",[79],CC(C)(C)OC(=O)N1CCC(CCCNc2nc(Cl)nc(C#C[Si](C)(C)C)n2)CC1,,random_balanced,BB-0801,BB-1738,0,1,0.040603648134113664
BB-1709 BB-1094,"[1709, 1094]",[49],Cc1cc(C)c(C(=O)O)cc1Nc1ncnc2c1ncn2C(Cc1ccc(O)c(O)c1)C(=O)O,,random_balanced,BB-1709,BB-1094,2,1,0.24908386157013676
BB-1961 BB-1710,"[1961, 1710]",[25],Cc1ccc(C(C)NC(=O)CS(=O)(=O)CC(=O)C(C#N)=C2C=CN(C)C=C2)cc1C,,random_balanced,BB-1961,BB-1710,2,2,0.13257540441466026
BB-0300 BB-0881,"[300, 881]",[24],COc1ccc(CNC(=O)C(C)S(=O)(=O)c2cc(C)c(N)c(C#N)c2)cc1OC,,random_balanced,BB-0300,BB-0881,1,0,0.6070288009247743
BB-0395 BB-1108,"[395, 1108]",[50],CN(C)S(=O)(=O)c1ccc(C(C)(C(=O)O)N(C(=O)OC(C)(C)C)C2(CC=O)CCCC2)cc1,,random_balanced,BB-0395,BB-1108,1,0,0.4722426785059602
BB-1914 BB-1146,"[1914, 1146]",[4],COC(=O)c1ncoc1C1CCCN(C(=O)CCN2CCN(CCCNC(=O)OC(C)(C)C)CC2)C1,,random_balanced,BB-1914,BB-1146,1,0,0.08019403549288903
BB-0575 BB-0814,"[575, 814]",[103],COc1ccc(O)c(C(C)NC(=O)Nc2c[nH]nc2C(=O)N2CCCOC(C)C2)c1,,random_balanced,BB-0575,BB-0814,1,0,0.49108308556751673
BB-0339 BB-1582,"[339, 1582]",[66],CNC1CCOc2ccc(C3(O)CCCc4cc[nH]c43)cc21,,random_balanced,BB-0339,BB-1582,0,1,0.49288571146286464
BB-1015 BB-0285,"[1015, 285]",[50],CC(=O)c1cc(C(C)(O[C@@H](C)c2ncccn2)C(=O)O)ccc1O,,random_balanced,BB-1015,BB-0285,1,0,0.7038813909951402
BB-0463 BB-0951,"[463, 951]",[105],COCCn1nc(C)c(NC(=O)C(=O)N2CC(O)c3nc[nH]c3C23CCC3)c1C,,random_balanced,BB-0463,BB-0951,1,2,0.6921263384195123
BB-1971 BB-0250,"[1971, 250]",[89],Cc1ccc(CCC2CCN(C(=O)CSc3ccc4c(cnn4CC(=O)O)n3)CC2)cc1,,random_balanced,BB-1971,BB-0250,0,1,0.28004774728670334
BB-1995 BB-0672,"[1995, 672]",[108],CC1(C)C(NCc2ncc(I)s2)CC1Oc1ccccc1,,random_balanced,BB-1995,BB-0672,1,0,0.3224876944592966
BB-1033 BB-1159,"[1033, 1159]",[116],O=C(O)Cc1ccc(Cl)c(Oc2cc(F)c(Br)nc2Br)c1,,random_balanced,BB-1033,BB-1159,0,2,0.31735983314264693
BB-1105 BB-1113,"[1105, 1113]",[125],O=C(O)c1ncccc1CN(C(=O)OCC1c2ccccc2-c2ccccc21)C1(C(=O)O)CCC(OC2CCCCC2)CC1,,random_balanced,BB-1105,BB-1113,2,1,0.13763034479984243
BB-1606 BB-0445,"[1606, 445]",[103],Cn1cc(N(CC2CCC2)C(=O)NCC23COCC(C(F)F)(C2)C3)cn1,,random_balanced,BB-1606,BB-0445,2,0,0.3775402942589992
BB-1321 BB-0731,"[1321, 731]",[105],CCN(Cc1cccc(-c2ccncc2)c1)C(=O)C(=O)N1CCO[C@H](C(F)F)C1,,random_balanced,BB-1321,BB-0731,1,2,0.7161996958219452
BB-1484 BB-0807,"[1484, 807]",[68],Cc1nn(C(F)F)c2cc(C#Cc3ncoc3C3CC3)ccc12,,random_balanced,BB-1484,BB-0807,1,1,0.41762626579535256
BB-0585 BB-0735,"[585, 735]",[138],Cc1cc(C(CC(=O)O)CC(=O)O)ccc1-c1cnn(Cc2ccc(N)cc2)c1,,random_balanced,BB-0585,BB-0735,1,4,0.5573625200659976
BB-1965 BB-1504,"[1965, 1504]",[125],CC(C)(C)c1ccc2c(c1)C(C(=O)O)(N1CCN(c3cc(F)ncn3)CC1)CCO2,,random_balanced,BB-1965,BB-1504,0,0,0.6927398214637248
BB-1558 BB-1101,"[1558, 1101]",[105],CCOC(=O)c1c(NC(=O)C(=O)NS(=O)(=O)c2ccccc2NC(=O)C2CC2)sc(C(C)=O)c1C,,random_balanced,BB-1558,BB-1101,0,2,0.027746869428376078
BB-1402 BB-1800,"[1402, 1800]",[41],CC(=O)Nc1ccc(-c2cc(=O)c3ccc(Oc4cncnc4C=O)cc3o2)cc1,,random_balanced,BB-1402,BB-1800,0,0,0.19967986840256438
BB-1642 BB-0943,"[1642, 943]",[36],COc1ccc(-c2ccc(-c3noc(C#CC(C)N)n3)cc2)cc1,,random_balanced,BB-1642,BB-0943,0,2,0.0565795961342752
BB-0370 BB-1585,"[370, 1585]",[30],COc1cc(CN(C)C(=O)C(=O)NCc2ccc(-c3ccc(C(F)(F)F)cc3)cc2)sn1,,random_balanced,BB-0370,BB-1585,1,1,0.19691886640221104
BB-0564 BB-1117,"[564, 1117]",[23],CC(CF)CC(=O)OCC(=O)c1ccc(Br)cc1,,random_balanced,BB-0564,BB-1117,0,2,0.31496971844112276
BB-0877 BB-1690,"[877, 1690]",[78],CC(C)(C)OC(=O)N[C@H](CCC(F)F)C(=O)N1CC(C)(C)c2cc([N+](=O)[O-])ccc21,,random_balanced,BB-0877,BB-1690,2,0,0.6839563377776051
BB-1212 BB-0348,"[1212, 348]",[125],CC(C)(C)OC(=O)NCC(=O)NC1CCN(C(C)(C(=O)O)c2cc(C(N)C(=O)O)ccc2O)CC1,,random_balanced,BB-1212,BB-0348,0,2,0.20295954489333223
BB-0115 BB-0787,"[115, 787]",[41],Cc1c(C(F)(F)F)nc2ccccc2c1Oc1c(Br)cccc1CN,,random_balanced,BB-0115,BB-0787,0,2,0.39389329209089774
BB-0904 BB-1243,"[904, 1243]",[105],CON(CC1CCC(C(C)(C)C)CC1)C(=O)C(=O)N1Cc2[nH]c3ccc(O)cc3c2CC1C(=O)O,,random_balanced,BB-0904,BB-1243,0,0,0.2605819892726621
BB-1362 BB-0954,"[1362, 954]",[15],CC(=O)c1c(Cl)cccc1Sc1cc(C(=O)O)ccc1Oc1ccc(Cl)cc1,,random_balanced,BB-1362,BB-0954,0,1,0.597766413322609
BB-1612 BB-1028,"[1612, 1028]",[108],COc1ccc(-n2ncc(C(N)=O)c2NCc2cc(C)c(OCC(=O)O)c(C)c2)cc1,,random_balanced,BB-1612,BB-1028,0,3,0.6915193976760134
BB-0876 BB-1486,"[876, 1486]",[66],Cc1cnc(C(O)c2ccc(C3N=N3)cc2)cc1C,,random_balanced,BB-0876,BB-1486,1,1,0.4623710602746592
BB-1456 BB-1689,"[1456, 1689]",[38],CCCc1cc(C(=O)O)cc(-c2ccc(NC(=O)OC(C)(C)C)cc2)n1,,random_balanced,BB-1456,BB-1689,0,1,0.12152149482976508
BB-0651 BB-0482,"[651, 482]",[66],COC(=O)c1ccc(CCN)c(C(O)(CBr)c2ccc(OCc3ccccc3)c([N+](=O)[O-])c2)c1,,random_balanced,BB-0651,BB-0482,2,0,0.5643001194605123
BB-1367 BB-0668,"[1367, 668]",[124],COc1ccc(-c2cc(-n3cnc4c(Nc5nc(-c6ccc7c(c6)-c6ccccc6C7)cs5)ncnc43)[nH]n2)cc1C,,random_balanced,BB-1367,BB-0668,0,0,0.00818632675712796
BB-0421 BB-0320,"[421, 320]",[4],COCCN(CCC(F)(F)F)C(=O)C(CNC(=O)OCC1c2ccccc2-c2ccccc21)c1cc(F)ccc1F,,random_balanced,BB-0421,BB-0320,0,0,0.3596029866641516
BB-0046 BB-1288,"[46, 1288]",[108],CCOC(=O)c1[nH]c(CNc2cnn(C(C)(C)c3nnc4n3CCCCC4)c2)cc1C,,random_balanced,BB-0046,BB-1288,0,1,0.28441634203516974
BB-1829 BB-0111,"[1829, 111]",[111],Cc1ccc(C2(c3noc(Cc4cnn5c4CCCC5)n3)CCOCC2)cc1,,random_balanced,BB-1829,BB-0111,0,0,0.6487595577472384
BB-0043 BB-1754,"[43, 1754]",[37],COc1ccc(C2(C(=O)NCCc3ccc(OCC(=O)O)cc3)CCNC2)cc1,,random_balanced,BB-0043,BB-1754,2,1,0.4592943582955067
BB-0972 BB-0285,"[972, 285]",[50],C[C@H](OC(C(=O)O)(C(=O)O)c1cnn(C(C)(C)C)c1)c1ncccn1,,random_balanced,BB-0972,BB-0285,1,1,0.6658745580825497
BB-0056 BB-0174,"[56, 174]",[15],O=C(O)/C=C/c1cc2c(c(Sc3nccn3C(F)F)c1)OCCCO2,,random_balanced,BB-0056,BB-0174,1,0,0.6625870538570123
BB-1257 BB-1820,"[1257, 1820]",[64],CCc1ccsc1C=CC1COC(=O)C1,,random_balanced,BB-1257,BB-1820,0,1,0.08042840464599861
BB-0654 BB-0041,"[654, 41]",[71],CCOC(=O)c1cnc2c(cnn2CC)c1N1CCN(c2cc(Cl)ccc2C)CC1,,random_balanced,BB-0654,BB-0041,1,2,0.8072038956954041
BB-0710 BB-0148,"[710, 148]",[103],COC(=O)/C=C/CC(C)(C)NC(=O)N1C[C@@H]2OC[C@H]1[C@H]2O,,random_balanced,BB-0710,BB-0148,0,2,0.5133947808310823
BB-0524 BB-0367,"[524, 367]",[37],CC(=Cc1cccnc1)C(=O)N1CCCC(c2nc3ccccc3o2)C1,,random_balanced,BB-0524,BB-0367,0,2,0.7102469599115443
BB-0591 BB-1638,"[591, 1638]",[138],COC(=O)c1c[nH]c(=O)c2c1c(-c1cccc([C@@H]3C[C@H]3C(=O)O)c1C)cn2C,,random_balanced,BB-0591,BB-1638,1,1,0.6819850838185961
BB-0656 BB-1664,"[656, 1664]",[24],O=C1NCCCc2[nH]c3ccc(S(=O)(=O)c4cccc(C5CCNCC5)c4F)cc3c21,,random_balanced,BB-0656,BB-1664,1,3,0.43050617655524925
BB-0289 BB-0120,"[289, 120]",[112],Cc1c(C(=O)NCC2CC(NC(=O)OC(C)(C)C)C2)[nH]c2c1C(=O)CC(C)(C)C2,,random_balanced,BB-0289,BB-0120,0,0,0.1299354178304439
BB-1104 BB-1860,"[1104, 1860]",[15],COc1ccc(Sc2ccc(OCC(N)=O)c(Br)c2)cc1NCCC(=O)O,,random_balanced,BB-1104,BB-1860,2,2,0.47719462181741007
BB-1919 BB-1895,"[1919, 1895]",[25],CN(C)c1nc(C=O)c(S(=O)(=O)c2cc(Cl)c(C(F)(F)F)cc2[N+](=O)[O-])n1-c1ccc(Br)cc1,,random_balanced,BB-1919,BB-1895,1,2,0.387345562642279
BB-1157 BB-0813,"[1157, 813]",[78],CC[C@H](O)C(=O)N(c1ccccc1N)C1CCN(C(=O)OC(C)(C)C)C1,,random_balanced,BB-1157,BB-0813,2,1,0.5582953364989237
BB-1134 BB-1643,"[1134, 1643]",[108],CCCCCCCCCC(C)CCN(C)Cc1ccc(Br)cc1Br,,random_balanced,BB-1134,BB-1643,1,2,0.18366113288480962
BB-0414 BB-0391,"[414, 391]",[125],O=C(O)C1(n2ccc(C(F)(F)C(F)(F)F)n2)CCCCC1CCCC1CC1,,random_balanced,BB-0414,BB-0391,0,2,0.41981953078419804
BB-0361 BB-0076,"[361, 76]",[125],C=CC(OC(=O)C1(c2c(C)cnn2C)CCCO1)(C(=O)O)c1c(F)cccc1Cl,,random_balanced,BB-0361,BB-0076,2,1,0.47252355200291024
BB-0935 BB-1291,"[935, 1291]",[89],COCc1sccc1Sc1cccc(F)c1C(=O)NN,,random_balanced,BB-0935,BB-1291,1,2,0.20589147867044172
BB-0334 BB-0995,"[334, 995]",[112],CCOC(=O)c1cnn2c(-c3cccc(NC(=O)C4CC(Br)=NO4)c3)ccnc12,,random_balanced,BB-0334,BB-0995,3,1,0.35693644797938856
BB-0292 BB-1508,"[292, 1508]",[70],Cc1cc(C)c(C(=C[C@H](C)O)CCCC(=O)O)c(C)c1,,random_balanced,BB-0292,BB-1508,0,1,0.3150669211882333
BB-1525 BB-0937,"[1525, 937]",[15],O=Cc1cc2c(c(CSc3nc(-c4cccs4)nc4ccccc34)c1)OCOC2,,random_balanced,BB-1525,BB-0937,0,0,0.4402355623927885
BB-0901 BB-1070,"[901, 1070]",[15],CCOC(=O)c1cn2cc(Sc3ccc4c(c3)C(CC(=O)O)C(=O)N4)ccc2n1,,random_balanced,BB-0901,BB-1070,1,0,0.45579110143805385
BB-1890 BB-1131,"[1890, 1131]",[110],CCc1cc(Br)cc2c(=O)n(C(=NO)c3ccc(OC(F)(F)F)cc3)c(=O)[nH]c12,,random_balanced,BB-1890,BB-1131,1,1,0.7385756773310461
BB-0381 BB-1731,"[381, 1731]",[112],COc1cc(C)c(C(=O)N2CC(c3cccc(C(F)(F)F)c3)OCC2C)cc1Cl,,random_balanced,BB-0381,BB-1731,0,1,0.7386326471277952
BB-0533 BB-0104,"[533, 104]",[4],CC(C)(C)OC(=O)NC(CCCC1OCCO1)C(=O)N[C@H]1C[C@H]2CCCC[C@H]2C1,,random_balanced,BB-0533,BB-0104,0,0,0.41586553159404765
BB-1276 BB-0648,"[1276, 648]",[78],O=C(NS(=O)(=O)C1c2ccccc2-c2ccccc21)C1CN(C(=O)OCC2c3ccccc3-c3ccccc32)CC2(CCC2)O1,,random_balanced,BB-1276,BB-0648,0,0,0.0959951204348353
BB-0982 BB-0379,"[982, 379]",[105],CCc1cc(NC(=O)C(=O)N2CCC(=O)c3cc(C(=O)O)ccc32)cc(Cl)n1,,random_balanced,BB-0982,BB-0379,2,1,0.33577798578138524
BB-1398 BB-0433,"[1398, 433]",[50],COc1ccc(I)c(CCC(=O)OC(C)(C(=O)O)c2c[nH]c3ccc([N+](=O)[O-])cc23)c1,,random_balanced,BB-1398,BB-0433,2,3,0.5733783159024602
BB-1489 BB-0547,"[1489, 547]",[23],CC(C)N1CCC(OC(=O)CC2CC(C)(C)CO2)CC1,,random_balanced,BB-1489,BB-0547,2,1,0.3598851706423799
BB-1194 BB-0725,"[1194, 725]",[81],COc1ccc(C(=O)C2CCCN2S(=O)(=O)c2ccc(OC(F)F)cc2F)cc1,,random_balanced,BB-1194,BB-0725,0,2,0.6730527562553447
BB-0500 BB-0513,"[500, 513]",[78],COC(=O)c1cccc(CCCC(=O)N(C)Cc2ccc(Br)c([N+](=O)[O-])c2)c1,,random_balanced,BB-0500,BB-0513,1,1,0.6583523073057326
BB-0127 BB-0365,"[127, 365]",[125],Cc1nc2nc(S)nn2c(C)c1CC(=O)OC(CBr)(C(=O)O)[C@@H](COCc1ccccc1)NC(=O)OC(C)(C)C,,random_balanced,BB-0127,BB-0365,0,1,0.4749006712282481
BB-1631 BB-1524,"[1631, 1524]",[89],CNC(=O)COC1CCCOc2cc(Sc3ccc4[nH]c(C)c(C(=O)O)c4c3)ccc21,,random_balanced,BB-1631,BB-1524,3,1,0.45745038562318774
BB-0513 BB-0335,"[513, 335]",[125],COc1cccc2c1C(C(=O)O)CC2(C(=O)O)N(C)Cc1ccc(Br)c([N+](=O)[O-])c1,,random_balanced,BB-0513,BB-0335,2,1,0.7472357188391845
BB-0258 BB-1577,"[258, 1577]",[25],NNC(=O)COc1cc(S(=O)(=O)Cc2cc(Br)no2)ccc1Cl,,random_balanced,BB-0258,BB-1577,1,0,0.4601781642829393
BB-1254 BB-0990,"[1254, 990]",[66],OC(CCOc1ccccc1)(c1cc(F)cnc1Br)C1CC1,,random_balanced,BB-1254,BB-0990,0,1,0.6165944486838931
BB-1431 BB-1200,"[1431, 1200]",[125],Cc1ccc2c(c1)C(C(=O)O)(n1c(=O)c(B(O)O)cc3ccccc31)C(=O)N2,,random_balanced,BB-1431,BB-1200,2,1,0.5257813423813144
BB-0714 BB-1758,"[714, 1758]",[105],CCC1(C)NC(=O)N(CCCNC(=O)C(=O)Nc2c(C(N)=O)ncn2C2CCNCC2)C1=O,,random_balanced,BB-0714,BB-1758,0,1,0.11346281426844979
BB-0182 BB-1230,"[182, 1230]",[126],COC(=O)C1=CO[C@@H](O)[C@@H]2C(COC(=O)[C@H]3C[C@@H](C)N[C@@H](C)C3)=CC[C@H]12,,random_balanced,BB-0182,BB-1230,0,1,0.46840274550533817
BB-1261 BB-0012,"[1261, 12]",[99],CC(C)(C)c1cc2c(S(=O)(=O)c3cccc(C4=CCNCC4)c3F)nccn2n1,,random_balanced,BB-1261,BB-0012,1,1,0.3961022696584183
BB-1945 BB-0931,"[1945, 931]",[71],COC(=O)C1(c2cc(Nc3cc(C)nnc3C)ccc2C#N)CCC1,,random_balanced,BB-1945,BB-0931,0,0,0.7198448749985168
BB-0284 BB-1634,"[284, 1634]",[146],Cn1c(Cl)c(C(=O)O)c2cc(Cl)c(NCCNO)cc21,,random_balanced,BB-0284,BB-1634,1,0,0.40600149519002976
BB-0644 BB-1564,"[644, 1564]",[143],OCc1ccnc(C#CCc2cc(-c3cccc(F)c3F)ccc2F)c1,,random_balanced,BB-0644,BB-1564,1,1,0.3252872877852342
BB-1307 BB-1695,"[1307, 1695]",[78],COc1cccc2c(CCC(=O)N3CCc4c(Br)cc(C)cc4C3)c(-c3ccccc3)[nH]c12,,random_balanced,BB-1307,BB-1695,0,2,0.6696062234663528
BB-1126 BB-1470,"[1126, 1470]",[127],CC(C)(C)C1CC(OC(=O)/C=C/c2ccc(Cl)c(C(F)(F)F)c2)C1,,random_balanced,BB-1126,BB-1470,0,1,0.19929797623138784
BB-0798 BB-1036,"[798, 1036]",[30],Cc1ccc(S(=O)(=O)N(C(=O)C(=O)N[C@H]2Cc3ccccc3[C@@H]2NC(=O)OC(C)(C)C)c2ccc(N)cc2)cc1,,random_balanced,BB-0798,BB-1036,2,1,0.14152594397844273
BB-0654 BB-1293,"[654, 1293]",[79],CCOC(=O)c1cnc2c(cnn2CC)c1N1CCC2(CC1)CC(CO)=NO2,,random_balanced,BB-0654,BB-1293,2,2,0.5195464216029692
BB-1440 BB-0755,"[1440, 755]",[30],CCCN(C(=O)C(=O)N1CCCC(c2nc(C(F)(F)F)cn2C)C1)c1nc2ccc(C)cc2c(=O)[nH]1,,random_balanced,BB-1440,BB-0755,1,1,0.4441763795797414
BB-0566 BB-0711,"[566, 711]",[116],COCCn1cnnc1Sc1ccc2nc(C(C)=O)n(C)c2c1,,random_balanced,BB-0566,BB-0711,1,0,0.22270388390514448
BB-0993 BB-0745,"[993, 745]",[66],Cc1cocc1C(O)c1ccc([C@@H]2CCO[C@H]2C(=O)O)cc1,,random_balanced,BB-0993,BB-0745,0,0,0.14601760511641254
BB-1470 BB-1100,"[1470, 1100]",[119],O=C(O)CC(NC1CCc2cc(Br)ccc2NC1=O)c1ccc(Cl)c(C(F)(F)F)c1,,random_balanced,BB-1470,BB-1100,2,3,0.7150892413732032
BB-1245 BB-0360,"[1245, 360]",[141],Cc1ccc2[nH]c(=O)ccc2c1C(O)c1ccc(OC(F)F)c(F)c1F,,random_balanced,BB-1245,BB-0360,2,0,0.5797490272245571
BB-0952 BB-1593,"[952, 1593]",[78],Cc1ccc(C2(NC(=O)c3nc(C(F)F)nn3C)CCCCC2)c(Br)c1,,random_balanced,BB-0952,BB-1593,0,1,0.7457973161326087
BB-0563 BB-0390,"[563, 390]",[30],O=C(Nc1ccc2[nH]c(=O)[nH]c2c1)C(=O)NS(=O)(=O)c1ccc(NC(=O)C2CC2)cc1,,random_balanced,BB-0563,BB-0390,2,3,0.015529154764723822
BB-1098 BB-1262,"[1098, 1262]",[41],Cc1c(OC[C@H]2OC(=O)[C@@H]3OC(C)(C)O[C@H]23)ccnc1NN,,random_balanced,BB-1098,BB-1262,1,0,0.6631582053546132
BB-1039 BB-0365,"[1039, 365]",[125],CC1(C)CCC2(CC1)CC(=O)N2C(CBr)(C(=O)O)[C@@H](COCc1ccccc1)NC(=O)OC(C)(C)C,,random_balanced,BB-1039,BB-0365,0,2,0.4689345312453988
BB-0035 BB-1907,"[35, 1907]",[5],CNC(C(=O)O)c1cc(OC)ccc1NCC12CCC(F)(CO1)C2,,random_balanced,BB-0035,BB-1907,1,3,0.7274989904845572
BB-1797 BB-0191,"[1797, 191]",[15],CCOC(=O)c1c(CBr)sc2c(SC[C@H]3CC[C@H](C(=O)OC(C)(C)C)CC3)cccc12,,random_balanced,BB-1797,BB-0191,0,3,0.3968576721732117
BB-1851 BB-0399,"[1851, 399]",[79],Cn1nnc(Nc2cc3c(c(CCC(=O)O)c2)OCC3)n1,,random_balanced,BB-1851,BB-0399,0,1,0.5896491749006154
BB-1120 BB-0847,"[1120, 847]",[66],COC(=O)c1cc2c(C(O)c3cn(CC(=O)O)c4ccccc34)ccc(C)c2[nH]1,,random_balanced,BB-1120,BB-0847,0,0,0.685808765547393
BB-0331 BB-0535,"[331, 535]",[30],CCn1cnnc1C1CCN(C(=O)C(=O)NCCc2cc(OC)c(C)c(OC)c2)CC1,,random_balanced,BB-0331,BB-0535,1,0,0.1213144432072878
BB-1723 BB-0567,"[1723, 567]",[71],CC(C)(C)OC(=O)Nc1ccc(O)c(Nc2ccc3c(c2)CCC(C(=O)O)O3)c1,,random_balanced,BB-1723,BB-0567,2,1,0.08611554931084975
BB-0007 BB-0608,"[7, 608]",[112],Cc1ccc(C(=O)Nc2ccn3c(C)nnc3c2)c(C2CC2)c1,,random_balanced,BB-0007,BB-0608,3,1,0.6190700877512327
BB-0512 BB-1162,"[512, 1162]",[79],CCOC(=O)/C=C/CN(C)c1ccccc1OC(F)F,,random_balanced,BB-0512,BB-1162,0,2,0.38977069869330977
BB-1731 BB-0382,"[1731, 382]",[25],COC(=O)c1cc(S(=O)(=O)Cc2ccc(O)nn2)c(OC)cc1C,,random_balanced,BB-1731,BB-0382,2,1,0.6012910504776697
BB-0352 BB-1603,"[352, 1603]",[125],CCOc1ccc(NC(=O)C(=NNc2ccc(S(=O)(=O)Nc3nnc(C)s3)cc2)C(C)(C(=O)O)N(C(=O)NC2CCN(Cc3ccccc3)CC2)c2ccccc2)cc1,,random_balanced,BB-0352,BB-1603,0,2,0.006519131272686039
BB-1941 BB-0831,"[1941, 831]",[71],COc1ccc(C2=NC(=Cc3cccnc3)C(=O)O2)c(Nc2nccn(C3CC3)c2=O)c1,,random_balanced,BB-1941,BB-0831,1,1,0.6072365652546349
BB-1946 BB-0315,"[1946, 315]",[127],CNC(=O)Nc1nc2ccc(C(=O)OCc3ccc(Oc4ccccc4F)cc3)cc2s1,,random_balanced,BB-1946,BB-0315,2,1,0.04202293063108391
BB-0211 BB-0379,"[211, 379]",[28],O=C(O)c1ccc2c(c1)C(=O)CCN2C(=O)NC1CCC(C(F)(F)F)CC1,,random_balanced,BB-0211,BB-0379,1,2,0.40756034763313576
BB-0417 BB-0426,"[417, 426]",[141],Nc1cc2cccc(C(O)(CBr)C3CC(F)(F)C3)c2cn1,,random_balanced,BB-0417,BB-0426,1,1,0.385732303214005
BB-1281 BB-1428,"[1281, 1428]",[78],CC(C)N1CCN(C(=O)c2cc(C=O)n3c2CCCC3)S1(=O)=O,,random_balanced,BB-1281,BB-1428,0,1,0.6059895451464036
BB-0638 BB-0867,"[638, 867]",[30],CC1SCCN(C(=O)C(=O)N(c2nc(CC(=O)O)cs2)S(=O)(=O)c2ccc(F)cc2)C1C,,random_balanced,BB-0638,BB-0867,0,0,0.3333485400154415
BB-0858 BB-1781,"[858, 1781]",[4],Cc1n[nH]c2c(C(=O)Nc3nnc(C(C)(F)F)o3)cccc12,,random_balanced,BB-0858,BB-1781,0,1,0.4514927610150137
BB-1460 BB-1111,"[1460, 1111]",[103],COC(=O)C(NC(=O)Nc1onc(-c2cc(C)ccc2F)c1C)c1cc(Cl)cc(Br)c1,,random_balanced,BB-1460,BB-1111,1,1,0.19469281852589104
BB-0567 BB-1424,"[567, 1424]",[28],CC(C)(C)OC(=O)Nc1ccc(O)c(NC(=O)N2CCCCC2c2nccs2)c1,,random_balanced,BB-0567,BB-1424,2,1,0.12098432504433136
BB-1783 BB-1985,"[1783, 1985]",[108],CCc1sc(NC2CC3(C2)CC2CCCC(C3)N2C(=O)OC(C)(C)C)nc1-c1ccc(OC)cc1,,random_balanced,BB-1783,BB-1985,1,1,0.13183382244029196
BB-0918 BB-0759,"[918, 759]",[81],Cc1nn(C)c(N2CCC2)c1NS(=O)(=O)Cc1ccc(F)cc1F,,random_balanced,BB-0918,BB-0759,1,1,0.7207238804867855
BB-0026 BB-1833,"[26, 1833]",[71],N=C(N)c1cccc(CNc2ccccc2C(=O)O)c1,,random_balanced,BB-0026,BB-1833,0,1,0.4416411114684226
BB-1048 BB-0135,"[1048, 135]",[15],CCCC1CC(Sc2ccc3c(c2)C(CC(=O)O)CN3)C1,,random_balanced,BB-1048,BB-0135,2,1,0.27298288708487867
BB-1013 BB-1162,"[1013, 1162]",[78],CCOC(=O)/C=C/CN(C)C(=O)C(O)C1CCCCCC1,,random_balanced,BB-1013,BB-1162,1,3,0.5571845617364272
BB-1806 BB-0032,"[1806, 32]",[1],CC(C)(C)OC(=O)N1[C@@H](C=C2CCN(c3ccc(C(=O)O)cc3)C2=O)COC1(C)C,,random_balanced,BB-1806,BB-0032,0,1,0.47499840280818884
BB-0053 BB-0700,"[53, 700]",[126],CCc1cc(OCC(=O)OC2CCCC(CC(=O)OC)C2)ccc1Cl,,random_balanced,BB-0053,BB-0700,0,1,0.24329947745985214
BB-1324 BB-0496,"[1324, 496]",[78],CC1CCC=C1C(=O)N1CC2CN(C3CC3)CC2C1,,random_balanced,BB-1324,BB-0496,0,0,0.19002877491755893
BB-0120 BB-0519,"[120, 519]",[37],Cc1c(C(=O)Nc2cc(F)cc(C(=O)OC(C)(C)C)c2)[nH]c2c1C(=O)CC(C)(C)C2,,random_balanced,BB-0120,BB-0519,1,1,0.11554310365162901
BB-0350 BB-1857,"[350, 1857]",[4],CC(C)(C)OC(=O)N1CCCC1C(CC(=O)Nc1nnc2[nH]cnn12)C(F)(F)F,,random_balanced,BB-0350,BB-1857,1,1,0.5750546591513364
BB-1473 BB-0556,"[1473, 556]",[108],Cc1cc(Cl)ccc1CCNCc1cc([N+](=O)[O-])c(C)cc1F,,random_balanced,BB-1473,BB-0556,0,0,0.4280096110842017
BB-0736 BB-0078,"[736, 78]",[116],ON=C1CCN(Cc2ccc(OC[C@@H](O)CN3CCN(c4ccccc4)CC3)cc2)CC1,,random_balanced,BB-0736,BB-0078,1,0,0.1347741371202098
BB-0109 BB-0282,"[109, 282]",[105],Cc1cnn(C(C)CNC(=O)C(=O)N(C)CC(=O)c2c[nH]c3ccc(F)cc23)c1,,random_balanced,BB-0109,BB-0282,0,1,0.47466901324726923
BB-1849 BB-1682,"[1849, 1682]",[105],O=C(NCC(=O)c1ccc(Br)cc1)C(=O)N1CCCC1c1nc2ccccc2s1,,random_balanced,BB-1849,BB-1682,0,3,0.482145874145473
BB-0862 BB-0166,"[862, 166]",[138],O=C(O)c1ccc(COc2ccc(Br)cc2-c2ccc(CO)cc2C(F)(F)F)o1,,random_balanced,BB-0862,BB-0166,1,1,0.6023440635013517
BB-0900 BB-0140,"[900, 140]",[127],COc1ccc(C2C(COC(=O)[C@]34CCCC[C@@]3(CN)C4)CCC(=O)N2C)cc1,,random_balanced,BB-0900,BB-0140,1,0,0.675556693763399
BB-0889 BB-1922,"[889, 1922]",[15],FC(F)(F)c1nc2ccccn2c1Sc1ccc2c(c1)CCCCN2,,random_balanced,BB-0889,BB-1922,1,3,0.4159903015101954
BB-1632 BB-1539,"[1632, 1539]",[141],COC(=O)Cc1cc2c(c(C3(O)C4CC5C(C4)C53C(=O)O)c1)OCC2,,random_balanced,BB-1632,BB-1539,2,1,0.39353124968374215
BB-0911 BB-0570,"[911, 570]",[81],COCC1(S(=O)(=O)NC(Cc2cccc(F)c2)C(N)=O)CC1,,random_balanced,BB-0911,BB-0570,1,0,0.25366746165242826
BB-0891 BB-0892,"[891, 892]",[78],COc1ccc(-c2nc(C)sc2CC(=O)NCC(c2ccccc2)C(C)(C)CO)cc1,,random_balanced,BB-0891,BB-0892,2,2,0.35363383876430315
BB-1510 BB-0182,"[1510, 182]",[51],COC(=O)C1=CO[C@@H](OC(=O)[C@@H]2CCCN2C2=NS(=O)(=O)c3ccccc32)[C@@H]2C(CO)=CC[C@H]12,,random_balanced,BB-1510,BB-0182,2,1,0.46305748659702883
BB-1968 BB-0657,"[1968, 657]",[15],Cc1c(SC(C)C(=O)Nc2ccccc2C(C)C)ccc(O)c1N,,random_balanced,BB-1968,BB-0657,1,2,0.4740027724748135
BB-0630 BB-1429,"[630, 1429]",[105],COC(=O)C[C@H](NC(=O)C(=O)NCC12CC[C@@H](Br)[C@@H](C1)OC2)c1ccnc(O)c1,,random_balanced,BB-0630,BB-1429,1,2,0.24881812501357725
BB-0094 BB-0051,"[94, 51]",[141],COc1cccc(C)c1C(O)Cc1cc([N+](=O)[O-])c(C)cc1C,,random_balanced,BB-0094,BB-0051,2,0,0.7622426631768464
BB-1109 BB-0670,"[1109, 670]",[126],CC1=C(C(=O)O[C@H](C)C#Cc2ccncc2)C(C)n2ncnc2N1C,,random_balanced,BB-1109,BB-0670,0,0,0.60020036135112
BB-1582 BB-1915,"[1582, 1915]",[30],CN(C(=O)C(=O)NS(=O)(=O)c1ccc(S(=O)(=O)N2CCNCC2)cc1)C1CCOc2ccc(Br)cc21,,random_balanced,BB-1582,BB-1915,2,0,0.160107370169888
BB-0542 BB-1319,"[542, 1319]",[81],CN(c1cnc2ccccc2c1)S(=O)(=O)CCCCN1C(=O)c2ccccc2C1=O,,random_balanced,BB-0542,BB-1319,0,2,0.40039002068364316
BB-1114 BB-1734,"[1114, 1734]",[71],O=C(O)C(CC(F)(F)F)c1cccc(Nc2ccc(=O)n(Cc3ccccc3Cl)c2)c1,,random_balanced,BB-1114,BB-1734,0,2,0.6108617484612581
BB-1920 BB-0249,"[1920, 249]",[78],CNC(=O)CCC(NC(=O)[C@H]1CCC(=O)N(C)[C@@H]1c1cccs1)c1ccccc1,,random_balanced,BB-1920,BB-0249,1,2,0.7113045413245788
BB-1955 BB-1746,"[1955, 1746]",[118],COc1ccc(CC(CO)N2CCC=C3OC(=O)C=C32)cc1OC,,random_balanced,BB-1955,BB-1746,2,2,0.7062610025154401
BB-1758 BB-0628,"[1758, 628]",[28],CCC1(C)NC(=O)N(CCCNC(=O)N(Cc2cccc(C(N)=O)c2)C2CC2)C1=O,,random_balanced,BB-1758,BB-0628,2,0,0.3591205415634166
BB-1229 BB-0258,"[1229, 258]",[23],CCCn1c(CCC(=O)OCc2cc(Br)no2)nc2cc(S(=O)(=O)N3CCOCC3)ccc21,,random_balanced,BB-1229,BB-0258,0,2,0.4526527018490538
BB-0966 BB-1045,"[966, 1045]",[146],COc1cnc(Cl)nc1NNc1nc(N(Cc2nc3ccccc3c(=O)[nH]2)C(C)C)ncc1OC,,random_balanced,BB-0966,BB-1045,2,0,0.11120238740049543
BB-1269 BB-1602,"[1269, 1602]",[125],CCc1c(C(C)(C(=O)O)n2cnc3cc(CO)c(C)cc32)oc2ccc(C)cc12,,random_balanced,BB-1269,BB-1602,0,1,0.5835990821263437
BB-1598 BB-1211,"[1598, 1211]",[108],COc1cc(C)c(Cl)cc1NCc1cccc(C2OCCO2)c1,,random_balanced,BB-1598,BB-1211,0,1,0.5908102206042078
BB-0632 BB-0139,"[632, 139]",[138],CCOC(=O)c1cnc2c(-c3cccc(C(C)CC(=O)O)c3)cccn12,,random_balanced,BB-0632,BB-0139,2,1,0.5668208175142855
BB-0994 BB-1202,"[994, 1202]",[126],CCC1(C(=O)OC(C)(C)c2ccccc2O)COC1,,random_balanced,BB-0994,BB-1202,0,1,0.35116545771059576
BB-0777 BB-1908,"[777, 1908]",[4],O=C(COc1ccc([N+](=O)[O-])cc1)Nc1nc(-c2sccc2F)cs1,,random_balanced,BB-0777,BB-1908,1,2,0.07409452008105274
BB-0465 BB-0230,"[465, 230]",[141],O=C(O)CNCc1c(F)cccc1C1(O)CCN(c2cnccn2)CC1,,random_balanced,BB-0465,BB-0230,0,2,0.7016833587368475
BB-1905 BB-1529,"[1905, 1529]",[50],O=C(OC(C(=O)O)(c1ncc[nH]1)C1CCCCC1)c1cc(-c2ccccc2)nc2cc(F)ccc12,,random_balanced,BB-1905,BB-1529,1,0,0.47298058814245475
BB-0239 BB-0726,"[239, 726]",[51],CC(C)(OC(=O)C(C)(C)C(NC(=O)OCC1c2ccccc2-c2ccccc21)c1ccccc1)C(=O)c1cccc(Br)c1,,random_balanced,BB-0239,BB-0726,0,1,0.28113658508535255
BB-0323 BB-0720,"[323, 720]",[112],Cc1ccc(C)c(OCc2ccccc2C(=O)NC[C@]2(C)COC[C@@H]3CCCN32)c1,,random_balanced,BB-0323,BB-0720,1,0,0.5884832148930577
BB-0432 BB-1652,"[432, 1652]",[108],O=C(O)c1ccoc1CCNCc1sccc1B(O)O,,random_balanced,BB-0432,BB-1652,0,1,0.3908788265334752
BB-0754 BB-0779,"[754, 779]",[112],O=C(O)CC(NC(=O)C1CNc2c(F)cccc2C1)c1ccncc1,,random_balanced,BB-0754,BB-0779,0,2,0.695758584499912
BB-0161 BB-1062,"[161, 1062]",[141],CC(=O)c1sc(-c2ccccc2C2(O)CCN(c3ccc(C)cc3)C(=O)C2)nc1C,,random_balanced,BB-0161,BB-1062,0,0,0.7666801776213378
BB-1945 BB-0890,"[1945, 890]",[15],COC(=O)C1(c2cc(Sc3cc(C)cc(C4(C(=O)O)CC4)c3)ccc2C#N)CCC1,,random_balanced,BB-1945,BB-0890,1,1,0.5158287901433349
BB-0418 BB-1437,"[418, 1437]",[89],C#Cc1sc(Sc2ccc3cc(Br)c(F)cc3n2)cc1Cl,,random_balanced,BB-0418,BB-1437,2,1,0.06045166120824543
BB-1374 BB-0421,"[1374, 421]",[30],COCCN(CCC(F)(F)F)C(=O)C(=O)N1CCC(c2ccccc2)OC(C)C1,,random_balanced,BB-1374,BB-0421,1,1,0.6454888854707048
BB-0011 BB-0818,"[11, 818]",[103],CC(C)(COc1ccc(C(F)(F)F)cn1)NC(=O)N1CCOCC1CC(=O)c1ccccc1,,random_balanced,BB-0011,BB-0818,1,1,0.5368231535150859
BB-0792 BB-1205,"[792, 1205]",[79],CCCN1C(=O)C(=O)c2cc(Nc3nccn3-c3ccccc3)ccc21,,random_balanced,BB-0792,BB-1205,0,1,0.6223734071224127
BB-0558 BB-0879,"[558, 879]",[112],CCC[C@@H]1CNC[C@H]1C(=O)NC1CCCN(c2ccc(Cl)cc2Cl)C1=O,,random_balanced,BB-0558,BB-0879,2,0,0.6719573282475949
BB-1553 BB-1712,"[1553, 1712]",[67],Cc1ccccc1Cc1nc2ccccc2n1-c1cc(C(F)F)c(F)cc1F,,random_balanced,BB-1553,BB-1712,1,0,0.21172881985838532
BB-1762 BB-0533,"[1762, 533]",[78],O=C(N[C@H]1C[C@H]2CCCC[C@H]2C1)c1cnco1,,random_balanced,BB-1762,BB-0533,1,1,0.2621951879687184
BB-1758 BB-1714,"[1758, 1714]",[33],CCC1(C)NC(=O)N(CCCNC(C)CCc2cccc(C(F)(F)F)c2)C1=O,,random_balanced,BB-1758,BB-1714,3,1,0.4280632224437534
BB-1469 BB-0859,"[1469, 859]",[50],CC1(C)CC(=O)N(C(C)(Cn2c(=O)oc(=O)c3ccccc32)C(=O)O)C(=O)C1,,random_balanced,BB-1469,BB-0859,0,1,0.6839907503015131
BB-1760 BB-0210,"[1760, 210]",[37],Cc1c(C(=O)N2CC(C34CC(Cl)(C3)C4)C2)sc2[nH]nnc(=O)c12,,random_balanced,BB-1760,BB-0210,0,2,0.3999354776635364
BB-1020 BB-0356,"[1020, 356]",[37],COc1ccc2c(c1F)OCCN2C(=O)c1c(OC)cnc2ccccc12,,random_balanced,BB-1020,BB-0356,1,2,0.5678251280146546
BB-0676 BB-0124,"[676, 124]",[125],CC(=O)Nc1cc(C(CCl)(OC(=O)Cc2cc(C)ccc2[N+](=O)[O-])C(=O)O)ccc1O,,random_balanced,BB-0676,BB-0124,1,1,0.48128223650363766
BB-0578 BB-1774,"[578, 1774]",[17],Cc1cc2oc(=O)c3c(c2cc1OC1CS(=O)(=O)CC1S(=O)(=O)Nc1ccc(Cl)cc1)CCCC3,,random_balanced,BB-0578,BB-1774,1,1,0.5342637341883948
BB-0168 BB-0516,"[168, 516]",[78],CCOc1ccc2c(c1)C(NC(=O)CCCC(=O)c1ccccc1N)CCO2,,random_balanced,BB-0168,BB-0516,1,0,0.38775529308729273
BB-1850 BB-0367,"[1850, 367]",[105],Cc1cnn(CC2CCCN2C(=O)C(=O)N2CCCC(c3nc4ccccc4o3)C2)c1,,random_balanced,BB-1850,BB-0367,0,3,0.27614401714966835
BB-0702 BB-0442,"[702, 442]",[127],COc1ccc(Cl)cc1N1CC(C(=O)OCC2(c3ccccc3)CNC(=O)C2)CC1=O,,random_balanced,BB-0702,BB-0442,0,2,0.4810379831114128
BB-1913 BB-0814,"[1913, 814]",[78],CCc1c(C(=O)NC(C)c2cc(OC)ccc2O)cnn1CC,,random_balanced,BB-1913,BB-0814,1,1,0.7802200695431392
BB-1602 BB-1713,"[1602, 1713]",[50],CCc1c(C(C)(C(=O)O)N2CCC(CCOc3ccc4ccccc4c3)CC2)oc2ccc(C)cc12,,random_balanced,BB-1602,BB-1713,2,1,0.33109716366490166
BB-0218 BB-0428,"[218, 428]",[28],COCCCCc1cccnc1NC(=O)NC1CCN(c2cc(C)n[nH]2)CC1,,random_balanced,BB-0218,BB-0428,2,2,0.29961526043113434
BB-1747 BB-0718,"[1747, 718]",[24],O=C(O)c1cnc(O)c(S(=O)(=O)c2cc(CCl)ncn2)c1,,random_balanced,BB-1747,BB-0718,0,1,0.18234276505241978
BB-1247 BB-1221,"[1247, 1221]",[146],COc1ccc(C(=O)CCC(=O)O)c(NC23CCC(F)(CC2)C3)c1,,random_balanced,BB-1247,BB-1221,2,1,0.5313401804432926
BB-1015 BB-0063,"[1015, 63]",[50],CC(=O)c1cc(C(C)(OC(=O)CCCc2cc(C(=O)O)ccc2N)C(=O)O)ccc1O,,random_balanced,BB-1015,BB-0063,2,0,0.5497983878413947
BB-0438 BB-0987,"[438, 987]",[89],Cc1c(Sc2cccc3c(=N)c(C(N)=O)c[nH]c23)c(=O)n(C2CCCC2)c2nc(Cl)ncc12,,random_balanced,BB-0438,BB-0987,1,2,0.5109796459085695
BB-1981 BB-1574,"[1981, 1574]",[37],O=C(Nc1ccc(Br)cc1C(F)(F)F)c1coc2c1CNC2,,random_balanced,BB-1981,BB-1574,4,1,0.36583507620811584
BB-0423 BB-0425,"[423, 425]",[103],O=Cc1cn[nH]c1NC(=O)N1CCCC(Oc2ncccc2Br)C1,,random_balanced,BB-0423,BB-0425,0,0,0.42493282001953103
BB-1580 BB-1729,"[1580, 1729]",[126],Nc1cc(C(=O)OCCNC(=O)c2ccccc2C(F)(F)F)ccc1I,,random_balanced,BB-1580,BB-1729,1,3,0.3040035660818311
BB-0156 BB-0688,"[156, 688]",[49],Cc1ccccc1-c1cc(-n2cnc3c(NC(CC(C)C)C4CC4c4ccccc4)ncnc32)n(Cc2ccccc2)n1,,random_balanced,BB-0156,BB-0688,0,1,0.16216375951715786
BB-1484 BB-1594,"[1484, 1594]",[68],Cc1cc(C)c(N)c(C#Cc2ncoc2C2CC2)c1,,random_balanced,BB-1484,BB-1594,2,2,0.6039647738709806
BB-0815 BB-1180,"[815, 1180]",[125],COCc1nc(C2CCCCCN2C(C)(C(=O)O)c2cc(CBr)ccc2[N+](=O)[O-])no1,,random_balanced,BB-0815,BB-1180,0,1,0.693295232817143
BB-0854 BB-0283,"[854, 283]",[4],Cc1ncc2c(n1)CCC(C(=O)N1c3ccccc3C[C@@H]1CO)C2,,random_balanced,BB-0854,BB-0283,2,1,0.7720496464250561
BB-1082 BB-0376,"[1082, 376]",[125],Nc1ccc2c(c1)CCCC2(C(=O)O)n1ncc2cc[nH]c2c1=O,,random_balanced,BB-1082,BB-0376,0,1,0.5015427787738946
BB-1944 BB-0268,"[1944, 268]",[89],CCC1(CSc2c[nH]c(=O)c3ccc(C(F)(F)F)cc23)COC1,,random_balanced,BB-1944,BB-0268,1,1,0.24931234116259388
BB-1504 BB-0956,"[1504, 956]",[108],CC(C)(C)c1ccc2c(c1)C(NCC1CC=C(C(=O)O)CC1)CCO2,,random_balanced,BB-1504,BB-0956,1,3,0.7488830365935091
BB-1275 BB-1775,"[1275, 1775]",[81],CCOc1ccc(S(=O)(=O)NC2(c3nc(C(=O)OC)c[nH]3)CCC2)cc1F,,random_balanced,BB-1275,BB-1775,0,1,0.6423813454136008
BB-0029 BB-0471,"[29, 471]",[78],CC(C)COc1ccc(C(C)(C)CNC(=O)Cc2cccc(C(F)(F)F)n2)cc1,,random_balanced,BB-0029,BB-0471,0,0,0.4742942463162298
BB-1360 BB-1404,"[1360, 1404]",[119],CC(CC(=O)O)(C1CCCCC1)N1CCc2c(ncn2C2CCC2)C1,,random_balanced,BB-1360,BB-1404,1,1,0.6823126164062967
BB-0855 BB-0028,"[855, 28]",[41],CCn1c(N)c(C(=O)COC2CCCCC2O)c(=O)[nH]c1=O,,random_balanced,BB-0855,BB-0028,0,2,0.5998306470470576
BB-0334 BB-1377,"[334, 1377]",[103],CCOC(=O)c1cnn2c(-c3cccc(NC(=O)NCCCN4C(=O)NC(c5ccccc5)(c5ccccc5)C4=O)c3)ccnc12,,random_balanced,BB-0334,BB-1377,4,1,0.08857755749792326
BB-0572 BB-1209,"[572, 1209]",[5],COc1ccc(C(F)(F)F)cc1Nc1cc(-c2ncn(C)n2)ccc1C,,random_balanced,BB-0572,BB-1209,0,1,0.640073585990562
BB-0999 BB-0581,"[999, 581]",[78],Cc1nn(-c2ccccc2F)c(C)c1C1COCCN1C(=O)[C@H](Cc1ccc(OP(=O)(OCc2ccccc2)OCc2ccccc2)cc1)NC(=O)OCC1c2ccccc2-c2ccccc21,,random_balanced,BB-0999,BB-0581,1,2,0.0
BB-1425 BB-0012,"[1425, 12]",[146],CC(C)(C)c1cc2c(N3CC[C@H](NC(N)=O)C3)nccn2n1,,random_balanced,BB-1425,BB-0012,0,2,0.7652443468134823
BB-0302 BB-1015,"[302, 1015]",[125],CC(=O)c1ccc(O)c(C(C)(OC(=O)c2ccc(C3CC3)cc2F)C(=O)O)c1,,random_balanced,BB-0302,BB-1015,0,3,0.5948284937717191
BB-1688 BB-0562,"[1688, 562]",[139],C=C(c1cc([N+](=O)[O-])ccc1C(=O)O)C(F)(F)CO,,random_balanced,BB-1688,BB-0562,1,0,0.15503146547285654
BB-1163 BB-1277,"[1163, 1277]",[108],Cc1nc2c(CNC3CC(C)(C)CC(C)(C)C3)c(F)ccc2[nH]1,,random_balanced,BB-1163,BB-1277,0,1,0.487916731474162
BB-1949 BB-1884,"[1949, 1884]",[125],CCOC(=O)CC(Oc1ccc(C=O)cc1C(F)(F)F)(C(=O)O)C(F)(F)Cl,,random_balanced,BB-1949,BB-1884,1,2,0.5215659112723238
BB-1138 BB-0600,"[1138, 600]",[49],CC(C)(C)c1ccc(OCCCn2cnc3c(Nc4c5c(nn4-c4cccc(Cl)c4)CCC5)ncnc32)cc1,,random_balanced,BB-1138,BB-0600,1,1,0.07844837910382126
BB-0666 BB-1635,"[666, 1635]",[38],CCn1nc(C)cc1-c1ccc([N+](=O)[O-])cc1C(F)(F)F,,random_balanced,BB-0666,BB-1635,0,0,0.3172776434495455
BB-0837 BB-0528,"[837, 528]",[66],COC(=O)c1cc2cc(C(C)(O)c3cc([N+](=O)[O-])nn3C)cnc2s1,,random_balanced,BB-0837,BB-0528,1,1,0.7054910294522541
BB-0098 BB-0125,"[98, 125]",[78],CC(Cc1c(F)cccc1F)NC(=O)C1CNCC2(CCOCC2)O1,,random_balanced,BB-0098,BB-0125,2,1,0.5938663980786759
BB-0723 BB-1272,"[723, 1272]",[50],CC(CF)COC1(C(=O)O)CCN(C(=O)OCc2ccccc2)CC1CC#N,,random_balanced,BB-0723,BB-1272,1,0,0.6854907376294209
BB-0618 BB-1572,"[618, 1572]",[5],CCCc1ccc(Nc2cccc(-c3nc(CCl)c(C)o3)c2)c(C(=O)O)c1,,random_balanced,BB-0618,BB-1572,2,1,0.7712373107190481
BB-0271 BB-0118,"[271, 118]",[108],CC1(C)CC(NCC2(c3cccc(Br)c3)CCC2)c2cc(Br)ncc2O1,,random_balanced,BB-0271,BB-0118,0,2,0.6831876627613896
BB-1839 BB-0652,"[1839, 652]",[41],COC(=O)C(OC1CC(C(=O)OCc2ccccc2)C1)=C1CC1,,random_balanced,BB-1839,BB-0652,1,1,0.42285369944029894
BB-0011 BB-1497,"[11, 1497]",[66],Cc1nc2ccc(C(O)(CC3COCCN3)c3ccccc3)cc2c(C)c1C(=O)O,,random_balanced,BB-0011,BB-1497,2,1,0.8214000909102861
BB-0538 BB-0070,"[538, 70]",[57],Cc1nn(C)c2nc(Cl)c(C3N[C@H](C(=O)O)Cc4ccc([N+](=O)[O-])cc43)cc12,,random_balanced,BB-0538,BB-0070,1,1,0.7625441821024755
BB-1045 BB-0464,"[1045, 464]",[24],COc1cnc(Cl)nc1NNc1nc(S(=O)(=O)c2cnnn2C)ncc1OC,,random_balanced,BB-1045,BB-0464,1,0,0.21092258155529905
BB-1955 BB-0787,"[1955, 787]",[118],COc1ccc(CC(CO)NCc2cccc(Br)c2Cl)cc1OC,,random_balanced,BB-1955,BB-0787,3,3,0.5785465601460532
BB-1724 BB-1842,"[1724, 1842]",[41],CC(C)(C)OC(=O)N1C(=O)C[C@@H](Oc2ccc(C(=O)Cc3ccccc3)s2)[C@H]1Cc1ccccc1,,random_balanced,BB-1724,BB-1842,0,1,0.1715210363135925
BB-1575 BB-0062,"[1575, 62]",[65],O=NN(CC(=O)c1cnc2ccsc2c1O)Cc1ccccc1,,random_balanced,BB-1575,BB-0062,0,1,0.4855692905216844
BB-0543 BB-1271,"[543, 1271]",[15],COC(=O)C1CC(c2ccc(Sc3ccc(OCn4ccc(C(=O)NN)n4)cc3)cc2)C1,,random_balanced,BB-0543,BB-1271,1,1,0.09816670495716773
BB-0504 BB-0162,"[504, 162]",[66],CCOC(=O)c1cnn(C)c1C(C)(O)c1ccc(C(=O)O)cc1F,,random_balanced,BB-0504,BB-0162,1,1,0.5031157208590171
BB-0768 BB-1092,"[768, 1092]",[124],O=C(O)CC(c1cccc(I)c1)n1cnc2c(Nc3ccc(O)cc3)ncnc21,,random_balanced,BB-0768,BB-1092,2,1,0.7052918230895646
BB-1708 BB-0948,"[1708, 948]",[145],COc1ccc2c(c1)OCC(C=Cc1cccc(C=O)c1)=C2,,random_balanced,BB-1708,BB-0948,0,1,0.4248284090002116
BB-1420 BB-1118,"[1420, 1118]",[108],Cc1nc(NCc2cccc(OCC3CCCCC3)c2)ccc1-c1cnn(C)c1,,random_balanced,BB-1420,BB-1118,1,1,0.3498582005928509
BB-0368 BB-0256,"[368, 256]",[78],CCCCCC(CC)C(=O)N(CCC)Cc1ccccc1O,,random_balanced,BB-0368,BB-0256,2,0,0.3801231930739751
BB-1199 BB-0657,"[1199, 657]",[99],Cc1c[n+]([O-])ccc1S(=O)(=O)C(C)C(=O)Nc1ccccc1C(C)C,,random_balanced,BB-1199,BB-0657,1,3,0.5616025688408184
BB-1675 BB-1236,"[1675, 1236]",[64],COC(=O)c1c(C2=CC3CC2CN3C(C)=O)[nH]c2ccc(Br)cc12,,random_balanced,BB-1675,BB-1236,1,0,0.5496132021210557
BB-0577 BB-0817,"[577, 817]",[49],CC(Nc1ncnc2c1ncn2C1CCCN(c2ccc(C#N)cc2)C1=O)C(=O)Nc1cc(C(F)(F)F)n[nH]1,,random_balanced,BB-0577,BB-0817,1,2,0.3025282808101217
BB-0506 BB-1586,"[506, 1586]",[103],CCC(NC(=O)Nc1cc(-c2cccc(Cl)c2)ccc1C)C(C)(C)O,,random_balanced,BB-0506,BB-1586,2,2,0.5018601917336372
BB-1845 BB-0178,"[1845, 178]",[105],CN(Cc1cc(Br)cc([N+](=O)[O-])c1)C(=O)C(=O)N1[C@@H]2C[C@@H](F)C[C@H]1C2,,random_balanced,BB-1845,BB-0178,0,1,0.19599917637094896
BB-0234 BB-1690,"[234, 1690]",[78],CC1(C)CN(C(=O)CC2CCC(=O)c3ccccc32)c2ccc([N+](=O)[O-])cc21,,random_balanced,BB-0234,BB-1690,3,1,0.8162197874312342
BB-0330 BB-1623,"[330, 1623]",[78],Cc1cc2cc(Br)c(F)cc2nc1NC(=O)C(C)CN(C)C,,random_balanced,BB-0330,BB-1623,0,1,0.4924425063214293
BB-1616 BB-0555,"[1616, 555]",[5],CC(=O)c1cc(Nc2ccc3c(c2)N(Cc2ccc(F)cc2)CC3)sc1Cl,,random_balanced,BB-1616,BB-0555,1,1,0.6437512641735177
BB-0841 BB-0120,"[841, 120]",[112],Cc1ccc(C2CC(C(F)(F)F)n3nccc3N2C(=O)c2[nH]c3c(c2C)C(=O)CC(C)(C)C3)s1,,random_balanced,BB-0841,BB-0120,2,2,0.6983239862475837
BB-1464 BB-1824,"[1464, 1824]",[48],Cc1cccc(CCn2cc(CNc3nc(Cl)cc(-c4ccccc4)n3)nn2)n1,,random_balanced,BB-1464,BB-1824,0,0,0.11330019734706746
BB-1537 BB-1300,"[1537, 1300]",[71],CCOC(=O)CC(CC1CCCC1)Nc1cc(Cl)cc(-c2nc(CCl)co2)c1,,random_balanced,BB-1537,BB-1300,2,2,0.7026036432474754
BB-0693 BB-0518,"[693, 518]",[89],CC(C)(C)OC(=O)Nc1csc(Sc2cccc(C3(C#N)CCC3)n2)c1,,random_balanced,BB-0693,BB-0518,1,1,0.2039332194458082
BB-0004 BB-1586,"[4, 1586]",[124],CCC(Nc1ncnc2c1ncn2CCNc1ccc(C(F)(F)F)cc1C#N)C(C)(C)O,,random_balanced,BB-0004,BB-1586,1,3,0.18581077184716976
BB-0942 BB-0840,"[942, 840]",[105],O=C(NCCC1=CCCCC1)C(=O)N1CCC(C(=O)O)(c2cccc(Cl)c2)CC1,,random_balanced,BB-0942,BB-0840,1,0,0.3093843043447313
BB-0036 BB-1039,"[36, 1039]",[62],Cc1cc(CC(=O)C2C(=O)NC23CCC(C)(C)CC3)ccn1,,random_balanced,BB-0036,BB-1039,1,1,0.3872467010142311
BB-0329 BB-0065,"[329, 65]",[41],Cc1cc(C)c([N+](=O)[O-])cc1COc1ccc(N2CCCC(N)C2)cc1Cl,,random_balanced,BB-0329,BB-0065,0,1,0.18936106374002673
BB-0695 BB-0454,"[695, 454]",[79],Cc1ccc(C(C)Nc2c(F)cccc2Cl)cc1[N+](=O)[O-],,random_balanced,BB-0695,BB-0454,1,2,0.5855303519383734
BB-1892 BB-1335,"[1892, 1335]",[108],CCc1ccc(CN(C)C2COC(C)(C)C2)[nH]1,,random_balanced,BB-1892,BB-1335,1,1,0.1857858574257856
BB-0336 BB-0549,"[336, 549]",[140],Nc1cc(-n2cnnn2)ccc1C(=O)C1(C(F)(F)F)CCCC1,,random_balanced,BB-0336,BB-0549,2,0,0.5220374400194219
BB-1482 BB-0342,"[1482, 342]",[50],Cc1ccc(Cl)c2c1N(C(C)(C(=O)O)c1c(O)ccc3ccccc13)C(=O)C2=O,,random_balanced,BB-1482,BB-0342,1,2,0.37537742580454003
BB-0668 BB-0364,"[668, 364]",[28],CC(C)c1ccc2c(c1)N(C(=O)Nc1nc(-c3ccc4c(c3)-c3ccccc3C4)cs1)CCO2,,random_balanced,BB-0668,BB-0364,1,1,0.03515698876032893
BB-1306 BB-0435,"[1306, 435]",[105],O=C(NCc1ccc2ccccc2c1F)C(=O)NCc1noc2cc(F)ccc12,,random_balanced,BB-1306,BB-0435,0,2,0.17608101534647477
BB-0962 BB-0870,"[962, 870]",[5],CCC1CCCCN1C(=O)C(C)N1CC[C@@H](N(C)C)[C@@H](C)C1,,random_balanced,BB-0962,BB-0870,1,0,0.3601403224891549
BB-0137 BB-1541,"[137, 1541]",[15],CC(C)(C)OC(=O)c1cc(Sc2ccc3c(c2)S(=O)NC3=O)ccc1Br,,random_balanced,BB-0137,BB-1541,1,0,0.43979946827623956
BB-0406 BB-0436,"[406, 436]",[22],O=C(N1C[C@H]2[C@@H]3CC[C@@H](C3)[C@H]21)n1c(=O)[nH]c2cc(OC(F)(F)F)ccc2c1=O,,random_balanced,BB-0406,BB-0436,1,1,0.5801620460891688
BB-0008 BB-0382,"[8, 382]",[15],O=c1[nH]sc2c(SCc3ccc(O)nn3)cccc12,,random_balanced,BB-0008,BB-0382,1,2,0.23283429122460164
BB-1590 BB-1649,"[1590, 1649]",[78],O=C(NCc1ccc(Oc2ccc(F)cc2)nc1)C1(c2cc(F)cc(C(F)(F)F)c2)CCCC1,,random_balanced,BB-1590,BB-1649,1,2,0.5407176846177386
BB-0669 BB-0426,"[669, 426]",[66],COC(=O)c1cc2c(o1)CCCC2(O)CC(=O)C1CC(F)(F)C1,,random_balanced,BB-0669,BB-0426,1,2,0.50985800515619
BB-1642 BB-0950,"[1642, 950]",[65],COCc1cc(C(=O)O)cc(C(=O)c2ccc(-c3ccc(OC)cc3)cc2)c1,,random_balanced,BB-1642,BB-0950,1,1,0.40223461332485155
BB-0534 BB-1674,"[534, 1674]",[38],O=C1CCC(N2C(=O)c3ccc(-c4ccc5c(c4)OC(C(=O)O)CC5)cc3C2=O)C(=O)N1,,random_balanced,BB-0534,BB-1674,1,0,0.2637598450936183
BB-0712 BB-1646,"[712, 1646]",[37],COc1cnc(C(=O)N2CCC(C)(CCO)C2)c(C)c1,,random_balanced,BB-0712,BB-1646,0,1,0.5474190823764582
BB-1501 BB-1190,"[1501, 1190]",[5],O=C(O)c1ccc(COc2ccc(F)cc2NC(c2ccccc2)c2ccoc2)s1,,random_balanced,BB-1501,BB-1190,1,0,0.6220174509471598
BB-0034 BB-1017,"[34, 1017]",[103],Cc1cnc(N(CCN)C(=O)NCc2cc(F)ccc2N2CCOCC2)nc1,,random_balanced,BB-0034,BB-1017,0,1,0.5604550962264648
BB-1160 BB-1772,"[1160, 1772]",[99],CC(C)(C)C1CCC(S(=O)(=O)c2ccccc2C(=O)Nc2ccc(O)cc2)CC1,,random_balanced,BB-1160,BB-1772,1,2,0.6077997195539816
BB-0516 BB-1355,"[516, 1355]",[103],CCOc1ccc2c(c1)C(NC(=O)NC1CCC(CCCC(=O)O)C1)CCO2,,random_balanced,BB-0516,BB-1355,1,3,0.4030297150316104
BB-1633 BB-0487,"[1633, 487]",[51],O=C(OC[C@@H]1CNCCO1)c1cccc(Cn2cc(Br)cn2)c1,,random_balanced,BB-1633,BB-0487,3,3,0.5374032300356297
BB-1223 BB-0624,"[1223, 624]",[146],COc1cc(Nc2c3c(nc4ccccc24)CCOC3)c(C2CC2)cc1Cl,,random_balanced,BB-1223,BB-0624,1,2,0.5759579973978582
BB-1595 BB-0059,"[1595, 59]",[105],Cc1n[nH]c(C)c1NC(=O)C(C)CNC(=O)C(=O)N1CCOc2c(C(=O)O)cccc21,,random_balanced,BB-1595,BB-0059,2,1,0.16368760955564218
BB-0944 BB-0890,"[944, 890]",[89],Cc1cc(SCc2ccc3ccccc3c2[N+](=O)[O-])cc(C2(C(=O)O)CC2)c1,,random_balanced,BB-0944,BB-0890,0,2,0.4613540051140137
BB-0944 BB-1363,"[944, 1363]",[116],CCn1c2ccccc2c2cc(-n3c(SCc4ccc5ccccc5c4[N+](=O)[O-])nc4ccccc4c3=O)ccc21,,random_balanced,BB-0944,BB-1363,1,1,0.16675372654563114
BB-0413 BB-0134,"[413, 134]",[33],COc1ccc(NC2CSCCc3ccccc32)cc1-n1nnnc1C,,random_balanced,BB-0413,BB-0134,0,1,0.66971896229583
BB-0002 BB-0131,"[2, 131]",[119],CC1OC(=O)CC1N1C[C@@H](Oc2ccccc2)C[C@H]1C(=O)O,,random_balanced,BB-0002,BB-0131,0,1,0.5435136557006411
BB-0559 BB-1465,"[559, 1465]",[4],O=C(Nc1cc(C(F)(F)F)ncc1Br)c1csc(Cc2cccc(C(F)(F)F)c2)n1,,random_balanced,BB-0559,BB-1465,1,0,0.295188990581249
BB-1674 BB-1850,"[1674, 1850]",[79],Cc1cnn(CC2CCCN2c2ccc3c(c2)OC(C(=O)O)CC3)c1,,random_balanced,BB-1674,BB-1850,1,1,0.7150610923402496
BB-1255 BB-0255,"[1255, 255]",[78],Cc1nc(NC(=O)c2ccc(Sc3ccc(F)cc3)c([N+](=O)[O-])c2)sc1Cc1ccc(F)c(F)c1F,,random_balanced,BB-1255,BB-0255,0,0,0.07623357624031782
BB-1887 BB-0591,"[1887, 591]",[50],COC(=O)c1ccc2c(c1)CCC2(OC(=O)[C@@H]1C[C@H]1c1cccc(Br)c1C)C(=O)O,,random_balanced,BB-1887,BB-0591,0,2,0.7326110852490394
BB-0505 BB-1433,"[505, 1433]",[30],CCOC(=O)c1cnc2ncnn2c1NC(=O)C(=O)N1CC2(CCC1C)OCc1ccccc12,,random_balanced,BB-0505,BB-1433,1,2,0.4082629970266288
BB-1966 BB-1899,"[1966, 1899]",[30],CN(C(=O)OC(C)(C)C)[C@H]1CCCN(C(=O)C(=O)Nc2ccccc2N2CC(C)(C)C2=O)C1,,random_balanced,BB-1966,BB-1899,1,1,0.21566792968494305
BB-1465 BB-1724,"[1465, 1724]",[51],CC(C)(C)OC(=O)N1C(=O)C[C@@H](OC(=O)c2csc(Cc3cccc(C(F)(F)F)c3)n2)[C@H]1Cc1ccccc1,,random_balanced,BB-1465,BB-1724,1,1,0.25026445271751224
BB-0817 BB-0020,"[817, 20]",[49],CCOC(=O)c1nc2c(Br)cccn2c1-n1cnc2c(NC3CCCN(c4ccc(C#N)cc4)C3=O)ncnc21,,random_balanced,BB-0817,BB-0020,3,2,0.055185213825950215
BB-1500 BB-1562,"[1500, 1562]",[125],Cc1cc(O)c(C(CCC(=O)O)(OC(=O)c2cc(C(F)(F)F)cc([N+](=O)[O-])c2C)C(=O)O)cc1Br,,random_balanced,BB-1500,BB-1562,1,1,0.5227467136559237
BB-0104 BB-0854,"[104, 854]",[51],CC(C)(C)OC(=O)NC(CCCC1OCCO1)C(=O)OC[C@H]1Cc2ccccc2N1,,random_balanced,BB-0104,BB-0854,1,3,0.3450082195532904
BB-0637 BB-1555,"[637, 1555]",[125],CCOC(=O)C1(C)C=CC(C(=O)O)(N(C(=O)OCC(F)(F)F)c2ccnn2C)CC1,,random_balanced,BB-0637,BB-1555,1,1,0.464394798766245
BB-1435 BB-1241,"[1435, 1241]",[125],CCCCC(OC(=O)CC1CCCC(C#N)C1)(C(=O)O)c1ccc(C)cc1O,,random_balanced,BB-1435,BB-1241,1,0,0.6609596100168905
BB-1277 BB-1608,"[1277, 1608]",[103],Cc1nc2c(CNC(=O)Nc3ccc(-c4ccco4)cc3F)c(F)ccc2[nH]1,,random_balanced,BB-1277,BB-1608,2,0,0.12579409275912645
BB-0647 BB-0714,"[647, 714]",[71],NCc1cc(N2CCC(n3cnc(C(N)=O)c3N)CC2)cc2cccnc12,,random_balanced,BB-0647,BB-0714,1,1,0.7232578951680316
BB-0389 BB-0349,"[389, 349]",[33],Cc1cccc(C(NCC(F)(F)C2CC2)C(N)=O)c1,,random_balanced,BB-0389,BB-0349,2,1,0.49478458304550393
BB-0355 BB-1186,"[355, 1186]",[4],CN(C(=O)C1CC1(C)c1ccc(F)cc1)C1CCCC1c1ccc(C(F)(F)F)cc1,,random_balanced,BB-0355,BB-1186,1,0,0.6416969485770426
BB-1929 BB-0744,"[1929, 744]",[28],CC(C)n1ncc(NC(=O)N(Cc2ccccc2Cl)C2CC2)c1Cl,,random_balanced,BB-1929,BB-0744,3,2,0.5603845456674815
BB-1855 BB-1683,"[1855, 1683]",[37],Cc1ccc(C(CN)C(=O)NC2CCCc3cn(CC(F)(F)F)nc32)cc1,,random_balanced,BB-1855,BB-1683,0,1,0.7371803827631936
BB-0974 BB-1244,"[974, 1244]",[15],CC(C)Oc1ccc(CO)cc1Sc1cnc(C(=O)[O-])n1C,,random_balanced,BB-0974,BB-1244,1,0,0.4634494790598055
BB-0448 BB-0480,"[448, 480]",[125],Cc1cc2nc(-c3cccc4ncccc34)n(C(C)(CCc3ccccc3[N+](=O)[O-])C(=O)O)c2cc1C,,random_balanced,BB-0448,BB-0480,0,0,0.6943779669858859
BB-1423 BB-0065,"[1423, 65]",[146],NC1CCCN(c2ccc(Cl)c(NC(C(=O)O)c3ccc(C(F)(F)F)cc3)c2)C1,,random_balanced,BB-1423,BB-0065,3,2,0.7439002889013029
BB-0830 BB-1768,"[830, 1768]",[15],CCOC(=O)C(=O)c1c(Sc2ccc3ncn(C)c(=O)c3c2)nc(C)n1C,,random_balanced,BB-0830,BB-1768,2,0,0.6200950344756815
BB-0130 BB-0075,"[130, 75]",[111],CCOC(=O)N1CCCC(c2nc(C3(C(=O)OC)CC4(COC4)C3)no2)C1,,random_balanced,BB-0130,BB-0075,1,1,0.5701612806484915
BB-1548 BB-0389,"[1548, 389]",[119],Cc1ccc(C(NCC(F)(F)C2CC2)C2NC(=O)NC2=O)cc1,,random_balanced,BB-1548,BB-0389,0,3,0.4738882561519417
BB-1620 BB-0376,"[1620, 376]",[141],Nc1ccc2c(c1)CCCC2(O)CCC1CCCCCC1,,random_balanced,BB-1620,BB-0376,1,2,0.43954625615745996
BB-0955 BB-1169,"[955, 1169]",[15],CC1CCN(CCOc2ccc(SC3CCCCc4ccccc43)cc2)C1,,random_balanced,BB-0955,BB-1169,2,0,0.13534033274288432
BB-0157 BB-1856,"[157, 1856]",[30],O=C(Nc1cc(-c2ccc(-c3ccccc3)cc2)[nH]n1)C(=O)N1CCN(c2nc(Cl)nc(N3CCOCC3)n2)CC1,,random_balanced,BB-0157,BB-1856,1,1,0.007768904663632434
BB-0051 BB-0522,"[51, 522]",[108],CCC12CN(Cc3c(C)cccc3OC)C(CO)(C1)C2,,random_balanced,BB-0051,BB-0522,1,3,0.34561000581585044
BB-1411 BB-0178,"[1411, 178]",[108],COCOc1ccc(C(C)N(C)Cc2cc(Br)cc([N+](=O)[O-])c2)c(O)c1C,,random_balanced,BB-1411,BB-0178,2,2,0.7577827161990923
BB-0729 BB-0785,"[729, 785]",[37],Cc1cccc(-c2ccc(C(=O)N3CCCC3c3cc(C)on3)[nH]2)c1,,random_balanced,BB-0729,BB-0785,1,1,0.4840095773404411
BB-0961 BB-1047,"[961, 1047]",[1],Cc1nn(-c2ccncc2)c(Cl)c1C=C(Cc1nnc(CNC(=O)OCC2c3ccccc3-c3ccccc32)s1)C(=O)O,,random_balanced,BB-0961,BB-1047,1,0,0.013464424344049188
BB-0887 BB-0466,"[887, 466]",[49],CSCC1(Cn2cnc3c(Nc4ncn(-c5ccncc5)n4)ncnc32)CC(F)(F)C1,,random_balanced,BB-0887,BB-0466,0,1,0.32733749430903447
BB-1186 BB-1555,"[1186, 1555]",[137],CC1(C(=O)C2(C(=O)O)CC2(C)c2ccc(F)cc2)C=CC(=O)CC1,,random_balanced,BB-1186,BB-1555,1,2,0.38970316482771583
BB-1725 BB-1057,"[1725, 1057]",[89],Cc1c(Sc2cccc(S(=N)(=O)Cc3cccnc3)c2)c2ccccc2n1CC(=O)O,,random_balanced,BB-1725,BB-1057,1,2,0.3323141230177864
BB-1994 BB-1778,"[1994, 1778]",[25],[N-]=[N+]=Nc1ccc(Br)c(S(=O)(=O)c2ccccc2CC(N)CO)c1Cl,,random_balanced,BB-1994,BB-1778,5,1,0.4430962133504903
BB-1549 BB-0201,"[1549, 201]",[28],CNS(=O)(=O)N1CCC(NC(=O)NCC(=O)c2ccc(C)c(Br)c2)CC1,,random_balanced,BB-1549,BB-0201,2,0,0.36092419038730944
BB-1394 BB-1579,"[1394, 1579]",[100],Cc1cc(C(=O)O)c2cc(S(=O)(=O)c3ccc(C(C)Br)c(C)c3)ccc2n1,,random_balanced,BB-1394,BB-1579,1,0,0.584043633417237
BB-0410 BB-1636,"[410, 1636]",[125],CCc1cccc(OC2(C(=O)O)CCCOc3c(Cl)cc(C)cc32)n1,,random_balanced,BB-0410,BB-1636,0,2,0.6607587137531223
BB-0221 BB-0774,"[221, 774]",[105],COCCNC(=O)c1c(NC(=O)C(=O)N2CCCC2c2nncn2CC(C)C)sc2c1CCCC2,,random_balanced,BB-0221,BB-0774,1,1,0.11115952992011158
BB-1240 BB-1806,"[1240, 1806]",[4],O=C(NCc1c(F)ccc2[nH]cnc12)c1ccc(N2CCCC2=O)cc1,,random_balanced,BB-1240,BB-1806,0,1,0.31266473188586613
BB-1061 BB-0349,"[1061, 349]",[125],Cc1cccc(C(C(N)=O)(C(=O)O)N(C(=O)COC(=O)c2occc2C)c2sccc2C(N)=O)c1,,random_balanced,BB-1061,BB-0349,0,2,0.4889977958574962
BB-1033 BB-0893,"[1033, 893]",[116],CC(F)(F)C(F)(F)COc1cc(F)c(Br)nc1Br,,random_balanced,BB-1033,BB-0893,1,1,0.1245813097814894
BB-1254 BB-1761,"[1254, 1761]",[66],COC(=O)c1cc2c(C(O)(CCOc3ccccc3)C3CC3)ccc(C)c2[nH]1,,random_balanced,BB-1254,BB-1761,1,1,0.8242128106054876
BB-1555 BB-0238,"[1555, 238]",[50],CCOC(=O)C1(C)C=CC(C(=O)O)(n2c(=O)c(-c3csc(C)n3)c(N)n(CC)c2=O)CC1,,random_balanced,BB-1555,BB-0238,3,1,0.661943906743298
BB-0200 BB-1237,"[200, 1237]",[50],COC(=O)c1cc(C(CCC(=O)O)(Oc2c([N+](=O)[O-])cccc2S(N)(=O)=O)C(=O)O)c[nH]1,,random_balanced,BB-0200,BB-1237,2,0,0.34636341767520956
BB-0267 BB-1447,"[267, 1447]",[78],COC(=O)C1(NC(=O)CN2CCOc3ccc(Cl)cc32)CC(c2ccccc2Cl)C1,,random_balanced,BB-0267,BB-1447,0,2,0.7535919483682009
BB-1606 BB-0387,"[1606, 387]",[105],Cn1cc(N(CC2CCC2)C(=O)C(=O)Nc2c3c(nn2-c2ccccc2)COC3)cn1,,random_balanced,BB-1606,BB-0387,3,1,0.6187440788261518
BB-1145 BB-1092,"[1145, 1092]",[50],CC(C)(C)OC(=O)N1CC(C2CCCC(Oc3ccc(N)cc3)(C(=O)O)C2)C1,,random_balanced,BB-1145,BB-1092,1,2,0.6722677155892289
BB-1386 BB-0726,"[1386, 726]",[66],CN(C)/C=C1\OCCN(C(=O)OC(C)(C)C)CC1(O)c1cccc(C(=O)C(C)(C)O)c1,,random_balanced,BB-1386,BB-0726,1,2,0.41387165138356485
BB-1213 BB-1424,"[1213, 1424]",[50],Cc1cc(C)c2c(c1)NC(=O)C2(C(=O)O)N1CCCCC1c1nccs1,,random_balanced,BB-1213,BB-1424,0,2,0.4257304692163497
BB-1389 BB-0629,"[1389, 629]",[71],CCCc1cc(N2CCC3(CC2)COc2ncccc23)nc(Cl)n1,,random_balanced,BB-1389,BB-0629,1,0,0.6896388625309667
BB-1332 BB-1166,"[1332, 1166]",[71],NCc1cc(OC(F)(F)F)cc(N2CCCC2c2ccc3c(c2)OCCCO3)c1,,random_balanced,BB-1332,BB-1166,2,2,0.6961177387235953
BB-0312 BB-0721,"[312, 721]",[125],COC(=O)c1ccc(C)n1C1(C(=O)O)CCC2CN(C(C)=O)c3cccc1c32,,random_balanced,BB-0312,BB-0721,0,0,0.5845450067261937
BB-1911 BB-0295,"[1911, 295]",[5],COC(=O)c1ccc(C)c(N2CCCc3cc(C)cc(C(=O)O)c32)c1N,,random_balanced,BB-1911,BB-0295,2,2,0.329724309255709
BB-0088 BB-0989,"[88, 989]",[78],CS(=O)(=O)CC1CCC1C(=O)N1CCOC(c2ccc(OC(F)(F)F)cc2)C1,,random_balanced,BB-0088,BB-0989,0,0,0.6976947880708622
BB-0156 BB-0869,"[156, 869]",[7],Cc1c(S(=O)(=O)NC(CC(C)C)C2CC2c2ccccc2)cnn1CC(C)C,,random_balanced,BB-0156,BB-0869,1,0,0.4257262190289276
BB-1269 BB-0792,"[1269, 792]",[125],CCCN1C(=O)C(OCc2cc3nc[nH]c3cc2C)(C(=O)O)c2cc(Br)ccc21,,random_balanced,BB-1269,BB-0792,1,1,0.7839804547994922
BB-0055 BB-0650,"[55, 650]",[103],CCCn1c(NC(=O)Nc2nnc(C3CN(C(=O)OC(C)(C)C)C3)o2)c(N2CCOCC2)c(=O)[nH]c1=O,,random_balanced,BB-0055,BB-0650,0,2,0.11876240204702457
BB-0291 BB-1900,"[291, 1900]",[36],Cc1nc2ccccc2nc1Cc1noc(CC(C)c2c(C)noc2C)n1,,random_balanced,BB-0291,BB-1900,0,2,0.1253947110814972
BB-0782 BB-0584,"[782, 584]",[4],Cc1ccc(S(=O)(=O)N(C(=O)COC2(C)CNC2)C(C(=O)O)C(C)C)cc1C,,random_balanced,BB-0782,BB-0584,0,1,0.6142491245591535
BB-0984 BB-0223,"[984, 223]",[66],Cc1cc2c(cc1C(O)C1CC1)NCCC2,,random_balanced,BB-0984,BB-0223,1,1,0.36391877228240266
BB-0761 BB-1117,"[761, 1117]",[23],CC(C)(C)OC(=O)N1C[C@@H]2C[C@H](C1)[C@@H](C(F)(F)F)[C@@H]2C(=O)OCC(=O)c1ccc(Br)cc1,,random_balanced,BB-0761,BB-1117,1,3,0.41691329492482787
BB-1295 BB-0601,"[1295, 601]",[132],CCOC1CC(C2N[C@@H](C(=O)OC)Cc3c2[nH]c2ccccc32)C1,,random_balanced,BB-1295,BB-0601,1,1,0.48818946401575647
BB-1958 BB-1815,"[1958, 1815]",[30],CCCN(C(=O)C(=O)Nc1cc(Cl)c(OC)c(Cl)c1)c1ccncc1N,,random_balanced,BB-1958,BB-1815,1,2,0.3918765092362704
BB-0514 BB-1785,"[514, 1785]",[51],COC[C@@H](C)OC(=O)Cc1ccc(OC)c(Cl)c1,,random_balanced,BB-0514,BB-1785,1,2,0.517990052050495
BB-0545 BB-1148,"[545, 1148]",[105],CCCC(NC(=O)C(=O)Nc1cnn(CCN2CCNC2=O)c1)C(=O)N(CC)C1CCCC1,,random_balanced,BB-0545,BB-1148,1,2,0.12446208021985623
BB-0169 BB-0090,"[169, 90]",[66],COC(=O)c1cc(C(O)c2sc3ccccc3c2C(=O)O)nc2ccccc12,,random_balanced,BB-0169,BB-0090,0,0,0.7162595755375385
BB-0665 BB-0037,"[665, 37]",[125],O=C(CC(C(=O)O)(N(C(=O)N1CCN(C(=O)CCl)CC1)c1ccccc1)C(F)(F)F)c1ccc([N+](=O)[O-])cc1,,random_balanced,BB-0665,BB-0037,1,1,0.4067646059301056
BB-0924 BB-0645,"[924, 645]",[33],FC(F)(F)c1cccc(C2CCN(C(/C(=N/N=C/c3ccc4c(c3)OCO4)c3ccccc3)c3ccccc3)CC2)n1,,random_balanced,BB-0924,BB-0645,2,0,0.2501630625957992
BB-1953 BB-1841,"[1953, 1841]",[105],C[C@@H](NC(=O)C(=O)N1CC2(CCC2)c2cc(Br)ccc21)c1coc2c(F)cccc12,,random_balanced,BB-1953,BB-1841,4,1,0.6067953108226536
BB-0405 BB-1112,"[405, 1112]",[125],CCCCCN1C(=O)C(C(=O)O)(N2C(=O)OC[C@H]2Cc2ccccc2)c2ccccc21,,random_balanced,BB-0405,BB-1112,0,1,0.7358823046397409
BB-1907 BB-0724,"[1907, 724]",[71],CNC(C(=O)O)c1cc(OC)ccc1N1CCOC(CCC(F)(F)F)C1,,random_balanced,BB-1907,BB-0724,4,1,0.6907998883544599
BB-1335 BB-1400,"[1335, 1400]",[4],CN(C(=O)c1cc2n(c1C=O)CCCC2)C1COC(C)(C)C1,,random_balanced,BB-1335,BB-1400,2,0,0.23349384924329974
BB-0445 BB-0667,"[445, 667]",[5],FC(F)C12COCC(CNC(Cl)C(Cl)C(Cl)Cl)(C1)C2,,random_balanced,BB-0445,BB-0667,1,1,0.10693357586521152
BB-0117 BB-1694,"[117, 1694]",[125],Cc1c(C(C)(C(=O)O)N2C(=O)CCC(n3nnc4cccc(F)c4c3=O)C2=O)nnn1-c1cccc2ncccc12,,random_balanced,BB-0117,BB-1694,1,1,0.15236174069056072
BB-0740 BB-0858,"[740, 858]",[78],CC(F)(F)c1nnc(NC(=O)[C@]23CC[C@H]2CN(Cc2ccccc2)C3)o1,,random_balanced,BB-0740,BB-0858,0,1,0.6801969274560731
BB-0739 BB-0671,"[739, 671]",[4],Cn1cc(S(=O)(=O)N(C(=O)C23CCCCCC2N(C(=O)OC(C)(C)C)CC3)c2ccccc2)cc1C(N)=O,,random_balanced,BB-0739,BB-0671,1,1,0.36647686973992233
BB-0413 BB-0928,"[413, 928]",[4],COc1ccc(NC(=O)CCc2ccccc2C#N)cc1-n1nnnc1C,,random_balanced,BB-0413,BB-0928,1,0,0.572610529717055
BB-0351 BB-0380,"[351, 380]",[138],CCc1cc(-c2cc(C)cc(F)c2)cc2c1NCCC2,,random_balanced,BB-0351,BB-0380,2,0,0.6598099819487026
BB-1069 BB-0241,"[1069, 241]",[119],CN(C1CCN2CCCCC12)C(c1cccc([N+](=O)[O-])c1)C1CCCC1=O,,random_balanced,BB-1069,BB-0241,1,0,0.5071950176747563
BB-0297 BB-1315,"[297, 1315]",[71],Cn1nc2c(c1C(=O)O)CN(c1cccc3c1CC[C@@H]3N)C2,,random_balanced,BB-0297,BB-1315,2,1,0.5030714229941132
BB-0811 BB-1364,"[811, 1364]",[5],COc1ccc(C(N)C(F)(F)F)cc1N1CCCCC1c1ncc(C(F)(F)F)cn1,,random_balanced,BB-0811,BB-1364,1,1,0.6765292307441861
BB-1561 BB-1330,"[1561, 1330]",[125],C#Cc1ccccc1N(C(C)=O)C(C)(C(=O)O)c1nc2c(s1)CCC2,,random_balanced,BB-1561,BB-1330,0,1,0.48405131812359625
BB-1615 BB-0989,"[1615, 989]",[79],Cc1cnc(C(=O)O)cc1N1CCOC(c2ccc(OC(F)(F)F)cc2)C1,,random_balanced,BB-1615,BB-0989,3,1,0.7478854338494759
BB-0677 BB-0205,"[677, 205]",[94],C=CCCCOC(=O)C(CC)N(Cc1ccco1)C(=O)N1CCC(Oc2ncccc2Br)CC1,,random_balanced,BB-0677,BB-0205,2,1,0.46107358849558183
BB-1864 BB-1102,"[1864, 1102]",[50],CCOC(=O)C1(C)CCCCC1(OC(=O)c1cccc(S(=O)(=O)NCc2nncn2C)c1)C(=O)O,,random_balanced,BB-1864,BB-1102,1,1,0.3376712106859493
BB-1428 BB-0505,"[1428, 505]",[105],CCOC(=O)c1cnc2ncnn2c1NC(=O)C(=O)N1CCN(C(C)C)S1(=O)=O,,random_balanced,BB-1428,BB-0505,2,2,0.21858727195352512
BB-0845 BB-0975,"[845, 975]",[79],CC1CN(c2cnc3c(O)ncnn23)c2ccccc2NC1=O,,random_balanced,BB-0845,BB-0975,0,1,0.3925298917169046
BB-0890 BB-0010,"[890, 10]",[125],Cc1cc(Br)cc(C2(C(=O)OC3(C(=O)O)c4ccccc4CC34CCOCC4)CC2)c1,,random_balanced,BB-0890,BB-0010,3,0,0.6767463072680506
BB-1669 BB-1678,"[1669, 1678]",[108],CCCc1ccc(C(CCC(=O)O)NC(Cc2cc(C(F)(F)F)cnc2Cl)C(=O)O)cc1,,random_balanced,BB-1669,BB-1678,1,0,0.5980930636328855
BB-0501 BB-0427,"[501, 427]",[50],COc1ccc2[nH]c3c(c2c1)CCCC3(C(=O)O)n1cc(-n2cccc2)cn1,,random_balanced,BB-0501,BB-0427,2,1,0.7444744869739264
BB-1641 BB-0490,"[1641, 490]",[108],CNS(=O)(=O)c1ccccc1CNC(C)c1ccc(N2CCNC2=O)cc1,,random_balanced,BB-1641,BB-0490,0,1,0.6936188776825487
BB-1390 BB-1142,"[1390, 1142]",[116],C=CCCOCc1c(Br)cncc1O[C@H]1C[C@](C(=O)O)(c2ccccc2)C1,,random_balanced,BB-1390,BB-1142,4,0,0.5505924985336446
BB-1195 BB-1753,"[1195, 1753]",[141],Cc1cncc(C(O)c2ccc(-n3ncc4c(S)ncnc43)cc2)c1Cl,,random_balanced,BB-1195,BB-1753,1,1,0.5524932781595021
BB-1085 BB-0863,"[1085, 863]",[107],N#Cc1ccc(C(=O)NNC(=O)CS(=O)c2nnc(-c3ccsc3)o2)cc1,,random_balanced,BB-1085,BB-0863,1,1,0.1913884318829211
BB-1022 BB-0101,"[1022, 101]",[125],CCCCO/C=C/C(OC(=O)c1c(C=O)c2ccccc2n1C)(C(=O)O)C(F)(F)F,,random_balanced,BB-1022,BB-0101,1,1,0.7339164494912586
BB-1347 BB-0681,"[1347, 681]",[78],CCc1nc(C(C)C)ccc1C(=O)N1CCC(F)(C(=O)OC)CC1,,random_balanced,BB-1347,BB-0681,1,2,0.6356958095903386
BB-0259 BB-0237,"[259, 237]",[66],COCOc1cc(C)cc(C2(O)CCCc3cc(OC(C)C)ccc32)c1Br,,random_balanced,BB-0259,BB-0237,1,4,0.7582057854489525
BB-1217 BB-0556,"[1217, 556]",[41],Cc1cc(Oc2cc(C)c3c(c2)OCC3=O)ccc1CCN,,random_balanced,BB-1217,BB-0556,0,1,0.569957586599914
BB-1221 BB-0317,"[1221, 317]",[114],COc1ccc(C(=O)CCc2nnc(-c3nn(C)c(C)c3Br)o2)c(Cl)c1,,random_balanced,BB-1221,BB-0317,2,0,0.16708147478528007
BB-1112 BB-1965,"[1112, 1965]",[50],CCCCCN1C(=O)C(C(=O)O)(N2CCN(c3cc(F)ncn3)CC2)c2ccccc21,,random_balanced,BB-1112,BB-1965,2,1,0.7589864272948268
BB-1796 BB-1395,"[1796, 1395]",[79],Cc1nsc(N2CCN(CC3CN(c4ccc(Br)cc4)C(=O)O3)CC2)c1C#N,,random_balanced,BB-1796,BB-1395,2,2,0.7467339712157204
BB-1120 BB-1747,"[1120, 1747]",[66],O=C(O)Cn1cc(C(O)c2cc(C(=O)O)cnc2O)c2ccccc21,,random_balanced,BB-1120,BB-1747,1,1,0.5369441058506514
BB-0725 BB-0783,"[725, 783]",[146],COc1ccc(C(=O)C2CCCN2c2cc([N+](=O)[O-])c(C=O)cc2F)cc1,,random_balanced,BB-0725,BB-0783,3,1,0.46745266745019376
BB-1206 BB-0996,"[1206, 996]",[51],NCC1(c2ccccc2)CC(OC(=O)/C=C/c2cccc(OCc3ccccc3)c2)(C(F)(F)F)C1,,random_balanced,BB-1206,BB-0996,0,1,0.082087478318194
BB-0552 BB-0275,"[552, 275]",[78],Cc1ccc(C2CC2)c(C(=O)N(C)C2(CNC(=O)OC(C)(C)C)COC2)c1,,random_balanced,BB-0552,BB-0275,1,2,0.467723346096352
BB-0819 BB-0027,"[819, 27]",[78],O=C(O)c1ccc(Cl)cc1N(CCCn1cccn1)C(=O)c1ncc2c(F)cccn12,,random_balanced,BB-0819,BB-0027,1,0,0.6149764441413048
BB-1641 BB-0027,"[1641, 27]",[50],CC(OC(=O)c1ccc(Cl)cc1NCCCn1cccn1)(C(=O)O)c1ccc(N2CCNC2=O)cc1,,random_balanced,BB-1641,BB-0027,1,1,0.5015850192498771
BB-1580 BB-0065,"[1580, 65]",[41],NC1CCCN(c2ccc(Cl)c(OCCNC(=O)c3ccccc3C(F)(F)F)c2)C1,,random_balanced,BB-1580,BB-0065,2,3,0.3691396722248668
BB-0399 BB-1212,"[399, 1212]",[30],Cn1nnc(NC(=O)C(=O)N2CCC(NC(=O)CNC(=O)OC(C)(C)C)CC2)n1,,random_balanced,BB-0399,BB-1212,2,1,0.02232842204090758
BB-0974 BB-1734,"[974, 1734]",[15],Cn1c(Sc2ccccc2Cn2cc(N)ccc2=O)cnc1C(=O)[O-],,random_balanced,BB-0974,BB-1734,2,3,0.4998668725796089
BB-1568 BB-1519,"[1568, 1519]",[59],CS(=O)(=O)c1cccc2c3c([nH]c12)-c1cc(C(N)=O)c(=O)oc1CC3,,random_balanced,BB-1568,BB-1519,0,1,0.5291474401114643
BB-1090 BB-1178,"[1090, 1178]",[37],O=C(C1CCN(c2ncnc3c2cnn3-c2ccccc2)CC1)N1CCNC(c2ccccc2Cl)C1,,random_balanced,BB-1090,BB-1178,1,1,0.1772764609705911
BB-1411 BB-0271,"[1411, 271]",[66],COCOc1ccc(C(C)(O)c2cc3c(cn2)OC(C)(C)CC3=O)c(O)c1C,,random_balanced,BB-1411,BB-0271,3,1,0.7224363300322394
BB-1267 BB-1697,"[1267, 1697]",[78],COc1cc2c(cc1Br)CCN(C(=O)C1(c3cc(C(F)(F)F)ccc3Cl)CC1)C2,,random_balanced,BB-1267,BB-1697,0,2,0.725088089656039
BB-1286 BB-0173,"[1286, 173]",[79],Cc1cc(C)cc(N(CC(=O)Nc2ccccc2)c2nc(C)c(C)cc2C(=O)O)c1,,random_balanced,BB-1286,BB-0173,2,0,0.40346052569820334
BB-1985 BB-1715,"[1985, 1715]",[30],CCc1sc(NC(=O)C(=O)N2CC(C)c3cc(C(=O)OC)ccc32)nc1-c1ccc(OC)cc1,,random_balanced,BB-1985,BB-1715,2,0,0.05901010819620903
BB-1545 BB-1639,"[1545, 1639]",[78],COC(CCC(F)(F)F)C(=O)NC1CCc2c(C(=O)O)cc(C(=O)O)cc21,,random_balanced,BB-1545,BB-1639,2,2,0.804818156328676
BB-1321 BB-1737,"[1321, 1737]",[146],CCN(Cc1cccc(-c2ccncc2)c1)c1ccc(-c2csc(SCc3ccc(C(=O)O)o3)n2)cc1,,random_balanced,BB-1321,BB-1737,2,0,0.18140591996378166
BB-1905 BB-0217,"[1905, 217]",[142],NCc1cccc(-n2ccnc2C(=O)C2CCCCC2)c1,,random_balanced,BB-1905,BB-0217,2,1,0.6176091931978746
BB-0648 BB-1786,"[648, 1786]",[30],O=C(NS(=O)(=O)C1c2ccccc2-c2ccccc21)C(=O)N1CCCCC1c1nc2ccccc2s1,,random_balanced,BB-0648,BB-1786,1,1,0.4524406796094522
BB-0389 BB-0236,"[389, 236]",[103],O=C(NCC(F)(F)C1CC1)NC1CCCN(c2ccc3c(c2)OCO3)C1,,random_balanced,BB-0389,BB-0236,4,1,0.5672287473132035
BB-1306 BB-0484,"[1306, 484]",[30],CCOC(=O)c1c(C)oc(NC(=O)C(=O)NCc2ccc3ccccc3c2F)c1C#N,,random_balanced,BB-1306,BB-0484,1,3,0.1216452071276725
BB-1344 BB-0208,"[1344, 208]",[125],Cc1cc2c(cc1C)C(OC(=O)CCc1cccc(C)c1F)(C(=O)O)CCC2,,random_balanced,BB-1344,BB-0208,1,1,0.74749191538782
BB-1483 BB-0281,"[1483, 281]",[22],CN1CCCC(C(=NO)N2C(=O)N[C@H]3C[C@H](C3)C2=O)C1,,random_balanced,BB-1483,BB-0281,0,0,0.16698116176145794
BB-0004 BB-1287,"[4, 1287]",[146],N#Cc1cc(C(F)(F)F)ccc1NCCNc1ccc2c(C(=O)O)n[nH]c2c1,,random_balanced,BB-0004,BB-1287,2,1,0.2721987128944254
BB-1676 BB-0675,"[1676, 675]",[23],O=C(OCCS(=O)(=O)CCBr)c1ncoc1C1CCN(C(=O)OCC2c3ccccc3-c3ccccc32)CC1,,random_balanced,BB-1676,BB-0675,0,0,0.2880701931961055
BB-0585 BB-0344,"[585, 344]",[79],COC(=O)C[C@H](Nc1ccc(C(CC(=O)O)CC(=O)O)cc1C)c1cc([N+](=O)[O-])ccc1F,,random_balanced,BB-0585,BB-0344,2,1,0.7167964778642311
BB-0362 BB-1455,"[362, 1455]",[108],Cc1ccc(C2C(=O)NCCN2C(C)c2ncccc2C(=O)O)cc1,,random_balanced,BB-0362,BB-1455,1,1,0.6602109623129407
BB-0895 BB-0446,"[895, 446]",[79],CC(CNc1ccc2nc(C=Cc3cccs3)cc(C(=O)O)c2c1)Cc1cn[nH]c1,,random_balanced,BB-0895,BB-0446,1,1,0.2433987641098399
BB-1317 BB-1175,"[1317, 1175]",[5],Cc1ccc2c(c1)[C@@H](Nc1ccc(C3CNCCO3)nc1)[C@@H](C(=O)O)C2,,random_balanced,BB-1317,BB-1175,1,1,0.7061488724088415
BB-1541 BB-1233,"[1541, 1233]",[79],Cc1cc(NS(=O)(=O)c2ccc(Nc3ccc4c(c3)S(=O)NC4=O)cc2)n(-c2ccccc2)n1,,random_balanced,BB-1541,BB-1233,1,1,0.254563191516059
BB-0169 BB-1764,"[169, 1764]",[51],COC(=O)c1ccc(C2(OC(=O)c3c(C=O)sc4ccccc34)CCNC2)cc1,,random_balanced,BB-0169,BB-1764,1,3,0.7983552801920265
BB-1045 BB-0470,"[1045, 470]",[100],COc1cnc(Cl)nc1NNc1nc(S(=O)(=O)c2cc(C#N)c(C)nc2N2CC[C@@H](N)C2)ncc1OC,,random_balanced,BB-1045,BB-0470,2,1,0.09247376908970781
BB-0991 BB-1957,"[991, 1957]",[105],Cc1c(O)ccc2c1OCCN(C(=O)C(=O)NCCCN1CCc3ccccc31)C2,,random_balanced,BB-0991,BB-1957,2,1,0.2887549603248231
BB-0516 BB-0602,"[516, 602]",[33],CCOc1ccc2c(c1)C(NC1CCCOc3c(C(C)C)cccc31)CCO2,,random_balanced,BB-0516,BB-0602,2,1,0.6842371166946021
BB-0455 BB-1753,"[455, 1753]",[1],Cc1cncc(C=CS(=N)(=O)N2CCCCC2)c1Cl,,random_balanced,BB-0455,BB-1753,2,2,0.4498769476625824
BB-0055 BB-0085,"[55, 85]",[28],CCCn1c(NC(=O)Nc2ccccc2NC(=O)c2ccncc2)c(N2CCOCC2)c(=O)[nH]c1=O,,random_balanced,BB-0055,BB-0085,1,1,0.3335615285275817
BB-1193 BB-1262,"[1193, 1262]",[5],CCOc1ccc(Cl)cc1CCNc1ccnc(NN)c1C,,random_balanced,BB-1193,BB-1262,2,1,0.5947811559909484
BB-1129 BB-1325,"[1129, 1325]",[37],O=C(NC(CCOc1ccccc1)c1ccc(F)cc1F)C(O)CF,,random_balanced,BB-1129,BB-1325,0,0,0.6488870757392667
BB-0425 BB-1809,"[425, 1809]",[142],CP(C)(=O)c1ccccc1-n1ncc(C=O)c1N,,random_balanced,BB-0425,BB-1809,1,1,0.0819215733231357
BB-0344 BB-1715,"[344, 1715]",[30],COC(=O)C[C@H](NC(=O)C(=O)N1CC(C)c2cc(C(=O)OC)ccc21)c1cc([N+](=O)[O-])ccc1F,,random_balanced,BB-0344,BB-1715,2,1,0.29259407345498206
BB-1232 BB-1221,"[1232, 1221]",[89],COc1ccc(C(=O)CCC(=O)O)c(Sc2cccc3cnn(C4CCCCO4)c23)c1,,random_balanced,BB-1232,BB-1221,1,3,0.5295241718528064
BB-1034 BB-0136,"[1034, 136]",[105],Cc1nn(CC(C)C)c(Cl)c1C1CCCN1C(=O)C(=O)N1Cc2nccc(O)c2C1,,random_balanced,BB-1034,BB-0136,0,1,0.6735328391470804
BB-1151 BB-1825,"[1151, 1825]",[49],COc1cccc(C(CC(=O)O)Nc2ncnc3c2ncn3-c2c(C(C)C)n[nH]c2C(N)=O)c1,,random_balanced,BB-1151,BB-1825,1,1,0.5975224871505294
BB-0670 BB-1042,"[670, 1042]",[119],CC1C(C(=O)O)C(C)(Nc2[nH]nc(OCCCO)c2C#N)N(C)c2ncnn21,,random_balanced,BB-0670,BB-1042,1,2,0.6903697721564961
BB-1234 BB-1359,"[1234, 1359]",[4],CCc1cnc(C(=O)N(Cc2ccccc2)Cc2cncnc2)o1,,random_balanced,BB-1234,BB-1359,1,1,0.5593374223828772
BB-0751 BB-0169,"[751, 169]",[145],CN1CCN(C(=O)CC=Cc2sc3ccccc3c2C(=O)O)CC1,,random_balanced,BB-0751,BB-0169,2,2,0.4090043563227968
BB-1918 BB-1807,"[1918, 1807]",[79],COC(=O)c1nc(Cl)c(C)cc1N1CCC[C@@H]1Cn1cncn1,,random_balanced,BB-1918,BB-1807,1,2,0.5129767040149423
BB-1690 BB-0042,"[1690, 42]",[30],CC1(C)CN(C(=O)C(=O)NS(=O)(=O)c2cc(Br)c(F)c(C(=O)O)c2)c2ccc([N+](=O)[O-])cc21,,random_balanced,BB-1690,BB-0042,2,1,0.23530657333269012
BB-1344 BB-1137,"[1344, 1137]",[23],CC1=NOC(COC(=O)CCc2cccc(C)c2F)C1,,random_balanced,BB-1344,BB-1137,2,2,0.48296247617038723
BB-1828 BB-0451,"[1828, 451]",[125],CC(C)(C)OC(=O)NC1CC(C(=O)O)(N2CC(C)(N3CCN(C(=O)OC(C)(C)C)CC3)C2)C12CCC(F)CC2,,random_balanced,BB-1828,BB-0451,0,0,0.1908412309034055
BB-0277 BB-0921,"[277, 921]",[78],O=C(NC1CCCN(c2ccccc2F)C1=O)C1CC2CC1(c1ccncc1)C2,,random_balanced,BB-0277,BB-0921,2,1,0.5347755694727356
BB-0267 BB-0847,"[267, 847]",[15],COC(=O)c1cc2c(Sc3ccc4c(c3)N(CC(=O)O)CCO4)ccc(C)c2[nH]1,,random_balanced,BB-0267,BB-0847,1,1,0.6553564165646583
BB-1495 BB-0882,"[1495, 882]",[108],CCCc1ccc(NC(CCCCC(=O)OC)C(F)(F)F)c(C#N)c1,,random_balanced,BB-1495,BB-0882,2,1,0.4913090881024283
BB-1117 BB-1726,"[1117, 1726]",[108],COc1ccc(CCNC(CCl)c2ccc(Br)cc2)c(Cl)c1,,random_balanced,BB-1117,BB-1726,4,1,0.4559723671180928
BB-1366 BB-1544,"[1366, 1544]",[108],Cc1cccc(CNCCCN2CCCN(C(=O)OC(C)(C)C)CC2)c1C(F)(F)F,,random_balanced,BB-1366,BB-1544,0,1,0.38188694991659167
BB-1004 BB-0970,"[1004, 970]",[65],Cc1cc(C2NC(=O)NC2=O)ccc1C(=O)CC(=O)N1CCN(C)CC1,,random_balanced,BB-1004,BB-0970,3,0,0.415351599355001
BB-1196 BB-1256,"[1196, 1256]",[38],CC1(C)OC(C)(C)c2cc(-c3cnc4ccccc4n3)ccc21,,random_balanced,BB-1196,BB-1256,0,1,0.5624767962008826
BB-1171 BB-0061,"[1171, 61]",[141],COc1cc(C(O)c2cc(-c3ccc(Cl)cc3)on2)c(C(=O)O)cc1S(=O)(=O)Cl,,random_balanced,BB-1171,BB-0061,1,2,0.6747705435219941
BB-1007 BB-1501,"[1007, 1501]",[103],Cc1noc(C2CC3CCC2N3C(=O)NC(c2ccccc2)c2ccoc2)n1,,random_balanced,BB-1007,BB-1501,1,2,0.6648370612802028
BB-1789 BB-1152,"[1789, 1152]",[50],CCCCC(C)(OC(=O)C1CCCCO1)C(=O)O,,random_balanced,BB-1789,BB-1152,0,0,0.4101393426105816
BB-1219 BB-1382,"[1219, 1382]",[79],COC(=O)c1cccc(N(C)CC(=O)Nc2c(C)cc(C)cc2C)c1OC,,random_balanced,BB-1219,BB-1382,1,1,0.6107811993964917
BB-1206 BB-1698,"[1206, 1698]",[119],N#Cc1cccc(C(NC(CC(=O)O)c2cccc(OCc3ccccc3)c2)c2ccc(Cl)cc2)c1,,random_balanced,BB-1206,BB-1698,1,3,0.5277534448748344
BB-1851 BB-1392,"[1851, 1392]",[79],CC12CC(Nc3cc4c(c(CCC(=O)O)c3)OCC4)(C1)C(CO)O2,,random_balanced,BB-1851,BB-1392,1,2,0.659969197023756
BB-1007 BB-1332,"[1007, 1332]",[105],Cc1noc(C2CC3CCC2N3C(=O)C(=O)NCc2cc(Br)cc(OC(F)(F)F)c2)n1,,random_balanced,BB-1007,BB-1332,2,3,0.5904587675286754
BB-0171 BB-0664,"[171, 664]",[112],COC(=O)C(CNC(=O)Cc1nnc(CN)s1)CC1CCCC1,,random_balanced,BB-0171,BB-0664,0,1,0.5301203542430003
BB-1866 BB-0737,"[1866, 737]",[4],COC(=O)CC(C)(C)c1ccc(NC(=O)C(O)CN)cc1,,random_balanced,BB-1866,BB-0737,2,3,0.5778879891852999
BB-0206 BB-0034,"[206, 34]",[50],Cc1cnc(N(CCN)C2(C(=O)O)CCC(c3cncc(F)c3)C2)nc1,,random_balanced,BB-0206,BB-0034,0,1,0.6650351361506098
BB-1062 BB-1410,"[1062, 1410]",[50],Cc1ccc(N2CCC(OC(=O)c3cc4sccn4n3)(C(=O)O)CC2=O)cc1,,random_balanced,BB-1062,BB-1410,1,0,0.6961997330607078
BB-0826 BB-1693,"[826, 1693]",[50],CCCC1Oc2ccc(C)cc2C1(Oc1ncnc2c1c(Br)nn2C(C)(C)C)C(=O)O,,random_balanced,BB-0826,BB-1693,0,2,0.7012406220109136
BB-0510 BB-1150,"[510, 1150]",[68],CCOC(=O)c1n[nH]c(C#Cc2cccc(OC)n2)c1C,,random_balanced,BB-0510,BB-1150,1,0,0.26620855393298215
BB-0598 BB-1482,"[598, 1482]",[125],CC(C(=O)O)(c1c(O)ccc2ccccc12)N(C(=O)[C@H]1CC[C@H]1C(F)F)c1ccccc1,,random_balanced,BB-0598,BB-1482,0,2,0.23687746910784377
BB-0077 BB-0460,"[77, 460]",[36],CCc1nn(C)c2ncc(-c3nc(-c4ccc(OCC(F)(F)F)cc4)no3)cc12,,random_balanced,BB-0077,BB-0460,0,1,0.15006454052286664
BB-1051 BB-0953,"[1051, 953]",[79],C#CC(O)CNc1ccc2nccn2c1OC,,random_balanced,BB-1051,BB-0953,0,2,0.19295950450156996
BB-0998 BB-0915,"[998, 915]",[125],Cc1ccccc1C1(C)C(=O)NC(=O)N1C1(C(=O)O)CCCOc2c(C)cc(Cl)cc21,,random_balanced,BB-0998,BB-0915,0,2,0.42152118825500284
BB-1293 BB-0626,"[1293, 626]",[4],CCOC(=O)c1[nH]c(C)c(C(=O)N2CCC3(CC2)CC(CO)=NO3)c1C,,random_balanced,BB-1293,BB-0626,3,1,0.7248425011377209
BB-0774 BB-1627,"[774, 1627]",[112],COCCNC(=O)c1c(NC(=O)c2nc3n(c2Br)CCCC3)sc2c1CCCC2,,random_balanced,BB-0774,BB-1627,2,1,0.32788477077680434
BB-0335 BB-0431,"[335, 431]",[78],COc1cccc2c1C(C(=O)NC1CCCc3cc(C(=O)O)ccc31)CC2=O,,random_balanced,BB-0335,BB-0431,2,1,0.6237707154736937
BB-1518 BB-0278,"[1518, 278]",[105],CC(C)N1CCC(N(C)C(=O)C(=O)N[C@@H]2C[C@@H]2CS(C)(=O)=O)CC1,,random_balanced,BB-1518,BB-0278,3,2,0.3461181997104173
BB-1353 BB-0008,"[1353, 8]",[63],O=C(O)C1CCOc2ccc(-c3cccc4c(=O)[nH]sc34)cc21,,random_balanced,BB-1353,BB-0008,0,2,0.589888842708526
BB-1248 BB-0201,"[1248, 201]",[30],CCCC(CNC(=O)C(=O)N(C)S(=O)(=O)N1CCC(N)CC1)C(=O)OCC,,random_balanced,BB-1248,BB-0201,3,1,0.23404375267246108
BB-1728 BB-0309,"[1728, 309]",[126],CC1CC(OC(=O)[C@H]2[C@@H]3CC[C@@H](C3)[C@H]2c2ccccc2)CN1C,,random_balanced,BB-1728,BB-0309,1,0,0.4050826423937039
BB-0142 BB-0463,"[142, 463]",[78],CCn1ccnc1C(=O)N1CC(O)c2nc[nH]c2C12CCC2,,random_balanced,BB-0142,BB-0463,0,2,0.3974294224812921
BB-0422 BB-0090,"[422, 90]",[41],COC(=O)c1cc(OC[C@@H]2CN(C(=O)OC(C)(C)C)C(C)(C)O2)nc2ccccc12,,random_balanced,BB-0422,BB-0090,0,1,0.3162653482594075
BB-1357 BB-0717,"[1357, 717]",[48],COc1ccc(-n2cc(CNc3cc(OC)ccc3NCC3CC3)nn2)c(F)c1,,random_balanced,BB-1357,BB-0717,0,1,0.409137356971251
BB-1762 BB-1268,"[1762, 1268]",[125],Cc1ccc(F)c(C(OC(=O)c2cnco2)(C(=O)O)C2CCCCCCC2)c1,,random_balanced,BB-1762,BB-1268,2,1,0.550730522760881
BB-0772 BB-0515,"[772, 515]",[103],Cc1c(NC(=O)Nc2nccc3cnccc23)c(C(N)=O)nn1C,,random_balanced,BB-0772,BB-0515,2,2,0.3293163718883201
BB-0184 BB-0153,"[184, 153]",[140],N#Cc1ccc(C=O)c(C(=O)c2cccnn2)c1,,random_balanced,BB-0184,BB-0153,1,1,0.1394992707011104
BB-0886 BB-0752,"[886, 752]",[89],Cc1cc(Sc2cc(F)ccc2CC(=O)O)cc2c(=O)oc(=O)[nH]c12,,random_balanced,BB-0886,BB-0752,1,1,0.4351599070099836
BB-1571 BB-1273,"[1571, 1273]",[50],NC(CC1CCOCC1)C(=O)OC(C(=O)O)(c1ccccc1)c1nccs1,,random_balanced,BB-1571,BB-1273,1,1,0.6176661661381259
BB-1934 BB-0846,"[1934, 846]",[124],Cc1cccc(-n2cnc3c(Nc4c(C(=O)CCl)c(=O)[nH]c(=O)n4CC(C)C)ncnc32)c1C(=O)O,,random_balanced,BB-1934,BB-0846,3,2,0.6569552849087118
BB-1269 BB-0061,"[1269, 61]",[41],Cc1cc2[nH]cnc2cc1COc1ccc(-c2cc(C=O)no2)cc1,,random_balanced,BB-1269,BB-0061,2,3,0.5534690634001501
BB-1831 BB-1726,"[1831, 1726]",[30],COc1ccc(CCNC(=O)C(=O)NCc2nc(-c3ccc(F)cc3)c[nH]2)c(Cl)c1,,random_balanced,BB-1831,BB-1726,0,2,0.18419069123189755
BB-0484 BB-1351,"[484, 1351]",[28],CCOC(=O)c1c(C)oc(NC(=O)N2Cc3[nH]ncc3C(C(=O)OC)C2)c1C#N,,random_balanced,BB-0484,BB-1351,4,1,0.4368216999807467
BB-1703 BB-1243,"[1703, 1243]",[28],COc1cc(C2(CNC(=O)N3Cc4[nH]c5ccc(O)cc5c4CC3C(=O)O)CCC2)ccn1,,random_balanced,BB-1703,BB-1243,1,1,0.6387170277226453
BB-0811 BB-1277,"[811, 1277]",[105],Cc1nc2c(CNC(=O)C(=O)N3CCCCC3c3ncc(C(F)(F)F)cn3)c(F)ccc2[nH]1,,random_balanced,BB-0811,BB-1277,2,3,0.6131367159788439
BB-0184 BB-1131,"[184, 1131]",[15],CCOC(=O)c1cc(Sc2cc(C#N)ccc2C=O)cc(CC)c1N,,random_balanced,BB-0184,BB-1131,2,2,0.7549839222050055
BB-0152 BB-0794,"[152, 794]",[125],Cc1ccc(OCC(=O)O)c2c1C(C)CC2(C(=O)O)n1nnc2c(C(N)=O)cccc2c1=O,,random_balanced,BB-0152,BB-0794,1,2,0.7532846953748267
BB-0236 BB-0717,"[236, 717]",[124],COc1ccc(NCC2CC2)c(Nc2ncnc3c2ncn3C2CCCN(c3ccc4c(c3)OCO4)C2)c1,,random_balanced,BB-0236,BB-0717,2,2,0.09215274196377608
BB-1498 BB-1041,"[1498, 1041]",[79],CCC1CCCC(CNc2cc3c(Cl)nccc3cc2OC)CC1,,random_balanced,BB-1498,BB-1041,0,1,0.6831584185540589
BB-1415 BB-1245,"[1415, 1245]",[66],CCOC(C1CCCC1)C(O)c1c(C)ccc2[nH]c(=O)ccc12,,random_balanced,BB-1415,BB-1245,0,3,0.3622188963190138
BB-1471 BB-1579,"[1471, 1579]",[146],Cc1cc(C(=O)O)c2cc(N3CC4CCC3CC4)ccc2n1,,random_balanced,BB-1471,BB-1579,1,1,0.5416705134087041
BB-1657 BB-0710,"[1657, 710]",[78],CC(C)(C)OC(=O)N1CCn2nccc2C1C(=O)N1C[C@@H]2OC[C@H]1[C@H]2O,,random_balanced,BB-1657,BB-0710,0,1,0.5397853932855127
BB-1989 BB-1708,"[1989, 1708]",[70],CC(=Cc1cccc(C=O)c1)c1cc2cccc(F)c2o1,,random_balanced,BB-1989,BB-1708,1,1,0.20332582244684963
BB-0042 BB-0777,"[42, 777]",[105],O=C(Nc1nc(-c2sccc2F)cs1)C(=O)NS(=O)(=O)c1cc(Br)c(F)c(C(=O)O)c1,,random_balanced,BB-0042,BB-0777,2,2,0.052604153178569535
BB-1294 BB-1753,"[1294, 1753]",[15],Cc1cncc(C=O)c1SCC(=O)N1CCN(C(C#N)c2ccc(F)cc2)CC1,,random_balanced,BB-1294,BB-1753,1,3,0.46917219445736297
BB-1657 BB-0749,"[1657, 749]",[78],CC(C)(C)OC(=O)N1CCn2nccc2C1C(=O)N(CCCC(=O)O)c1ccnc2cc(Cl)ccc12,,random_balanced,BB-1657,BB-0749,1,1,0.48241148991688
BB-1065 BB-1567,"[1065, 1567]",[112],CC(C)n1nc(C(=O)N(Cc2cccs2)C2CCOC2)cc1N,,random_balanced,BB-1065,BB-1567,1,1,0.6115852580671419
BB-1318 BB-1278,"[1318, 1278]",[126],O=C(OC1CCOc2c(F)cc(F)cc21)c1ccc2cnccc2n1,,random_balanced,BB-1318,BB-1278,2,0,0.5024596351168444
BB-1387 BB-0380,"[1387, 380]",[146],COC(=O)[C@@H]1CN(c2cc(C)cc(F)c2)C[C@H]1c1cc(F)cc(F)c1,,random_balanced,BB-1387,BB-0380,2,1,0.6647627087599002
BB-1538 BB-0374,"[1538, 374]",[37],Cc1cc(C)c(CNC(=O)c2c(C)n(C3CC3)c3ccc(O)cc23)c(=O)[nH]1,,random_balanced,BB-1538,BB-0374,0,0,0.7671196991242023
BB-0738 BB-0480,"[738, 480]",[125],CCOC(=O)c1cc(CC)n(C(C)(CCc2ccccc2[N+](=O)[O-])C(=O)O)n1,,random_balanced,BB-0738,BB-0480,1,1,0.8277184124145845
BB-1905 BB-0779,"[1905, 779]",[137],O=C(c1ncc[nH]1)C1(C(=O)C2CNc3c(F)cccc3C2)CCCCC1,,random_balanced,BB-1905,BB-0779,3,3,0.7054085169570118
BB-0570 BB-1707,"[570, 1707]",[28],CC(C)(C)OC(=O)N1CCn2c(CNC(=O)NC(Cc3cccc(F)c3)C(N)=O)nnc2C1,,random_balanced,BB-0570,BB-1707,1,1,0.12609074722295177
BB-0181 BB-1815,"[181, 1815]",[65],COc1c(Cl)cc(N)cc1C(=O)C1CCNC1=O,,random_balanced,BB-0181,BB-1815,1,3,0.3829204278577721
BB-1558 BB-0218,"[1558, 218]",[30],COCCCCc1cccnc1NC(=O)C(=O)NS(=O)(=O)c1ccccc1NC(=O)C1CC1,,random_balanced,BB-1558,BB-0218,1,3,0.3509890402118978
BB-0517 BB-1095,"[517, 1095]",[4],CC(C)n1cc(C2(O)CCCN(C(=O)C3(c4ccc(Br)cc4)CCN(C(=O)OC(C)(C)C)C3)C2)nn1,,random_balanced,BB-0517,BB-1095,0,1,0.43047215462955285
BB-1295 BB-1983,"[1295, 1983]",[75],CCOC1CC(C=CC(=O)c2ccc(OCC(F)(F)F)cc2)C1,,random_balanced,BB-1295,BB-1983,2,1,0.4087432596617437
BB-0081 BB-1064,"[81, 1064]",[15],Cc1ccc(Sc2ccc(-n3nc(C)cc3N)cc2)cc1,,random_balanced,BB-0081,BB-1064,1,1,0.4769864477301033
BB-1916 BB-1846,"[1916, 1846]",[141],CN(CC(=O)O)c1ccc(C(F)(F)F)cc1C(O)c1cnc(Br)c(O)c1,,random_balanced,BB-1916,BB-1846,1,2,0.5059332702188613
BB-1713 BB-0513,"[1713, 513]",[30],CN(Cc1ccc(Br)c([N+](=O)[O-])c1)C(=O)C(=O)N1CCC(CCOc2ccc3ccccc3c2)CC1,,random_balanced,BB-1713,BB-0513,2,3,0.1772378535403192
BB-1453 BB-0870,"[1453, 870]",[66],CCC1CCCCN1C(=O)C(C)C(C)(O)Cn1c(Br)nc2c1c(=O)[nH]c(=O)n2C,,random_balanced,BB-1453,BB-0870,1,1,0.6155228962656999
BB-1714 BB-0558,"[1714, 558]",[66],CC(O)(CCc1cccc(C(F)(F)F)c1)c1ccc(N2CCCC(N)C2=O)c(Cl)c1,,random_balanced,BB-1714,BB-0558,2,3,0.3835349087585557
BB-1241 BB-0855,"[1241, 855]",[50],CCCCC(OC1CCCCC1O)(C(=O)O)c1ccc(C)cc1O,,random_balanced,BB-1241,BB-0855,1,1,0.5805090021597462
BB-1307 BB-0214,"[1307, 214]",[125],COc1cccc2c(CCC(=O)OC3(C(=O)O)CNc4c3c(=O)n(C)c(=O)n4CC(C)C)c(-c3ccccc3)[nH]c12,,random_balanced,BB-1307,BB-0214,1,3,0.24729632035800103
BB-0487 BB-1026,"[487, 1026]",[5],CC(C)c1cc(N2CCO[C@H](CO)C2)n2ncnc2n1,,random_balanced,BB-0487,BB-1026,4,0,0.6156511465098539
BB-1751 BB-0242,"[1751, 242]",[36],Cc1ccccc1C(C)c1noc(CNC(=O)N2CCCC2)n1,,random_balanced,BB-1751,BB-0242,2,1,0.40660160133381706
BB-1605 BB-0726,"[1605, 726]",[65],CC(C)(O)C(=O)c1cccc(C(=O)CSCC(=O)O)c1,,random_balanced,BB-1605,BB-0726,3,3,0.27757889829360805
BB-0030 BB-1917,"[30, 1917]",[30],O=C(C(=O)N1CCC(n2cc(C(F)(F)F)cn2)CC1)N1CC=C(c2cccnc2)CC1,,random_balanced,BB-0030,BB-1917,1,2,0.36524990002678
BB-1485 BB-1213,"[1485, 1213]",[125],CCC(C)(C)c1ccc(OCCCC(=O)N(N)C2(C(=O)O)C(=O)Nc3cc(C)cc(C)c32)c(C(C)(C)CC)c1,,random_balanced,BB-1485,BB-1213,0,1,0.18749632238995825
BB-0074 BB-1672,"[74, 1672]",[37],O=C1CCCc2cc(C(=O)N3CCC4CCCC3C4)[nH]c21,,random_balanced,BB-0074,BB-1672,2,1,0.375485555716432
BB-1127 BB-0479,"[1127, 479]",[79],CCCc1ccc(C(=O)O)cc1Nc1c(O)ccc2ncnn12,,random_balanced,BB-1127,BB-0479,1,1,0.5223736352583895
BB-0683 BB-1603,"[683, 1603]",[78],CCOc1ccc(NC(=O)C(=NNc2ccc(S(=O)(=O)N(C(=O)c3cscc3C)c3nnc(C)s3)cc2)C(C)=O)cc1,,random_balanced,BB-0683,BB-1603,0,3,0.04551438824803463
BB-0670 BB-0817,"[670, 817]",[78],CC1=C(C(=O)NC2CCCN(c3ccc(C#N)cc3)C2=O)C(C)n2ncnc2N1C,,random_balanced,BB-0670,BB-0817,2,4,0.4874708800124869
BB-1447 BB-0365,"[1447, 365]",[5],COC(=O)C1(NCC(=O)[C@@H](COCc2ccccc2)NC(=O)OC(C)(C)C)CC(c2ccccc2Cl)C1,,random_balanced,BB-1447,BB-0365,3,3,0.2776674040067231
BB-1454 BB-1871,"[1454, 1871]",[125],COc1cc(Cl)c2c(c1)C(C(=O)O)(N(C(C)=O)[C@H](C(=O)O)C1CCCCC1)CCC2,,random_balanced,BB-1454,BB-1871,1,1,0.49470300767264225
BB-1229 BB-0924,"[1229, 924]",[78],CCCn1c(CCC(=O)N2CCC(c3cccc(C(F)(F)F)n3)CC2)nc2cc(S(=O)(=O)N3CCOCC3)ccc21,,random_balanced,BB-1229,BB-0924,1,3,0.09448500961685195
BB-1539 BB-0217,"[1539, 217]",[108],CC1(C)OB(c2cccc(CNC3C4CC5C(C4)C53C(=O)O)c2)OC1(C)C,,random_balanced,BB-1539,BB-0217,2,2,0.13821461474583668
BB-0657 BB-1226,"[657, 1226]",[99],CC(C)c1ccccc1NC(=O)C(C)S(=O)(=O)c1cc(N2CCNCC2)ccc1O,,random_balanced,BB-0657,BB-1226,4,3,0.4103259561073076
BB-0575 BB-0823,"[575, 823]",[49],CC1CN(C(=O)c2n[nH]cc2Nc2ncnc3c2ncn3-c2cccc3c2CN(CC(F)(F)F)C3)CCCO1,,random_balanced,BB-0575,BB-0823,2,1,0.03859718132030699
BB-0557 BB-0350,"[557, 350]",[124],Cc1ccnc(C(C2CC2)n2cnc3c(Nc4nnc5[nH]cnn45)ncnc32)n1,,random_balanced,BB-0557,BB-0350,1,2,0.4678257761631307
BB-0028 BB-0582,"[28, 582]",[44],CCn1c(NC2C=CN3CCCN=C3C2C(=O)O)c(C(=O)CCl)c(=O)[nH]c1=O,,random_balanced,BB-0028,BB-0582,3,0,0.7350992784517199
BB-1044 BB-1060,"[1044, 1060]",[146],CCOC(=O)c1cn[nH]c1CNc1ccc(Cl)c(O)c1,,random_balanced,BB-1044,BB-1060,1,2,0.5117863029095826
BB-0549 BB-1628,"[549, 1628]",[65],Cn1cc(C(=O)CC(=O)C2(C(F)(F)F)CCCC2)c2ccccc21,,random_balanced,BB-0549,BB-1628,1,0,0.3062360886396242
BB-1091 BB-1143,"[1091, 1143]",[98],Cc1cccc(C2CC2C(=O)OCC2CN(Cc3ccccc3)CCCO2)n1,,random_balanced,BB-1091,BB-1143,0,0,0.37980057550033336
BB-1146 BB-1556,"[1146, 1556]",[78],CC(C)(C)OC(=O)NCCCN1CCN(CCC(=O)N[C@H](CO)C2CCCCC2)CC1,,random_balanced,BB-1146,BB-1556,1,2,0.02899883913297924
BB-1944 BB-0028,"[1944, 28]",[89],CCn1c(N)c(C(=O)CSCC2(CC)COC2)c(=O)[nH]c1=O,,random_balanced,BB-1944,BB-0028,2,4,0.5577526975874159
BB-0422 BB-0424,"[422, 424]",[127],CC(C)(C)OC(=O)N1C[C@@H](COC(=O)CCN2C(=O)C(=O)c3ccc(F)cc32)OC1(C)C,,random_balanced,BB-0422,BB-0424,1,1,0.3176229960166454
BB-0764 BB-0150,"[764, 150]",[125],CCNCc1nc2ccccc2c(=O)n1C(C)(C(=O)O)c1cn(C)nc1C1CCC1,,random_balanced,BB-0764,BB-0150,2,2,0.6581112082223214
BB-0844 BB-0717,"[844, 717]",[108],COc1ccc(NCC2CC2)c(NC(C)c2ccc(C)c(C)c2O)c1,,random_balanced,BB-0844,BB-0717,0,3,0.7276666500619383
BB-1826 BB-0590,"[1826, 590]",[105],Cc1nc(N)nc(NC(=O)C(=O)N2CCOC(c3ccc(C)o3)C2)n1,,random_balanced,BB-1826,BB-0590,1,1,0.06936908176396704
BB-1687 BB-0976,"[1687, 976]",[65],CC1CC(C)CN(CC(=O)Cc2nnc(-c3cc4c(s3)CCC(C(C)(C)C)C4)o2)C1,,random_balanced,BB-1687,BB-0976,1,1,0.007219746173220272
BB-1037 BB-1110,"[1037, 1110]",[108],Cc1ccc2c(CC(=O)O)c(C(C)NCC(C)c3nc4ccccc4n3C(F)F)oc2c1,,random_balanced,BB-1037,BB-1110,1,1,0.6393539891843495
BB-1217 BB-1514,"[1217, 1514]",[125],Cc1cc(OC(C)(C(=O)O)c2c(C)noc2C)cc2c1C(=O)CO2,,random_balanced,BB-1217,BB-1514,1,0,0.6498925746677443
BB-0176 BB-0366,"[176, 366]",[4],Cc1cc(NC(=O)[C@@H](CS)NC(=O)OCc2ccccc2)cc(C)c1F,,random_balanced,BB-0176,BB-0366,2,1,0.16701824311377256
BB-0266 BB-0693,"[266, 693]",[89],Cc1ccc(Sc2cccc(C3(C#N)CCC3)n2)cc1C(N)=O,,random_balanced,BB-0266,BB-0693,0,2,0.5801948064137692
BB-0079 BB-1889,"[79, 1889]",[63],COCOc1ccc(-c2ccc(OC(=S)Cl)cc2)c(F)c1,,random_balanced,BB-0079,BB-1889,1,0,0.37969612476367276
BB-0723 BB-0478,"[723, 478]",[65],O=C(CC1CN(C(=O)OCc2ccccc2)CCC1=O)CC12CCC(C1)C(=O)N2,,random_balanced,BB-0723,BB-0478,2,1,0.37810166065501416
BB-0740 BB-0319,"[740, 319]",[78],O=C(NCCc1nnc2ccccn12)[C@]12CC[C@H]1CN(Cc1ccccc1)C2,,random_balanced,BB-0740,BB-0319,1,0,0.43659782414772647
BB-0120 BB-1919,"[120, 1919]",[1],CCOC(=O)c1[nH]c2c(c1C)C(=O)C(=Cc1nc(N(C)C)n(-c3ccc(Br)cc3)c1Cl)C(C)(C)C2,,random_balanced,BB-0120,BB-1919,3,2,0.45248722328668645
BB-0797 BB-0465,"[797, 465]",[28],COC(=O)C[C@@H](Cc1cccc(F)c1)NC(=O)N(CC(=O)O)Cc1c(F)cccc1Cl,,random_balanced,BB-0797,BB-0465,2,1,0.5144937892524288
BB-1051 BB-0757,"[1051, 757]",[116],CCc1cc(C=O)cc(C)c1Oc1ccc2nccn2c1OC,,random_balanced,BB-1051,BB-0757,1,0,0.43616815104880263
BB-1576 BB-1689,"[1576, 1689]",[5],CCCc1cc(C(=O)O)cc(N2CCc3cc(C(=O)O)cnc3C2)n1,,random_balanced,BB-1576,BB-1689,1,2,0.49529447336509513
BB-1319 BB-0445,"[1319, 445]",[103],CN(C(=O)NCC12COCC(C(F)F)(C1)C2)c1cnc2ccccc2c1,,random_balanced,BB-1319,BB-0445,3,2,0.4716644918904323
BB-0233 BB-0977,"[233, 977]",[108],COC(=O)c1c(CC(=O)O)[nH]c(C(C)N2CCC(O)(C(N)=O)C2)c1C,,random_balanced,BB-0233,BB-0977,1,0,0.7068191923066244
BB-1598 BB-1815,"[1598, 1815]",[66],COc1c(Cl)cc(N)cc1C(O)c1cccc(C2OCCO2)c1,,random_balanced,BB-1598,BB-1815,1,4,0.5682909722262933
BB-1871 BB-1822,"[1871, 1822]",[25],COc1cc2c(c(S(=O)(=O)c3ccc4oc(CN)c(C)c4c3)c1)CCCC2=O,,random_balanced,BB-1871,BB-1822,2,3,0.6709148401615189
BB-1229 BB-1782,"[1229, 1782]",[78],CCCn1c(CCC(=O)NC(C2CC2)C2(CO)CCCO2)nc2cc(S(=O)(=O)N3CCOCC3)ccc21,,random_balanced,BB-1229,BB-1782,2,2,0.12032751005758224
BB-1999 BB-0181,"[1999, 181]",[111],CC(C)n1cnnc1Cc1nc(C2CCNC2=O)no1,,random_balanced,BB-1999,BB-0181,1,2,0.0708197604104189
BB-0629 BB-0065,"[629, 65]",[5],NC1CCCN(c2ccc(Cl)c(N3CCC4(CC3)COc3ncccc34)c2)C1,,random_balanced,BB-0629,BB-0065,1,4,0.4537928217775429
BB-1891 BB-1973,"[1891, 1973]",[41],COc1cccc(COc2n[nH]nc2[Si](C)(C)C)c1[N+](=O)[O-],,random_balanced,BB-1891,BB-1973,0,1,0.05648141159043495
BB-1667 BB-1775,"[1667, 1775]",[40],COC(=O)c1c[nH]c(C2(N3C(=O)C(=O)N(c4ccc(C)cc4)C3=O)CCC2)n1,,random_balanced,BB-1667,BB-1775,0,2,0.660726923225718
BB-1439 BB-1472,"[1439, 1472]",[78],CO[C@@H]1C[C@@H](c2nc(C)n[nH]2)N(C(=O)c2c(C)nc3ccc(O)cn23)C1,,random_balanced,BB-1439,BB-1472,1,2,0.649381033161439
BB-1077 BB-0964,"[1077, 964]",[4],N#CC1(C(=O)NCC2CN3CCCN2CC3)CCOCC1,,random_balanced,BB-1077,BB-0964,1,0,0.3443975642692324
BB-1280 BB-0969,"[1280, 969]",[30],CC(C)(C)OC(=O)NC[C@@H]1C[C@H]1NC(=O)C(=O)NCc1ccc(-c2cccc(C(=O)O)c2)cc1,,random_balanced,BB-1280,BB-0969,2,1,0.13600698863168897
BB-1133 BB-0721,"[1133, 721]",[125],CC(=O)N1CC2CCC(O[C@H]3CCN(CC(F)F)C3)(C(=O)O)c3cccc1c32,,random_balanced,BB-1133,BB-0721,1,1,0.7889664853653771
BB-0040 BB-1128,"[40, 1128]",[89],CNCc1ccnc2c(Sc3cc(C4CCNC4)ccc3O)cccc12,,random_balanced,BB-0040,BB-1128,2,2,0.3131226714875938
BB-1892 BB-0119,"[1892, 119]",[108],CCCn1c(NCc2ccc(CC)[nH]2)c(C(=O)CCl)c(=O)[nH]c1=O,,random_balanced,BB-1892,BB-0119,2,1,0.40181515265823053
BB-0758 BB-1288,"[758, 1288]",[30],CC(C)(c1nnc2n1CCCCC2)n1cc(NC(=O)C(=O)N2CCC3(CC2)OC(=O)c2ncccc23)cn1,,random_balanced,BB-0758,BB-1288,0,2,0.06972555169595633
BB-1019 BB-0945,"[1019, 945]",[108],Cc1[nH]c(-c2ccco2)nc(=O)c1C(C)N(c1ccc(S(=O)(=O)NCC(=O)O)cc1[N+](=O)[O-])C(C)C,,random_balanced,BB-1019,BB-0945,1,1,0.7221359496434904
BB-0525 BB-0308,"[525, 308]",[78],CC(C)c1nc2cc(CNC(=O)COC3CCN(C(=O)OCC4c5ccccc5-c5ccccc54)CC3)ccc2o1,,random_balanced,BB-0525,BB-0308,0,2,0.039236499500428394
BB-1107 BB-0586,"[1107, 586]",[75],Cc1ccc(C=C2CC(C)(c3ccccc3)C=CC2=O)c(F)c1,,random_balanced,BB-1107,BB-0586,0,0,0.5099179119329159
BB-1668 BB-0892,"[1668, 892]",[49],CCN(CC)S(=O)(=O)c1ccc(Oc2ccc(Br)cc2)c(Nc2ncnc3c2ncn3CC(c2ccccc2)C(C)(C)CO)c1,,random_balanced,BB-1668,BB-0892,1,3,0.05528322040141986
BB-0146 BB-1506,"[146, 1506]",[105],NC(=O)c1sc2nc(C(F)(F)F)cc(-c3ccco3)c2c1NC(=O)C(=O)NCC1(c2cccc(C(F)(F)F)c2)CCOCC1,,random_balanced,BB-0146,BB-1506,3,1,0.24767250522427275
BB-1415 BB-0971,"[1415, 971]",[75],CCOC(C=C(Cc1c(C)c2cc3c(C(C)(C)C)coc3c(C)c2oc1=O)C(=O)O)C1CCCC1,,random_balanced,BB-1415,BB-0971,1,0,0.13600885226551332
BB-1777 BB-0119,"[1777, 119]",[25],CCCn1c(N)c(C(=O)CS(=O)(=O)c2ncc(-c3ccccc3)o2)c(=O)[nH]c1=O,,random_balanced,BB-1777,BB-0119,2,2,0.7005581523993852
BB-0856 BB-0287,"[856, 287]",[4],COc1ccc(C(NC(=O)C2=C(c3ccccc3)N3CCS(=O)(=O)N=C3S2)C(F)F)cc1F,,random_balanced,BB-0856,BB-0287,1,1,0.6871359151684797
BB-1650 BB-1993,"[1650, 1993]",[66],C#Cc1cccc(C(C)(O)c2c(OC)ccc3[nH]c(C(=O)O)cc23)c1F,,random_balanced,BB-1650,BB-1993,1,1,0.6222757742525308
BB-1390 BB-1135,"[1390, 1135]",[63],C=CCCOCc1c(Br)cncc1-c1ccc(NN)c(C)c1C,,random_balanced,BB-1390,BB-1135,5,2,0.2003843048990666
BB-1113 BB-1026,"[1113, 1026]",[66],CC(C)c1cc(C2(O)CCC(OC3CCCCC3)CC2)n2ncnc2n1,,random_balanced,BB-1113,BB-1026,2,1,0.4564179397876962
BB-0540 BB-1850,"[540, 1850]",[105],CNC(=O)c1ccc2n1CCN(C(=O)C(=O)N1CCCC1Cn1cc(C)cn1)C2C,,random_balanced,BB-0540,BB-1850,2,2,0.712734576465035
BB-1070 BB-1391,"[1070, 1391]",[79],CC(C)(C)OC(=O)n1cnc(Nc2ccc3c(c2)C(CC(=O)O)C(=O)N3)n1,,random_balanced,BB-1070,BB-1391,1,2,0.21352628564262954
BB-1717 BB-0923,"[1717, 923]",[15],COC1C(Sc2c(CO)nn(C)c2Cl)CCC(C(=O)O)N1C(=O)OC(C)(C)C,,random_balanced,BB-1717,BB-0923,1,2,0.6837907735065301
BB-1738 BB-0678,"[1738, 678]",[105],CO[C@H]1C[C@@H](CNC(=O)C(=O)NCCCC2CCN(C(=O)OC(C)(C)C)CC2)N(c2cc(C)ncn2)C1,,random_balanced,BB-1738,BB-0678,2,2,0.05064018043247762
BB-0533 BB-0325,"[533, 325]",[5],O=C1CN(C2CCCC2)c2cc(N[C@H]3C[C@H]4CCCC[C@H]4C3)c(F)cc2N1,,random_balanced,BB-0533,BB-0325,2,1,0.5017818870084864
BB-1183 BB-1250,"[1183, 1250]",[0],COc1cccc(S(C)(=O)=O)c1NN=Cc1c(Cl)nc(N(C)C)n1C,,random_balanced,BB-1183,BB-1250,1,0,0.6637585591182423
BB-0584 BB-1748,"[584, 1748]",[30],CC1(OCC(=O)O)CN(C(=O)C(=O)Nc2cc(Br)nc(N)n2)C1,,random_balanced,BB-0584,BB-1748,2,2,0.16411500394915843
BB-1662 BB-0083,"[1662, 83]",[125],CCc1nc2ccccc2n1C1CCCN(C2(C(=O)O)CCN(C(=O)OC)C2(C)C)C1,,random_balanced,BB-1662,BB-0083,1,2,0.7097143567628547
BB-1236 BB-1176,"[1236, 1176]",[71],COC(=O)c1c(I)[nH]c2ccc(N(Cc3ccccc3)C3=CC(=O)CC(C)(C)C3)cc12,,random_balanced,BB-1236,BB-1176,1,2,0.7420996388380076
BB-0802 BB-0903,"[802, 903]",[28],COc1nc(Br)c(F)cc1NC(=O)NC(C)C(OC)C1CC1,,random_balanced,BB-0802,BB-0903,3,2,0.3691073567361713
BB-1773 BB-0132,"[1773, 132]",[111],COC(=O)C1(c2cc(Br)ccc2-c2noc(Cc3ccc(OC)c(F)c3)n2)CC1,,random_balanced,BB-1773,BB-0132,2,1,0.6207350653930389
BB-0051 BB-0340,"[51, 340]",[70],COc1cccc(C)c1C=CC(=O)c1ccc(C#N)c([N+](=O)[O-])c1,,random_balanced,BB-0051,BB-0340,2,2,0.5740657326137876
BB-1867 BB-0319,"[1867, 319]",[30],Cc1nc(NC(=O)C(=O)NCCc2nnc3ccccn23)oc1-c1ccncc1,,random_balanced,BB-1867,BB-0319,1,1,0.0529279624600611
BB-0550 BB-1543,"[550, 1543]",[89],CCOC(=O)c1nc(Sc2ccc3sc(CC#N)nc3c2)c2n1CCCC2,,random_balanced,BB-0550,BB-1543,2,1,0.5981942305920792
BB-0398 BB-1662,"[398, 1662]",[78],CCc1nc2ccccc2n1C1CCCN(C(=O)C2CCN(C(=O)OC(C)(C)C)CC2CC)C1,,random_balanced,BB-0398,BB-1662,0,2,0.4783882735511657
BB-1918 BB-0293,"[1918, 293]",[100],COC(=O)c1nc(S(=O)(=O)Cc2oc3ccc(Cl)cc3c(=O)c2C)c(C)cc1Br,,random_balanced,BB-1918,BB-0293,2,2,0.6539013341298404
BB-1137 BB-0162,"[1137, 162]",[100],CC1=NOC(CS(=O)(=O)c2ccc(C(=O)O)cc2F)C1,,random_balanced,BB-1137,BB-0162,3,2,0.36009984145647733
BB-0082 BB-0073,"[82, 73]",[41],CN(CC1CCOC1)c1ncncc1Oc1ccc(OCc2ccccc2)cc1F,,random_balanced,BB-0082,BB-0073,1,0,0.407350561459694
BB-0435 BB-0845,"[435, 845]",[5],Oc1ncnn2c(NCc3noc4cc(F)ccc34)cnc12,,random_balanced,BB-0435,BB-0845,3,1,0.20424250444074687
BB-0078 BB-0320,"[78, 320]",[126],O=C(NCC(C(=O)O[C@H](CO)CN1CCN(c2ccccc2)CC1)c1cc(F)ccc1F)OCC1c2ccccc2-c2ccccc21,,random_balanced,BB-0078,BB-0320,1,1,0.0379185264059757
BB-1345 BB-1574,"[1345, 1574]",[108],CCOC(=O)C(Nc1ccc(Br)cc1C(F)(F)F)c1sc(C)cc1Br,,random_balanced,BB-1345,BB-1574,1,2,0.5798705149812023
BB-1275 BB-1750,"[1275, 1750]",[81],CCOc1ccc(S(=O)(=O)N2CCC(NC(C)=O)(c3nc(C)cs3)C2)cc1F,,random_balanced,BB-1275,BB-1750,1,1,0.6853125843368701
BB-0434 BB-0195,"[434, 195]",[28],CN(CCCCc1cccc(Br)c1)C(=O)NC1CC1CC(C)(C)C,,random_balanced,BB-0434,BB-0195,0,1,0.5323605549341217
BB-1904 BB-1326,"[1904, 1326]",[125],COc1cccc(C(C(=O)O)(c2ccc(C(=O)O)cc2)n2c(=O)cc(C)c3cc(OC)c(OC)cc32)c1,,random_balanced,BB-1904,BB-1326,0,1,0.27160337799002837
BB-1059 BB-0674,"[1059, 674]",[127],O=C(/C=C/c1cc(Cl)c2c(c1)OCO2)OCc1cnn(C(F)(F)F)c1,,random_balanced,BB-1059,BB-0674,0,1,0.27269546901919933
BB-1250 BB-0164,"[1250, 164]",[75],CCOC(=O)C12CCCC1=CC(=O)C2=Cc1c(Cl)nc(N(C)C)n1C,,random_balanced,BB-1250,BB-0164,1,0,0.7381798767172637
BB-1220 BB-1049,"[1220, 1049]",[5],CC1(C)OB(c2ccc(N[C@@H]3C[C@H]4CC[C@@H]3C[C@@]4(C)C(=O)O)c(C=O)c2)OC1(C)C,,random_balanced,BB-1220,BB-1049,1,2,0.352980828944405
BB-0335 BB-0700,"[335, 700]",[66],CCc1cc(OCC(=O)O)ccc1C1(O)CC(C(=O)O)c2c(OC)cccc21,,random_balanced,BB-0335,BB-0700,3,2,0.817119095905184
BB-1887 BB-1209,"[1887, 1209]",[66],COC(=O)c1ccc2c(c1)CCC2(O)c1cc(-c2ncn(C)n2)ccc1C,,random_balanced,BB-1887,BB-1209,1,2,0.5338000227101986
BB-1606 BB-0443,"[1606, 443]",[5],Cn1cc(N(CC2CCC2)c2cncc(N)c2O)cn1,,random_balanced,BB-1606,BB-0443,4,2,0.44458874246352836
BB-0185 BB-1159,"[185, 1159]",[4],CN(C)c1nc(CCNC(=O)Cc2ccc(Cl)c(O)c2)cs1,,random_balanced,BB-0185,BB-1159,2,3,0.43671298493595034
BB-1197 BB-1591,"[1197, 1591]",[28],CC(C)(NC(=O)Nc1ccc(F)c(I)c1F)c1cn(CC2CC2)nn1,,random_balanced,BB-1197,BB-1591,1,4,0.5518963589085877
BB-1316 BB-1346,"[1316, 1346]",[78],CC(C)(C)OC(=O)NC1(C(=O)N2CCC/C2=C/[N+](=O)[O-])COC(C)(C)C1,,random_balanced,BB-1316,BB-1346,0,1,0.5185917502138945
BB-1425 BB-0310,"[1425, 310]",[105],Cc1cccc(C(CO)N2CCN(C(=O)C(=O)N3CC[C@H](NC(N)=O)C3)CC2)c1,,random_balanced,BB-1425,BB-0310,1,2,0.33834477650507805
BB-1979 BB-1178,"[1979, 1178]",[28],O=C(NCCNc1ncc(C(F)(F)F)cc1Cl)N1CCNC(c2ccccc2Cl)C1,,random_balanced,BB-1979,BB-1178,2,2,0.47524521207667864
BB-0463 BB-1189,"[463, 1189]",[112],Cn1ncc(C(=O)N2CC(O)c3nc[nH]c3C23CCC3)c1CCCl,,random_balanced,BB-0463,BB-1189,3,1,0.5052515541168037
BB-0491 BB-1594,"[491, 1594]",[108],Cc1cc(C)c(NCCc2ccccc2OC(F)F)c(Cl)c1,,random_balanced,BB-0491,BB-1594,0,3,0.6714580947794387
BB-0287 BB-1600,"[287, 1600]",[119],C#CCN(c1ccc(C(=O)O)cc1)C1(c2ccccc2)C(C(=O)O)SC2=NS(=O)(=O)CCN21,,random_balanced,BB-0287,BB-1600,2,3,0.4258321041586375
BB-1670 BB-0140,"[1670, 140]",[50],CC(/C=C/c1ccc([N+](=O)[O-])cc1)(OC(=O)[C@]12CCCC[C@@]1(CN)C2)C(=O)O,,random_balanced,BB-1670,BB-0140,1,1,0.5585333647504713
BB-0675 BB-1566,"[675, 1566]",[89],O=S(=O)(CCBr)CCSc1cccc(NC2CCCNC2)c1,,random_balanced,BB-0675,BB-1566,1,2,0.31911011171676096
BB-0090 BB-0034,"[90, 34]",[71],COC(=O)c1cc(NCCNc2ncc(C)cn2)nc2ccccc12,,random_balanced,BB-0090,BB-0034,2,2,0.10471588941770467
BB-0838 BB-0754,"[838, 754]",[28],CCCn1c(NC(=O)NC(CC(=O)O)c2ccncc2)nc2ccccc21,,random_balanced,BB-0838,BB-0754,2,1,0.5433459669066976
BB-1266 BB-1814,"[1266, 1814]",[71],Cc1cc2c(cc1NCC1(c3cccc(C(F)(F)F)c3)CC1)OCCC2=O,,random_balanced,BB-1266,BB-1814,2,1,0.7430570451826507
BB-1677 BB-0553,"[1677, 553]",[140],CCC1CCC(C(=O)c2cccc(C3CO3)c2)CC1,,random_balanced,BB-1677,BB-0553,1,0,0.449977565703282
BB-1998 BB-0822,"[1998, 822]",[48],CC(=O)Nc1ccc(C)cc1NCc1cn(-c2ccccc2C)nn1,,random_balanced,BB-1998,BB-0822,0,2,0.7562661654611261
BB-0655 BB-1597,"[655, 1597]",[15],COc1ccc(F)cc1CCSc1ccc(C(N)CN(C)C)cc1,,random_balanced,BB-0655,BB-1597,1,1,0.17357336074926177
BB-0278 BB-0813,"[278, 813]",[30],CC(C)(C)OC(=O)N1CCC(Nc2ccccc2NC(=O)C(=O)N[C@@H]2C[C@@H]2CS(C)(=O)=O)C1,,random_balanced,BB-0278,BB-0813,3,2,0.16324003015887772
BB-1297 BB-1313,"[1297, 1313]",[79],Brc1[nH]cnc1N1CCc2nn(-c3ccccc3)cc2C1,,random_balanced,BB-1297,BB-1313,2,1,0.4674242719760768
BB-1404 BB-1766,"[1404, 1766]",[5],O=C(O)C(Cc1ccccc1)NS(=O)(=O)c1ccc([N+](=O)[O-])cc1N1CCc2c(ncn2C2CCC2)C1,,random_balanced,BB-1404,BB-1766,2,1,0.48710490196140466
BB-0683 BB-1527,"[683, 1527]",[78],Cc1cscc1C(=O)Nc1ccc(OCc2nnn[nH]2)cc1,,random_balanced,BB-0683,BB-1527,1,2,0.4619006602978127
BB-0589 BB-1840,"[589, 1840]",[125],CCC(C)(C)c1cc(C(C)=O)c(O)c(C(C)(OC(=O)[C@@H]2COCCN2C(=O)OC(C)(C)C)C(=O)O)c1,,random_balanced,BB-0589,BB-1840,2,0,0.30101496017626306
BB-0580 BB-1649,"[580, 1649]",[81],COc1ccc(S(=O)(=O)NCc2ccc(Oc3ccc(F)cc3)nc2)cc1C(=O)O,,random_balanced,BB-0580,BB-1649,1,3,0.1745669564055084
BB-1693 BB-0863,"[1693, 863]",[89],CC(C)(C)n1nc(SCC(=O)NNC(=O)c2ccc(C#N)cc2)c2c(O)ncnc21,,random_balanced,BB-1693,BB-0863,3,2,0.6103814822817297
BB-1716 BB-0594,"[1716, 594]",[65],Cc1nc2cccnc2nc1C(=O)c1c([N+](=O)[O-])cnn1C,,random_balanced,BB-1716,BB-0594,0,1,0.42380157518875944
BB-0378 BB-0426,"[378, 426]",[89],O=C(CSCC(=O)C1COc2ccccc2O1)C1CC(F)(F)C1,,random_balanced,BB-0378,BB-0426,2,3,0.36406951511250724
BB-1561 BB-0732,"[1561, 732]",[1],C#Cc1ccccc1NC(=O)C=Cc1cc(C)cc(C(=O)NC)c1,,random_balanced,BB-1561,BB-0732,1,0,0.4517282727467341
BB-1232 BB-1798,"[1232, 1798]",[138],Cn1c(N)nc2cc(C(=O)O)cc(-c3cccc4cnn(C5CCCCO5)c34)c21,,random_balanced,BB-1232,BB-1798,2,2,0.4615534189564386
BB-0903 BB-1618,"[903, 1618]",[49],COc1nc(Br)c(F)cc1Nc1ncnc2c1ncn2-c1csc2c(=O)[nH]cnc12,,random_balanced,BB-0903,BB-1618,3,1,0.3201942960974538
BB-1176 BB-1559,"[1176, 1559]",[146],CC1(C)CC(=O)C=C(N(Cc2ccccc2)c2cccc(Cl)c2S(=O)(=O)Cc2ccc(C(=O)O)o2)C1,,random_balanced,BB-1176,BB-1559,3,1,0.46159973081343114
BB-1545 BB-1304,"[1545, 1304]",[78],COC(CCC(F)(F)F)C(=O)NC(Cc1nccn1C(F)F)c1ccccc1,,random_balanced,BB-1545,BB-1304,3,0,0.6810567929674489
BB-1622 BB-0782,"[1622, 782]",[78],Cc1ccc(S(=O)(=O)N(C(=O)c2cn3cccc(C)c3n2)C(C(=O)O)C(C)C)cc1C,,random_balanced,BB-1622,BB-0782,0,1,0.678463008238349
BB-1777 BB-1297,"[1777, 1297]",[89],Brc1nc[nH]c1Sc1ncc(-c2ccccc2)o1,,random_balanced,BB-1777,BB-1297,3,3,0.06470909896979589
BB-1547 BB-1173,"[1547, 1173]",[107],COC(=O)c1ccc2cc(S(=O)C3(Cl)CCCNS3(=O)=O)ccc2c1,,random_balanced,BB-1547,BB-1173,0,2,0.4435699484194931
BB-0252 BB-1544,"[252, 1544]",[42],CCOC(=O)c1cc(C(=O)NCCCN2CCCN(C(=O)OC(C)(C)C)CC2)n(C)n1,,random_balanced,BB-0252,BB-1544,1,2,0.08809884314033842
BB-1872 BB-0883,"[1872, 883]",[41],CS(=O)(=O)c1ccc2nccc(OCCC(=O)c3ccccc3F)c2c1,,random_balanced,BB-1872,BB-0883,1,1,0.511096170897328
BB-0288 BB-1659,"[288, 1659]",[146],Cc1cc(OCC2CO2)c(C(C)C)cc1N1CC2CC1(c1ccnn1C)C2,,random_balanced,BB-0288,BB-1659,0,4,0.6427758505868464
BB-1696 BB-1836,"[1696, 1836]",[125],CC(C)(C)OC(=O)NS(=O)(=O)c1ccccc1CC(C)(C(=O)O)N(C(=O)c1ccc(C2SCCS2)cc1)c1ncccc1O,,random_balanced,BB-1696,BB-1836,0,2,0.1162586360978903
BB-0646 BB-1211,"[646, 1211]",[99],COc1cc(C)c(S(=O)(=O)c2cc(C)c(C(N)=O)c(Br)c2)cc1N,,random_balanced,BB-0646,BB-1211,0,2,0.6430607518220973
BB-0394 BB-1466,"[394, 1466]",[89],COC(=O)c1nnsc1CSc1cccc(C2(O)CCC(=O)CC2)c1,,random_balanced,BB-0394,BB-1466,1,2,0.4341058212117701
BB-1835 BB-0776,"[1835, 776]",[125],Nc1ccc(Br)cc1C(C(=O)O)(c1ccc(F)cc1)N(Cc1ccco1)S(=O)(=O)c1ccccc1,,random_balanced,BB-1835,BB-0776,0,1,0.30764618107888847
BB-1761 BB-0485,"[1761, 485]",[25],CCn1ncc(CN(C)C(=O)c2cc(-c3ccc(NC4CN(C)C4)c(C)n3)nc3ccc(S(=O)(=O)c4ccc(C)c5[nH]c(C(=O)OC)cc45)cc23)c1C,,random_balanced,BB-1761,BB-0485,2,3,0.03223939014391448
BB-1740 BB-1417,"[1740, 1417]",[41],OCC(CN1CCC(O)C1)Oc1nccn2c(C(F)(F)F)ncc12,,random_balanced,BB-1740,BB-1417,0,2,0.52180388746375
BB-1408 BB-1891,"[1408, 1891]",[50],COc1cccc(COC(C)(C(=O)O)C2=Cc3ccccc3OC2)c1[N+](=O)[O-],,random_balanced,BB-1408,BB-1891,1,1,0.7661838074515689
BB-1712 BB-0339,"[1712, 339]",[125],Cc1ccccc1Cc1nc2ccccc2n1C1(C(=O)O)CCCc2cc[nH]c21,,random_balanced,BB-1712,BB-0339,1,1,0.4222814960463044
BB-0613 BB-0804,"[613, 804]",[33],CC(C)(C)OC(=O)NCc1cc(NCc2c(N)oc3ccc(F)cc3c2=O)cc(C(F)(F)F)c1,,random_balanced,BB-0613,BB-0804,3,2,0.12158519409562435
BB-1326 BB-0172,"[1326, 172]",[50],COc1cccc(C(C(=O)O)(c2ccc(C(=O)O)cc2)N2C(=O)CCC2C(C(=O)O)C(=O)O)c1,,random_balanced,BB-1326,BB-0172,2,0,0.4296187564611225
BB-0662 BB-0192,"[662, 192]",[68],CN1C(=O)NC2CC1(C)Oc1ccc(C#CC[C@@H](NC(=O)OC(C)(C)C)C(=O)O)cc12,,random_balanced,BB-0662,BB-0192,1,1,0.09655305721341616
BB-1163 BB-1382,"[1163, 1382]",[108],Cc1cc(C)c(NC(=O)CN(C)C2CC(C)(C)CC(C)(C)C2)c(C)c1,,random_balanced,BB-1163,BB-1382,1,2,0.49789673635867326
BB-0264 BB-0206,"[264, 206]",[125],CN(c1ncc(F)cc1N)C1(C(=O)O)CCC(c2cncc(F)c2)C1,,random_balanced,BB-0264,BB-0206,2,1,0.5424980656807014
BB-0335 BB-1068,"[335, 1068]",[78],CNC(=O)[C@@H]1CN(C(=O)C2CC(=O)c3cccc(OC)c32)C[C@H]1c1cnn(C)c1,,random_balanced,BB-0335,BB-1068,4,1,0.7570844658512277
BB-1628 BB-0113,"[1628, 113]",[141],CCCCCC(O)(CC(=O)c1cn(C)c2ccccc12)c1c(O)cc(O)cc1O,,random_balanced,BB-1628,BB-0113,1,0,0.7179109327139388
BB-0017 BB-1232,"[17, 1232]",[138],Cc1noc(CO)c1-c1cccc2cnn(C3CCCCO3)c12,,random_balanced,BB-0017,BB-1232,1,3,0.05666779939433056
BB-0998 BB-1682,"[998, 1682]",[125],Cc1ccccc1C1(C)NC(=O)N(C(CN)(C(=O)O)c2ccc(Br)cc2)C1=O,,random_balanced,BB-0998,BB-1682,1,4,0.5044553809241193
BB-1255 BB-0702,"[1255, 702]",[51],O=C1CC(COC(=O)c2ccc(Sc3ccc(F)cc3)c([N+](=O)[O-])c2)(c2ccccc2)CN1,,random_balanced,BB-1255,BB-0702,1,1,0.525969092285868
BB-0504 BB-1747,"[504, 1747]",[50],CCOC(=O)c1cnn(C)c1C(C)(Oc1ncc(C(=O)O)cc1Cl)C(=O)O,,random_balanced,BB-0504,BB-1747,2,2,0.42118574735468944
BB-0562 BB-1504,"[562, 1504]",[125],C=CC(F)(F)COC1(C(=O)O)CCOc2ccc(C(C)(C)C)cc21,,random_balanced,BB-0562,BB-1504,1,2,0.741596715518127
BB-0398 BB-1978,"[398, 1978]",[78],CCC1CN(C(=O)OC(C)(C)C)CCC1C(=O)N1CCC(C#N)C12CC2,,random_balanced,BB-0398,BB-1978,1,0,0.4349578125632622
BB-1307 BB-1978,"[1307, 1978]",[78],COc1cccc2c(CCC(=O)N3CCC(C#N)C34CC4)c(-c3ccccc3)[nH]c12,,random_balanced,BB-1307,BB-1978,2,1,0.47557935554927183
BB-1218 BB-1405,"[1218, 1405]",[41],COC(=O)c1cc(Oc2ccc(SCCNC(C)=O)cc2)cc(S(N)(=O)=O)c1F,,random_balanced,BB-1218,BB-1405,0,2,0.4302814944573153
BB-1537 BB-0199,"[1537, 199]",[145],Cn1ncc2c(N3CCC(=Cc4coc(-c5cc(Cl)cc(Cl)c5)n4)CC3)ncnc21,,random_balanced,BB-1537,BB-0199,3,2,0.4292384649130865
BB-0302 BB-1284,"[302, 1284]",[78],O=C(NCCc1nccn1C(F)F)c1ccc(C2CC2)cc1F,,random_balanced,BB-0302,BB-1284,1,3,0.37558211077452525
BB-0201 BB-1101,"[201, 1101]",[33],CCOC(=O)c1c(N)sc(C(C)NC2CCN(S(=O)(=O)NC)CC2)c1C,,random_balanced,BB-0201,BB-1101,2,3,0.5379402224253615
BB-0701 BB-0565,"[701, 565]",[43],OCC(COc1cc(Cl)ccc1Cl)NC1CC1Cc1ccccc1C(F)(F)F,,random_balanced,BB-0701,BB-0565,2,0,0.3008355041829681
BB-1943 BB-0586,"[1943, 586]",[141],CCC(=O)c1cccc(C2(O)C=CC(C)(c3ccccc3)CC2)c1,,random_balanced,BB-1943,BB-0586,1,1,0.625972432434061
BB-1870 BB-0466,"[1870, 466]",[78],CCCCN1C(=O)c2ccc(C(=O)NCC3(CSC)CC(F)(F)C3)cc2C1=O,,random_balanced,BB-1870,BB-0466,0,2,0.3222945449344354
BB-0198 BB-1150,"[198, 1150]",[63],CCOC(=O)c1n[nH]c(CCCc2scnc2C)c1C,,random_balanced,BB-0198,BB-1150,2,1,0.4778043524269241
BB-0195 BB-0134,"[195, 134]",[125],CN(CCCCc1cccc(Br)c1)C1(C(=O)O)CSCCc2ccccc21,,random_balanced,BB-0195,BB-0134,2,2,0.5965487232521897
BB-1367 BB-1071,"[1367, 1071]",[105],COCCC1(C(=O)O)CN(C(=O)C(=O)Nc2cc(-c3ccc(OC)c(C)c3)n[nH]2)C1,,random_balanced,BB-1367,BB-1071,1,1,0.14786463415747642
BB-1462 BB-1663,"[1462, 1663]",[125],CN1CC(=O)N(C2(C(=O)O)CCCc3oc(=O)c(C(=O)O)cc32)c2cc(S(=O)(=O)N(C)C)ccc21,,random_balanced,BB-1462,BB-1663,0,1,0.5410641062453578
BB-1102 BB-0603,"[1102, 603]",[78],CC(CO)N(Cc1ccccc1)C(=O)c1cccc(S(=O)(=O)NCc2nncn2C)c1,,random_balanced,BB-1102,BB-0603,2,1,0.510784926871118
BB-0337 BB-0951,"[337, 951]",[108],COCCn1nc(C)c(NC(c2ccc3c(c2)CCC(=O)N3)C(C)Br)c1C,,random_balanced,BB-0337,BB-0951,0,3,0.749233114175466
BB-0160 BB-0539,"[160, 539]",[115],CC1CC2C(=O)N(Cc3c(F)cccc3OC(F)(F)F)C(=O)N2C1,,random_balanced,BB-0160,BB-0539,1,0,0.3246652787264132
BB-0501 BB-0390,"[501, 390]",[108],COc1ccc2[nH]c3c(c2c1)CCCC3Nc1ccc2[nH]c(=O)[nH]c2c1,,random_balanced,BB-0501,BB-0390,3,4,0.649533650005404
BB-0447 BB-1504,"[447, 1504]",[125],CC(C)(C)c1ccc2c(c1)C(C(=O)O)(N1CCn3ncc(C#N)c3C1)CCO2,,random_balanced,BB-0447,BB-1504,2,3,0.7139957336115486
BB-1526 BB-1320,"[1526, 1320]",[1],Cc1cc(C=C2C(=O)NN=C2C(F)(F)F)c(C)n1CC(C)C,,random_balanced,BB-1526,BB-1320,0,1,0.4364944478427617
BB-0968 BB-1830,"[968, 1830]",[79],O=C(O)C1CCc2cccc(N3CCN(c4ncc(C(F)(F)F)cc4Cl)CC3)c21,,random_balanced,BB-0968,BB-1830,1,1,0.7689018760807842
BB-0253 BB-0020,"[253, 20]",[110],COCCn1c(Cn2c(=O)[nH]c3c(nc4c(Br)cccn43)c2=O)nc2cc3c(cc21)OCO3,,random_balanced,BB-0253,BB-0020,1,3,0.42417750093697815
BB-1849 BB-1066,"[1849, 1066]",[4],COc1ccc([C@H](CC(=O)N2CCCC2c2nc3ccccc3s2)NC(=O)OCC2c3ccccc3-c3ccccc32)cc1,,random_balanced,BB-1849,BB-1066,1,0,0.1633642959199319
BB-0110 BB-1769,"[110, 1769]",[79],O=C(c1cccc(N[C@@H]2CCO[C@H]2c2ccc(Cl)c(F)c2)c1)C(F)F,,random_balanced,BB-0110,BB-1769,2,1,0.40233742907426867
BB-1854 BB-1315,"[1854, 1315]",[4],CC(C)[C@@H]1C[C@H](CNC(=O)c2c3c(nn2C)CNC3)c2ccccc21,,random_balanced,BB-1854,BB-1315,1,2,0.5866731400146635
BB-1247 BB-1629,"[1247, 1629]",[28],Cc1cc(F)c(NC(=O)NC23CCC(F)(CC2)C3)c(C(=O)O)c1,,random_balanced,BB-1247,BB-1629,3,2,0.3692095629215716
BB-0843 BB-1345,"[843, 1345]",[125],CCOC(=O)C(C(=O)O)(c1sc(C)cc1Br)n1cnc2c1c(=O)n(C)c(=O)n2C,,random_balanced,BB-0843,BB-1345,1,2,0.6867193518091391
BB-1181 BB-0693,"[1181, 693]",[140],Cn1cc([N+](=O)[O-])c(C(=O)C2(c3cccc(Cl)n3)CCC2)cc1=O,,random_balanced,BB-1181,BB-0693,2,3,0.3634464531978935
BB-0668 BB-0765,"[668, 765]",[30],O=C(O)CC(Cc1ccc([N+](=O)[O-])cc1)NC(=O)C(=O)Nc1nc(-c2ccc3c(c2)-c2ccccc2C3)cs1,,random_balanced,BB-0668,BB-0765,2,1,0.017517225763492034
BB-0398 BB-1869,"[398, 1869]",[137],C=C1CC1C(=O)C1(C(=O)O)CCN(C(=O)OC(C)(C)C)CC1CC,,random_balanced,BB-0398,BB-1869,2,2,0.44346802722391804
BB-0527 BB-1236,"[527, 1236]",[89],COC(=O)c1c(Sc2cn([C@@H]3O[C@H](CO)[C@@H](O)[C@H]3O)c(=O)[nH]c2=O)[nH]c2ccc(Br)cc12,,random_balanced,BB-0527,BB-1236,0,2,0.5346038528606321
BB-0370 BB-1552,"[370, 1552]",[5],COC(=O)c1cc(N(C)Cc2cc(OC)ns2)c(F)cc1F,,random_balanced,BB-0370,BB-1552,2,1,0.5595975806817751
BB-0024 BB-0358,"[24, 358]",[4],COc1ccc(C(C)C(=O)Nc2cc(C3CCCCN3)ccc2C)cc1Br,,random_balanced,BB-0024,BB-0358,1,0,0.7534548976526297
BB-1235 BB-1261,"[1235, 1261]",[78],Cc1ccccc1COc1cccc(CC(=O)N2CC=C(c3cccc(Cl)c3F)CC2)c1,,random_balanced,BB-1235,BB-1261,1,2,0.11918067177178114
BB-1153 BB-0667,"[1153, 667]",[41],Cc1cc(N(C)C)ccc1OC(Cl)C(Cl)C(Cl)Cl,,random_balanced,BB-1153,BB-0667,1,2,0.4495761747791083
BB-1188 BB-1826,"[1188, 1826]",[105],Cc1ccc(C2CN(C(=O)C(=O)NC(Cn3cnc4ccccc43)C(=O)O)CCO2)o1,,random_balanced,BB-1188,BB-1826,1,2,0.6466122801169428
BB-0651 BB-0251,"[651, 251]",[89],CN1CC(=O)Nc2ccc(SCC(=O)c3ccc(OCc4ccccc4)c([N+](=O)[O-])c3)cc21,,random_balanced,BB-0651,BB-0251,3,2,0.23906706262443164
BB-0515 BB-0937,"[515, 937]",[5],O=Cc1cc(CNc2nccc3cnccc23)c2c(c1)COCO2,,random_balanced,BB-0515,BB-0937,3,1,0.5336025291069121
BB-0750 BB-0852,"[750, 852]",[30],COc1cc(Cl)ccc1C(CO)NC(=O)C(=O)N1CCC(C(O)c2ccccc2OC)CC1,,random_balanced,BB-0750,BB-0852,2,1,0.21596627160695522
BB-0142 BB-1005,"[142, 1005]",[111],CCn1ccnc1-c1nc(C(C(=O)CCl)=C2Nc3ccccc3N2C)no1,,random_balanced,BB-0142,BB-1005,1,1,0.5626645038434024
BB-1464 BB-1144,"[1464, 1144]",[48],Cc1cccc(CCn2cc(CN[C@@H]3C[C@@H]4C[C@H](NC(=O)OC(C)(C)C)C[C@@H]4C3)nn2)n1,,random_balanced,BB-1464,BB-1144,1,1,0.06773760536511292
BB-1382 BB-0823,"[1382, 823]",[105],Cc1cc(C)c(NC(=O)CN(C)C(=O)C(=O)Nc2cccc3c2CN(CC(F)(F)F)C3)c(C)c1,,random_balanced,BB-1382,BB-0823,3,2,0.29424979657247774
BB-0435 BB-0180,"[435, 180]",[124],Cc1nn(-c2ncccn2)c(Nc2ncnc3c2ncn3Cc2noc3cc(F)ccc23)c1Br,,random_balanced,BB-0435,BB-0180,4,1,0.3767333056972701
BB-1532 BB-1198,"[1532, 1198]",[48],COC(=O)[C@@H]1C[C@H]1c1ccccc1NCc1cn(Cc2cnn(-c3cc(C)ccn3)c2C)nn1,,random_balanced,BB-1532,BB-1198,0,2,0.4637832656681178
BB-0246 BB-1754,"[246, 1754]",[105],CCC1CCC(NC(=O)C(=O)NCCc2ccc(OCC(=O)O)cc2)(C2=NCCN2)CC1,,random_balanced,BB-0246,BB-1754,0,2,0.23488015842004814
BB-1098 BB-0569,"[1098, 569]",[41],CC1(C)O[C@@H]2[C@@H](COc3ccc(Cl)c4c3CCNC4)OC(=O)[C@@H]2O1,,random_balanced,BB-1098,BB-0569,2,1,0.588723605627008
BB-0133 BB-0754,"[133, 754]",[30],CN(C)c1ncc(Br)c2c1CN(C(=O)C(=O)NC(CC(=O)O)c1ccncc1)CC2,,random_balanced,BB-0133,BB-0754,3,2,0.4671118598111131
BB-0913 BB-1178,"[913, 1178]",[41],CCn1c(C)cc(Oc2ccccc2C2CNCCN2)cc1=O,,random_balanced,BB-0913,BB-1178,0,3,0.7131077874807128
BB-0743 BB-1289,"[743, 1289]",[1],CN=S(=O)(C=Cc1ccc(OC)c(O)c1C(=O)OC)c1ccc(C(=O)O)cc1,,random_balanced,BB-0743,BB-1289,1,0,0.5875837578754473
BB-1215 BB-0969,"[1215, 969]",[37],C#CC1(C(=O)N[C@@H]2C[C@H]2CNC(=O)OC(C)(C)C)CCC1,,random_balanced,BB-1215,BB-0969,1,2,0.40468845312813695
BB-0862 BB-0013,"[862, 13]",[71],O=C(O)CC[C@H](Nc1cc(Br)ccc1OCc1ccc(C(=O)O)o1)C(=O)O,,random_balanced,BB-0862,BB-0013,2,0,0.6495364965258291
BB-0838 BB-0504,"[838, 504]",[33],CCCn1c(NC(C)c2c(C(=O)OCC)cnn2C)nc2ccccc21,,random_balanced,BB-0838,BB-0504,3,3,0.8170010470785717
BB-1254 BB-1986,"[1254, 1986]",[50],CN1CCC(F)(F)C(COC(CCOc2ccccc2)(C(=O)O)C2CC2)C1,,random_balanced,BB-1254,BB-1986,2,0,0.7225611951246187
BB-1146 BB-1613,"[1146, 1613]",[111],CC(C)(C)OC(=O)NCCCN1CCN(CCc2nc(-c3c(F)c(F)c(N)c(F)c3F)no2)CC1,,random_balanced,BB-1146,BB-1613,2,1,0.06399432406998018
BB-0103 BB-0256,"[103, 256]",[79],CCCN(Cc1ccccc1O)c1ccc(OC(C)CC)cc1,,random_balanced,BB-0103,BB-0256,1,1,0.6776073887932682
BB-0767 BB-1328,"[767, 1328]",[125],CCOC(=O)N(C(C)(/C=C/c1ccc(OC)c(O)c1)C(=O)O)S(C)(=O)=O,,random_balanced,BB-0767,BB-1328,1,0,0.4543297574661334
BB-1644 BB-1817,"[1644, 1817]",[99],Cc1cc(CBr)c(S(=O)(=O)c2ccc3ccoc3c2C(=O)O)cc1C,,random_balanced,BB-1644,BB-1817,1,2,0.464674886745524
BB-0324 BB-1493,"[324, 1493]",[5],CCOC(=O)c1sc2ncc(C(=O)OC)cc2c1Nc1cccc2nc(C)[nH]c(=O)c12,,random_balanced,BB-0324,BB-1493,3,2,0.38498123857809197
BB-0269 BB-0344,"[269, 344]",[71],COC(=O)C[C@H](Nc1ccc2c(c1)C(=O)C(F)=CCC2)c1cc([N+](=O)[O-])ccc1F,,random_balanced,BB-0269,BB-0344,1,3,0.6366209289346981
BB-1362 BB-1316,"[1362, 1316]",[50],CC(C)(C)OC(=O)N(C1(C(=O)O)COC(C)(C)C1)C(C)(C(=O)O)c1c(Cl)cccc1Cl,,random_balanced,BB-1362,BB-1316,1,1,0.3124785525309436
BB-1516 BB-0199,"[1516, 199]",[125],CCOC1(COC2(C(=O)O)CCN(c3ncnc4c3cnn4C)CC2)CCC1,,random_balanced,BB-1516,BB-0199,0,3,0.7373418736479483
BB-0564 BB-1528,"[564, 1528]",[78],CC(CF)CC(=O)N1CCC(c2nc3ccccc3o2)CC1,,random_balanced,BB-0564,BB-1528,1,1,0.5619893934490238
BB-1874 BB-1493,"[1874, 1493]",[25],COc1ccc(-c2nc(CS(=O)(=O)c3cccc4nc(C)[nH]c(=O)c34)cs2)cc1OC,,random_balanced,BB-1874,BB-1493,1,3,0.3517870292983951
BB-1757 BB-0346,"[1757, 346]",[30],CCOC(=O)CC(CNC(=O)C(=O)NC(CC(C)C)c1nnc2ccccn12)B1OC(C)(C)C(C)(C)O1,,random_balanced,BB-1757,BB-0346,1,1,0.24111280971322105
BB-1626 BB-1274,"[1626, 1274]",[78],Cc1nc2c(n1C)CN(C(=O)C1=CC=CN3CCN=C13)CC2,,random_balanced,BB-1626,BB-1274,0,0,0.4719404645720945
BB-0115 BB-1372,"[115, 1372]",[125],CCOC(=O)C1Cc2c(C)cccc2C(Oc2c(C)c(C(F)(F)F)nc3ccccc23)(C(=O)O)C1,,random_balanced,BB-0115,BB-1372,1,2,0.7012809386601864
BB-0567 BB-0296,"[567, 296]",[28],CC(C)(C)OC(=O)Nc1ccc(O)c(NC(=O)N2CCNS(=O)(=O)c3c2ccnc3Cl)c1,,random_balanced,BB-0567,BB-0296,3,1,0.10648145179608663
BB-0234 BB-1721,"[234, 1721]",[50],Cc1ccncc1N(C(=O)OCC(F)(F)F)C1(C(=O)O)CCC(CC(=O)O)c2ccccc21,,random_balanced,BB-0234,BB-1721,4,1,0.38263832727038827
BB-0318 BB-0596,"[318, 596]",[105],Cc1cc2c(cc1C(F)(F)F)N(C(=O)C(=O)Nc1cccc(C)c1C(N)=O)CC2,,random_balanced,BB-0318,BB-0596,0,1,0.3042029394048966
BB-1000 BB-1163,"[1000, 1163]",[125],CC1(C)CC(C)(C)CC(C(=O)O)(n2cc(C(N)=O)c(-c3ccccc3)n2)C1,,random_balanced,BB-1000,BB-1163,1,2,0.7558555133372491
BB-0088 BB-0733,"[88, 733]",[78],CC(C)CC1(CNC(=O)C2CCC2CS(C)(=O)=O)N=N1,,random_balanced,BB-0088,BB-0733,1,2,0.4509503662125613
BB-0076 BB-0803,"[76, 803]",[66],C=CC(O)(c1ccc(OCc2ccc(C(N)=O)cc2F)cc1)c1c(F)cccc1Cl,,random_balanced,BB-0076,BB-0803,2,2,0.4583070742953131
BB-0553 BB-0232,"[553, 232]",[65],CCC1CCC(C(=O)c2cnc3nc4ccccc4n3c2)CC1,,random_balanced,BB-0553,BB-0232,1,1,0.3651166234398096
BB-0128 BB-0048,"[128, 48]",[30],Cc1cc(CNC(=O)C(=O)N2CCCC(n3cccn3)C2)ccc1N,,random_balanced,BB-0128,BB-0048,2,1,0.5702491794436781
BB-1808 BB-1697,"[1808, 1697]",[28],COc1cc2c(cc1Br)CCN(C(=O)NC(Cc1cc(Br)ccc1OC)C(=O)O)C2,,random_balanced,BB-1808,BB-1697,1,3,0.5086491410542235
BB-1132 BB-1503,"[1132, 1503]",[30],CCN(C(=O)C(=O)NC1(c2nccs2)CCCC1)S(=O)(=O)c1ccc(I)cc1,,random_balanced,BB-1132,BB-1503,1,3,0.35150659584563293
BB-1096 BB-1789,"[1096, 1789]",[141],CCCCC(C)(O)CCOCCC,,random_balanced,BB-1096,BB-1789,1,1,0.12743466858354058
BB-1422 BB-1200,"[1422, 1200]",[125],Cc1ccc2c(c1)C(C(=O)O)(n1c(Cc3ccncc3)noc1=O)C(=O)N2,,random_balanced,BB-1422,BB-1200,0,2,0.4668901880709046
BB-1540 BB-0382,"[1540, 382]",[24],O=S(=O)(Cc1ccc(O)nn1)c1cccc(CS)c1Cl,,random_balanced,BB-1540,BB-0382,1,3,0.27953961301830044
BB-1139 BB-1467,"[1139, 1467]",[5],[N-]=[N+]=NCC1CCCN1c1cccc(-c2c[nH]c(=S)o2)c1,,random_balanced,BB-1139,BB-1467,1,0,0.3936212215704755
BB-0369 BB-1036,"[369, 1036]",[37],Cc1ccc(S(=O)(=O)Nc2ccc(NC(=O)c3cnc4n3CCCN4)cc2)cc1,,random_balanced,BB-0369,BB-1036,2,2,0.17076846198602583
BB-0756 BB-1143,"[756, 1143]",[36],Cc1cccc(C2CC2c2nc(-c3cnc4cnccn34)no2)n1,,random_balanced,BB-0756,BB-1143,1,1,0.2233915629977377
BB-1238 BB-0652,"[1238, 652]",[112],COC(=O)C1CN(C(=O)C(Cl)=C2CC2)c2ccc(Br)cc21,,random_balanced,BB-1238,BB-0652,1,2,0.5333387577823667
BB-0249 BB-1010,"[249, 1010]",[146],CNC(=O)CCC(Nc1c(N)c(F)cc(F)c1F)c1ccccc1,,random_balanced,BB-0249,BB-1010,3,2,0.557205481067697
BB-1562 BB-1562,"[1562, 1562]",[50],Cc1cc(O)c(C(=O)CCC(=O)OC(CCC(=O)O)(C(=O)O)c2cc(Br)c(C)cc2O)cc1Br,,random_balanced,BB-1562,BB-1562,2,2,0.5915709905543588
BB-1642 BB-0093,"[1642, 93]",[65],COc1ccc(-c2ccc(C(=O)c3c([N+](=O)[O-])cnc4ccc(C5CCC5)cc34)cc2)cc1,,random_balanced,BB-1642,BB-0093,2,2,0.49526923782473914
BB-0930 BB-1963,"[930, 1963]",[30],CN(CC(F)F)C1CCN(C(=O)C(=O)NC2(Cc3ccc(F)cc3F)CCCCC2)CC1,,random_balanced,BB-0930,BB-1963,1,1,0.410764662102717
BB-0109 BB-0407,"[109, 407]",[50],CNCC(C(=O)O)(c1c[nH]c2ccc(F)cc12)N1C(=O)CCC(N2Cc3c(Br)cccc3C2=O)C1=O,,random_balanced,BB-0109,BB-0407,1,2,0.7865210611615897
BB-0135 BB-1977,"[135, 1977]",[98],CCCC1CC(OC(=O)c2cn(C3CN(C(=O)OC(C)(C)C)C3)nn2)C1,,random_balanced,BB-0135,BB-1977,2,0,0.08663401874753233
BB-0004 BB-1566,"[4, 1566]",[30],N#Cc1cc(C(F)(F)F)ccc1NCCNC(=O)C(=O)N1CCCC(Nc2cccc(Br)c2)C1,,random_balanced,BB-0004,BB-1566,3,3,0.3334407905376627
BB-1080 BB-1582,"[1080, 1582]",[66],CNC1CCOc2ccc(C(O)(c3ccc(F)cc3)c3ccn(C)n3)cc21,,random_balanced,BB-1080,BB-1582,1,3,0.7027010739351475
BB-0279 BB-0094,"[279, 94]",[41],Cc1cc(C)c([N+](=O)[O-])cc1COC(C(C)C)C(F)F,,random_balanced,BB-0279,BB-0094,0,3,0.4738779908784879
BB-1840 BB-1992,"[1840, 1992]",[41],CCC(C)(C)c1cc(C(C)=O)c(Oc2cc3c(cc2S(N)(=O)=O)S(=O)(=O)NCN3)c(C(C)=O)c1,,random_balanced,BB-1840,BB-1992,1,0,0.6179241244571676
BB-1252 BB-1852,"[1252, 1852]",[146],CCC(Oc1ccccc1N(C)C1(c2ccc(C(=O)OC)o2)CC1)C(=O)O,,random_balanced,BB-1252,BB-1852,0,2,0.5296243899183831
BB-1271 BB-0972,"[1271, 972]",[141],CC(C)(C)n1cc(C(O)(C(=O)O)c2ccc(OCn3ccc(C(=O)NN)n3)cc2)cn1,,random_balanced,BB-1271,BB-0972,2,2,0.2185840421358388
BB-1042 BB-1974,"[1042, 1974]",[126],N#Cc1c(OCCCOC(=O)C[C@H]2C[C@@H](N)C2)n[nH]c1N,,random_balanced,BB-1042,BB-1974,3,1,0.3691246151917817
BB-1011 BB-0223,"[1011, 223]",[146],COC(=O)C1Cc2c(O)cccc2C1Nc1cc2c(cc1C)CCCN2,,random_balanced,BB-1011,BB-0223,1,2,0.8183568883871704
BB-1701 BB-0999,"[1701, 999]",[50],CC(C)(C)OC(=O)NC1CC(C(=O)O)(N(C(=O)OCC2c3ccccc3-c3ccccc32)[C@@H](Cc2ccc(OP(=O)(OCc3ccccc3)OCc3ccccc3)cc2)C(=O)O)C12CC(C(F)F)C2,,random_balanced,BB-1701,BB-0999,0,2,0.03617271854984727
BB-0509 BB-1517,"[509, 1517]",[132],COc1cc(C)c(C2NC(CO)Cc3cc(C)ccc32)cc1O,,random_balanced,BB-0509,BB-1517,1,1,0.6674804628367469
BB-1571 BB-0947,"[1571, 947]",[50],C[C@@H]1CCC[C@H](CC(=O)OC(C(=O)O)(c2ccccc2)c2nccs2)O1,,random_balanced,BB-1571,BB-0947,2,1,0.700183483102381
BB-0787 BB-0799,"[787, 799]",[140],NCc1cccc(Br)c1C(=O)Cc1ccc(B(O)O)cc1,,random_balanced,BB-0787,BB-0799,4,1,0.35662358740980526
BB-0326 BB-1689,"[326, 1689]",[41],CCCc1cc(C(=O)O)cc(OCCCn2nc(C)c(Br)c2C)n1,,random_balanced,BB-0326,BB-1689,1,3,0.5996082220122089
BB-0791 BB-1157,"[791, 1157]",[4],CC[C@H](O)C(=O)Nc1ccc(F)cc1N1CCCC1=O,,random_balanced,BB-0791,BB-1157,1,3,0.4090959955878914
BB-0218 BB-0062,"[218, 62]",[146],COCCCCc1cccnc1Nc1cnc2ccsc2c1O,,random_balanced,BB-0218,BB-0062,4,2,0.7826944420849614
BB-0913 BB-1259,"[913, 1259]",[41],CCn1c(C)cc(Oc2nc3ccccc3nc2C)cc1=O,,random_balanced,BB-0913,BB-1259,1,0,0.6125129318417953
BB-1638 BB-1230,"[1638, 1230]",[79],COC(=O)c1c[nH]c(=O)c2c1c(N1[C@H](C)C[C@H](C(=O)O)C[C@@H]1C)cn2C,,random_balanced,BB-1638,BB-1230,2,2,0.5441290099532153
BB-0371 BB-1868,"[371, 1868]",[145],CC(C)C(C=Cc1c(C(=O)O)[nH]c2cc(Br)ccc12)C(C)C,,random_balanced,BB-0371,BB-1868,3,1,0.5890752899804379
BB-0847 BB-1992,"[847, 1992]",[89],COC(=O)c1cc2c(Sc3cc4c(cc3S(N)(=O)=O)S(=O)(=O)NCN4)ccc(C)c2[nH]1,,random_balanced,BB-0847,BB-1992,2,1,0.6240678479221355
BB-1108 BB-1880,"[1108, 1880]",[108],Cc1cc2c(cc1Br)N(CCC1(NC(=O)OC(C)(C)C)CCCC1)CC(C)O2,,random_balanced,BB-1108,BB-1880,1,2,0.5883289142193441
BB-1568 BB-0143,"[1568, 143]",[125],Cc1ccc(C(C(=O)O)(N(N)c2ccccc2S(C)(=O)=O)C(F)(F)F)cc1,,random_balanced,BB-1568,BB-0143,1,1,0.25716664840148484
BB-0762 BB-1147,"[762, 1147]",[125],COCC(C(=O)O)(c1ccc2cc(OC)ccc2n1)N(C(=O)Oc1ccccc1)c1cccc(C)c1,,random_balanced,BB-0762,BB-1147,1,1,0.2645465828220173
BB-0112 BB-0125,"[112, 125]",[30],CC(Cc1c(F)cccc1F)NC(=O)C(=O)Nc1cc(C2CC2)n(C)n1,,random_balanced,BB-0112,BB-0125,1,2,0.17597564464431723
BB-1996 BB-1583,"[1996, 1583]",[66],C#Cc1cccc(CC(NC(=O)CC(C)(O)c2sc3nc(C)nc(C)c3c2C)C(N)=O)c1,,random_balanced,BB-1996,BB-1583,1,0,0.35022748762083994
BB-1254 BB-1001,"[1254, 1001]",[50],O=C(OC(CCOc1ccccc1)(C(=O)O)C1CC1)c1cccc(COc2ccc(Br)cc2)c1,,random_balanced,BB-1254,BB-1001,3,1,0.17605296473204426
BB-0471 BB-1709,"[471, 1709]",[103],Cc1cc(C)c(C(=O)O)cc1NC(=O)NCC(C)(C)c1ccc(OCC(C)C)cc1,,random_balanced,BB-0471,BB-1709,1,3,0.13795500492651822
BB-0647 BB-0304,"[647, 304]",[79],NCc1cc(N2CCCN(c3nc4ccccc4[nH]3)CC2)cc2cccnc12,,random_balanced,BB-0647,BB-0304,2,3,0.703152048022261
BB-1123 BB-0166,"[1123, 166]",[51],COCC1(C(=O)OCc2ccc(Br)c(C(F)(F)F)c2)C(C)(C)C1(C)C,,random_balanced,BB-1123,BB-0166,0,2,0.2856849994058296
BB-0879 BB-0212,"[879, 212]",[103],CCC[C@@H]1CN(C(=O)Nc2nc3n(c2C(=O)OC)CC(C(=O)O)CC3)C[C@H]1C(=O)OC,,random_balanced,BB-0879,BB-0212,1,2,0.4180826768882337
BB-0510 BB-1503,"[510, 1503]",[68],CCNS(=O)(=O)c1ccc(C#Cc2cccc(OC)n2)cc1,,random_balanced,BB-0510,BB-1503,2,4,0.29835098903611135
BB-1927 BB-1878,"[1927, 1878]",[50],CC(C)(C)C1OCCCC1(OC(=O)[C@@H]1[C@@H](c2ccc(Br)cc2)CCN1C(=O)OCC1c2ccccc2-c2ccccc21)C(=O)O,,random_balanced,BB-1927,BB-1878,1,1,0.2927528008248627
BB-1948 BB-0649,"[1948, 649]",[44],CCC(=O)c1ccc(Cl)c(NCCC(=O)Nc2ccc(C)cc2)c1,,random_balanced,BB-1948,BB-0649,1,0,0.4884300444975592
BB-1949 BB-1373,"[1949, 1373]",[70],O=C(c1ccccc1)N1CCC(C=Cc2ccc(O)c(C(F)(F)F)c2)C1,,random_balanced,BB-1949,BB-1373,2,0,0.4859210372004972
BB-0124 BB-0274,"[124, 274]",[32],CC(=O)Nc1cc(C(=O)CS(=O)Cc2ccc3c(c2)CCO3)ccc1O,,random_balanced,BB-0124,BB-0274,2,1,0.5849418032263352
BB-0568 BB-1814,"[568, 1814]",[30],COC(=O)C1(CNC(=O)C(=O)NCC2(c3cccc(C(F)(F)F)c3)CC2)CC1S(C)(=O)=O,,random_balanced,BB-0568,BB-1814,1,2,0.38920147225622254
BB-0591 BB-0813,"[591, 813]",[78],Cc1c(Br)cccc1[C@@H]1C[C@H]1C(=O)Nc1ccccc1NC1CCN(C(=O)OC(C)(C)C)C1,,random_balanced,BB-0591,BB-0813,3,3,0.2367769787398601
BB-1383 BB-1854,"[1383, 1854]",[78],CC(C)[C@@H]1C[C@H](CNC(=O)c2ccc(N)c(S(N)(=O)=O)c2)c2ccccc21,,random_balanced,BB-1383,BB-1854,2,2,0.6868792963873079
BB-0996 BB-1940,"[996, 1940]",[105],C=CCOc1ccc(C[C@H](NC(=O)C(=O)NCC2(c3ccccc3)CC(O)(C(F)(F)F)C2)C(=O)OC(C)(C)C)cc1,,random_balanced,BB-0996,BB-1940,2,1,0.2129938003467182
BB-0495 BB-0085,"[495, 85]",[13],CC(C)(C)OC(=O)N[C@]1(c2nc3ccccc3n2C(=O)c2ccncc2)CC[C@H](O)C1,,random_balanced,BB-0495,BB-0085,0,2,0.6104511098796512
BB-1780 BB-1764,"[1780, 1764]",[30],COC(=O)c1ccc(C2(O)CCN(C(=O)C(=O)Nc3cccc(N4CCOCC4)c3)C2)cc1,,random_balanced,BB-1780,BB-1764,1,4,0.07936785879709465
BB-0063 BB-1469,"[63, 1469]",[33],CC(Cn1c(=O)oc(=O)c2ccccc21)Nc1ccc(C(=O)O)cc1CCCC(=O)O,,random_balanced,BB-0063,BB-1469,1,1,0.6022957017136971
BB-0581 BB-0895,"[581, 895]",[5],Cc1nn(-c2ccccc2F)c(C)c1C1COCCN1c1ccc2nc(C=Cc3cccs3)cc(C(=O)O)c2c1,,random_balanced,BB-0581,BB-0895,3,2,0.4305291323791746
BB-1090 BB-1531,"[1090, 1531]",[62],O=C1Nc2c(ccc(Cl)c2Cl)CC1C(=O)C1CCN(c2ncnc3c2cnn3-c2ccccc2)CC1,,random_balanced,BB-1090,BB-1531,2,1,0.2726996427906326
BB-0688 BB-1624,"[688, 1624]",[5],COc1cccc(Nc2cc(-c3ccccc3C)nn2Cc2ccccc2)c1C1CNCCO1,,random_balanced,BB-0688,BB-1624,2,1,0.6010119995180825
BB-0330 BB-0084,"[330, 84]",[78],COC(=O)c1cn(C2CCN(C(=O)C(C)CN(C)C)C2)nn1,,random_balanced,BB-0330,BB-0084,1,0,0.562731671953579
BB-1147 BB-1634,"[1147, 1634]",[50],COCC(OC(=O)c1c(Cl)n(C)c2cc(Cl)c(Cl)cc12)(C(=O)O)c1ccc2cc(OC)ccc2n1,,random_balanced,BB-1147,BB-1634,2,1,0.5479718301705735
BB-1480 BB-1168,"[1480, 1168]",[71],Cn1cc2cc(NCC(C)(C)CC3CCN(C(=O)OC(C)(C)C)CC3)cc(F)c2n1,,random_balanced,BB-1480,BB-1168,1,1,0.22823046828176427
BB-1585 BB-1928,"[1585, 1928]",[5],Cc1c(NCc2ccc(-c3ccc(C(F)(F)F)cc3)cc2)ccc(CO)c1Cl,,random_balanced,BB-1585,BB-1928,2,1,0.6113566550512082
BB-1666 BB-1111,"[1666, 1111]",[146],COC(=O)c1c[nH]c(C2(Nc3cc(Br)cc(C(N)C(=O)OC)c3)CCOCC2)n1,,random_balanced,BB-1666,BB-1111,2,2,0.6990370799950211
BB-1348 BB-0537,"[1348, 537]",[126],CCc1cc(F)ccc1CC(=O)OCCn1nc(C)c(C(=O)O)c1C,,random_balanced,BB-1348,BB-0537,2,0,0.5300177929376988
BB-1119 BB-0533,"[1119, 533]",[78],Cc1nnc2cc(C(=O)N[C@H]3C[C@H]4CCCC[C@H]4C3)ccn12,,random_balanced,BB-1119,BB-0533,0,3,0.35012421903053026
BB-0410 BB-0337,"[410, 337]",[125],CCc1cccc(OC(C(=O)O)(c2ccc3c(c2)CCC(=O)N3)C(C)Br)n1,,random_balanced,BB-0410,BB-0337,1,1,0.638937845746838
BB-1844 BB-0336,"[1844, 336]",[71],COc1ccc(Nc2cc(-n3cnnn3)ccc2Cl)c(-c2cc(C(=O)O)on2)c1,,random_balanced,BB-1844,BB-0336,1,3,0.5665369802870337
BB-1062 BB-1299,"[1062, 1299]",[66],C=C(CSc1nc(C)c(CC(=O)O)s1)C1(O)CCN(c2ccc(C)cc2)C(=O)C1,,random_balanced,BB-1062,BB-1299,2,2,0.3259135986423273
BB-1581 BB-1793,"[1581, 1793]",[22],O=C1N[C@H]2C[C@@H](C(=O)N1C(=S)c1ccc(-c3ccccc3)cc1)N(C(=O)OCC1c3ccccc3-c3ccccc31)C2,,random_balanced,BB-1581,BB-1793,2,1,0.07569729378664554
BB-1857 BB-0588,"[1857, 588]",[51],Cc1ccc(C2(OC(=O)CC(C3CCCN3C(=O)OC(C)(C)C)C(F)(F)F)CCNC2)cn1,,random_balanced,BB-1857,BB-0588,2,1,0.36097646058563715
BB-1689 BB-0267,"[1689, 267]",[99],CCCc1cc(C(=O)O)cc(S(=O)(=O)c2ccc3c(c2)N(CC(=O)O)CCO3)n1,,random_balanced,BB-1689,BB-0267,4,2,0.5788680086409543
BB-1647 BB-1234,"[1647, 1234]",[108],CN(C)CCOc1ccc(CN(Cc2ccccc2)Cc2cncnc2)cc1,,random_balanced,BB-1647,BB-1234,1,2,0.5482775435510833
BB-0378 BB-1355,"[378, 1355]",[108],O=C(O)CCCC1CCC(NC(CBr)C2COc3ccccc3O2)C1,,random_balanced,BB-0378,BB-1355,3,4,0.6319481794481934
BB-1258 BB-0478,"[1258, 478]",[138],Nc1ccc(CC23CCC(C2)C(=O)N3)c(N)n1,,random_balanced,BB-1258,BB-0478,2,2,0.1588086838865205
BB-1281 BB-1286,"[1281, 1286]",[66],Cc1cc(C(=O)O)c(C(O)c2cc(C(=O)O)c3n2CCCC3)nc1C,,random_balanced,BB-1281,BB-1286,1,3,0.6431570030381304
BB-0430 BB-0812,"[430, 812]",[100],Cc1ccc(C)c(-c2cc(C)c(N)cc2S(=O)(=O)c2c(N)cccc2C(=O)OC(C)(C)C)c1,,random_balanced,BB-0430,BB-0812,1,1,0.468551899582902
BB-0573 BB-1072,"[573, 1072]",[33],O=C(O)c1cnc2c(c1)N(Cc1nn(C3CCCC3)cc1I)CCO2,,random_balanced,BB-0573,BB-1072,0,3,0.5406745874321386
BB-0005 BB-1977,"[5, 1977]",[127],COc1nc(COC(=O)c2cn(C3CN(C(=O)OC(C)(C)C)C3)nn2)sc1C,,random_balanced,BB-0005,BB-1977,0,1,0.0538497386449025
BB-0787 BB-1737,"[787, 1737]",[89],NCc1cccc(Br)c1Sc1ccc(-c2csc(SCc3ccc(C(=O)O)o3)n2)cc1,,random_balanced,BB-0787,BB-1737,5,1,0.1148457258864611
BB-1121 BB-1376,"[1121, 1376]",[124],COC(=O)c1ccc(C(C)(C)Nc2ncnc3c2ncn3CC#Cc2cc(Cl)cnc2F)cc1,,random_balanced,BB-1121,BB-1376,2,1,0.1812742082846165
BB-0858 BB-0620,"[858, 620]",[5],COC(=O)c1cc2ccc(Nc3nnc(C(C)(F)F)o3)cc2cn1,,random_balanced,BB-0858,BB-0620,2,1,0.46359759710909537
BB-0294 BB-0288,"[294, 288]",[30],Cn1nccc1C12CC(CN1C(=O)C(=O)Nc1nncc(-c3cccc(F)c3)n1)C2,,random_balanced,BB-0294,BB-0288,1,1,0.19093501776818791
BB-1501 BB-1099,"[1501, 1099]",[105],CN(C)C(=O)C1c2cnn(C)c2CCN1C(=O)C(=O)NC(c1ccccc1)c1ccoc1,,random_balanced,BB-1501,BB-1099,3,2,0.649855517004204
BB-1515 BB-0330,"[1515, 330]",[126],CC(CN(C)C)C(=O)OCC1(C#N)COC1,,random_balanced,BB-1515,BB-0330,2,2,0.2065057528138055
BB-1141 BB-1752,"[1141, 1752]",[65],CCc1cccc(Cl)c1C(=O)c1ccc(F)c(CN=[N+]=[N-])c1,,random_balanced,BB-1141,BB-1752,1,1,0.38426369901262764
BB-1974 BB-1574,"[1974, 1574]",[30],O=C(O)C[C@H]1C[C@@H](NC(=O)C(=O)Nc2ccc(Br)cc2C(F)(F)F)C1,,random_balanced,BB-1974,BB-1574,2,3,0.36566237506093674
BB-1901 BB-1226,"[1901, 1226]",[37],CC(C)(C)OC(=O)NC(C(=O)N1CCN(c2ccc(O)c(Cl)c2)CC1)C(F)(F)F,,random_balanced,BB-1901,BB-1226,1,4,0.19358849459772512
BB-0903 BB-1582,"[903, 1582]",[138],CNC1CCOc2ccc(-c3nc(OC)c(N)cc3F)cc21,,random_balanced,BB-0903,BB-1582,4,4,0.6405183710707297
BB-1706 BB-0276,"[1706, 276]",[66],N#CCC(=O)Nc1ccccc1C1(O)CC(C(=O)O)(c2cccc(Br)c2)C1,,random_balanced,BB-1706,BB-0276,0,2,0.5277406748114295
BB-1016 BB-1092,"[1016, 1092]",[37],CC(F)(F)c1[nH]ncc1C(=O)Nc1ccc(O)cc1,,random_balanced,BB-1016,BB-1092,1,3,0.3427040829554268
BB-1462 BB-0244,"[1462, 244]",[125],CN1CC(=O)N(C(C)(C(=O)O)/C(=C/c2ccc(Cl)c(Cl)c2)C(N)=O)c2cc(S(=O)(=O)N(C)C)ccc21,,random_balanced,BB-1462,BB-0244,1,1,0.5956850460711726
BB-1084 BB-0465,"[1084, 465]",[126],COC(=O)[C@@](C)(OC(=O)CNCc1c(F)cccc1Cl)c1ccccc1,,random_balanced,BB-1084,BB-0465,1,2,0.6857285847764519
BB-1385 BB-0879,"[1385, 879]",[112],CCC[C@@H]1CNC[C@H]1C(=O)N(Cc1ccccc1O)C(C)C1CC1,,random_balanced,BB-1385,BB-0879,1,2,0.5690073504644803
BB-1998 BB-1083,"[1998, 1083]",[48],Cc1ccccc1-n1cc(CN[C@@H](CO)Cc2ccc([N+](=O)[O-])cc2)nn1,,random_balanced,BB-1998,BB-1083,1,1,0.6725675419104802
BB-1865 BB-0543,"[1865, 543]",[112],CSc1cccc(C(NC(=O)C2CC(c3ccc(Br)cc3)C2)c2ccc(F)cc2F)c1,,random_balanced,BB-1865,BB-0543,2,2,0.5250835853706965
BB-0545 BB-0112,"[545, 112]",[103],Cn1nc(NC(=O)Nc2cnn(CCN3CCNC3=O)c2)cc1C1CC1,,random_balanced,BB-0545,BB-0112,2,2,0.07016378133003656
BB-0017 BB-1393,"[17, 1393]",[127],Cc1noc(COC(=O)c2c(C)nc3cc(Br)ccc3c2C)c1Br,,random_balanced,BB-0017,BB-1393,2,0,0.5246203877676192
BB-0042 BB-0741,"[42, 741]",[15],Cc1cc(C)c(S(N)(=O)=O)cc1Sc1cc(S(N)(=O)=O)cc(C(=O)O)c1F,,random_balanced,BB-0042,BB-0741,3,1,0.6142510757425922
BB-1336 BB-1665,"[1336, 1665]",[66],NC(COc1ccccc1)c1ccc(C2(O)CCCC2C2CCCN2)c(F)c1,,random_balanced,BB-1336,BB-1665,1,2,0.4401352292544593
BB-1352 BB-0174,"[1352, 174]",[4],Cc1noc(CC2(O)CCCN(C(=O)/C=C/c3cc(Cl)c4c(c3)OCCCO4)C2)n1,,random_balanced,BB-1352,BB-0174,1,1,0.47464832731157675
BB-0844 BB-1893,"[844, 1893]",[137],Cc1ccc(C(=O)CC(=O)C2(CO)CCCC2)c(O)c1C,,random_balanced,BB-0844,BB-1893,1,1,0.4470981285637055
BB-1156 BB-1576,"[1156, 1576]",[37],Cc1cc(C(=O)N2CCc3cc(C(=O)O)cnc3C2)c2nc[nH]c2n1,,random_balanced,BB-1156,BB-1576,1,2,0.6240550399453847
BB-1285 BB-0825,"[1285, 825]",[108],COC(=O)C1(F)CN(C(c2cncc(F)c2)C2CC2)CC12CCOCC2,,random_balanced,BB-1285,BB-0825,3,3,0.5641187194476632
BB-1073 BB-1810,"[1073, 1810]",[50],CCc1ccc2c(c1)C(C(=O)O)(N(c1ccc(Br)cc1)C1CCN(C)CC1)C(=O)N2C,,random_balanced,BB-1073,BB-1810,1,1,0.6208940922747385
BB-1835 BB-1502,"[1835, 1502]",[4],O=C(Cc1cc(F)c(F)cc1Cl)N(Cc1ccco1)S(=O)(=O)c1ccccc1,,random_balanced,BB-1835,BB-1502,1,2,0.3532576170563089
BB-1425 BB-1453,"[1425, 1453]",[5],CC(=O)Cn1c(N2CC[C@H](NC(N)=O)C2)nc2c1c(=O)[nH]c(=O)n2C,,random_balanced,BB-1425,BB-1453,2,2,0.700539086199389
BB-1725 BB-1671,"[1725, 1671]",[141],CN1CCN(Cc2cc(C(O)c3cccc(S(=N)(=O)Cc4cccnc4)c3)ccc2O)CC1,,random_balanced,BB-1725,BB-1671,2,1,0.18473838013819335
BB-0353 BB-1559,"[353, 1559]",[4],O=C(NC1C2CCOC2C12CCC2)c1ccc(CS(=O)(=O)c2c(Cl)cccc2Cl)o1,,random_balanced,BB-0353,BB-1559,2,2,0.23382785785721724
BB-0757 BB-1537,"[757, 1537]",[70],CCc1cc(C=Cc2coc(-c3cc(Cl)cc(Cl)c3)n2)cc(C)c1O,,random_balanced,BB-0757,BB-1537,1,4,0.38253530640020467
BB-0227 BB-0785,"[227, 785]",[78],CNS(=O)(=O)c1ccc(CC(=O)N2CCCC2c2cc(C)on2)cc1,,random_balanced,BB-0227,BB-0785,1,2,0.6353128318359772
BB-1205 BB-1304,"[1205, 1304]",[49],FC(F)n1ccnc1CC(c1ccccc1)n1cnc2c(Nc3nccn3-c3ccccc3)ncnc21,,random_balanced,BB-1205,BB-1304,2,1,0.3720520585042477
BB-1548 BB-1883,"[1548, 1883]",[119],CC(=O)N1CC2(CCN(C(c3ccc(C)cc3)C3NC(=O)NC3=O)CC2)[C@H]2COC[C@H]21,,random_balanced,BB-1548,BB-1883,1,1,0.7960058478256556
BB-0571 BB-0566,"[571, 566]",[125],Cn1c(C(C)(C(=O)O)N2C[C@H]3CCCN3CC2=O)nc2ccc(Cl)cc21,,random_balanced,BB-0571,BB-0566,0,2,0.729707481026193
BB-1031 BB-1250,"[1031, 1250]",[1],CN(C)c1nc(Cl)c(C=CS(=O)(=O)N2CCCC(NC(=O)OC(C)(C)C)C2)n1C,,random_balanced,BB-1031,BB-1250,1,2,0.19229232444487815
BB-1466 BB-1116,"[1466, 1116]",[79],Cc1nn(C)c(N2CCN(c3cccc(C4(O)CCC(=O)CC4)c3)CC2)c1C#N,,random_balanced,BB-1466,BB-1116,3,1,0.6378682548365173
BB-0314 BB-1444,"[314, 1444]",[51],CC(C)(C)OC(=O)N1CC2(CC2)c2cc(COC(=O)C#Cc3cn[nH]c3)ccc21,,random_balanced,BB-0314,BB-1444,0,1,0.20500608247438254
BB-0229 BB-0433,"[229, 433]",[63],CCOC(=O)c1[nH]c(C)c(C)c1-c1ccc(OC)cc1CCC(=O)O,,random_balanced,BB-0229,BB-0433,2,4,0.6906561619947742
BB-1042 BB-1111,"[1042, 1111]",[112],N#Cc1c(OCCCO)n[nH]c1NC(=O)C(N)c1cc(Cl)cc(Br)c1,,random_balanced,BB-1042,BB-1111,4,3,0.43791653965725
BB-1168 BB-0271,"[1168, 271]",[33],CC(C)(CNC1CC(C)(C)Oc2cnc(Br)cc21)CC1CCN(C(=O)OC(C)(C)C)CC1,,random_balanced,BB-1168,BB-0271,2,2,0.23882175364753488
BB-0943 BB-0628,"[943, 628]",[28],CC(C#CC(=O)O)NC(=O)N(Cc1cccc(C(N)=O)c1)C1CC1,,random_balanced,BB-0943,BB-0628,3,1,0.5010567831286927
BB-1793 BB-0420,"[1793, 420]",[125],CC(C)(C)OC(=O)N[C@H]1C[C@@H](C(=O)OC2(C(=O)O)CC(C(=O)O)Oc3ccccc32)N(C(=O)OCC2c3ccccc3-c3ccccc32)C1,,random_balanced,BB-1793,BB-0420,2,3,0.08204056413143183
BB-0649 BB-0430,"[649, 430]",[119],Cc1ccc(NC(=O)CCNc2cccc(C(=O)OC(C)(C)C)c2Cl)cc1,,random_balanced,BB-0649,BB-0430,1,2,0.07194325152266691
BB-1111 BB-0658,"[1111, 658]",[99],COC(=O)C(N)c1cc(Br)cc(S(=O)(=O)c2c(Br)cc(F)c3cnccc23)c1,,random_balanced,BB-1111,BB-0658,4,2,0.612182799183096
BB-0603 BB-0446,"[603, 446]",[103],CC(CNC(=O)N(Cc1ccccc1)C(C)CO)Cc1cn[nH]c1,,random_balanced,BB-0603,BB-0446,2,2,0.5158283331192567
BB-1401 BB-1790,"[1401, 1790]",[105],CC(CCCCN)NC(=O)C(=O)N1CCCC(O)(c2ccccc2)C1,,random_balanced,BB-1401,BB-1790,1,0,0.20808452822631388
BB-0831 BB-0520,"[831, 520]",[124],O=c1c(-n2cnc3c(NCC4(c5cccc(C(F)(F)F)c5)CCCC4)ncnc32)nccn1C1CC1,,random_balanced,BB-0831,BB-0520,2,1,0.16633757480080927
BB-1494 BB-1940,"[1494, 1940]",[30],C=CCOc1ccc(C[C@H](NC(=O)C(=O)NCC(CO)Cc2ccc(F)c(Br)c2)C(=O)OC(C)(C)C)cc1,,random_balanced,BB-1494,BB-1940,1,2,0.1732363128615027
BB-1287 BB-0793,"[1287, 793]",[116],O=C(O)c1n[nH]c2cc(Oc3ccc(-c4ccco4)nn3)ccc12,,random_balanced,BB-1287,BB-0793,2,1,0.2892293547020151
BB-0848 BB-0593,"[848, 593]",[126],CC(C)(C)OC(=O)NCCN(CC(=O)OC1(c2cccc(C(F)(F)F)c2)CCNCC1)C(=O)OCC1c2ccccc2-c2ccccc21,,random_balanced,BB-0848,BB-0593,1,1,0.09967048448376487
BB-1988 BB-1819,"[1988, 1819]",[28],CCOC(=O)c1nc(C2CC2)n(Cc2ccccc2)c1NC(=O)NCc1cc(C(=O)O)c2n1CCCC2,,random_balanced,BB-1988,BB-1819,4,3,0.40663030042637766
BB-0180 BB-1498,"[180, 1498]",[138],COc1cc2ccnc(Cl)c2cc1-c1c(C)nn(-c2ncccn2)c1N,,random_balanced,BB-0180,BB-1498,2,1,0.5978310903842778
BB-0839 BB-0275,"[839, 275]",[73],COC(=O)[C@@H](CC1CCCCC1)NC(=O)N(C)C1(CNC(=O)OC(C)(C)C)COC1,,random_balanced,BB-0839,BB-0275,0,3,0.22316275029306218
BB-0853 BB-0832,"[853, 832]",[33],COc1ccc2c(c1)C(NC(c1cnccc1N)C(C)C)C(OC)CC2,,random_balanced,BB-0853,BB-0832,0,1,0.6154315884716792
BB-1847 BB-1673,"[1847, 1673]",[81],COC(=O)CCCS(=O)(=O)NC(C)[C@@H]1C[C@H]1c1ccccc1,,random_balanced,BB-1847,BB-1673,1,1,0.34222759371388983
BB-0137 BB-1929,"[137, 1929]",[15],CC(C)n1ncc(N)c1Sc1ccc(Br)c(C(=O)OC(C)(C)C)c1,,random_balanced,BB-0137,BB-1929,2,4,0.688282376656515
BB-1144 BB-1303,"[1144, 1303]",[28],C/C=C(\Br)CNC(=O)N[C@@H]1C[C@@H]2C[C@H](NC(=O)OC(C)(C)C)C[C@@H]2C1,,random_balanced,BB-1144,BB-1303,2,2,0.23853506730833507
BB-1734 BB-1043,"[1734, 1043]",[71],Nc1ccc(=O)n(Cc2ccccc2N2CCN(CC(=O)c3cccs3)CC2)c1,,random_balanced,BB-1734,BB-1043,4,1,0.6763549406156762
BB-1406 BB-1544,"[1406, 1544]",[79],CC(C)(C)OC(=O)N1CCCN(CCCNC2=NOC3(CCCN(C(=O)OC(C)(C)C)C3)C2)CC1,,random_balanced,BB-1406,BB-1544,0,3,0.04577041692473342
BB-1425 BB-0741,"[1425, 741]",[5],Cc1cc(C)c(S(N)(=O)=O)cc1N1CC[C@H](NC(N)=O)C1,,random_balanced,BB-1425,BB-0741,3,2,0.6703075722032346
BB-0288 BB-1240,"[288, 1240]",[30],Cn1nccc1C12CC(CN1C(=O)C(=O)NCc1c(F)ccc3[nH]cnc13)C2,,random_balanced,BB-0288,BB-1240,2,1,0.43875519044554917
BB-1901 BB-0630,"[1901, 630]",[37],COC(=O)C[C@H](NC(=O)C(NC(=O)OC(C)(C)C)C(F)(F)F)c1ccnc(O)c1,,random_balanced,BB-1901,BB-0630,2,2,0.35532173960066893
BB-1506 BB-1556,"[1506, 1556]",[105],NC(=O)c1sc2nc(C(F)(F)F)cc(-c3ccco3)c2c1NC(=O)C(=O)N[C@H](CO)C1CCCCC1,,random_balanced,BB-1506,BB-1556,2,3,0.4467709435167555
BB-1294 BB-0881,"[1294, 881]",[100],Cc1cc(S(=O)(=O)CC(=O)N2CCN(C(C#N)c3ccc(F)cc3)CC2)cc(C#N)c1N,,random_balanced,BB-1294,BB-0881,2,1,0.614744679266916
BB-0592 BB-1266,"[592, 1266]",[41],CCCCc1cc(=O)oc2c(C)c(Oc3cc4c(cc3C)C(=O)CCO4)c(C(=O)C=CN(C)C)cc12,,random_balanced,BB-0592,BB-1266,2,3,0.4960105317953758
BB-0031 BB-1972,"[31, 1972]",[125],CCOc1ccc(C(C)(Oc2ccc(CC#N)cc2)C(=O)O)cc1S(N)(=O)=O,,random_balanced,BB-0031,BB-1972,1,3,0.7187005391706015
BB-0263 BB-0145,"[263, 145]",[116],COC(=O)c1ccc2c(c1)nc(OCc1c(N)ccc(Br)c1F)c1ncncc12,,random_balanced,BB-0263,BB-0145,1,2,0.4201047428265266
BB-1151 BB-0402,"[1151, 402]",[103],COc1cccc(C(CC(=O)O)NC(=O)Nc2cccc3c2CCCN3C(N)=O)c1,,random_balanced,BB-1151,BB-0402,2,1,0.20718449688634227
BB-1169 BB-1171,"[1169, 1171]",[15],COc1cc(SC2CCCCc3ccccc32)c(C(=O)O)cc1S(=O)(=O)Cl,,random_balanced,BB-1169,BB-1171,1,2,0.6861653041458585
BB-1441 BB-1075,"[1441, 1075]",[127],CC(OC(=O)CN1CCN(C)CC1)C1CCCCN1C(=O)OC(C)(C)C,,random_balanced,BB-1441,BB-1075,1,1,0.2907234117416419
BB-1891 BB-0029,"[1891, 29]",[127],COc1cccc(COC(=O)Cc2cccc(C(F)(F)F)n2)c1[N+](=O)[O-],,random_balanced,BB-1891,BB-0029,2,1,0.49078360925520276
BB-1323 BB-0384,"[1323, 384]",[34],CCS(=O)(=O)NC1CCCN(C(=O)Cc2c(C(=O)O)n(C)c3ccccc23)C1,,random_balanced,BB-1323,BB-0384,1,2,0.7675604393353801
BB-1922 BB-0079,"[1922, 79]",[15],S=C(Cl)Oc1ccc(Sc2ccc3c(c2)CCCCN3)cc1,,random_balanced,BB-1922,BB-0079,4,2,0.43253011675756625
BB-0029 BB-1556,"[29, 1556]",[51],N[C@H](COC(=O)Cc1cccc(C(F)(F)F)n1)C1CCCCC1,,random_balanced,BB-0029,BB-1556,2,4,0.44012966786020075
BB-0729 BB-0311,"[729, 311]",[37],Cc1cccc(-c2ccc(C(=O)Nc3ccnc4cc(C)nn34)[nH]2)c1,,random_balanced,BB-0729,BB-0311,2,1,0.3816473883041408
BB-1611 BB-0066,"[1611, 66]",[78],Cc1ccc(-n2cnnc2)c(C(=O)N2CCC(c3nnc4n3CCCC4)C2)c1,,random_balanced,BB-1611,BB-0066,0,2,0.5593138178482902
BB-0013 BB-1652,"[13, 1652]",[103],O=C(O)CC[C@H](NC(=O)NCCc1occc1C(=O)O)C(=O)O,,random_balanced,BB-0013,BB-1652,1,2,0.34164947628015063
BB-1418 BB-1373,"[1418, 1373]",[15],CNC(=O)c1ccc(SCC2CCN(C(=O)c3ccccc3)C2)s1,,random_balanced,BB-1418,BB-1373,2,1,0.528042053791846
BB-0676 BB-1576,"[676, 1576]",[78],Cc1ccc([N+](=O)[O-])c(CC(=O)N2CCc3cc(C(=O)O)cnc3C2)c1,,random_balanced,BB-0676,BB-1576,2,3,0.5758394835367711
BB-1801 BB-1446,"[1801, 1446]",[63],FC(F)Oc1ncccc1-c1nnco1,,random_balanced,BB-1801,BB-1446,1,2,0.04501897684881097
BB-1365 BB-0216,"[1365, 216]",[78],CC(C)(C)OC(=O)N1CCN(CC(F)(F)C(=O)Nc2ccc3c(Br)nccc3n2)CC1,,random_balanced,BB-1365,BB-0216,2,1,0.13643087315735203
BB-1357 BB-1121,"[1357, 1121]",[48],COc1ccc(-n2cc(CNCC#Cc3cc(Cl)cnc3F)nn2)c(F)c1,,random_balanced,BB-1357,BB-1121,1,3,0.09763225988402752
BB-0750 BB-1533,"[750, 1533]",[33],COc1cc(Cl)ccc1C(CO)NC(CCl)c1c(N)n(C)c(=O)n(C)c1=O,,random_balanced,BB-0750,BB-1533,3,2,0.6913371992812675
BB-0353 BB-0680,"[353, 680]",[105],C=CCOc1ccc(CN(C(=O)C(=O)NC2C3CCOC3C23CCC3)C(C)(C)C)cc1,,random_balanced,BB-0353,BB-0680,3,1,0.5789046627637188
BB-1416 BB-0919,"[1416, 919]",[105],CCOC(=O)c1nnc2n1CCN(C(=O)C(=O)Nc1cc3ccccc3nc1Cl)C2,,random_balanced,BB-1416,BB-0919,1,2,0.18568345856031518
BB-0328 BB-1549,"[328, 1549]",[124],COCC[C@@H]1C[C@H]1n1cnc2c(NCC(=O)c3ccc(C)c(Br)c3)ncnc21,,random_balanced,BB-0328,BB-1549,1,3,0.2576024018399227
BB-1935 BB-0253,"[1935, 253]",[78],COCCn1c(CNC(=O)C(C)N2CCN(c3ccc(OC)cc3)CC2)nc2cc3c(cc21)OCO3,,random_balanced,BB-1935,BB-0253,2,2,0.19854103104210732
BB-1915 BB-1190,"[1915, 1190]",[5],NS(=O)(=O)c1ccc(S(=O)(=O)N2CCN(c3cc(F)ccc3OCc3ccc(C(=O)O)s3)CC2)cc1,,random_balanced,BB-1915,BB-1190,1,1,0.48127614528734636
BB-0326 BB-1916,"[326, 1916]",[15],Cc1nn(CCCO)c(C)c1Sc1ncc(Br)cc1O,,random_balanced,BB-0326,BB-1916,2,2,0.39345562356307084
BB-0869 BB-0882,"[869, 882]",[81],CCCc1ccc(NS(=O)(=O)c2cnn(CC(C)C)c2C)c(C#N)c1,,random_balanced,BB-0869,BB-0882,1,2,0.3697786941378185
BB-1303 BB-0103,"[1303, 103]",[15],C/C=C(/CN)Sc1ccc(OC(C)CC)cc1,,random_balanced,BB-1303,BB-0103,3,2,0.4685574436056701
BB-1674 BB-0705,"[1674, 705]",[125],NN=C(c1ccccc1)C(OC(=O)C1CCc2ccc(Br)cc2O1)(C(=O)O)c1ccccc1,,random_balanced,BB-1674,BB-0705,2,0,0.5178688989139748
BB-0021 BB-0847,"[21, 847]",[15],COC(=O)c1cc2c(Sc3cnc4cc([N+](=O)[O-])ccc4c3)ccc(C)c2[nH]1,,random_balanced,BB-0021,BB-0847,2,3,0.5320613122374385
BB-1932 BB-0425,"[1932, 425]",[108],O=Cc1cn[nH]c1NC1CC2CCCC1C2,,random_balanced,BB-1932,BB-0425,1,2,0.10232967213205403
BB-1679 BB-0085,"[1679, 85]",[13],O=C(c1ccncc1)n1c(-c2cc(F)ccc2F)nc2ccccc21,,random_balanced,BB-1679,BB-0085,0,3,0.25681524944726347
BB-1940 BB-1748,"[1940, 1748]",[64],C=C(COc1ccc(C[C@H](N)C(=O)OC(C)(C)C)cc1)c1cc(N)nc(N)n1,,random_balanced,BB-1940,BB-1748,3,3,0.13325604085234632
BB-1627 BB-0290,"[1627, 290]",[37],NCc1ccnc(N(C(=O)c2nc3n(c2Br)CCCC3)C2CC2)c1,,random_balanced,BB-1627,BB-0290,2,2,0.6937817301002811
BB-0998 BB-1411,"[998, 1411]",[125],COCOc1ccc(C(C)(C(=O)O)N2C(=O)NC(C)(c3ccccc3C)C2=O)c(O)c1C,,random_balanced,BB-0998,BB-1411,2,4,0.6762855046376257
BB-1130 BB-1322,"[1130, 1322]",[78],Cc1cc(C)n2nc(C(=O)N3CCN(S(=O)(=O)c4ccccc4C(F)(F)F)CC3)nc2n1,,random_balanced,BB-1130,BB-1322,0,1,0.48864959696662397
BB-0081 BB-1329,"[81, 1329]",[5],Cc1cc(NC2(F)CC2C(=O)O)n(-c2ccc(Cl)cc2)n1,,random_balanced,BB-0081,BB-1329,2,3,0.5142249351939306
BB-0561 BB-1570,"[561, 1570]",[125],CCCCCCCCN(C(=O)CC(=O)O)C1(C(=O)O)CC(c2cccc(Br)c2)C1,,random_balanced,BB-0561,BB-1570,0,0,0.6517550500870314
BB-1379 BB-1742,"[1379, 1742]",[116],[N-]=[N+]=Nc1cccnc1O[C@H]1C[C@@H](C(=O)O)C[C@@H](C(=O)O)C1,,random_balanced,BB-1379,BB-1742,1,2,0.35144986798203026
BB-0343 BB-0307,"[343, 307]",[71],CC(C)(C)OC(=O)NC1(C2CCN(c3ccc(F)c(CC(=O)O)c3F)CC2)CCC1,,random_balanced,BB-0343,BB-0307,1,0,0.6760380090751088
BB-0691 BB-0275,"[691, 275]",[71],CN(c1cc(F)c(O)c([N+](=O)[O-])c1F)C1(CNC(=O)OC(C)(C)C)COC1,,random_balanced,BB-0691,BB-0275,1,4,0.29304595392285376
BB-1883 BB-1888,"[1883, 1888]",[30],CC(=O)N1CC2(CCN(C(=O)C(=O)NC3CCOC3C)CC2)[C@H]2COC[C@H]21,,random_balanced,BB-1883,BB-1888,2,1,0.5375384908969086
BB-1551 BB-0953,"[1551, 953]",[71],C#CC(O)CNc1ccc(-n2c(S)nnc2-c2ccccn2)cc1,,random_balanced,BB-1551,BB-0953,1,3,0.6959704917983819
BB-1511 BB-0128,"[1511, 128]",[37],Cc1cc(CNC(=O)C(N)C2CCOC2)ccc1N,,random_balanced,BB-1511,BB-0128,1,3,0.5217235230844562
BB-1000 BB-0354,"[1000, 354]",[125],CC(=O)N1CCC(C(C(=O)O)(c2ccc(F)cc2F)n2cc(C(N)=O)c(-c3ccccc3)n2)CC1,,random_balanced,BB-1000,BB-0354,2,2,0.6946076233391282
BB-0242 BB-0110,"[242, 110]",[125],O=C(CNC(=O)N1CCCC1)OC(C(=O)O)(c1cccc(Br)c1)C(F)F,,random_balanced,BB-0242,BB-0110,2,3,0.3529923917405005
BB-1570 BB-1698,"[1570, 1698]",[89],N#Cc1cccc(C(N)c2ccc(Sc3cccc(C4CC(=O)C4)c3)cc2)c1,,random_balanced,BB-1570,BB-1698,1,4,0.17129531297033695
BB-1836 BB-1451,"[1836, 1451]",[66],CSc1ncnn2c(C(C)(O)Cc3ccccc3S(=O)(=O)NC(=O)OC(C)(C)C)cnc12,,random_balanced,BB-1836,BB-1451,3,1,0.4162696650975293
BB-0505 BB-1557,"[505, 1557]",[30],CCOC(=O)c1cnc2ncnn2c1NC(=O)C(=O)N[C@H]1CCCN(Cc2ccccc2)C1,,random_balanced,BB-0505,BB-1557,3,2,0.1801475967467314
BB-0416 BB-1790,"[416, 1790]",[78],CC(CCCCN)NC(=O)C(=Cc1ccco1)NC(=O)c1ccccc1,,random_balanced,BB-0416,BB-1790,1,1,0.6700350801631061
BB-1280 BB-1859,"[1280, 1859]",[78],Cn1cc(NC(=O)c2cccc(-c3ccc(CN)cc3)c2)c(C#N)n1,,random_balanced,BB-1280,BB-1859,3,2,0.3658877919532564
BB-0004 BB-0295,"[4, 295]",[146],COC(=O)c1ccc(C)c(NCCNc2ccc(C(F)(F)F)cc2C#N)c1N,,random_balanced,BB-0004,BB-0295,4,3,0.6407413752086037
BB-0447 BB-0222,"[447, 222]",[146],N#Cc1cnn2c1CN(c1cccc(C#CC(=O)O)c1)CC2,,random_balanced,BB-0447,BB-0222,3,2,0.47915523037282964
BB-1531 BB-1807,"[1531, 1807]",[71],O=C1CCc2ccc(Cl)c(N3CCC[C@@H]3Cn3cncn3)c2N1,,random_balanced,BB-1531,BB-1807,2,3,0.25754448736682406
BB-1546 BB-1681,"[1546, 1681]",[79],CCOC(=O)c1ccc(CNc2cnn3c2N(C(=O)OC(C)(C)C)CC3)o1,,random_balanced,BB-1546,BB-1681,1,1,0.6336809505933038
BB-1296 BB-1877,"[1296, 1877]",[30],CN(C(=O)C(=O)N1CCCn2cc(-c3ccccc3)nc21)C1CCN(c2ccc(C(F)(F)F)nc2)CC1,,random_balanced,BB-1296,BB-1877,1,1,0.09051964022665877
BB-1610 BB-0831,"[1610, 831]",[37],CCc1cc(C(=O)Nc2nccn(C3CC3)c2=O)c2c(C)nn(-c3ccccc3)c2n1,,random_balanced,BB-1610,BB-0831,1,3,0.5593803458649166
BB-1397 BB-0260,"[1397, 260]",[79],Cc1nc2n(c1C)CCN(c1c(C(=O)O)n(C)c3cc(Cl)ccc13)C2,,random_balanced,BB-1397,BB-0260,3,1,0.7890927984681922
BB-0677 BB-1979,"[677, 1979]",[94],C=CCCCOC(=O)C(CC)N(Cc1ccco1)C(=O)N(CCN)c1ncc(C(F)(F)F)cc1Cl,,random_balanced,BB-0677,BB-1979,3,3,0.4552027498203068
BB-0863 BB-0041,"[863, 41]",[100],Cc1ccc(S(=O)(=O)CC(=O)NNC(=O)c2ccc(C#N)cc2)cc1N1CCNCC1,,random_balanced,BB-0863,BB-0041,3,3,0.09462919951517952
BB-0763 BB-1932,"[763, 1932]",[125],CC(C)(CN)c1ccn(C2(C(=O)O)CC3CCCC2C3)c(=O)c1,,random_balanced,BB-0763,BB-1932,1,2,0.5263695856006145
BB-0035 BB-1135,"[35, 1135]",[146],Cc1c(NN)ccc(NCC23CCC(F)(CO2)C3)c1C,,random_balanced,BB-0035,BB-1135,2,3,0.618219880934175
BB-0135 BB-0597,"[135, 597]",[89],CCCC1CC(Sc2ccc3c(c2)C2(CC3)COCOC2)C1,,random_balanced,BB-0135,BB-0597,3,3,0.16506552298836893
BB-1028 BB-1648,"[1028, 1648]",[112],COc1ccc(-n2ncc(C(N)=O)c2NC(=O)C2(C#N)CC(OCc3ccccc3)C2)cc1,,random_balanced,BB-1028,BB-1648,4,2,0.500745238530419
BB-1478 BB-0299,"[1478, 299]",[2],CC(O)C(C)(CNC(=S)NCCCCCNC(=O)OC(C)(C)C)Cc1ccc(F)cc1,,random_balanced,BB-1478,BB-0299,1,2,0.11492183152516748
BB-0497 BB-0516,"[497, 516]",[48],CCOc1ccc2c(c1)C(NCc1cn(Cc3cnc(C)s3)nn1)CCO2,,random_balanced,BB-0497,BB-0516,1,3,0.4021014496412261
BB-0023 BB-0844,"[23, 844]",[33],Cc1ccc(C(C)N2CCCC(n3cc(CNC(=O)OC(C)(C)C)nn3)C2)c(O)c1C,,random_balanced,BB-0023,BB-0844,1,2,0.34324276422707467
BB-0305 BB-1263,"[305, 1263]",[41],CCCCCCCCn1c(SCC23CC(C2)OC3C(F)(F)F)nc2sc3c(c2c1=O)CCCC3,,random_balanced,BB-0305,BB-1263,0,1,0.0870877343967792
BB-0027 BB-0482,"[27, 482]",[103],COC(=O)c1ccc(CCNC(=O)N(CCCn2cccn2)c2cc(Cl)ccc2C(=O)O)c(Cl)c1,,random_balanced,BB-0027,BB-0482,2,1,0.3925524365504092
BB-1859 BB-0873,"[1859, 873]",[124],COCc1noc(C2(Nc3ncnc4c3ncn4-c3cn(C)nc3C#N)CCOCC2)n1,,random_balanced,BB-1859,BB-0873,3,0,0.726666176500298
BB-0894 BB-0593,"[894, 593]",[4],CC(C)(C)OC(=O)NCCN(CC(=O)N1CCN(C(=O)c2c(F)cccc2Cl)CC1)C(=O)OCC1c2ccccc2-c2ccccc21,,random_balanced,BB-0894,BB-0593,0,2,0.07237254608842632
BB-1875 BB-0653,"[1875, 653]",[15],COC(=O)C1CCc2sc(Sc3cnc4ccc(C(F)(F)F)cc4n3)nc2C1,,random_balanced,BB-1875,BB-0653,1,1,0.29294979643286617
BB-1406 BB-0846,"[1406, 846]",[79],CC(C)Cn1c(NC2=NOC3(CCCN(C(=O)OC(C)(C)C)C3)C2)c(C(=O)CCl)c(=O)[nH]c1=O,,random_balanced,BB-1406,BB-0846,1,3,0.4173889906943841
BB-1066 BB-0204,"[1066, 204]",[78],CCc1noc(CC2CCOC3(CCN(C(=O)C[C@H](NC(=O)OCC4c5ccccc5-c5ccccc54)c4ccc(OC)cc4)CC3)C2)n1,,random_balanced,BB-1066,BB-0204,1,1,0.11380194570643093
BB-0207 BB-0186,"[207, 186]",[4],Cc1coc(/C=C/C(=O)NC(C)C(=O)N2CCc3ccccc32)n1,,random_balanced,BB-0207,BB-0186,0,1,0.6046679478044973
BB-1705 BB-0396,"[1705, 396]",[5],CC(C)(C)OC(=O)N1CCCC(CCCC2CN(c3cccc4c(O)cc(C(=O)O)nc34)C2)C1,,random_balanced,BB-1705,BB-0396,1,1,0.2624280081983853
BB-1800 BB-1074,"[1800, 1074]",[89],Cc1nc(Sc2cncnc2C=O)ccc1B(O)O,,random_balanced,BB-1800,BB-1074,1,2,0.25699498621235806
BB-0616 BB-0865,"[616, 865]",[105],O=C(C(=O)N(Cc1ccc(-n2cncn2)cc1)C1CC1)N1CC(Cc2cccs2)C1,,random_balanced,BB-0616,BB-0865,0,0,0.5396037809044518
BB-0281 BB-0403,"[281, 403]",[125],CCO[C@@H]1CC(OC(=O)[C@H]2C[C@@H](NC(=O)OCc3ccccc3)C2)(C(=O)O)[C@H]1N1C(=O)CCC1=O,,random_balanced,BB-0281,BB-0403,1,1,0.33381066620039934
BB-1428 BB-1793,"[1428, 1793]",[4],CC(C)N1CCN(C(=O)[C@@H]2C[C@H](NC(=O)OC(C)(C)C)CN2C(=O)OCC2c3ccccc3-c3ccccc32)S1(=O)=O,,random_balanced,BB-1428,BB-1793,3,3,0.15530053604403374
BB-0743 BB-1265,"[743, 1265]",[51],CN=S(C)(=O)c1ccc(C(=O)OC(CN)c2csc(C)n2)cc1,,random_balanced,BB-0743,BB-1265,2,1,0.5645519812128982
BB-1016 BB-0465,"[1016, 465]",[37],CC(F)(F)c1[nH]ncc1C(=O)N(CC(=O)O)Cc1c(F)cccc1Cl,,random_balanced,BB-1016,BB-0465,2,3,0.43707103972456834
BB-0570 BB-0519,"[570, 519]",[49],CC(C)(C)OC(=O)c1cc(F)cc(-n2cnc3c(NC(Cc4cccc(F)c4)C(N)=O)ncnc32)c1,,random_balanced,BB-0570,BB-0519,2,2,0.07976266407194922
BB-0899 BB-1970,"[899, 1970]",[125],Cc1ccc(C(=O)CCC(CCC(=O)O)(C(=O)O)N2C(=O)CN(C)CC2=O)s1,,random_balanced,BB-0899,BB-1970,0,1,0.5603984455979782
BB-0827 BB-1663,"[827, 1663]",[127],CC(C)C(COC(=O)c1cc2c(oc1=O)CCCC2=O)C(=O)O,,random_balanced,BB-0827,BB-1663,1,2,0.4247606683927334
BB-0002 BB-0517,"[2, 517]",[119],CC1OC(=O)CC1N1CCCC(O)(c2cn(C(C)C)nn2)C1,,random_balanced,BB-0002,BB-0517,1,1,0.5472839752727762
BB-0731 BB-0482,"[731, 482]",[30],COC(=O)c1ccc(CCNC(=O)C(=O)N2CCO[C@H](C(F)F)C2)c(Cl)c1,,random_balanced,BB-0731,BB-0482,3,2,0.23119820815843822
BB-0742 BB-0862,"[742, 862]",[15],COC(=O)c1ccc(Cn2cc(Sc3cc(Br)ccc3OCc3ccc(C(=O)O)o3)c([N+](=O)[O-])n2)o1,,random_balanced,BB-0742,BB-0862,1,3,0.35393345428808914
BB-0939 BB-1567,"[939, 1567]",[119],COC(=O)c1cc(NCCC(=O)Nc2ccccc2F)n(C(C)C)n1,,random_balanced,BB-0939,BB-1567,1,2,0.7187534400121669
BB-0711 BB-1032,"[711, 1032]",[104],COCCn1cnnc1S(=O)(=O)c1cc(C=O)c(OC)c(C=O)c1,,random_balanced,BB-0711,BB-1032,1,2,0.10296828351944183
BB-0220 BB-0849,"[220, 849]",[66],OCc1cc(C(O)c2cnn(C3CC3)c2)cc2c1OCC2,,random_balanced,BB-0220,BB-0849,0,2,0.4324950832098411
BB-1673 BB-0471,"[1673, 471]",[30],CC(C)COc1ccc(C(C)(C)CNC(=O)C(=O)NC(C)[C@@H]2C[C@H]2c2ccccc2)cc1,,random_balanced,BB-1673,BB-0471,2,2,0.18362789181742797
BB-1855 BB-0936,"[1855, 936]",[30],COC(=O)C(CNC(=O)C(=O)NC1CCCN(CCCO)C1)c1ccc(C)cc1,,random_balanced,BB-1855,BB-0936,1,2,0.2511858820472814
BB-1086 BB-1176,"[1086, 1176]",[78],CC(=O)N1CC(CCC(=O)N(Cc2ccccc2)C2=CC(=O)CC(C)(C)C2)c2ccccc21,,random_balanced,BB-1086,BB-1176,1,4,0.5384473390062439
BB-0965 BB-0703,"[965, 703]",[118],CC(C)Oc1ncc(NC(C(=O)OCc2ccccc2)C(C)(C)O)cc1Cl,,random_balanced,BB-0965,BB-0703,2,1,0.6581056497666702
BB-1658 BB-1661,"[1658, 1661]",[119],COc1cccc(C(CC(C)=O)Nc2cc(N3C[C@H](OC)C[C@@H]3CN)ncn2)c1,,random_balanced,BB-1658,BB-1661,1,1,0.3860827022323199
BB-0881 BB-1782,"[881, 1782]",[71],Cc1cc(NC(C2CC2)C2(CO)CCCO2)cc(C#N)c1N,,random_balanced,BB-0881,BB-1782,2,3,0.5904413620761884
BB-1481 BB-1403,"[1481, 1403]",[108],CCCCCC(NC(C)c1oc2ccccc2c1C)C(=O)OC,,random_balanced,BB-1481,BB-1403,2,2,0.5904448284343747
BB-1932 BB-0511,"[1932, 511]",[66],CC(C)n1c(=O)n(C)c2cnc3cc(F)c(C4(O)CC5CCCC4C5)cc3c21,,random_balanced,BB-1932,BB-0511,3,0,0.6274898758445492
BB-1169 BB-0394,"[1169, 394]",[89],COC(=O)c1nnsc1CSC1CCCCc2ccccc21,,random_balanced,BB-1169,BB-0394,2,2,0.45093397987289213
BB-0635 BB-1213,"[635, 1213]",[125],Cc1cc(C)c2c(c1)NC(=O)C2(C(=O)O)n1c(=O)n(-c2ccccn2)c2ccccc21,,random_balanced,BB-0635,BB-1213,0,2,0.7200291728269287
BB-0325 BB-1618,"[325, 1618]",[79],O=C1CN(C2CCCC2)c2cc(Nc3csc4c(=O)[nH]cnc34)c(F)cc2N1,,random_balanced,BB-0325,BB-1618,2,2,0.6030839973454186
BB-0195 BB-1043,"[195, 1043]",[71],CNCCCCc1cccc(N2CCN(CC(=O)c3cccs3)CC2)c1,,random_balanced,BB-0195,BB-1043,3,2,0.6599619420922386
BB-0182 BB-0348,"[182, 348]",[127],COC(=O)C1=CO[C@@H](OC(=O)C(N)c2ccc(O)c(C(C)=O)c2)[C@@H]2C(CO)=CC[C@H]12,,random_balanced,BB-0182,BB-0348,2,3,0.6820223891715788
BB-1199 BB-1874,"[1199, 1874]",[15],COc1ccc(-c2nc(CSc3cc[n+]([O-])cc3C)cs2)cc1OC,,random_balanced,BB-1199,BB-1874,2,2,0.4526650942726806
BB-1438 BB-1751,"[1438, 1751]",[111],Cc1ccccc1C(C)c1noc(/C=C/c2ccc(C(N)=O)o2)n1,,random_balanced,BB-1438,BB-1751,1,3,0.3429641636964396
BB-0863 BB-0949,"[863, 949]",[98],N#Cc1ccc(C(=O)NNC(=O)COC(=O)c2cccc3c2CCC3=O)cc1,,random_balanced,BB-0863,BB-0949,4,1,0.039675778116698576
BB-0718 BB-1772,"[718, 1772]",[25],CC(C)(C)C1CCC(S(=O)(=O)Cc2cc(Cl)ncn2)CC1,,random_balanced,BB-0718,BB-1772,2,3,0.32101486058918216
BB-1333 BB-0376,"[1333, 376]",[125],NC(=O)c1ccc(N(C2CC2)C2(C(=O)O)CCCc3cc(N)ccc32)c(N)c1,,random_balanced,BB-1333,BB-0376,1,3,0.4475545301629971
BB-0308 BB-0328,"[308, 328]",[49],COCC[C@@H]1C[C@H]1n1cnc2c(NCc3ccc4oc(C(C)C)nc4c3)ncnc21,,random_balanced,BB-0308,BB-0328,3,2,0.2209204535116696
BB-1822 BB-0252,"[1822, 252]",[117],CCOC(=O)c1cc(C(=O)NCc2oc3ccc(Cl)cc3c2C)n(C)n1,,random_balanced,BB-1822,BB-0252,4,2,0.6191734357982672
BB-0009 BB-1876,"[9, 1876]",[141],OC1(CCC(Cl)(Cl)Cl)CCN(Cc2ccccc2)CC1,,random_balanced,BB-0009,BB-1876,2,1,0.2909772995836915
BB-1619 BB-1888,"[1619, 1888]",[71],Cc1noc2nc(C3CC3)c(NC3CCOC3C)c(C(=O)O)c12,,random_balanced,BB-1619,BB-1888,1,2,0.48523584146468085
BB-0145 BB-1684,"[145, 1684]",[79],COCc1nccc(C2CCCN(c3ccc(N)c(CO)c3F)C2)n1,,random_balanced,BB-0145,BB-1684,3,1,0.8093221407091141
BB-1809 BB-0646,"[1809, 646]",[38],Cc1cc(-c2ccccc2P(C)(C)=O)cc(Br)c1C(N)=O,,random_balanced,BB-1809,BB-0646,2,1,0.3042423838935161
BB-0821 BB-0540,"[821, 540]",[108],CNC(=O)c1ccc2n1CCN(C1CCc3c1ccc(OC)c3OC)C2C,,random_balanced,BB-0821,BB-0540,0,3,0.7300525372099965
BB-0517 BB-0926,"[517, 926]",[103],CC(C)n1cc(C2(O)CCCN(C(=O)Nc3nccc4c3CN(C(=O)OC(C)(C)C)CC4)C2)nn1,,random_balanced,BB-0517,BB-0926,2,2,0.05413987407214562
BB-0460 BB-1084,"[460, 1084]",[51],CCc1nn(C)c2ncc(C(=O)O[C@](C)(C(=O)OC)c3ccccc3)cc12,,random_balanced,BB-0460,BB-1084,2,2,0.6992786050390791
BB-0840 BB-0682,"[840, 682]",[140],CSc1nn(C)c(N)c1C(=O)c1cccc(C2(C(=O)O)CCNCC2)c1,,random_balanced,BB-0840,BB-0682,1,2,0.710460064962944
BB-0186 BB-0527,"[186, 527]",[51],Cc1coc(/C=C/C(=O)O[C@H]2[C@@H](O)[C@H](n3cc(I)c(=O)[nH]c3=O)O[C@@H]2CO)n1,,random_balanced,BB-0186,BB-0527,2,1,0.5729748037496765
BB-0932 BB-1420,"[932, 1420]",[0],C[C@H]1CN(C)C[C@@H](C(=O)NN=Cc2cccc(OCC3CCCCC3)c2)O1,,random_balanced,BB-0932,BB-1420,1,2,0.40084663967874257
BB-0699 BB-0917,"[699, 917]",[126],N[C@]1(C(F)(F)F)CC[C@H](C(=O)OC2CCN(c3cc(C=O)ccc3[N+](=O)[O-])CC2)CC1,,random_balanced,BB-0699,BB-0917,1,0,0.46118082600553867
BB-0429 BB-0773,"[429, 773]",[1],COC(=O)c1cccc2c(C=CC(=O)Cc3ccncc3)n[nH]c12,,random_balanced,BB-0429,BB-0773,3,1,0.5645905935739566
BB-0104 BB-0967,"[104, 967]",[51],CC(OC(=O)C(CCCC1OCCO1)NC(=O)OC(C)(C)C)C1CCNC(=O)C1,,random_balanced,BB-0104,BB-0967,2,0,0.43797404530505296
BB-0357 BB-0121,"[357, 121]",[79],COC(=O)c1ccc2cc(NC(CO)c3cc(C)cc(C)c3)cc(C)c2n1,,random_balanced,BB-0357,BB-0121,1,2,0.5955999826172755
BB-1648 BB-0689,"[1648, 689]",[65],CCOC(=O)C1(C(=O)c2ccc(C(F)(F)F)cc2-n2c(C)cc(C=O)c2C)CC(OCc2ccccc2)C1,,random_balanced,BB-1648,BB-0689,3,1,0.6107622756515291
BB-0467 BB-1110,"[467, 1110]",[105],COC(=O)c1ccc(Cl)c2c1CCN(C(=O)C(=O)NCC(C)c1nc3ccccc3n1C(F)F)C2C,,random_balanced,BB-0467,BB-1110,2,2,0.16990440684063768
BB-1234 BB-1752,"[1234, 1752]",[146],CCc1cccc(N(Cc2ccccc2)Cc2cncnc2)c1Br,,random_balanced,BB-1234,BB-1752,3,2,0.4855131434055101
BB-1982 BB-1706,"[1982, 1706]",[125],CCCCCCCCCCN(CCCC(=O)OC)C1(C(=O)O)CC(C(=O)O)(c2cccc(Br)c2)C1,,random_balanced,BB-1982,BB-1706,0,1,0.2005946194862078
BB-1827 BB-1192,"[1827, 1192]",[5],CS(=O)(=O)c1ccc(-n2nnnc2CNCc2ccc3c(c2)C(=O)OC3)cc1,,random_balanced,BB-1827,BB-1192,1,4,0.276604407960906
BB-1292 BB-1237,"[1292, 1237]",[78],O=C(NCC(Cc1cccc2ccccc12)C(=O)NS(=O)(=O)c1cccc([N+](=O)[O-])c1O)OCC1c2ccccc2-c2ccccc21,,random_balanced,BB-1292,BB-1237,1,1,0.06763136872524493
BB-0221 BB-1574,"[221, 1574]",[103],CC(C)Cn1cnnc1C1CCCN1C(=O)Nc1ccc(Br)cc1C(F)(F)F,,random_balanced,BB-0221,BB-1574,2,4,0.578145901863859
BB-0968 BB-0655,"[968, 655]",[23],COc1ccc(F)cc1CCOC(=O)C1CCc2cccc(Br)c21,,random_balanced,BB-0968,BB-0655,2,2,0.6360493868431164
BB-1687 BB-1678,"[1687, 1678]",[36],CC1CC(C)CN(Cc2noc(C(N)Cc3cc(C(F)(F)F)cnc3Cl)n2)C1,,random_balanced,BB-1687,BB-1678,2,1,0.16982424264570264
BB-0621 BB-0404,"[621, 404]",[5],COc1ccc(Nc2ccnc(F)c2Br)cc1C1CCCCN1,,random_balanced,BB-0621,BB-0404,0,3,0.6735281447350447
BB-0985 BB-0716,"[985, 716]",[107],CCN1CCc2c(sc3nc(S(=O)c4ccc5c(c4F)C4(CCC(C)NC4)OC(=O)N5)n(Cc4ccccc4)c(=O)c23)C1,,random_balanced,BB-0985,BB-0716,2,0,0.17200893620352845
BB-1432 BB-1262,"[1432, 1262]",[41],Cc1c(Oc2ccc3c4c(c(=O)oc3c2C)CCC(C)C4)ccnc1NN,,random_balanced,BB-1432,BB-1262,1,2,0.6958345656960399
BB-1976 BB-1810,"[1976, 1810]",[68],Cc1cc(OCC#Cc2ccc(NC3CCN(C)CC3)cc2)no1,,random_balanced,BB-1976,BB-1810,1,2,0.24757960192945372
BB-0940 BB-1397,"[940, 1397]",[15],Cn1c(C(=O)O)c(Sc2cc3c(cc2F)OCCNC3=O)c2ccc(Cl)cc21,,random_balanced,BB-0940,BB-1397,0,4,0.7541644341302386
BB-1870 BB-0344,"[1870, 344]",[78],CCCCN1C(=O)c2ccc(C(=O)N[C@@H](CC(=O)OC)c3cc([N+](=O)[O-])ccc3F)cc2C1=O,,random_balanced,BB-1870,BB-0344,1,4,0.2840246419519903
BB-0586 BB-1370,"[586, 1370]",[50],CCC(C)(C)OCC(=O)OC1(C(=O)O)C=CC(C)(c2ccccc2)CC1,,random_balanced,BB-0586,BB-1370,2,1,0.5760770983783368
BB-0761 BB-0071,"[761, 71]",[51],CC(C)(C)OC(=O)N1C[C@@H]2C[C@H](C1)[C@@H](C(F)(F)F)[C@@H]2C(=O)OC(C)(C)c1cc(Cl)cc(Br)c1,,random_balanced,BB-0761,BB-0071,2,1,0.45948114314149524
BB-1170 BB-1347,"[1170, 1347]",[127],CCc1nc(C(C)C)ccc1C(=O)OCc1cnc(SC)n1C,,random_balanced,BB-1170,BB-1347,1,2,0.6734623522444314
BB-0788 BB-1017,"[788, 1017]",[71],Fc1ccc(N2CCOCC2)c(CNc2cc(Cl)ccc2CBr)c1,,random_balanced,BB-0788,BB-1017,2,2,0.5332176823917031
BB-1283 BB-1054,"[1283, 1054]",[41],COc1c(C)nc(Oc2nc(C3CC3)ncc2C)nc1O,,random_balanced,BB-1283,BB-1054,1,2,0.29764814321596544
BB-1085 BB-1470,"[1085, 1470]",[104],O=C(O)/C=C/c1ccc(S(=O)(=O)c2nnc(-c3ccsc3)o2)c(C(F)(F)F)c1,,random_balanced,BB-1085,BB-1470,2,3,0.38824058735036726
BB-1143 BB-0553,"[1143, 553]",[111],CCC1CCC(c2noc(C3CC3c3cccc(C)n3)n2)CC1,,random_balanced,BB-1143,BB-0553,2,2,0.1472629324121785
BB-1149 BB-0095,"[1149, 95]",[49],CNc1cc(Br)ccc1-n1cnc2c(NC(c3nc(C)no3)C3CCOCC3)ncnc21,,random_balanced,BB-1149,BB-0095,1,2,0.6326698106677888
BB-1744 BB-0647,"[1744, 647]",[79],O=C(O)Cc1ccc(NCc2cc(Br)cc3cccnc23)cc1[N+](=O)[O-],,random_balanced,BB-1744,BB-0647,1,3,0.40465729948064044
BB-1322 BB-1690,"[1322, 1690]",[30],CC1(C)CN(C(=O)C(=O)N2CCN(S(=O)(=O)c3ccccc3C(F)(F)F)CC2)c2ccc([N+](=O)[O-])cc21,,random_balanced,BB-1322,BB-1690,2,3,0.3070702635171662
BB-0035 BB-0814,"[35, 814]",[49],COc1ccc(O)c(C(C)n2cnc3c(NCC45CCC(F)(CO4)C5)ncnc32)c1,,random_balanced,BB-0035,BB-0814,3,2,0.5699602777584047
BB-1687 BB-1817,"[1687, 1817]",[65],Cc1cc(CBr)c(C(=O)CN2CC(C)CC(C)C2)cc1C,,random_balanced,BB-1687,BB-1817,3,3,0.40263822540903454
BB-1991 BB-1310,"[1991, 1310]",[125],Cc1cc(C(CCl)(OC(=O)c2c(-c3ccccc3)nn3c2CCCC3)C(=O)O)c(C)[nH]1,,random_balanced,BB-1991,BB-1310,1,2,0.7552535832351116
BB-1174 BB-1482,"[1174, 1482]",[145],CC(=CCC(=O)Nc1cccc(C(F)(F)F)c1)c1c(O)ccc2ccccc12,,random_balanced,BB-1174,BB-1482,3,3,0.6330632418827108
BB-0285 BB-0670,"[285, 670]",[127],CC1=C(C(=O)O[C@@H](C)c2ncccn2)C(C)n2ncnc2N1C,,random_balanced,BB-0285,BB-0670,2,3,0.4777715547841987
BB-0538 BB-1404,"[538, 1404]",[28],O=C(O)[C@H](Cc1ccc([N+](=O)[O-])cc1)NC(=O)N1CCc2c(ncn2C2CCC2)C1,,random_balanced,BB-0538,BB-1404,2,3,0.3952342167652948
BB-0327 BB-0560,"[327, 560]",[125],C#CCN(C(=O)c1ccc(C)cc1C)C1(C(=O)O)C=C(c2cccc(CO)n2)CCC1,,random_balanced,BB-0327,BB-0560,0,1,0.648947943320991
BB-1176 BB-0883,"[1176, 883]",[33],CC1(C)CC(=O)C=C(N(Cc2ccccc2)C(CCCl)c2ccccc2F)C1,,random_balanced,BB-1176,BB-0883,5,2,0.48208662979676103
BB-1802 BB-0159,"[1802, 159]",[36],COc1cc(-c2noc([C@H](C(C)C)n3sc4ccccc4c3=O)n2)c2ccccc2n1,,random_balanced,BB-1802,BB-0159,0,3,0.5105107142521608
BB-0190 BB-0030,"[190, 30]",[119],CC(C)(C)OC(=O)N1CCC(C(CC(N)=O)N2CCC(n3cc(C(F)(F)F)cn3)CC2)CC1,,random_balanced,BB-0190,BB-0030,1,2,0.5481720172412826
BB-1485 BB-0626,"[1485, 626]",[39],CCOC(=O)c1[nH]c(C)c(-c2nnc(CCCOc3ccc(C(C)(C)CC)cc3C(C)(C)CC)o2)c1C,,random_balanced,BB-1485,BB-0626,1,2,0.050035800956862234
BB-1733 BB-0891,"[1733, 891]",[126],COc1ccc(-c2nc(C)sc2CC(=O)OC2CN(S(=O)(=O)c3ccccc3[N+](=O)[O-])C3(CCOCC3)C2)cc1,,random_balanced,BB-1733,BB-0891,1,3,0.37999600154524554
BB-1404 BB-0652,"[1404, 652]",[5],COC(=O)C(=C1CC1)N1CCc2c(ncn2C2CCC2)C1,,random_balanced,BB-1404,BB-0652,4,3,0.4759010453986172
BB-0657 BB-0388,"[657, 388]",[79],CC(C)c1ccccc1NC(=O)C(C)N1CC(N2CCN(C(=O)OC(C)(C)C)CC2)C1,,random_balanced,BB-0657,BB-0388,5,2,0.11315406493214888
BB-1894 BB-1846,"[1894, 1846]",[141],Cc1c(NC(=O)CC#N)cccc1C(O)c1cc(C(F)(F)F)ccc1N(C)CC(=O)O,,random_balanced,BB-1894,BB-1846,1,3,0.798476599317278
BB-0163 BB-0760,"[163, 760]",[68],CC(=O)c1ncc(C)cc1C#CCCN1CCCCCC1,,random_balanced,BB-0163,BB-0760,0,1,0.3753493226436791
BB-0272 BB-0287,"[272, 287]",[126],O=C(OCCCn1nc(C(F)F)cc1C(F)F)C1=C(c2ccccc2)N2CCS(=O)(=O)N=C2S1,,random_balanced,BB-0272,BB-0287,0,3,0.5426988052442766
BB-1569 BB-1824,"[1569, 1824]",[15],CC(C)(O)c1cnc(Sc2cc(-c3ccccc3)nc(N)n2)cn1,,random_balanced,BB-1569,BB-1824,2,1,0.48072597935214867
BB-1128 BB-1337,"[1128, 1337]",[89],N#Cc1cc(F)cc(Sc2cc(C3CCNC3)ccc2O)c1CC(=O)O,,random_balanced,BB-1128,BB-1337,3,0,0.4519459023921738
BB-0749 BB-0821,"[749, 821]",[141],COc1ccc2c(c1OC)CCC2(O)c1ccc2c(NCCCC(=O)O)ccnc2c1,,random_balanced,BB-0749,BB-0821,2,1,0.5490935066514256
BB-0187 BB-0862,"[187, 862]",[41],COC(=O)c1cncc(C(C)(C)Oc2cc(Br)ccc2OCc2ccc(C(=O)O)o2)c1,,random_balanced,BB-0187,BB-0862,1,4,0.6263650176787164
BB-1302 BB-1017,"[1302, 1017]",[103],O=C(NCc1cc(F)ccc1N1CCOCC1)N1CCCC1Cc1cc(F)ccc1F,,random_balanced,BB-1302,BB-1017,1,3,0.660926188287141
BB-1141 BB-0558,"[1141, 558]",[65],[N-]=[N+]=NCc1cc(C(=O)c2cc(Cl)ccc2N2CCCC(N)C2=O)ccc1F,,random_balanced,BB-1141,BB-0558,2,4,0.647191965581239
BB-0078 BB-0827,"[78, 827]",[126],CC(C)C(CO)C(=O)OC[C@@H](O)CN1CCN(c2ccccc2)CC1,,random_balanced,BB-0078,BB-0827,2,2,0.278324919736942
BB-1974 BB-1175,"[1974, 1175]",[78],N[C@H]1C[C@@H](CC(=O)N2CCOC(c3ccc(Cl)cn3)C2)C1,,random_balanced,BB-1974,BB-1175,3,2,0.5490827839220777
BB-1567 BB-1121,"[1567, 1121]",[124],COC(=O)c1cc(-n2cnc3c(NCC#Cc4cc(Cl)cnc4F)ncnc32)n(C(C)C)n1,,random_balanced,BB-1567,BB-1121,3,4,0.268015116741756
BB-0583 BB-1138,"[583, 1138]",[37],CCc1c(C(=O)Nc2c3c(nn2-c2cccc(Cl)c2)CCC3)[nH]c(C)c1C(=O)O,,random_balanced,BB-0583,BB-1138,2,2,0.6449559176354704
BB-1268 BB-0569,"[1268, 569]",[50],Cc1ccc(F)c(C(C(=O)O)(C2CCCCCCC2)N2CCc3c(Br)ccc(Cl)c3C2)c1,,random_balanced,BB-1268,BB-0569,2,2,0.555459229906457
BB-1475 BB-1744,"[1475, 1744]",[66],Cc1[nH]c2cccnc2c1C(O)c1ccc(CC(=O)O)c([N+](=O)[O-])c1,,random_balanced,BB-1475,BB-1744,1,2,0.6298721162994888
BB-0434 BB-1698,"[434, 1698]",[124],CC(C)(C)CC1CC1n1cnc2c(NC(c3ccc(Cl)cc3)c3cccc(C#N)c3)ncnc21,,random_balanced,BB-0434,BB-1698,1,5,0.2277454620718956
BB-1925 BB-1175,"[1925, 1175]",[5],c1cnc(N2CCCN(c3ccc(C4CNCCO4)nc3)CC2)cn1,,random_balanced,BB-1925,BB-1175,2,3,0.5909360014623921
BB-1718 BB-1300,"[1718, 1300]",[108],CCOC(=O)CC(CC1CCCC1)NC(c1ccc(Cl)cc1)C(F)Br,,random_balanced,BB-1718,BB-1300,2,3,0.452570490184263
BB-0614 BB-0963,"[614, 963]",[110],COC(C(=N)n1c(=O)[nH]c2ncc(Br)nc2c1=O)C1CC1,,random_balanced,BB-0614,BB-0963,1,5,0.4368269520690826
BB-0624 BB-0149,"[624, 149]",[100],COc1cc(I)c(C2CC2)cc1S(=O)(=O)c1cc(C(=O)O)c(C)nc1Cl,,random_balanced,BB-0624,BB-0149,3,2,0.7050098339933226
BB-0835 BB-0050,"[835, 50]",[41],COc1ccc(C2CC(=O)NC(=O)C2)cc1Sc1nc2sc3c(c2c(=O)n1-c1ccccc1C)CCCCC3,,random_balanced,BB-0835,BB-0050,0,1,0.2999183267885941
BB-1289 BB-1769,"[1289, 1769]",[108],COC(=O)c1c(CN[C@@H]2CCO[C@H]2c2ccc(Cl)c(F)c2)ccc(OC)c1O,,random_balanced,BB-1289,BB-1769,1,2,0.754127706317909
BB-0048 BB-1408,"[48, 1408]",[125],CC(C(=O)O)(C1=Cc2ccccc2OC1)N1CCCC(n2cccn2)C1,,random_balanced,BB-0048,BB-1408,2,2,0.6529572509214936
BB-1436 BB-0286,"[1436, 286]",[125],COC(=O)C1CCN(C(=O)CC(C)(C(=O)O)N2C(=O)NC3(CC(CF)C3)C2=O)CC1,,random_balanced,BB-1436,BB-0286,1,2,0.6376455328684866
BB-0344 BB-1453,"[344, 1453]",[33],COC(=O)C[C@H](NC(C)Cn1c(Br)nc2c1c(=O)[nH]c(=O)n2C)c1cc([N+](=O)[O-])ccc1F,,random_balanced,BB-0344,BB-1453,5,3,0.7919442930456853
BB-1070 BB-0028,"[1070, 28]",[79],CCn1c(Nc2ccc3c(c2)C(CC(=O)O)C(=O)N3)c(C(=O)CCl)c(=O)[nH]c1=O,,random_balanced,BB-1070,BB-0028,2,5,0.6958284333704406
BB-1138 BB-0957,"[1138, 957]",[112],CC(C)(C)OC(=O)N1CC(CCC(=O)Nc2c3c(nn2-c2cccc(Cl)c2)CCC3)C1,,random_balanced,BB-1138,BB-0957,3,1,0.38709763003461467
BB-0119 BB-0443,"[119, 443]",[50],CCCn1c(N)c(C(CCl)(Oc2c(N)cncc2I)C(=O)O)c(=O)[nH]c1=O,,random_balanced,BB-0119,BB-0443,3,3,0.4818216355563023
BB-1365 BB-0261,"[1365, 261]",[78],CC(C)(C)OC(=O)N1CCN(CC(F)(F)C(=O)N2C(CO)CC23CCC(F)(F)CC3)CC1,,random_balanced,BB-1365,BB-0261,3,1,0.39902749412894467
BB-1104 BB-0619,"[1104, 619]",[78],COc1ccc(Cl)cc1NCCC(=O)NCCN1Cc2ncsc2C1,,random_balanced,BB-1104,BB-0619,3,0,0.47190344933509365
BB-0459 BB-0264,"[459, 264]",[13],Cn1cc2c(n1)CC(c1nc3cc(F)cnc3n1C)NC2=O,,random_balanced,BB-0459,BB-0264,1,3,0.4676828000308028
BB-1409 BB-1889,"[1409, 1889]",[41],C=C(CC)C(C)COc1ccc(OCOC)cc1F,,random_balanced,BB-1409,BB-1889,1,1,0.5143041676294045
BB-0884 BB-0729,"[884, 729]",[112],Cc1cccc(-c2ccc(C(=O)NC(CCO)c3cccc(C)c3)[nH]2)c1,,random_balanced,BB-0884,BB-0729,2,3,0.4951189686906503
BB-1700 BB-1071,"[1700, 1071]",[126],COCCC1(C(=O)OC(C)CC(C)C2CCCCC2)CNC1,,random_balanced,BB-1700,BB-1071,1,2,0.45691867748418535
BB-0919 BB-1248,"[919, 1248]",[30],CCCC(CNC(=O)C(=O)Nc1cc2ccccc2nc1Cl)C(=O)OCC,,random_balanced,BB-0919,BB-1248,3,4,0.2617492773295929
BB-0100 BB-0673,"[100, 673]",[51],O=C(CN1Cc2c(cnn2-c2ccccc2)C1=O)OC1(c2ccccc2Cl)CCNCC1,,random_balanced,BB-0100,BB-0673,0,2,0.57145509573474
BB-0934 BB-0949,"[934, 949]",[141],COc1c(C2(O)CCc3c(C(=O)O)cccc32)ccc2c1NC(=O)C2=O,,random_balanced,BB-0934,BB-0949,1,2,0.3822983984685756
BB-1584 BB-1861,"[1584, 1861]",[127],CCc1cc(C(=O)OC(c2cc(OC)ns2)S(=O)(=O)[O-])c(Br)s1,,random_balanced,BB-1584,BB-1861,1,1,0.3935359810351443
BB-0629 BB-1618,"[629, 1618]",[103],O=C(Nc1csc2c(=O)[nH]cnc12)N1CCC2(CC1)COc1ncccc12,,random_balanced,BB-0629,BB-1618,2,3,0.42246543575833606
BB-1751 BB-1493,"[1751, 1493]",[65],Cc1nc2cccc(C(=O)C(C)c3ccccc3C)c2c(=O)[nH]1,,random_balanced,BB-1751,BB-1493,4,4,0.6070575381474649
BB-0798 BB-0136,"[798, 136]",[105],CC(C)(C)OC(=O)N[C@H]1c2ccccc2C[C@@H]1NC(=O)C(=O)N1Cc2nccc(O)c2C1,,random_balanced,BB-0798,BB-0136,3,2,0.2258090319840197
BB-1242 BB-0177,"[1242, 177]",[15],CCCOc1cccc(CSc2c(C)cc3c(c2C)C(=O)CCO3)c1,,random_balanced,BB-1242,BB-0177,2,1,0.6875748457293216
BB-1919 BB-1122,"[1919, 1122]",[89],Cc1cc(Sc2ccc(-n3c(N(C)C)nc(C=O)c3Cl)cc2)cc(C)c1CC(=O)O,,random_balanced,BB-1919,BB-1122,3,1,0.5123358769132376
BB-0535 BB-0599,"[535, 599]",[49],COc1cc(CCNc2ncnc3c2ncn3Cc2ccccc2CN2CC(C)OC(C)C2)cc(OC)c1C,,random_balanced,BB-0535,BB-0599,1,1,0.1857985911412292
BB-1763 BB-0866,"[1763, 866]",[126],O=C(C#CC1CC12CCC2)OCCn1ccc(C(=O)O)cc1=O,,random_balanced,BB-1763,BB-0866,1,1,0.16272319968727444
BB-1009 BB-1310,"[1009, 1310]",[23],Cc1cc(C(=O)COC(=O)Cc2ccc(Cl)c([N+](=O)[O-])c2)c(C)[nH]1,,random_balanced,BB-1009,BB-1310,2,3,0.47567192774453054
BB-0758 BB-1770,"[758, 1770]",[103],CC(C)C(C#N)NC(=O)N1CCC2(CC1)OC(=O)c1ncccc12,,random_balanced,BB-0758,BB-1770,1,2,0.6499072168039216
BB-1098 BB-0395,"[1098, 395]",[125],CN(C)S(=O)(=O)c1ccc(C(C)(OC[C@H]2OC(=O)[C@@H]3OC(C)(C)O[C@H]23)C(=O)O)cc1,,random_balanced,BB-1098,BB-0395,3,2,0.5783052255270402
BB-1072 BB-1604,"[1072, 1604]",[108],CC(C)(NCc1nn(C2CCCC2)cc1I)c1ccc2c(c1)OCO2,,random_balanced,BB-1072,BB-1604,4,2,0.4266451102070458
BB-0716 BB-1585,"[716, 1585]",[105],CC1CCC2(CN1C(=O)C(=O)NCc1ccc(-c3ccc(C(F)(F)F)cc3)cc1)OC(=O)Nc1ccc(Cl)c(F)c12,,random_balanced,BB-0716,BB-1585,1,3,0.26606112712017493
BB-1479 BB-0673,"[1479, 673]",[30],N#Cc1ccc(N(C(=O)C(=O)N2CCC(O)(c3ccccc3Cl)CC2)S(N)(=O)=O)cc1,,random_balanced,BB-1479,BB-0673,1,3,0.38003717530489234
BB-1375 BB-0934,"[1375, 934]",[41],COCc1nc(COc2ccc3c(c2OC)NC(=O)C3=O)c[nH]1,,random_balanced,BB-1375,BB-0934,0,2,0.5775434938509391
BB-0974 BB-0464,"[974, 464]",[15],Cn1nncc1Sc1cnc(C(=O)[O-])n1C,,random_balanced,BB-0974,BB-0464,3,1,0.024906853523871272
BB-0554 BB-0257,"[554, 257]",[15],COc1ccc(Sc2ccc3cc(C=O)ccc3c2)c2[nH]c(C(=O)O)cc12,,random_balanced,BB-0554,BB-0257,1,1,0.47188573989562327
BB-1801 BB-0574,"[1801, 574]",[15],O=S1(=O)CCCc2cccc(Sc3cccnc3OC(F)F)c21,,random_balanced,BB-1801,BB-0574,2,1,0.43668267485459455
BB-0099 BB-1053,"[99, 1053]",[79],BrCc1ccsc1NC1COc2ccccc2C1,,random_balanced,BB-0099,BB-1053,0,0,0.18768856651388507
BB-0482 BB-0193,"[482, 193]",[71],COCc1ncc2c(n1)CCN(c1cc(C(=O)OC)ccc1CCN)C2,,random_balanced,BB-0482,BB-0193,3,3,0.6645307633927099
BB-1031 BB-0723,"[1031, 723]",[125],CC(C)(C)OC(=O)N(C1CCCN(S(C)(=O)=O)C1)C1(C(=O)O)CCN(C(=O)OCc2ccccc2)CC1CC#N,,random_balanced,BB-1031,BB-0723,2,3,0.11875729503155842
BB-0713 BB-1622,"[713, 1622]",[4],Cc1cccn2cc(C(=O)N3CCC(c4cc(-c5ccco5)n[nH]4)CC3)nc12,,random_balanced,BB-0713,BB-1622,2,1,0.35939118415985816
BB-1682 BB-1281,"[1682, 1281]",[4],O=Cc1cc(C(=O)NCC(=O)c2ccc(Br)cc2)c2n1CCCC2,,random_balanced,BB-1682,BB-1281,5,2,0.5707545861170289
BB-0437 BB-0703,"[437, 703]",[105],CC(O)CC1CCCCCN1C(=O)C(=O)Nc1cnc(OC(C)C)c(Cl)c1,,random_balanced,BB-0437,BB-0703,2,2,0.3241590694165996
BB-1535 BB-0456,"[1535, 456]",[126],COc1cc(C(=O)OC2(CCC(C)C)CC2)ccc1OCC(=O)Nc1cccc(C(F)(F)F)c1,,random_balanced,BB-1535,BB-0456,2,0,0.1846812905869553
BB-0528 BB-1508,"[528, 1508]",[116],COC(=O)c1cc2cc(O[C@@H](C)CBr)cnc2s1,,random_balanced,BB-0528,BB-1508,2,2,0.3651142197016891
BB-1001 BB-1009,"[1001, 1009]",[89],O=C(O)Cc1ccc(Sc2ccc(OCc3cccc(C(=O)O)c3)cc2)c([N+](=O)[O-])c1,,random_balanced,BB-1001,BB-1009,2,3,0.2580501988296757
BB-1182 BB-1528,"[1182, 1528]",[30],COc1cc(F)cc(CC(C)NC(=O)C(=O)N2CCC(c3nc4ccccc4o3)CC2)c1,,random_balanced,BB-1182,BB-1528,1,2,0.1891189057456516
BB-1641 BB-0297,"[1641, 297]",[66],CC(O)(c1ccc(N2CCNC2=O)cc1)c1cccc2c1CC[C@@H]2N,,random_balanced,BB-1641,BB-0297,2,3,0.7853750696240408
BB-1212 BB-1326,"[1212, 1326]",[4],COc1cccc(C(=O)c2ccc(C(=O)N3CCC(NC(=O)CNC(=O)OC(C)(C)C)CC3)cc2)c1,,random_balanced,BB-1212,BB-1326,2,3,0.036291316488219774
BB-1620 BB-0311,"[1620, 311]",[79],Cc1cc2nccc(NCCC3CCCCCC3)n2n1,,random_balanced,BB-1620,BB-0311,2,2,0.5567151028133409
BB-0572 BB-1832,"[572, 1832]",[105],COc1ccc(C(F)(F)F)cc1NC(=O)C(=O)NC[C@H](C)Oc1ccccc1,,random_balanced,BB-0572,BB-1832,1,2,0.096758424419533
BB-1246 BB-1914,"[1246, 1914]",[119],COC(=O)c1ncoc1C1CCCN(CCS(=O)(=O)OC(C)C)C1,,random_balanced,BB-1246,BB-1914,0,2,0.5886415599650171
BB-0064 BB-0705,"[64, 705]",[125],COc1ccc(F)cc1CCC(=O)OC(C(=O)O)(C(=NN)c1ccccc1)c1ccccc1,,random_balanced,BB-0064,BB-0705,0,1,0.6075751902509292
BB-1739 BB-0385,"[1739, 385]",[30],Cc1ccc(N2CCN(C(=O)C(=O)N[C@@H](CN)C(=O)O)CC2=O)o1,,random_balanced,BB-1739,BB-0385,2,1,0.24949915465983505
BB-0709 BB-1334,"[709, 1334]",[41],CCc1cnc(Sc2cc3[nH]c(C)nc3cc2Br)n1C(C)c1ccc(F)cc1,,random_balanced,BB-0709,BB-1334,1,1,0.5277633264465922
BB-0489 BB-1745,"[489, 1745]",[67],COC(=O)Cc1cc(-n2c3nc(C)c(CC(=O)O)c(C)c3c(=O)n2C)ccc1OC,,random_balanced,BB-0489,BB-1745,0,1,0.7635346133011287
BB-0995 BB-0148,"[995, 148]",[37],COC(=O)/C=C/CC(C)(C)NC(=O)C1CC(Br)=NO1,,random_balanced,BB-0995,BB-0148,2,3,0.4512491901167077
BB-1828 BB-1349,"[1828, 1349]",[30],CC(C)(C)OC(=O)N1CCN(C2(C)CN(C(=O)C(=O)NC(C(=O)O)c3cc(F)ccc3F)C2)CC1,,random_balanced,BB-1828,BB-1349,1,2,0.09957221986021701
BB-1917 BB-1987,"[1917, 1987]",[5],N#CC1(c2cncc(N3CC=C(c4cccnc4)CC3)c2)CCC1,,random_balanced,BB-1917,BB-1987,3,1,0.6589658004057013
BB-1853 BB-1126,"[1853, 1126]",[116],CC(C)(C)C1CC(Oc2cc(-n3ccc(C(=O)O)n3)ccc2Cl)C1,,random_balanced,BB-1853,BB-1126,2,1,0.6559846605193881
BB-1792 BB-1511,"[1792, 1511]",[112],CC#CC1(NC(=O)C(N)C2CCOC2)COC1,,random_balanced,BB-1792,BB-1511,1,2,0.3904453984449352
BB-0392 BB-1014,"[392, 1014]",[143],CC(C)(C)OC(=O)N1CCOCC1(C#Cc1ccc(C(=O)O)c2c1CCC2)C1CC1,,random_balanced,BB-0392,BB-1014,2,1,0.6910622924336906
BB-0273 BB-1496,"[273, 1496]",[110],Cn1cc(Cl)c2[nH]c(=O)n(C(=NO)c3ccccc3CN3CCCCC3)c(=O)c21,,random_balanced,BB-0273,BB-1496,1,2,0.6112348341922438
BB-0219 BB-0016,"[219, 16]",[81],Cc1nn(C)c(C(N)=O)c1NS(=O)(=O)c1cnn(-c2ccccn2)c1C,,random_balanced,BB-0219,BB-0016,0,2,0.6563708108346753
BB-0829 BB-0937,"[829, 937]",[68],CCCCC#CCc1cc(C=O)cc2c1OCOC2,,random_balanced,BB-0829,BB-0937,0,2,0.24755789945314718
BB-0768 BB-0452,"[768, 452]",[138],CCNC1CCSc2ccc(-c3cccc(C(N)CC(=O)O)c3)cc21,,random_balanced,BB-0768,BB-0452,3,2,0.5486043680335497
BB-0765 BB-0380,"[765, 380]",[5],Cc1cc(F)cc(NC(CC(=O)O)Cc2ccc([N+](=O)[O-])cc2)c1,,random_balanced,BB-0765,BB-0380,2,2,0.5222334675757303
BB-1616 BB-0147,"[1616, 147]",[4],Cc1nc2n(c1C(=O)Nc1ccc3c(c1)N(Cc1ccc(F)cc1)CC3)CCCC2C,,random_balanced,BB-1616,BB-0147,2,1,0.2708546365403648
BB-0402 BB-1240,"[402, 1240]",[105],NC(=O)N1CCCc2c(NC(=O)C(=O)NCc3c(F)ccc4[nH]cnc34)cccc21,,random_balanced,BB-0402,BB-1240,2,2,0.09813117786986171
BB-1116 BB-1593,"[1116, 1593]",[5],Cc1ccc(C2(N)CCCCC2)c(N2CCN(c3c(C#N)c(C)nn3C)CC2)c1,,random_balanced,BB-1116,BB-1593,2,2,0.7067961232405805
BB-1426 BB-0178,"[1426, 178]",[79],CN(Cc1cc(Br)cc([N+](=O)[O-])c1)c1cc(Cl)ccc1CNN,,random_balanced,BB-1426,BB-0178,1,3,0.5751426010321049
BB-1018 BB-1158,"[1018, 1158]",[50],Cc1ccc(C(CCCC(=O)O)(C(=O)O)N2C[C@@H](C)N(C)c3ccc(Br)cc32)cc1,,random_balanced,BB-1018,BB-1158,1,1,0.47766745588058096
BB-0952 BB-0822,"[952, 822]",[78],CC(=O)Nc1ccc(C)cc1NC(=O)c1nc(C(F)F)nn1C,,random_balanced,BB-0952,BB-0822,1,3,0.5658174562423166
BB-0809 BB-0967,"[809, 967]",[51],CC(OC(=O)C(CC(N)=O)NC(=O)c1ccccc1F)C1CCNC(=O)C1,,random_balanced,BB-0809,BB-0967,1,1,0.5812459542277203
BB-0312 BB-0636,"[312, 636]",[13],Cc1ccc(-c2nc3ccc(S(N)(=O)=O)cc3[nH]2)[nH]1,,random_balanced,BB-0312,BB-0636,1,1,0.2669030221403328
BB-0078 BB-1520,"[78, 1520]",[126],COC1(C(=O)O[C@H](CO)CN2CCN(c3ccccc3)CC2)CC(CF)C1,,random_balanced,BB-0078,BB-1520,3,1,0.5013916583389713
BB-0552 BB-1841,"[552, 1841]",[78],Cc1ccc(C2CC2)c(C(=O)N2CC3(CCC3)c3cc(Br)ccc32)c1,,random_balanced,BB-0552,BB-1841,2,2,0.515724207111449
BB-0073 BB-1512,"[73, 1512]",[25],CN(CC1CCOC1)c1ncncc1S(=O)(=O)c1ccc(N=C=S)c(Cl)c1,,random_balanced,BB-0073,BB-1512,1,0,0.5222733419101013
BB-1966 BB-0505,"[1966, 505]",[30],CCOC(=O)c1cnc2ncnn2c1NC(=O)C(=O)N1CCC[C@H](N(C)C(=O)OC(C)(C)C)C1,,random_balanced,BB-1966,BB-0505,2,4,0.028745529917773134
BB-0842 BB-1007,"[842, 1007]",[78],Cc1noc(C2CC3CCC2N3C(=O)[C@@H]2CN(Cc3ccccc3)C[C@H]2C(C)C)n1,,random_balanced,BB-0842,BB-1007,0,3,0.49524590831340165
BB-1764 BB-0145,"[1764, 145]",[146],COC(=O)c1ccc(C2(O)CCN(c3ccc(N)c(CO)c3F)C2)cc1,,random_balanced,BB-1764,BB-0145,5,4,0.772986704654808
BB-0129 BB-0950,"[129, 950]",[104],C=CCn1c(-c2ccncc2)nnc1S(=O)(=O)c1cc(COC)cc(C(=O)O)c1,,random_balanced,BB-0129,BB-0950,0,2,0.5547726073432265
BB-1307 BB-0035,"[1307, 35]",[78],COc1cccc2c(CCC(=O)NCC34CCC(F)(CO3)C4)c(-c3ccccc3)[nH]c12,,random_balanced,BB-1307,BB-0035,3,4,0.4351448391352467
BB-0282 BB-1736,"[282, 1736]",[124],Cc1cnn(C(C)Cn2cnc3c(NC(CO)C4CCC(F)(F)CC4)ncnc32)c1,,random_balanced,BB-0282,BB-1736,2,2,0.5762218846642393
BB-1570 BB-0656,"[1570, 656]",[66],O=C1NCCCc2[nH]c3ccc(C4(O)CC(c5cccc(Br)c5)C4)cc3c21,,random_balanced,BB-1570,BB-0656,2,2,0.432735765298662
BB-0852 BB-1023,"[852, 1023]",[33],COc1ccccc1C(O)C1CCN(C(CN)c2ccc([N+](=O)[O-])cc2)CC1,,random_balanced,BB-0852,BB-1023,2,2,0.6639672924838521
BB-0483 BB-0889,"[483, 889]",[89],Cn1ncc(Sc2c(C(F)(F)F)nc3ccccn23)c1CNC(=O)OC(C)(C)C,,random_balanced,BB-0483,BB-0889,1,2,0.5944996656463888
BB-1341 BB-1793,"[1341, 1793]",[22],CN1CCN(CC(=O)N2C(=O)N[C@H]3C[C@@H](C2=O)N(C(=O)OCC2c4ccccc4-c4ccccc42)C3)CC1,,random_balanced,BB-1341,BB-1793,0,4,0.1433536301617076
BB-0457 BB-1044,"[457, 1044]",[112],NCc1[nH]ncc1C(=O)NC1(c2nc(C3CCOCC3)no2)CCOCC1,,random_balanced,BB-0457,BB-1044,2,2,0.7093861926547488
BB-0615 BB-1913,"[615, 1913]",[39],CCc1c(-c2nnc(COC)o2)cnn1CC,,random_balanced,BB-0615,BB-1913,1,2,0.23550100966037862
BB-0919 BB-1244,"[919, 1244]",[5],CC(C)Oc1ccc(CO)cc1Nc1cc2ccccc2nc1Cl,,random_balanced,BB-0919,BB-1244,4,1,0.7605544582302367
BB-0094 BB-0858,"[94, 858]",[79],Cc1cc(C)c([N+](=O)[O-])cc1CNc1nnc(C(C)(F)F)o1,,random_balanced,BB-0094,BB-0858,4,3,0.5992489460141964
BB-1156 BB-1018,"[1156, 1018]",[125],COC(=O)c1cc(C)nc2c1ncn2C(CCCC(=O)O)(C(=O)O)c1ccc(C)cc1,,random_balanced,BB-1156,BB-1018,2,2,0.7801566773130102
BB-1459 BB-1626,"[1459, 1626]",[4],CC(C)c1nnc(CNC(=O)C2=CC=CN3CCN=C23)s1,,random_balanced,BB-1459,BB-1626,2,1,0.557309397470203
BB-0132 BB-0717,"[132, 717]",[79],COC(=O)C1(c2cc(Nc3cc(OC)ccc3NCC3CC3)ccc2C#N)CC1,,random_balanced,BB-0132,BB-0717,2,4,0.6823432906189365
BB-1919 BB-0205,"[1919, 205]",[71],CN(C)c1nc(C=O)c(Cl)n1-c1ccc(N2CCC(Oc3ncccc3Br)CC2)cc1,,random_balanced,BB-1919,BB-0205,4,2,0.5383524406974852
BB-0691 BB-1047,"[691, 1047]",[89],Cc1nn(-c2ccncc2)c(Sc2cc(F)c(O)c([N+](=O)[O-])c2F)c1C=O,,random_balanced,BB-0691,BB-1047,2,1,0.4266850248778216
BB-0011 BB-0635,"[11, 635]",[50],O=C(O)C(CC1COCCN1)(c1ccccc1)n1c(=O)n(-c2ccccn2)c2ccccc21,,random_balanced,BB-0011,BB-0635,3,1,0.495453129980039
BB-0573 BB-1818,"[573, 1818]",[105],COC(=O)c1cc(C(F)(F)F)ccc1NC(=O)C(=O)N1CCOc2ncc(C(=O)O)cc21,,random_balanced,BB-0573,BB-1818,1,3,0.18374464477075467
BB-0213 BB-0118,"[213, 118]",[103],Cc1cc(NC(=O)NCC2(c3cccc(Br)c3)CCC2)ccc1N1CCCS1(=O)=O,,random_balanced,BB-0213,BB-0118,1,3,0.18837622997827597
BB-0787 BB-0976,"[787, 976]",[99],CC(C)(C)C1CCc2sc(-c3nnc(CS(=O)(=O)c4c(Br)cccc4CN)o3)cc2C1,,random_balanced,BB-0787,BB-0976,6,2,0.01918346799533186
BB-1155 BB-0688,"[1155, 688]",[81],Cc1ccccc1-c1cc(NS(=O)(=O)c2ccc(C(=O)OC(C)C)cc2)n(Cc2ccccc2)n1,,random_balanced,BB-1155,BB-0688,1,3,0.3343299217830966
BB-1919 BB-0961,"[1919, 961]",[75],CN(C)c1nc(C=C(Cc2nnc(CNC(=O)OCC3c4ccccc4-c4ccccc43)s2)C(=O)O)c(Cl)n1-c1ccc(Br)cc1,,random_balanced,BB-1919,BB-0961,5,2,0.02314369430008773
BB-1055 BB-1906,"[1055, 1906]",[50],COCC(C)(C)CC(C(=O)O)(c1ccc2c(c1)OCC2(C)C)N1CCc2cc(C(F)(F)F)[nH]c2C1,,random_balanced,BB-1055,BB-1906,1,1,0.6707563075150792
BB-0318 BB-0492,"[318, 492]",[125],COc1cc(Br)cc(C(C)(C(=O)O)N2CCc3cc(C)c(C(F)(F)F)cc32)c1O,,random_balanced,BB-0318,BB-0492,1,2,0.7106464870463826
BB-0374 BB-1025,"[374, 1025]",[28],Cc1cnn(C2CCCN(C(=O)NCc3c(C)cc(C)[nH]c3=O)C2)c1,,random_balanced,BB-0374,BB-1025,1,1,0.7376247052267959
BB-0183 BB-0418,"[183, 418]",[15],C#Cc1sc(Cl)cc1Sc1cnc2c(F)cccc2n1,,random_balanced,BB-0183,BB-0418,1,3,0.058906177049320836
BB-0169 BB-0960,"[169, 960]",[78],COc1ccc(Br)cc1C(CO)NC(=O)c1c(C=O)sc2ccccc12,,random_balanced,BB-0169,BB-0960,3,1,0.5641055955890394
BB-1605 BB-1474,"[1605, 1474]",[65],COC(=O)c1c(Cl)nc(C2CC2)nc1C(=O)CSCC(=O)O,,random_balanced,BB-1605,BB-1474,4,1,0.4548102318580269
BB-0760 BB-0149,"[760, 149]",[89],CC(=O)c1ncc(C)cc1Sc1cc(C(=O)O)c(C)nc1Cl,,random_balanced,BB-0760,BB-0149,2,3,0.5445680665255842
BB-1926 BB-0223,"[1926, 223]",[78],Cc1cc2c(cc1Br)N(C(=O)C[C@@H](NC(=O)OC(C)(C)C)c1cccc3ccccc13)CCC2,,random_balanced,BB-1926,BB-0223,0,3,0.3050353041882963
BB-0995 BB-0925,"[995, 925]",[37],O=C(Nc1cncc(-c2cnn(C3CCCCO3)c2)c1)C1CC(Br)=NO1,,random_balanced,BB-0995,BB-0925,3,0,0.2795660260198724
BB-1068 BB-0102,"[1068, 102]",[125],CNC(=O)[C@@H]1CN(C(C)(C(=O)O)C23CC(c4ccccc4)(C2)C3(F)F)C[C@H]1c1cnn(C)c1,,random_balanced,BB-1068,BB-0102,2,2,0.6982318420833816
BB-0174 BB-0881,"[174, 881]",[100],Cc1cc(S(=O)(=O)c2cc(/C=C/C(=O)O)cc3c2OCCCO3)cc(C#N)c1N,,random_balanced,BB-0174,BB-0881,2,3,0.7428730263783228
BB-1768 BB-0812,"[1768, 812]",[15],CCOC(=O)C(=O)c1c(Sc2cc(N)c(C)cc2-c2cc(C)ccc2C)nc(C)n1C,,random_balanced,BB-1768,BB-0812,1,2,0.6177135570931217
BB-0904 BB-1142,"[904, 1142]",[4],CON(CC1CCC(C(C)(C)C)CC1)C(=O)[C@]1(c2ccccc2)C[C@H](O)C1,,random_balanced,BB-0904,BB-1142,1,1,0.4943836466537318
BB-0442 BB-1201,"[442, 1201]",[89],COc1ccc(Sc2c(O)cc(O)c(C=O)c2C)cc1N1CC(C(=O)O)CC1=O,,random_balanced,BB-0442,BB-1201,3,3,0.6948281291884418
BB-1792 BB-1868,"[1792, 1868]",[146],CC#CC1(Nc2ccc3c(C=O)c(C(=O)O)[nH]c3c2)COC1,,random_balanced,BB-1792,BB-1868,2,2,0.48929799166514365
BB-0053 BB-1140,"[53, 1140]",[125],CCn1cc(N2CCC(OC3CCCC(CC(=O)OC)C3)(C(=O)O)CC2=O)cn1,,random_balanced,BB-0053,BB-1140,1,0,0.4897574836982526
BB-1980 BB-1509,"[1980, 1509]",[89],CCC1(CSCC(=O)c2c(N)n(CCOC)c(=O)[nH]c2=O)CCCC1,,random_balanced,BB-1980,BB-1509,2,1,0.5252592697661855
BB-0016 BB-0771,"[16, 771]",[105],Cc1nn(C)c(C(N)=O)c1NC(=O)C(=O)NC(C)CSCc1ccccc1,,random_balanced,BB-0016,BB-0771,3,2,0.2232006626227258
BB-1446 BB-1924,"[1446, 1924]",[138],COc1ccc(-c2nnco2)nc1Cl,,random_balanced,BB-1446,BB-1924,3,2,0.04142163486823769
BB-0571 BB-1905,"[571, 1905]",[125],O=C1CN2CCC[C@@H]2CN1C(C(=O)O)(c1ncc[nH]1)C1CCCCC1,,random_balanced,BB-0571,BB-1905,1,4,0.4838746068490818
BB-1667 BB-1603,"[1667, 1603]",[125],CCOC(=O)C(=O)N(c1ccc(C)cc1)C(C)(C(=O)O)C(=NNc1ccc(S(=O)(=O)Nc2nnc(C)s2)cc1)C(=O)Nc1ccc(OCC)cc1,,random_balanced,BB-1667,BB-1603,1,4,0.02894012174582401
BB-0119 BB-1524,"[119, 1524]",[89],CCCn1c(N)c(C(=O)CSc2ccc3c(c2)OCCCC3OCC(=O)NC)c(=O)[nH]c1=O,,random_balanced,BB-0119,BB-1524,4,2,0.6412162498492934
BB-0766 BB-0745,"[766, 745]",[50],CCC(=O)CC(OC(=O)[C@@H]1OCC[C@H]1c1ccc(Br)cc1)(C(=O)O)c1ccc(C(F)(F)F)cc1,,random_balanced,BB-0766,BB-0745,1,1,0.7671345460327312
BB-1364 BB-1952,"[1364, 1952]",[105],C=Cc1ccc2c(c1)CN(C(=O)C(=O)NC(c1ccc(OC)c(Br)c1)C(F)(F)F)C2,,random_balanced,BB-1364,BB-1952,2,1,0.32712579078488024
BB-1554 BB-0243,"[1554, 243]",[89],COC(=O)CCSc1cccnc1C(=O)O,,random_balanced,BB-1554,BB-0243,2,2,0.30320893579540986
BB-1749 BB-0388,"[1749, 388]",[30],CCN(C(=O)C(=O)N1CC(N2CCN(C(=O)OC(C)(C)C)CC2)C1)C1CCN(C(=O)OC(C)(C)C)CC1,,random_balanced,BB-1749,BB-0388,1,3,0.04271307910990124
BB-0926 BB-1533,"[926, 1533]",[49],Cn1c(-n2cnc3c(Nc4nccc5c4CN(C(=O)OC(C)(C)C)CC5)ncnc32)c(C(=O)CCl)c(=O)n(C)c1=O,,random_balanced,BB-0926,BB-1533,3,3,0.03538003387201066
BB-0312 BB-1833,"[312, 1833]",[37],Cc1ccc(C(=O)NCc2cccc(C(=N)N)c2)[nH]1,,random_balanced,BB-0312,BB-1833,2,2,0.6283476613437728
BB-0999 BB-1477,"[999, 1477]",[78],CCN(C1CC1)S(=O)(=O)NC(=O)[C@H](Cc1ccc(OP(=O)(OCc2ccccc2)OCc2ccccc2)cc1)NC(=O)OCC1c2ccccc2-c2ccccc21,,random_balanced,BB-0999,BB-1477,3,1,0.02383090148646278
BB-1954 BB-1512,"[1954, 1512]",[76],CC(C)(C)OC(=O)NC1CC2(C1)C1CCCN1CCN2C(=S)Nc1ccc(Cl)cc1Cl,,random_balanced,BB-1954,BB-1512,3,1,0.6942784774729552
BB-1326 BB-0448,"[1326, 448]",[50],COc1cccc(C(C(=O)O)(c2ccc(C(=O)O)cc2)n2c(-c3cccc4ncccc34)nc3cc(C)c(C)cc32)c1,,random_balanced,BB-1326,BB-0448,4,1,0.3712498755054884
BB-1320 BB-1832,"[1320, 1832]",[108],Cc1cc(CNC[C@H](C)Oc2ccccc2)c(C)n1CC(C)C,,random_balanced,BB-1320,BB-1832,2,3,0.5147159360712316
BB-0910 BB-1131,"[910, 1131]",[15],CCOC(=O)c1cc(Sc2cc3cc(OC)ccc3c(Cl)n2)cc(CC)c1N,,random_balanced,BB-0910,BB-1131,0,3,0.4882060004160411
BB-1222 BB-0307,"[1222, 307]",[37],CC(C)(C)OC(=O)NC1(C2CCN(C(=O)C3CCC4(CC(N=[N+]=[N-])C4)C3)CC2)CCC1,,random_balanced,BB-1222,BB-0307,1,1,0.3366457500073175
BB-0049 BB-0881,"[49, 881]",[78],COc1ccc(F)c(CCC(=O)Nc2c(C)cc(Cl)cc2C#N)c1,,random_balanced,BB-0049,BB-0881,1,4,0.5911332012899063
BB-1542 BB-0779,"[1542, 779]",[78],C=Cc1ncccc1C(=O)N1CC(C(=O)OCC)Cc2cccc(F)c21,,random_balanced,BB-1542,BB-0779,0,4,0.42991533543036015
BB-1670 BB-0042,"[1670, 42]",[50],CC(/C=C/c1ccc([N+](=O)[O-])cc1)(OC(=O)c1cc(S(N)(=O)=O)cc(Br)c1F)C(=O)O,,random_balanced,BB-1670,BB-0042,2,4,0.606835914978697
BB-1952 BB-1715,"[1952, 1715]",[30],C=Cc1ccc2c(c1)CN(C(=O)C(=O)N1CC(C)c3cc(C(=O)OC)ccc31)C2,,random_balanced,BB-1952,BB-1715,2,2,0.5263038908895438
BB-1363 BB-1327,"[1363, 1327]",[107],CCn1c2ccccc2c2cc(-n3c(S(=O)c4ccc5c(OC)ccc(OC)c5n4)nc4ccccc4c3=O)ccc21,,random_balanced,BB-1363,BB-1327,2,2,0.13989542811731034
BB-0708 BB-0719,"[708, 719]",[37],O=C1CC2(CCCCC2)CC1C(=O)N1CCCC1C(=O)N1CCCCCC1,,random_balanced,BB-0708,BB-0719,2,1,0.5135076972400261
BB-1228 BB-1250,"[1228, 1250]",[107],CN1CC(S(=O)c2nc(N(C)C)n(C)c2C=O)CC1=O,,random_balanced,BB-1228,BB-1250,0,3,0.425285526833796
BB-0016 BB-1368,"[16, 1368]",[28],Cc1nn(C)c(C(N)=O)c1NC(=O)N1CCNc2ccncc21,,random_balanced,BB-0016,BB-1368,4,2,0.34790562497291727
BB-1228 BB-0937,"[1228, 937]",[104],CN1CC(S(=O)(=O)Cc2cc(C=O)cc3c2OCOC3)CC1=O,,random_balanced,BB-1228,BB-0937,1,3,0.416876521135829
BB-0952 BB-0795,"[952, 795]",[78],Cn1nc(C(F)F)nc1C(=O)NCC12CC3CC(C1)CC(C(F)(F)F)(C3)C2,,random_balanced,BB-0952,BB-0795,2,0,0.3458211757748501
BB-1697 BB-1309,"[1697, 1309]",[103],CCc1nnc2ccc(NC(=O)N3CCc4cc(Br)c(OC)cc4C3)cn12,,random_balanced,BB-1697,BB-1309,4,1,0.324560166259126
BB-0314 BB-0412,"[314, 412]",[78],CCCN(C(=O)C#Cc1cn[nH]c1)C(C(=O)O)C(C)C,,random_balanced,BB-0314,BB-0412,1,2,0.5179496171400874
BB-0857 BB-1461,"[857, 1461]",[146],CCCN(c1cccc2c1C(C)(C#N)C2)C1CCN(C)C1,,random_balanced,BB-0857,BB-1461,1,1,0.15395731998395185
BB-0636 BB-1353,"[636, 1353]",[87],NS(=O)(=O)c1ccc2[nH]c(C3CCOc4ccc(Br)cc43)nc2c1,,random_balanced,BB-0636,BB-1353,2,1,0.4702902860445215
BB-1270 BB-0410,"[1270, 410]",[116],CCc1cccc(Oc2cc(Cl)c(F)cc2NN)n1,,random_balanced,BB-1270,BB-0410,1,2,0.3844023312391794
BB-1837 BB-0768,"[1837, 768]",[4],N#Cc1ccc(N2CCCN(C(=O)CC(N)c3cccc(I)c3)CC2)c(F)c1,,random_balanced,BB-1837,BB-0768,3,4,0.7409107362323668
BB-1118 BB-0572,"[1118, 572]",[124],COc1ccc(C(F)(F)F)cc1Nc1ncnc2c1ncn2-c1ccc(-c2cnn(C)c2)c(C)n1,,random_balanced,BB-1118,BB-0572,2,2,0.12215906341507339
BB-1798 BB-0602,"[1798, 602]",[141],CC(C)c1cccc2c1OCCCC2(O)c1cc(C(=O)O)cc2nc(N)n(C)c12,,random_balanced,BB-1798,BB-0602,3,2,0.7110790228946006
BB-0544 BB-0272,"[544, 272]",[51],CC(C)(C)OC(=O)N1CCOCCC1C(=O)OCCCn1nc(C(F)F)cc1C(F)F,,random_balanced,BB-0544,BB-0272,1,1,0.5758413458585215
BB-1081 BB-1048,"[1081, 1048]",[4],Cc1nnc(S(=O)(=O)NC(=O)CC2CNc3ccc(Br)cc32)s1,,random_balanced,BB-1081,BB-1048,1,3,0.5026918775930455
BB-0417 BB-0656,"[417, 656]",[5],O=C1NCCCc2[nH]c3ccc(Nc4cc5cccc(Br)c5cn4)cc3c21,,random_balanced,BB-0417,BB-0656,2,3,0.38687305040767306
BB-0039 BB-1996,"[39, 1996]",[125],Cc1ccc2c(c1)SCCC(=O)N2C(C)(C(=O)O)c1sc2nc(C)nc(C)c2c1C,,random_balanced,BB-0039,BB-1996,1,2,0.7533119863246706
BB-0824 BB-1640,"[824, 1640]",[78],CC(CC(=O)N1CCOc2c(Cl)cc(Br)cc2C1)C1CC1,,random_balanced,BB-0824,BB-1640,3,2,0.4331501272141137
BB-1674 BB-0554,"[1674, 554]",[89],COc1ccc(Sc2ccc3c(c2)OC(C(=O)O)CC3)c2[nH]c(C(=O)O)cc12,,random_balanced,BB-1674,BB-0554,3,2,0.5618538031591391
BB-1639 BB-0766,"[1639, 766]",[33],CCC(CC(=O)c1ccc(C(F)(F)F)cc1)NC1CCc2c(C(=O)O)cc(C(=O)O)cc21,,random_balanced,BB-1639,BB-0766,3,2,0.8049048576971279
BB-0009 BB-1474,"[9, 1474]",[100],COC(=O)c1c(Cl)nc(C2CC2)nc1S(=O)(=O)CCC(Cl)(Cl)Cl,,random_balanced,BB-0009,BB-1474,3,2,0.39663941517435725
BB-0380 BB-0121,"[380, 121]",[71],Cc1cc(F)cc(NC(CO)c2cc(C)cc(C)c2)c1,,random_balanced,BB-0380,BB-0121,3,3,0.7004715171574349
BB-0429 BB-1490,"[429, 1490]",[50],CC(C)N(Cc1ccc(Cl)cc1)C(C)(Cc1ccncc1)C(=O)O,,random_balanced,BB-0429,BB-1490,4,1,0.28493039442034485
BB-0554 BB-1266,"[554, 1266]",[63],COc1ccc(-c2cc3c(cc2C)C(=O)CCO3)c2[nH]c(C(=O)O)cc12,,random_balanced,BB-0554,BB-1266,3,4,0.7188848643656625
BB-1997 BB-1732,"[1997, 1732]",[5],O=C(CN1CCC(n2cnc3cccnc32)CC1)Nc1cccc(C(=O)N2CCSCC2)c1,,random_balanced,BB-1997,BB-1732,2,2,0.13256909132849576
BB-0709 BB-0946,"[709, 946]",[107],CCc1cnc(S(=O)c2ccc3nc(O)cnc3c2)n1C(C)c1ccc(F)cc1,,random_balanced,BB-0709,BB-0946,2,1,0.40729615069328184
BB-1403 BB-0882,"[1403, 882]",[37],CCCCCC(N)C(=O)Nc1ccc(CCC)cc1C#N,,random_balanced,BB-1403,BB-0882,3,3,0.4450266415167969
BB-0461 BB-0390,"[461, 390]",[37],CNCCCCC(=O)Nc1ccc2[nH]c(=O)[nH]c2c1,,random_balanced,BB-0461,BB-0390,0,5,0.5163481045424033
BB-0710 BB-0253,"[710, 253]",[103],COCCn1c(CNC(=O)N2C[C@@H]3OC[C@H]2[C@H]3O)nc2cc3c(cc21)OCO3,,random_balanced,BB-0710,BB-0253,2,3,0.5551708529796326
BB-0046 BB-1595,"[46, 1595]",[108],CCOC(=O)c1[nH]c(CN2CCOc3c(C(=O)O)cccc32)cc1C,,random_balanced,BB-0046,BB-1595,1,3,0.783041198552803
BB-0928 BB-0852,"[928, 852]",[78],COc1ccccc1C(O)C1CCN(C(=O)CCc2ccccc2C#N)CC1,,random_balanced,BB-0928,BB-0852,1,3,0.5731299376403107
BB-1192 BB-0970,"[1192, 970]",[15],Cc1cc(C2NC(=O)NC2=O)ccc1SCc1nnnn1-c1ccc(S(C)(=O)=O)cc1,,random_balanced,BB-1192,BB-0970,5,1,0.4136050359342047
BB-1984 BB-0005,"[1984, 5]",[51],COc1nc(COC(=O)CC2CN(C(=O)OC(C)(C)C)CC2(C)C)sc1C,,random_balanced,BB-1984,BB-0005,1,1,0.30689903260368007
BB-1738 BB-1967,"[1738, 1967]",[103],CC(C)(C)OC(=O)N1CCC(CCCNC(=O)NCc2cc(F)cc3c2OCOC3)CC1,,random_balanced,BB-1738,BB-1967,3,1,0.05982443055479242
BB-1749 BB-1114,"[1749, 1114]",[4],CCN(C(=O)C(CC(F)(F)F)c1cccc(Cl)c1)C1CCN(C(=O)OC(C)(C)C)CC1,,random_balanced,BB-1749,BB-1114,2,1,0.4287142345675222
BB-1872 BB-1467,"[1872, 1467]",[41],CS(=O)(=O)c1ccc2nccc(Oc3cccc(-c4c[nH]c(=S)o4)c3)c2c1,,random_balanced,BB-1872,BB-1467,2,1,0.40181112078404896
BB-1478 BB-1062,"[1478, 1062]",[125],Cc1ccc(N2CCC(C(=O)O)(N(CCCCCN=C=S)C(=O)OC(C)(C)C)CC2=O)cc1,,random_balanced,BB-1478,BB-1062,2,3,0.5516668275011575
BB-1822 BB-1978,"[1822, 1978]",[28],Cc1c(CNC(=O)N2CCC(C#N)C23CC3)oc2ccc(Cl)cc12,,random_balanced,BB-1822,BB-1978,5,2,0.5678931599949594
BB-1538 BB-1029,"[1538, 1029]",[41],COC(=O)c1c(C)n(C2CC2)c2ccc(Oc3ccc4c(c3)C(=O)C(C(F)(F)F)C4)cc12,,random_balanced,BB-1538,BB-1029,1,1,0.5776902298324278
BB-1123 BB-1742,"[1123, 1742]",[51],COCC1(C(=O)O[C@H]2C[C@@H](C(=O)O)C[C@@H](C(=O)O)C2)C(C)(C)C1(C)C,,random_balanced,BB-1123,BB-1742,1,3,0.5293241085120459
BB-1805 BB-1507,"[1805, 1507]",[99],CC(C(=O)N(C)C1(C#N)CCCCC1)S(=O)(=O)c1ccc2c(c1)C(=O)CC2,,random_balanced,BB-1805,BB-1507,2,1,0.43956706795659956
BB-1949 BB-0923,"[1949, 923]",[66],Cn1nc(CO)c(Br)c1C(O)c1ccc(O)c(C(F)(F)F)c1,,random_balanced,BB-1949,BB-0923,3,3,0.27680712271138663
BB-1171 BB-1002,"[1171, 1002]",[71],COc1cc(N(C)C2CCOC(c3ccc(F)cc3)C2)c(C(=O)O)cc1S(=O)(=O)Cl,,random_balanced,BB-1171,BB-1002,3,1,0.7760921496052898
BB-1776 BB-0865,"[1776, 865]",[79],Cc1ccc([C@@H]2C[C@H]2C(=O)O)c(N(Cc2ccc(-n3cncn3)cc2)C2CC2)n1,,random_balanced,BB-1776,BB-0865,0,1,0.7455453953445852
BB-1301 BB-1473,"[1301, 1473]",[141],Cc1cc(F)c(C(O)CCCc2cccnc2)cc1[N+](=O)[O-],,random_balanced,BB-1301,BB-1473,1,1,0.5599903493758731
BB-1272 BB-1763,"[1272, 1763]",[127],CC(CF)COC(=O)c1ccn(CCO)c(=O)c1,,random_balanced,BB-1272,BB-1763,1,2,0.5263558232424501
BB-0578 BB-1032,"[578, 1032]",[41],COc1c(C=O)cc(Oc2cc3c4c(c(=O)oc3cc2C)CCCC4)cc1C=O,,random_balanced,BB-0578,BB-1032,2,3,0.6286337190452793
BB-0908 BB-0777,"[908, 777]",[103],O=C(Nc1nc(-c2sccc2F)cs1)Nc1c(Cl)nnc(Cl)c1[N+](=O)[O-],,random_balanced,BB-0908,BB-0777,2,3,0.09959798136448807
BB-1730 BB-0526,"[1730, 526]",[4],Cc1nc(C2CC2)nc(C)c1C(=O)NCC1(O)CS(=O)(=O)C1,,random_balanced,BB-1730,BB-0526,3,1,0.5756846053279155
BB-1843 BB-0496,"[1843, 496]",[71],CC(C)(C)OC(=O)N1CCc2cc(N3CC4CN(C5CC5)CC4C3)c([N+](=O)[O-])cc2C1,,random_balanced,BB-1843,BB-0496,2,1,0.2193314086563101
BB-0460 BB-0261,"[460, 261]",[78],CCc1nn(C)c2ncc(C(=O)N3C(CO)CC34CCC(F)(F)CC4)cc12,,random_balanced,BB-0460,BB-0261,3,2,0.5974172304906006
BB-1656 BB-0573,"[1656, 573]",[4],CN(C(=O)c1cnc2c(c1)NCCO2)c1ncnc2cc(C(=O)O)ccc12,,random_balanced,BB-1656,BB-0573,1,2,0.2983977899387692
BB-0016 BB-0776,"[16, 776]",[30],Cc1nn(C)c(C(N)=O)c1NC(=O)C(=O)Nc1ccc(Br)cc1C(=O)c1ccc(F)cc1,,random_balanced,BB-0016,BB-0776,5,2,0.14238929158951125
BB-1866 BB-1332,"[1866, 1332]",[5],COC(=O)CC(C)(C)c1ccc(Nc2cc(CN)cc(OC(F)(F)F)c2)cc1,,random_balanced,BB-1866,BB-1332,3,4,0.6671029033574928
BB-0928 BB-0358,"[928, 358]",[65],COc1ccc(C(C)C(=O)O)cc1C(=O)c1ccccc1CCC(=O)O,,random_balanced,BB-0928,BB-0358,2,1,0.7375134559695211
BB-1680 BB-0359,"[1680, 359]",[65],[N-]=[N+]=N[C@H]1C[C@@](C(=O)c2cn[nH]c2Cc2ccccc2)(c2ccccc2)C1,,random_balanced,BB-1680,BB-0359,0,1,0.3594109154354608
BB-1269 BB-1599,"[1269, 1599]",[127],Cc1cc2[nH]cnc2cc1COC(=O)C1=CC2CCCC12,,random_balanced,BB-1269,BB-1599,3,1,0.5466761341121817
BB-1794 BB-0558,"[1794, 558]",[119],COC(CC(=O)C(F)(F)F)(NC1CCCN(c2ccc(Cl)cc2Cl)C1=O)OC,,random_balanced,BB-1794,BB-0558,1,5,0.7452280555236961
BB-0471 BB-0678,"[471, 678]",[49],CO[C@H]1C[C@@H](Cn2cnc3c(NCC(C)(C)c4ccc(OCC(C)C)cc4)ncnc32)N(c2cc(C)ncn2)C1,,random_balanced,BB-0471,BB-0678,3,3,0.07761028066010923
BB-1821 BB-0539,"[1821, 539]",[50],CCOC(=O)C1CC(C)CN1C1(C(=O)O)CCN(C(=O)OC(C)(C)C)C(=O)C1,,random_balanced,BB-1821,BB-0539,1,1,0.44332019725794664
BB-1221 BB-0883,"[1221, 883]",[66],COc1ccc(C(O)(CCC(=O)O)CCC(=O)c2ccccc2F)c(Cl)c1,,random_balanced,BB-1221,BB-0883,4,3,0.7194348128317629
BB-1140 BB-0188,"[1140, 188]",[50],CCn1cc(N2CCC(OC(=O)c3cc(C)nc4c(Br)cnn34)(C(=O)O)CC2=O)cn1,,random_balanced,BB-1140,BB-0188,1,1,0.46492351005138055
BB-1708 BB-0875,"[1708, 875]",[98],CC(C)(C)OC(=O)Nc1cccc(C2(C(=O)OCc3cccc(C=O)c3)CCC2)c1,,random_balanced,BB-1708,BB-0875,2,2,0.1470509567281344
BB-1028 BB-1154,"[1028, 1154]",[33],COc1ccc(-n2ncc(C(N)=O)c2NCc2cc3[nH]c(C(=O)O)cc3s2)cc1,,random_balanced,BB-1028,BB-1154,5,2,0.48162381030734186
BB-0292 BB-0496,"[292, 496]",[108],Cc1cc(C)c(C(CCCC(=O)O)N2CC3CN(C4CC4)CC3C2)c(C)c1,,random_balanced,BB-0292,BB-0496,1,2,0.6898208958043469
BB-0092 BB-1842,"[92, 1842]",[125],O=C(O)C(Cc1ccccc1)(c1ccc(Br)s1)n1ncc2cc([N+](=O)[O-])ccc21,,random_balanced,BB-0092,BB-1842,0,2,0.3724071873028062
BB-0122 BB-1993,"[122, 1993]",[99],CCOC(=O)c1c(C)nn(C)c1CS(=O)(=O)c1c(OC)ccc2[nH]c(C(=O)O)cc12,,random_balanced,BB-0122,BB-1993,2,2,0.7431751457127097
BB-0356 BB-1770,"[356, 1770]",[105],COc1ccc2c(c1F)OCCN2C(=O)C(=O)NC(C#N)C(C)C,,random_balanced,BB-0356,BB-1770,3,3,0.3911938052214525
BB-1012 BB-1926,"[1012, 1926]",[36],CC(C)(C)OC(=O)N[C@H](Cc1nc([C@H]2CC[C@@H](C#N)CC2)no1)c1cccc2ccccc12,,random_balanced,BB-1012,BB-1926,0,1,0.556698468949164
BB-1978 BB-0061,"[1978, 61]",[5],N#CC1CCN(c2ccc(-c3cc(C=O)no3)cc2)C12CC2,,random_balanced,BB-1978,BB-0061,3,4,0.3326893988009823
BB-1049 BB-1070,"[1049, 1070]",[89],CC1(C)OB(c2ccc(Sc3ccc4c(c3)C(CC(=O)O)C(=O)N4)c(C=O)c2)OC1(C)C,,random_balanced,BB-1049,BB-1070,3,3,0.19593502269790633
BB-1903 BB-1098,"[1903, 1098]",[116],COc1c(OC[C@H]2OC(=O)[C@@H]3OC(C)(C)O[C@H]23)sc(S(N)(=O)=O)c1OC,,random_balanced,BB-1903,BB-1098,1,4,0.4653963747850491
BB-0833 BB-0806,"[833, 806]",[110],CC(C)NC(=O)n1c(=O)[nH]c2c(C#N)c3n(c2c1=O)CCOC3,,random_balanced,BB-0833,BB-0806,1,2,0.5806514457859617
BB-1446 BB-1879,"[1446, 1879]",[79],CC1(C)CC(CNc2nnco2)OC1(C)C,,random_balanced,BB-1446,BB-1879,4,2,0.2154501432484042
BB-1931 BB-1926,"[1931, 1926]",[127],CC(C)(C)OC(=O)N[C@H](CC(=O)OCc1cccc([N+](=O)[O-])c1)c1cccc2ccccc12,,random_balanced,BB-1931,BB-1926,1,2,0.3938662786660185
BB-1150 BB-0472,"[1150, 472]",[15],CCOC(=O)c1n[nH]c(Sc2cc(C)c([N+](=O)[O-])cc2F)c1C,,random_balanced,BB-1150,BB-0472,2,1,0.6335316981830685
BB-1558 BB-0207,"[1558, 207]",[105],CC(NC(=O)C(=O)NS(=O)(=O)c1ccccc1NC(=O)C1CC1)C(=O)N1CCc2ccccc21,,random_balanced,BB-1558,BB-0207,2,1,0.08464055487553154
BB-1977 BB-1522,"[1977, 1522]",[78],CC(C)(C)OC(=O)N1CC(n2cc(C(=O)N3CCCC(n4ccc(C(=O)O)n4)C3)nn2)C1,,random_balanced,BB-1977,BB-1522,2,2,0.1138260009918176
BB-1547 BB-0889,"[1547, 889]",[41],COC(=O)c1ccc2cc(Sc3c(C(F)(F)F)nc4ccccn34)ccc2c1,,random_balanced,BB-1547,BB-0889,1,3,0.4867805394564874
BB-1296 BB-0474,"[1296, 474]",[30],COc1ccc(Br)c2c1OCCN(C(=O)C(=O)N1CCCn3cc(-c4ccccc4)nc31)C2,,random_balanced,BB-1296,BB-0474,2,1,0.3505766782172846
BB-0918 BB-0301,"[918, 301]",[81],Cc1nc(NS(=O)(=O)Cc2ccc(F)cc2F)c2cccc(Cl)c2n1,,random_balanced,BB-0918,BB-0301,2,2,0.5315996846569924
BB-0383 BB-0182,"[383, 182]",[17],COC(=O)C1C(Oc2ccc3c(c2)OCC3(C)C)O[C@@H](O)[C@@H]2C(CO)=CC[C@H]12,,random_balanced,BB-0383,BB-0182,1,3,0.7686236357986476
BB-1242 BB-0722,"[1242, 722]",[66],Cc1ccc(C2(O)CCOc3cc(C)c(Cl)c(C)c32)nc1N,,random_balanced,BB-1242,BB-0722,3,2,0.5926543716804799
BB-0172 BB-0158,"[172, 158]",[78],O=C1CCC(C(C(=O)O)C(=O)NCCC2CC2(Cl)Cl)N1,,random_balanced,BB-0172,BB-0158,1,2,0.41032403745040774
BB-1653 BB-1217,"[1653, 1217]",[145],Cc1cc(O)cc2c1C(=CC(=O)N1CCN(C)C1=O)CO2,,random_balanced,BB-1653,BB-1217,1,2,0.599258980242941
BB-1210 BB-1466,"[1210, 1466]",[15],O=C1CCC(O)(c2cccc(Sc3cc(NS(=O)(=O)c4cc(Cl)c(Cl)cc4Cl)ccc3F)c2)CC1,,random_balanced,BB-1210,BB-1466,4,4,0.23112752543248669
BB-0324 BB-1678,"[324, 1678]",[30],CCOC(=O)c1sc2ncc(C(=O)OC)cc2c1NC(=O)C(=O)NC(Cc1cc(C(F)(F)F)cnc1Cl)C(=O)O,,random_balanced,BB-0324,BB-1678,4,2,0.14568917208755122
BB-0056 BB-0167,"[56, 167]",[79],Cc1ccc2c(c1)CC(N(C)c1nccn1C(F)F)C2,,random_balanced,BB-0056,BB-0167,2,2,0.41737245184171534
BB-0326 BB-0467,"[326, 467]",[89],COC(=O)c1ccc(Sc2c(C)nn(CCCO)c2C)c2c1CCNC2C,,random_balanced,BB-0326,BB-0467,3,3,0.3832698663190461
BB-0686 BB-1282,"[686, 1282]",[73],CCCCC1CCC(NC(=O)NCc2cccc(NC(=O)COC)c2)CC1,,random_balanced,BB-0686,BB-1282,1,3,0.26074885728939673
BB-1147 BB-0301,"[1147, 301]",[66],COCC(O)(c1ccc2cc(OC)ccc2n1)c1cccc2c(N)nc(C)nc12,,random_balanced,BB-1147,BB-0301,3,3,0.7411630781241375
BB-0480 BB-1760,"[480, 1760]",[50],CCOC(=O)c1sc2c(c1C)c(=O)nnn2C(C)(CCc1ccccc1[N+](=O)[O-])C(=O)O,,random_balanced,BB-0480,BB-1760,2,1,0.6069930784325793
BB-1266 BB-0126,"[1266, 126]",[108],Cc1cc2c(cc1Br)OCCC2N1CC(C)(C)c2ccncc21,,random_balanced,BB-1266,BB-0126,5,1,0.5502917462983212
BB-1394 BB-1734,"[1394, 1734]",[25],Cc1cc(S(=O)(=O)c2ccccc2Cn2cc(N)ccc2=O)ccc1C(C)Br,,random_balanced,BB-1394,BB-1734,2,5,0.6134857140742422
BB-0063 BB-0165,"[63, 165]",[105],O=C(O)CCCc1cc(C(=O)O)ccc1NC(=O)C(=O)N1CCN(c2ccc(Br)cc2C(F)(F)F)CC1,,random_balanced,BB-0063,BB-0165,2,4,0.39694425639438385
BB-0446 BB-0358,"[446, 358]",[4],COc1ccc(C(C)C(=O)NCC(C)Cc2cn[nH]c2)cc1Br,,random_balanced,BB-0446,BB-0358,3,2,0.5483390293210546
BB-0631 BB-1002,"[631, 1002]",[78],CN(C(=O)C1Cc2c(cnn2C)CN1C(=O)OC(C)(C)C)C1CCOC(c2ccc(F)cc2)C1,,random_balanced,BB-0631,BB-1002,1,2,0.4938589105123509
BB-0436 BB-0262,"[436, 262]",[51],CC(C)(C)OC(=O)Nc1cc(OC(F)(F)F)ccc1C(=O)O[C@@H](C(=O)O)c1ccc(C#N)cc1,,random_balanced,BB-0436,BB-0262,2,2,0.2046008242304513
BB-1579 BB-1043,"[1579, 1043]",[78],Cc1cc(C(=O)N2CCN(CC(=O)c3cccs3)CC2)c2cc(Cl)ccc2n1,,random_balanced,BB-1579,BB-1043,2,3,0.7018935456493112
BB-1844 BB-0496,"[1844, 496]",[79],COc1ccc(N2CC3CN(C4CC4)CC3C2)c(-c2cc(C(=O)O)on2)c1,,random_balanced,BB-1844,BB-0496,2,3,0.702246133620665
BB-0338 BB-0449,"[338, 449]",[91],COc1cc(F)cc(C(CC(=O)O)Oc2ccc(Br)cc2[N+](=O)[O-])c1,,random_balanced,BB-0338,BB-0449,0,1,0.3495971298860736
BB-1323 BB-0174,"[1323, 174]",[4],CCS(=O)(=O)N(C(=O)/C=C/c1cc(Cl)c2c(c1)OCCCO2)C1CCCNC1,,random_balanced,BB-1323,BB-0174,2,3,0.43730900387880683
BB-1362 BB-1942,"[1362, 1942]",[71],CCC(Nc1cccc(Cl)c1C(C)=O)c1nc(C)n[nH]1,,random_balanced,BB-1362,BB-1942,2,2,0.3807976545715442
BB-0945 BB-0044,"[945, 44]",[78],CC(C)Nc1ccc(S(=O)(=O)NCC(=O)N(C)Cc2ccc(Br)cc2F)cc1[N+](=O)[O-],,random_balanced,BB-0945,BB-0044,2,3,0.5141197987437051
BB-1557 BB-1459,"[1557, 1459]",[103],CC(C)c1nnc(CNC(=O)N[C@H]2CCCN(Cc3ccccc3)C2)s1,,random_balanced,BB-1557,BB-1459,3,3,0.5201513261451616
BB-0609 BB-1248,"[609, 1248]",[71],CCCC(CNc1c(C(=O)O)cnc(N(C)C)c1F)C(=O)OCC,,random_balanced,BB-0609,BB-1248,2,5,0.7017629627703403
BB-1252 BB-1386,"[1252, 1386]",[44],COC(=O)c1ccc(C2(N(C)C(C3OCCN(C(=O)OC(C)(C)C)CC3=O)N(C)C)CC2)o1,,random_balanced,BB-1252,BB-1386,1,2,0.48231881263519033
BB-0430 BB-0653,"[430, 653]",[25],CC(C)(C)OC(=O)c1cccc(N)c1S(=O)(=O)c1cnc2ccc(C(F)(F)F)cc2n1,,random_balanced,BB-0430,BB-0653,3,2,0.5998162982855131
BB-1756 BB-0885,"[1756, 885]",[30],Cc1ccc(-c2cnccn2)cc1NC(=O)C(=O)N1CCC(C(=O)N2CCCCCC2)CC1,,random_balanced,BB-1756,BB-0885,1,1,0.08166100537823266
BB-0776 BB-1385,"[776, 1385]",[28],CC(C1CC1)N(Cc1ccccc1O)C(=O)Nc1ccc(Br)cc1C(=O)c1ccc(F)cc1,,random_balanced,BB-0776,BB-1385,3,2,0.5661996889704466
BB-1923 BB-0307,"[1923, 307]",[105],CC(C)(C)OC(=O)NC1(C2CCN(C(=O)C(=O)N3CC[C@H](CF)C3)CC2)CCC1,,random_balanced,BB-1923,BB-0307,1,2,0.14201889751897098
BB-1093 BB-1458,"[1093, 1458]",[70],CCOC(=O)c1cc(C=CCC=C(F)F)oc1C(C)C,,random_balanced,BB-1093,BB-1458,2,1,0.6075418123522469
BB-1429 BB-1461,"[1429, 1461]",[15],CC1(C#N)Cc2cccc(S[C@@H]3CCC4(CN)CO[C@@H]3C4)c21,,random_balanced,BB-1429,BB-1461,3,2,0.3467401711993927
BB-1553 BB-1100,"[1553, 1100]",[38],NC1CCc2cc(-c3cc(C(F)F)c(F)cc3F)ccc2NC1=O,,random_balanced,BB-1553,BB-1100,2,4,0.5579187986128314
BB-0204 BB-0319,"[204, 319]",[30],CCc1noc(CC2CCOC3(CCN(C(=O)C(=O)NCCc4nnc5ccccn45)CC3)C2)n1,,random_balanced,BB-0204,BB-0319,2,2,0.19810553841193013
BB-1189 BB-1190,"[1189, 1190]",[99],COC(=O)c1cnn(C)c1CCS(=O)(=O)c1cc(F)ccc1OCc1ccc(C(=O)O)s1,,random_balanced,BB-1189,BB-1190,2,2,0.6628171392402157
BB-0414 BB-1408,"[414, 1408]",[125],CC(C(=O)O)(C1=Cc2ccccc2OC1)n1ccc(C(F)(F)C(F)(F)F)n1,,random_balanced,BB-0414,BB-1408,1,3,0.7062183555216327
BB-0908 BB-1393,"[908, 1393]",[4],Cc1nc2cc(Br)ccc2c(C)c1C(=O)Nc1c(Cl)nnc(Cl)c1[N+](=O)[O-],,random_balanced,BB-0908,BB-1393,3,1,0.5005373893011476
BB-1954 BB-1764,"[1954, 1764]",[112],CC(C)(C)OC(=O)NC1CC2(C1)C1CCCN1CCN2C(=O)c1ccc(C2(O)CCNC2)cc1,,random_balanced,BB-1954,BB-1764,4,6,0.4694457257326829
BB-1513 BB-0256,"[1513, 256]",[30],CCCN(Cc1ccccc1O)C(=O)C(=O)N(O)Cc1ccccc1,,random_balanced,BB-1513,BB-0256,1,2,0.38259365958355673
BB-1548 BB-0972,"[1548, 972]",[125],Cc1ccc(C=C2C(=O)NC(=O)N2C(C(=O)O)(C(=O)O)c2cnn(C(C)(C)C)c2)cc1,,random_balanced,BB-1548,BB-0972,2,3,0.7239653382729411
BB-1863 BB-0908,"[1863, 908]",[78],CC(N)(C(=O)Nc1c(Cl)nnc(Cl)c1[N+](=O)[O-])c1ccc(C(F)(F)F)cc1,,random_balanced,BB-1863,BB-0908,2,4,0.5321541779020948
BB-1747 BB-1270,"[1747, 1270]",[15],NNc1cc(F)c(Sc2cc(C(=O)O)cnc2O)cc1Cl,,random_balanced,BB-1747,BB-1270,3,2,0.24244757609194872
BB-0219 BB-1589,"[219, 1589]",[81],CCCN(c1ccc(C)c(Cl)c1)S(=O)(=O)c1cnn(-c2ccccn2)c1C,,random_balanced,BB-0219,BB-1589,1,1,0.7338282629711665
BB-1652 BB-0615,"[1652, 615]",[114],COCc1nnc(-c2ccoc2CCN)o1,,random_balanced,BB-1652,BB-0615,3,2,0.18030639020503147
BB-0253 BB-0539,"[253, 539]",[105],CCOC(=O)C1CC(C)CN1C(=O)C(=O)NCc1nc2cc3c(cc2n1CCOC)OCO3,,random_balanced,BB-0253,BB-0539,4,2,0.5875406691012729
BB-0659 BB-1782,"[659, 1782]",[105],Cc1noc(C2CN(C(=O)C(=O)NC(C3CC3)C3(CO)CCCO3)CC23COC3)n1,,random_balanced,BB-0659,BB-1782,1,4,0.5212355290148502
BB-1901 BB-1929,"[1901, 1929]",[37],CC(C)n1ncc(NC(=O)C(NC(=O)OC(C)(C)C)C(F)(F)F)c1Cl,,random_balanced,BB-1901,BB-1929,3,5,0.22959494188063417
BB-0765 BB-0590,"[765, 590]",[49],Cc1nc(N)nc(-n2cnc3c(NC(CC(=O)O)Cc4ccc([N+](=O)[O-])cc4)ncnc32)n1,,random_balanced,BB-0765,BB-0590,3,2,0.14741535259884345
BB-0160 BB-1253,"[160, 1253]",[28],O=C(NCc1c(F)cccc1OC(F)(F)F)Nc1cc(Cl)ccc1C(=O)C1CCCOC1,,random_balanced,BB-0160,BB-1253,2,5,0.5771942340016096
BB-1438 BB-0340,"[1438, 340]",[111],NC(=O)c1ccc(/C=C/c2nc(-c3ccc(C(=O)CBr)cc3[N+](=O)[O-])no2)o1,,random_balanced,BB-1438,BB-0340,2,3,0.18105473370889785
BB-0615 BB-1829,"[615, 1829]",[39],COCc1nnc(Cc2cnn3c2CCCC3)o1,,random_balanced,BB-0615,BB-1829,3,1,0.17167923933259946
BB-0940 BB-1127,"[940, 1127]",[63],O=C1NCCOc2cc(F)c(-c3c(O)ccc4ncnn34)cc21,,random_balanced,BB-0940,BB-1127,1,2,0.4540851670625951
BB-0099 BB-0482,"[99, 482]",[79],COC(=O)c1ccc(CCNCc2ccsc2Br)c(Cl)c1,,random_balanced,BB-0099,BB-0482,1,4,0.4281257960551496
BB-1962 BB-0385,"[1962, 385]",[79],Cc1ccc(N2CCN(c3cccc(Br)c3CBr)CC2=O)o1,,random_balanced,BB-1962,BB-0385,3,2,0.6686608407410137
BB-0694 BB-1308,"[694, 1308]",[30],Cc1ncsc1C(=O)N1CCCN(C(=O)C(=O)N[C@H]2CCCC[C@H]2c2ccccc2)CC1,,random_balanced,BB-0694,BB-1308,0,0,0.4105478745500552
BB-1342 BB-0932,"[1342, 932]",[114],C[C@H]1CN(C)C[C@@H](c2nnc(C3CC4CCC3CN(C(=O)OCC3c5ccccc5-c5ccccc53)C4)o2)O1,,random_balanced,BB-1342,BB-0932,2,2,0.23503662199527353
BB-1124 BB-0926,"[1124, 926]",[78],CCC[C@H](NC(=O)OCC1c2ccccc2-c2ccccc21)C(=O)Nc1nccc2c1CN(C(=O)OC(C)(C)C)CC2,,random_balanced,BB-1124,BB-0926,0,4,0.07013541252369461
BB-0175 BB-1414,"[175, 1414]",[141],CCC1Oc2c(F)cc(Br)cc2C1(O)c1ccc(S(=O)(=O)C23CC(C2)C3)cc1,,random_balanced,BB-0175,BB-1414,0,2,0.5604382664959279
BB-0510 BB-0166,"[510, 166]",[68],COc1cccc(C#Cc2ccc(CO)cc2C(F)(F)F)n1,,random_balanced,BB-0510,BB-0166,3,3,0.46978475982203083
BB-1532 BB-1719,"[1532, 1719]",[48],Cc1ccnc(-n2ncc(Cn3cc(CNCC4CC5CCC4N(C)C5)nn3)c2C)c1,,random_balanced,BB-1532,BB-1719,1,1,0.17294095896806
BB-1419 BB-0183,"[1419, 183]",[146],COC(=O)c1cc(Br)c(Nc2cnc3c(F)cccc3n2)c(C)n1,,random_balanced,BB-1419,BB-0183,2,2,0.391031838041866
BB-0183 BB-0137,"[183, 137]",[89],CC(C)(C)OC(=O)c1cc(Cl)ccc1Sc1cnc2c(F)cccc2n1,,random_balanced,BB-0183,BB-0137,3,3,0.6397640894023394
BB-0264 BB-0308,"[264, 308]",[103],CNc1ncc(F)cc1NC(=O)NCc1ccc2oc(C(C)C)nc2c1,,random_balanced,BB-0264,BB-0308,4,4,0.33857251776355535
BB-1337 BB-0112,"[1337, 112]",[78],Cn1nc(NC(=O)Cc2c(Br)cc(F)cc2C#N)cc1C1CC1,,random_balanced,BB-1337,BB-0112,1,3,0.5308944194974642
BB-1878 BB-0852,"[1878, 852]",[116],COc1ccccc1C(Oc1ccc([C@H]2CCN(C(=O)OCC3c4ccccc4-c4ccccc43)[C@@H]2C(=O)O)cc1)C1CCNCC1,,random_balanced,BB-1878,BB-0852,2,4,0.04351363553065713
BB-0302 BB-1491,"[302, 1491]",[78],O=C(NC1CCc2cc(F)cc(F)c21)c1ccc(C2CC2)cc1F,,random_balanced,BB-0302,BB-1491,2,1,0.5924400942124274
BB-1774 BB-1041,"[1774, 1041]",[119],CCC1CCCC(CNC2CS(=O)(=O)CC2S(=O)(=O)Nc2ccc(Cl)cc2)CC1,,random_balanced,BB-1774,BB-1041,2,2,0.3595301558213328
BB-0730 BB-1910,"[730, 1910]",[28],CC(O)C(NC(=O)N1CC[C@H](C(=O)O)C[C@@H]1c1ccccc1)c1ccccc1F,,random_balanced,BB-0730,BB-1910,1,2,0.6072954829505969
BB-1927 BB-0239,"[1927, 239]",[50],CC(C)(C)C1OCCCC1(C(=O)O)N(C(=O)OCC1c2ccccc2-c2ccccc21)C(c1ccccc1)C(C)(C)C(=O)O,,random_balanced,BB-1927,BB-0239,2,1,0.22800244896412525
BB-0474 BB-1400,"[474, 1400]",[141],COc1ccc(C(O)c2c(C(=O)O)cc3n2CCCC3)c2c1OCCNC2,,random_balanced,BB-0474,BB-1400,2,1,0.8205279893897524
BB-1331 BB-0776,"[1331, 776]",[33],CC1CC(=O)c2cc(NC(c3ccc(F)cc3)c3cc(Br)ccc3N)cnc2C1,,random_balanced,BB-1331,BB-0776,1,4,0.6353215233271932
BB-0329 BB-0088,"[329, 88]",[127],Cc1cc(C)c([N+](=O)[O-])cc1COC(=O)C1CCC1CS(C)(=O)=O,,random_balanced,BB-0329,BB-0088,1,2,0.6118282262710929
BB-0633 BB-0927,"[633, 927]",[68],Cc1nc2cc(C#CCN(C)C(N)=NC(=N)N)ccc2n1C,,random_balanced,BB-0633,BB-0927,2,1,0.39725859818370474
BB-1658 BB-1095,"[1658, 1095]",[50],COc1cccc(C=CC(C)(OC(=O)C2(c3ccc(Br)cc3)CCN(C(=O)OC(C)(C)C)C2)C(=O)O)c1,,random_balanced,BB-1658,BB-1095,2,2,0.2778764124470356
BB-1357 BB-0621,"[1357, 621]",[48],COc1ccc(-n2cc(CNc3ccnc(F)c3Br)nn2)c(F)c1,,random_balanced,BB-1357,BB-0621,2,1,0.3310900037926979
BB-1688 BB-0231,"[1688, 231]",[116],O=C(O)C=Cc1cc(O)c(Oc2cc([N+](=O)[O-])ccc2C(=O)O)c(O)c1,,random_balanced,BB-1688,BB-0231,2,1,0.21862790808021076
BB-1801 BB-1865,"[1801, 1865]",[71],CSc1cccc(C(Nc2cccnc2OC(F)F)c2ccc(F)cc2F)c1,,random_balanced,BB-1801,BB-1865,3,3,0.6419638649055196
BB-1024 BB-1243,"[1024, 1243]",[50],CC(C)CN1C(=O)C(C(=O)O)(n2c3c(c4cc(O)ccc42)CC(C(=O)O)NC3)c2ccccc21,,random_balanced,BB-1024,BB-1243,0,2,0.7746843090196067
BB-0334 BB-0421,"[334, 421]",[28],CCOC(=O)c1cnn2c(-c3cccc(NC(=O)N(CCOC)CCC(F)(F)F)c3)ccnc12,,random_balanced,BB-0334,BB-0421,5,2,0.3116723440000856
BB-0052 BB-1417,"[52, 1417]",[65],Cc1oc(C)c(C(=O)Nc2cccc(OCC(=O)c3nccn4c(C(F)(F)F)ncc34)c2)c1C,,random_balanced,BB-0052,BB-1417,0,3,0.15175771768244745
BB-0175 BB-0209,"[175, 209]",[141],CCn1c(C(=O)O)c(C(O)c2ccc(S(=O)(=O)C34CC(C3)C4)cc2)c2ccccc21,,random_balanced,BB-0175,BB-0209,1,0,0.4892526455173656
BB-0996 BB-1337,"[996, 1337]",[127],N#Cc1cc(F)cc(Br)c1CC(=O)OC1(C(F)(F)F)CC(CN)(c2ccccc2)C1,,random_balanced,BB-0996,BB-1337,3,2,0.4817272147843626
BB-0184 BB-0750,"[184, 750]",[65],COc1cc(C(=O)c2ccc(C=O)c(Br)c2)ccc1C(N)CO,,random_balanced,BB-0184,BB-0750,3,4,0.6428294917174948
BB-0827 BB-0671,"[827, 671]",[126],CC(C)C(COC(=O)C12CCCCCC1N(C(=O)OC(C)(C)C)CC2)C(=O)O,,random_balanced,BB-0827,BB-0671,3,2,0.42956330299017764
BB-1116 BB-1191,"[1116, 1191]",[5],Cc1nn(C)c(N2CCN(CCCN(C)c3ccccc3)CC2)c1C#N,,random_balanced,BB-1116,BB-1191,3,1,0.505716757869223
BB-1831 BB-1616,"[1831, 1616]",[105],O=C(NCc1nc(-c2ccc(F)cc2)c[nH]1)C(=O)Nc1ccc2c(c1)N(Cc1ccc(F)cc1)CC2,,random_balanced,BB-1831,BB-1616,1,3,0.050706290677762965
BB-1031 BB-0200,"[1031, 200]",[125],COC(=O)c1cc(C(CCC(=O)O)(C(=O)O)N(C(=O)OC(C)(C)C)C2CCCN(S(C)(=O)=O)C2)c[nH]1,,random_balanced,BB-1031,BB-0200,3,3,0.426161062507163
BB-0234 BB-0457,"[234, 457]",[108],O=C(O)CC1CCC(NC2(c3nc(C4CCOCC4)no3)CCOCC2)c2ccccc21,,random_balanced,BB-0234,BB-0457,5,3,0.7787937475192126
BB-1215 BB-1474,"[1215, 1474]",[68],CCOC(=O)C1(C#Cc2nc(C3CC3)nc(Cl)c2C(=O)OC)CCC1,,random_balanced,BB-1215,BB-1474,2,3,0.5337166091373841
BB-1828 BB-1963,"[1828, 1963]",[105],CC(C)(C)OC(=O)N1CCN(C2(C)CN(C(=O)C(=O)NC3(Cc4ccc(F)cc4F)CCCCC3)C2)CC1,,random_balanced,BB-1828,BB-1963,2,2,0.05847151051167236
BB-0307 BB-1379,"[307, 1379]",[146],CC(C)(C)OC(=O)NC1(C2CCN(c3ncccc3N=[N+]=[N-])CC2)CCC1,,random_balanced,BB-0307,BB-1379,3,2,0.5623840990996408
BB-0155 BB-0321,"[155, 321]",[44],COC(=O)C1CCCCC1(NC(CC(=O)O)c1ccc(F)cc1)B1OC(C)(C)C(C)(C)O1,,random_balanced,BB-0155,BB-0321,1,0,0.4563510502398918
BB-1304 BB-0677,"[1304, 677]",[19],C=CCCCOC(=O)C(CC)N(Cc1ccco1)C(=O)NC(Cc1nccn1C(F)F)c1ccccc1,,random_balanced,BB-1304,BB-0677,2,4,0.518493374453831
BB-1079 BB-0217,"[1079, 217]",[105],Cc1ccc2c(c1)CC(C)N(C(=O)C(=O)NCc1cccc(B3OC(C)(C)C(C)(C)O3)c1)C2,,random_balanced,BB-1079,BB-0217,0,3,0.20709438666587932
BB-1927 BB-1043,"[1927, 1043]",[50],CC(C)(C)C1OCCCC1(C(=O)O)N1CCN(CC(=O)c2cccs2)CC1,,random_balanced,BB-1927,BB-1043,3,4,0.6418197255815574
BB-0643 BB-0474,"[643, 474]",[41],COc1ccc(OCCCCCC=O)c2c1OCCNC2,,random_balanced,BB-0643,BB-0474,1,3,0.7422945500344615
BB-1138 BB-0853,"[1138, 853]",[71],COc1ccc2c(c1)C(Nc1cccc(-n3nc4c(c3N)CCC4)c1)C(OC)CC2,,random_balanced,BB-1138,BB-0853,4,1,0.5599175282319018
BB-0927 BB-0556,"[927, 556]",[89],Cc1cc(Sc2ccc3c(c2)nc(C)n3C)ccc1CCN,,random_balanced,BB-0927,BB-0556,2,2,0.27692191906660985
BB-1928 BB-1130,"[1928, 1130]",[126],Cc1cc(C)n2nc(C(=O)OCc3ccc(Cl)c(C)c3Cl)nc2n1,,random_balanced,BB-1928,BB-1130,2,1,0.30639959450609244
BB-1919 BB-1934,"[1919, 1934]",[108],Cc1cccc(NCc2nc(N(C)C)n(-c3ccc(Br)cc3)c2Cl)c1C(=O)O,,random_balanced,BB-1919,BB-1934,6,4,0.7225170499134511
BB-1249 BB-0682,"[1249, 682]",[111],CSc1nn(C)c(N)c1-c1noc(CNC(=O)c2cccc(OC(F)F)c2)n1,,random_balanced,BB-1249,BB-0682,1,3,0.4517667210730259
BB-0874 BB-1005,"[874, 1005]",[100],CN1C(=C(C#N)C(=O)CS(=O)(=O)CC(=O)N2CCc3[nH]c4ccccc4c3C2)Nc2ccccc21,,random_balanced,BB-0874,BB-1005,2,2,0.2896377535353741
BB-0319 BB-1855,"[319, 1855]",[30],COC(=O)C(CNC(=O)C(=O)NCCc1nnc2ccccn12)c1ccc(C)cc1,,random_balanced,BB-0319,BB-1855,3,2,0.10623233202375211
BB-0280 BB-1787,"[280, 1787]",[81],COC(CS(=O)(=O)NCc1cnc(N)c(Br)c1)C1CC1,,random_balanced,BB-0280,BB-1787,1,1,0.5361688745074067
BB-1188 BB-0599,"[1188, 599]",[30],CC1CN(Cc2ccccc2CNC(=O)C(=O)NC(Cn2cnc3ccccc32)C(=O)O)CC(C)O1,,random_balanced,BB-1188,BB-0599,2,2,0.1200693590920787
BB-0005 BB-1400,"[5, 1400]",[126],COc1nc(COC(=O)c2cc3n(c2C=O)CCCC3)sc1C,,random_balanced,BB-0005,BB-1400,2,2,0.5754998345845778
BB-0527 BB-1173,"[527, 1173]",[15],O=c1[nH]c(=O)n([C@@H]2O[C@H](CO)[C@@H](O)[C@H]2O)cc1SC1(Cl)CCCNS1(=O)=O,,random_balanced,BB-0527,BB-1173,2,3,0.2297026371779536
BB-1094 BB-0246,"[1094, 246]",[124],CCC1CCC(Nc2ncnc3c2ncn3C(Cc2ccc(O)c(O)c2)C(=O)O)(C2=NCCN2)CC1,,random_balanced,BB-1094,BB-0246,2,1,0.28095540556465787
BB-0292 BB-0483,"[292, 483]",[66],Cc1cc(C)c(C(O)(CCCC(=O)O)c2cnn(C)c2CNC(=O)OC(C)(C)C)c(C)c1,,random_balanced,BB-0292,BB-0483,2,2,0.6904685977355248
BB-0156 BB-1400,"[156, 1400]",[4],CC(C)CC(NC(=O)c1cc2n(c1C=O)CCCC2)C1CC1c1ccccc1,,random_balanced,BB-0156,BB-1400,2,3,0.5268209077941101
BB-0111 BB-0089,"[111, 89]",[65],Cc1ccc(C2(C(=O)c3ccc4c(c3F)C3(CNCC(C)C3)OC(=O)N4)CCOCC2)cc1,,random_balanced,BB-0111,BB-0089,1,3,0.6360894877940912
BB-1228 BB-0736,"[1228, 736]",[107],CN1CC(S(=O)c2ccc(CN3CCC(=NO)CC3)cc2)CC1=O,,random_balanced,BB-1228,BB-0736,2,2,0.22888211380474632
BB-0818 BB-1681,"[818, 1681]",[30],CCOC(=O)c1ccc(CNC(=O)C(=O)NC(C)(C)COc2ccc(C(F)(F)F)cn2)o1,,random_balanced,BB-0818,BB-1681,2,2,0.11208388292389317
BB-0444 BB-0216,"[444, 216]",[66],CCCCCC(O)(CC)c1nccc2nc(N)ccc12,,random_balanced,BB-0444,BB-0216,2,2,0.7388228416159812
BB-0047 BB-1662,"[47, 1662]",[108],CCc1nc2ccccc2n1C1CCCN(Cc2cc3c(s2)CCOC3)C1,,random_balanced,BB-0047,BB-1662,1,3,0.4659829894264974
BB-0717 BB-1790,"[717, 1790]",[124],COc1ccc(NCC2CC2)c(-n2cnc3c(NC(C)CCCCN)ncnc32)c1,,random_balanced,BB-0717,BB-1790,5,2,0.33911823980853356
BB-1559 BB-1023,"[1559, 1023]",[78],O=C(CNC(=O)c1ccc(CS(=O)(=O)c2c(Cl)cccc2Cl)o1)c1ccc([N+](=O)[O-])cc1,,random_balanced,BB-1559,BB-1023,3,3,0.12357543485946892
BB-1008 BB-0768,"[1008, 768]",[38],N#Cc1c(F)cccc1-c1cccc(C(N)CC(=O)O)c1,,random_balanced,BB-1008,BB-0768,1,5,0.3607427124609704
BB-1786 BB-1662,"[1786, 1662]",[30],CCc1nc2ccccc2n1C1CCCN(C(=O)C(=O)N2CCCCC2c2nc3ccccc3s2)C1,,random_balanced,BB-1786,BB-1662,2,4,0.49249335159124175
BB-1074 BB-1161,"[1074, 1161]",[89],Cc1nc(Sc2ccc(C(=O)O)cc2N2CCCC2=O)ccc1B(O)O,,random_balanced,BB-1074,BB-1161,3,1,0.5628483663829565
BB-1179 BB-1868,"[1179, 1868]",[1],Nc1cc(F)c2c(c1)CC(=Cc1c(C(=O)O)[nH]c3cc(Br)ccc13)C(=O)N2,,random_balanced,BB-1179,BB-1868,1,3,0.6993590247078043
BB-1035 BB-0505,"[1035, 505]",[30],CCOC(=O)CC1CCC2(CC1)CCN(C(=O)C(=O)Nc1c(C(=O)OCC)cnc3ncnn13)CC2,,random_balanced,BB-1035,BB-0505,2,5,0.2149719144970853
BB-1141 BB-0665,"[1141, 665]",[65],[N-]=[N+]=NCc1cc(C(=O)CC(=O)N2CCN(C(=O)Nc3ccccc3)CC2)ccc1F,,random_balanced,BB-1141,BB-0665,3,2,0.34709852424629783
BB-1693 BB-0401,"[1693, 401]",[79],CC(C)(C)n1nc(N2CCCC(c3ncc(C(F)(F)F)[nH]3)C2)c2c(O)ncnc21,,random_balanced,BB-1693,BB-0401,4,2,0.8385637482767186
BB-1576 BB-0746,"[1576, 746]",[125],CC(C)CC1CCC(OC(=O)c2cnc3c(c2)CCNC3)(C(=O)O)C1,,random_balanced,BB-1576,BB-0746,4,1,0.5456102823832749
BB-1442 BB-1838,"[1442, 1838]",[68],COC1(C#Cc2ccnc3ccc(S(=O)(=O)C(C)C)cc23)CCCCC1,,random_balanced,BB-1442,BB-1838,0,2,0.32639326197943386
BB-1222 BB-0722,"[1222, 722]",[37],Cc1ccc(Cl)nc1NC(=O)C1CCC2(CC(N=[N+]=[N-])C2)C1,,random_balanced,BB-1222,BB-0722,2,3,0.6194058395484507
BB-0726 BB-1350,"[726, 1350]",[79],CC(C)(O)C(=O)c1cccc(NC(c2cc(Cl)cc(Cl)c2)C(F)(F)C(=O)O)c1,,random_balanced,BB-0726,BB-1350,4,2,0.7253690555595204
BB-1339 BB-1369,"[1339, 1369]",[138],COC(=O)C(N)c1cc(C)cc(-c2c(C)n(C3CC3)cc(C(=O)O)c2=O)c1,,random_balanced,BB-1339,BB-1369,1,1,0.8007594719208366
BB-1980 BB-1092,"[1980, 1092]",[116],CCC1(COc2ccc(N)cc2)CCCC1,,random_balanced,BB-1980,BB-1092,3,4,0.3225637316534297
BB-0913 BB-0026,"[913, 26]",[41],CCn1c(C)cc(OC#N)cc1=O,,random_balanced,BB-0913,BB-0026,2,1,0.07159107211248117
BB-0736 BB-0565,"[736, 565]",[15],ON=C1CCN(Cc2ccc(Sc3ccc(Cl)c(OCC4CO4)c3)cc2)CC1,,random_balanced,BB-0736,BB-0565,3,1,0.251744577533282
BB-1051 BB-1637,"[1051, 1637]",[79],COc1c(N(c2cnn(CC(=O)O)c2)c2nc(=NCc3c(F)cc(F)cc3F)c(F)c[nH]2)ccc2nccn12,,random_balanced,BB-1051,BB-1637,2,2,0.47714143623387134
BB-0769 BB-1310,"[769, 1310]",[125],Cc1cc(C(CCl)(C(=O)O)n2cc([N+](=O)[O-])c(-c3ccncc3)n2)c(C)[nH]1,,random_balanced,BB-0769,BB-1310,0,4,0.7440521435935981
BB-0523 BB-0804,"[523, 804]",[49],Cn1c(=O)c2c(nc(NCCNc3ncnc4c3ncn4-c3oc4ccc(F)cc4c(=O)c3C=O)n2Cc2ccc(Cl)cc2Cl)n(C)c1=O,,random_balanced,BB-0523,BB-0804,2,3,0.037101519163467524
BB-1001 BB-1807,"[1001, 1807]",[71],O=C(O)c1cccc(COc2ccc(N3CCC[C@@H]3Cn3cncn3)cc2)c1,,random_balanced,BB-1001,BB-1807,3,4,0.4916108622708384
BB-0357 BB-1662,"[357, 1662]",[71],CCc1nc2ccccc2n1C1CCCN(c2cc(C)c3nc(C(=O)OC)ccc3c2)C1,,random_balanced,BB-0357,BB-1662,2,5,0.7121676212949295
BB-1975 BB-1808,"[1975, 1808]",[71],COc1ccc(Br)cc1CC(Nc1ccc(N2CCNCC2)cc1)C(=O)O,,random_balanced,BB-1975,BB-1808,2,2,0.7236813487706338
BB-0645 BB-0543,"[645, 543]",[66],COC(=O)C1CC(c2ccc(C(O)(/C(=N/N=C/c3ccc4c(c3)OCO4)c3ccccc3)c3ccccc3)cc2)C1,,random_balanced,BB-0645,BB-0543,1,3,0.19807133467327617
BB-0383 BB-0878,"[383, 878]",[41],CNCc1cc2c(cc1Oc1ccc3c(c1)OCC3(C)C)OCO2,,random_balanced,BB-0383,BB-0878,2,2,0.6581737207018925
BB-1367 BB-1604,"[1367, 1604]",[103],COc1ccc(-c2cc(NC(=O)NC(C)(C)c3ccc4c(c3)OCO4)[nH]n2)cc1C,,random_balanced,BB-1367,BB-1604,2,3,0.11589864001331453
BB-1987 BB-1874,"[1987, 1874]",[15],COc1ccc(-c2nc(CSc3cncc(C4(C#N)CCC4)c3)cs2)cc1OC,,random_balanced,BB-1987,BB-1874,2,3,0.09668157913840274
BB-1246 BB-1894,"[1246, 1894]",[25],Cc1c(NC(=O)CC#N)cccc1S(=O)(=O)C(C)C,,random_balanced,BB-1246,BB-1894,1,2,0.5191325625191697
BB-1055 BB-0146,"[1055, 146]",[108],COCC(C)(C)CC(NCC1(c2cccc(C(F)(F)F)c2)CCOCC1)c1ccc2c(c1)OCC2(C)C,,random_balanced,BB-1055,BB-0146,2,4,0.4997773585045614
BB-0214 BB-1079,"[214, 1079]",[105],Cc1ccc2c(c1)CC(C)N(C(=O)C(=O)N1CC(=O)c3c1n(CC(C)C)c(=O)n(C)c3=O)C2,,random_balanced,BB-0214,BB-1079,4,1,0.6995923903228012
BB-0424 BB-0774,"[424, 774]",[108],COCCNC(=O)c1c(NC2C(=O)N(CCC(=O)O)c3cc(F)ccc32)sc2c1CCCC2,,random_balanced,BB-0424,BB-0774,2,3,0.6206835107036506
BB-1019 BB-0851,"[1019, 851]",[50],C=CCOc1c(C)cccc1C(=O)OC(C)(C(=O)O)c1c(C)[nH]c(-c2ccco2)nc1=O,,random_balanced,BB-1019,BB-0851,2,3,0.4294836384297474
BB-1340 BB-0214,"[1340, 214]",[108],COc1ccc2c(c1)C(C)(C)CC2N1CC(=O)c2c1n(CC(C)C)c(=O)n(C)c2=O,,random_balanced,BB-1340,BB-0214,0,5,0.7066339777939785
BB-1895 BB-0094,"[1895, 94]",[89],Cc1cc(C)c([N+](=O)[O-])cc1CSc1cc(Cl)c(C(F)(F)F)cc1[N+](=O)[O-],,random_balanced,BB-1895,BB-0094,3,5,0.33805233959831554
BB-1922 BB-1664,"[1922, 1664]",[30],O=C(C(=O)N1CCCCc2cc(Cl)ccc21)N1CCC(c2cccc(Cl)c2F)CC1,,random_balanced,BB-1922,BB-1664,5,4,0.5717129057594843
BB-0750 BB-1219,"[750, 1219]",[100],COC(=O)c1cccc(S(=O)(=O)c2ccc(C(N)CO)c(OC)c2)c1OC,,random_balanced,BB-0750,BB-1219,5,2,0.5965192144563837
BB-1402 BB-0068,"[1402, 68]",[41],CC(=O)Nc1ccc(-c2cc(=O)c3ccc(Oc4cc([N+](=O)[O-])cc5c4OCC5)cc3o2)cc1,,random_balanced,BB-1402,BB-0068,1,1,0.298372824675761
BB-1510 BB-0292,"[1510, 292]",[125],Cc1cc(C)c(C(CCCC(=O)O)(OC(=O)[C@@H]2CCCN2C2=NS(=O)(=O)c3ccccc32)C(=O)O)c(C)c1,,random_balanced,BB-1510,BB-0292,3,3,0.5474647965658754
BB-0441 BB-0113,"[441, 113]",[33],CCCCCC(c1c(O)cc(O)cc1O)N1CCc2nc(C3CCC3)[nH]c2C1,,random_balanced,BB-0441,BB-0113,2,1,0.7618741574579698
BB-0763 BB-0527,"[763, 527]",[5],CC(C)(CNc1cn([C@@H]2O[C@H](CO)[C@@H](O)[C@H]2O)c(=O)[nH]c1=O)c1cc[nH]c(=O)c1,,random_balanced,BB-0763,BB-0527,2,3,0.6359258951085859
BB-1610 BB-0216,"[1610, 216]",[37],CCc1cc(C(=O)Nc2ccc3c(Br)nccc3n2)c2c(C)nn(-c3ccccc3)c2n1,,random_balanced,BB-1610,BB-0216,2,3,0.44981792233280915
BB-0547 BB-0558,"[547, 558]",[100],CC(C)N1CCC(S(=O)(=O)c2ccc(N3CCCC(N)C3=O)c(Cl)c2)CC1,,random_balanced,BB-0547,BB-0558,2,6,0.21894823807949582
BB-0013 BB-0435,"[13, 435]",[78],N[C@@H](CCC(=O)O)C(=O)NCc1noc2cc(F)ccc12,,random_balanced,BB-0013,BB-0435,2,5,0.40746447065035557
BB-0929 BB-0777,"[929, 777]",[124],C[C@H]1C[C@]1(C)n1cnc2c(Nc3nc(-c4sccc4F)cs3)ncnc21,,random_balanced,BB-0929,BB-0777,1,4,0.2873589745449781
BB-0609 BB-1050,"[609, 1050]",[15],CN(C)c1ncc(C(=O)O)c(SCc2c(F)ccc(F)c2F)c1F,,random_balanced,BB-0609,BB-1050,3,1,0.19836293567286645
BB-1615 BB-1137,"[1615, 1137]",[15],CC1=NOC(CSc2cc(C(=O)O)ncc2C)C1,,random_balanced,BB-1615,BB-1137,4,4,0.5072093491539535
BB-1756 BB-1103,"[1756, 1103]",[146],COC(=O)c1cc2c(N3CCC(C(=O)N4CCCCCC4)CC3)cccc2o1,,random_balanced,BB-1756,BB-1103,2,1,0.6042711254359663
BB-0624 BB-0788,"[624, 788]",[15],COc1cc(Sc2ccc(CBr)c(I)c2)c(C2CC2)cc1Cl,,random_balanced,BB-0624,BB-0788,4,3,0.4417776942893071
BB-0101 BB-1238,"[101, 1238]",[119],CCCCOC(CC(=O)C(F)(F)F)N1CC(C(=O)OC)c2cc(Br)ccc21,,random_balanced,BB-0101,BB-1238,2,2,0.7455052683433682
BB-0305 BB-0296,"[305, 296]",[107],CCCCCCCCn1c(S(=O)c2nccc3c2S(=O)(=O)NCCN3)nc2sc3c(c2c1=O)CCCC3,,random_balanced,BB-0305,BB-0296,1,2,0.10507945967613372
BB-1683 BB-0505,"[1683, 505]",[28],CCOC(=O)c1cnc2ncnn2c1NC(=O)NC1CCCc2cn(CC(F)(F)F)nc21,,random_balanced,BB-1683,BB-0505,2,6,0.246066625242298
BB-1921 BB-0070,"[1921, 70]",[5],Cc1nn(C)c2nc(Nc3ccc(OC4CCN(C)CC4)nc3)c(C=O)cc12,,random_balanced,BB-1921,BB-0070,2,2,0.3601033553561519
BB-0789 BB-0805,"[789, 805]",[63],Cc1nn2c(c1CC13CC(CC(=O)N1)C3)CNCC2,,random_balanced,BB-0789,BB-0805,2,1,0.18403112265352975
BB-0857 BB-1747,"[857, 1747]",[4],CCCN(C(=O)c1cnc(O)c(Cl)c1)C1CCN(C)C1,,random_balanced,BB-0857,BB-1747,2,4,0.44562367432077726
BB-1464 BB-0520,"[1464, 520]",[48],Cc1cccc(CCn2cc(CNCC3(c4cccc(C(F)(F)F)c4)CCCC3)nn2)n1,,random_balanced,BB-1464,BB-0520,2,2,0.23240718626031148
BB-0072 BB-0434,"[72, 434]",[79],COc1ccnc2nc(NC3CC3CC(C)(C)C)ccc12,,random_balanced,BB-0072,BB-0434,1,2,0.623823178436532
BB-0148 BB-0572,"[148, 572]",[49],COC(=O)/C=C/CC(C)(C)Nc1ncnc2c1ncn2-c1cc(C(F)(F)F)ccc1OC,,random_balanced,BB-0148,BB-0572,4,3,0.37568275312999216
BB-1206 BB-1959,"[1206, 1959]",[119],Cc1c(CN(C)C(CC(=O)O)c2cccc(OCc3ccccc3)c2)oc2c(C)cccc12,,random_balanced,BB-1206,BB-1959,2,1,0.5177381486405975
BB-1465 BB-0864,"[1465, 864]",[78],CC(B1OC(C)(C)C(C)(C)O1)=C1CCN(C(=O)c2csc(Cc3cccc(C(F)(F)F)c3)n2)CC1,,random_balanced,BB-1465,BB-0864,2,2,0.17315525386153122
BB-1661 BB-1818,"[1661, 1818]",[103],COC(=O)c1cc(C(F)(F)F)ccc1NC(=O)NC[C@H]1C[C@@H](OC)CN1c1cc(N)ncn1,,random_balanced,BB-1661,BB-1818,2,4,0.23489835579806284
BB-1781 BB-1706,"[1781, 1706]",[125],Cc1n[nH]c2c(C(=O)OC3(C(=O)O)CC(C(=O)O)(c4cccc(Br)c4)C3)cccc12,,random_balanced,BB-1781,BB-1706,2,2,0.7633333999720882
BB-1302 BB-1010,"[1302, 1010]",[103],O=C(Nc1c(F)cc(F)c(F)c1I)N1CCCC1Cc1cc(F)ccc1F,,random_balanced,BB-1302,BB-1010,2,3,0.5273052548495056
BB-1051 BB-0210,"[1051, 210]",[15],COc1c(SC23CC(C4CNC4)(C2)C3)ccc2nccn12,,random_balanced,BB-1051,BB-0210,3,3,0.2667348894489353
BB-1069 BB-1393,"[1069, 1393]",[66],Cc1nc2cc(C3(O)CCCC3=Cc3cccc([N+](=O)[O-])c3)ccc2c(C)c1C(=O)O,,random_balanced,BB-1069,BB-1393,2,2,0.7038011600525516
BB-0141 BB-0716,"[141, 716]",[66],CC1CCC2(CN1)OC(=O)Nc1ccc(C(O)c3ccc(N=[N+]=[N-])c(F)c3)c(F)c12,,random_balanced,BB-0141,BB-0716,1,2,0.7807173624903039
BB-0129 BB-0894,"[129, 894]",[107],C=CCn1c(-c2ccncc2)nnc1S(=O)c1cccc(F)c1C(=O)N1CCNCC1,,random_balanced,BB-0129,BB-0894,1,1,0.5939931354807597
BB-0332 BB-1597,"[332, 1597]",[2],CN(C)CC(NC(=S)Nc1ccn(C)n1)c1ccc(Cl)cc1,,random_balanced,BB-0332,BB-1597,0,2,0.6617505316410635
BB-1825 BB-0758,"[1825, 758]",[105],CC(C)c1n[nH]c(C(N)=O)c1NC(=O)C(=O)N1CCC2(CC1)OC(=O)c1ncccc12,,random_balanced,BB-1825,BB-0758,2,2,0.5035294955338521
BB-1910 BB-1799,"[1910, 1799]",[105],CC(C)(C)OC(=O)[C@H]1[C@H](c2ccc(C(=O)O)cc2)CN1C(=O)C(=O)N1CC[C@H](C(=O)O)C[C@@H]1c1ccccc1,,random_balanced,BB-1910,BB-1799,3,4,0.34703307351646373
BB-1619 BB-0737,"[1619, 737]",[71],Cc1noc2nc(C3CC3)c(NCC(O)C(=O)O)c(C(=O)O)c12,,random_balanced,BB-1619,BB-0737,2,4,0.5032104922017406
BB-0842 BB-0754,"[842, 754]",[78],CC(C)[C@@H]1CN(Cc2ccccc2)C[C@H]1C(=O)NC(CC(=O)O)c1ccncc1,,random_balanced,BB-0842,BB-0754,1,3,0.7499226856644425
BB-0950 BB-0667,"[950, 667]",[89],COCc1cc(SC(C(Cl)Cl)C(Cl)Cl)cc(C(=O)O)c1,,random_balanced,BB-0950,BB-0667,3,3,0.28569900331843323
BB-1760 BB-1613,"[1760, 1613]",[37],Cc1c(C(=O)Nc2c(F)c(F)c(C#N)c(F)c2F)sc2[nH]nnc(=O)c12,,random_balanced,BB-1760,BB-1613,2,2,0.33247513252969424
BB-1696 BB-0493,"[1696, 493]",[41],COC(=O)C1Cc2cccc(Oc3cccnc3NC(=O)c3ccc(C4SCCS4)cc3)c2CN1,,random_balanced,BB-1696,BB-0493,1,1,0.17080621192922862
BB-0748 BB-1472,"[748, 1472]",[78],CCCCn1ncc(C(=O)N2C[C@H](OC)C[C@H]2c2nc(C)n[nH]2)c1C,,random_balanced,BB-0748,BB-1472,1,3,0.7363167860382551
BB-0322 BB-1968,"[322, 1968]",[108],Cc1ncc(CNc2c(O)ccc(Br)c2C)c(N(C)C)n1,,random_balanced,BB-0322,BB-1968,1,2,0.17649904893114374
BB-1348 BB-0971,"[1348, 971]",[127],Cc1nn(CCOC(=O)CCc2c(C)c3cc4c(C(C)(C)C)coc4c(C)c3oc2=O)c(C)c1C(=O)O,,random_balanced,BB-1348,BB-0971,3,1,0.032291957865170556
BB-0167 BB-0846,"[167, 846]",[33],Cc1ccc2c(c1)CC(N(C)C(CCl)c1c(N)n(CC(C)C)c(=O)[nH]c1=O)C2,,random_balanced,BB-0167,BB-0846,3,4,0.7469830683053846
BB-1261 BB-1727,"[1261, 1727]",[33],CC(c1ccc(C(F)(F)F)s1)N1CC=C(c2cccc(Cl)c2F)CC1,,random_balanced,BB-1261,BB-1727,3,1,0.46737750341998197
BB-0967 BB-0638,"[967, 638]",[127],CC(OC(=O)Cc1csc(NS(=O)(=O)c2ccc(F)cc2)n1)C1CCNC(=O)C1,,random_balanced,BB-0967,BB-0638,2,1,0.4804621811569945
BB-1542 BB-0619,"[1542, 619]",[78],C=Cc1ncccc1C(=O)NCCN1Cc2ncsc2C1,,random_balanced,BB-1542,BB-0619,1,1,0.5960337607619565
BB-0258 BB-1025,"[258, 1025]",[79],Cc1cnn(C2CCCN(Cc3cc(Br)no3)C2)c1,,random_balanced,BB-0258,BB-1025,3,2,0.30982395296517395
BB-1180 BB-0009,"[1180, 9]",[70],CC(=CCC(Cl)(Cl)Cl)c1cc(CBr)ccc1[N+](=O)[O-],,random_balanced,BB-1180,BB-0009,2,4,0.21577179927106782
BB-1013 BB-1674,"[1013, 1674]",[126],O=C(OC(C(=O)O)C1CCCCCC1)C1CCc2ccc(Br)cc2O1,,random_balanced,BB-1013,BB-1674,2,4,0.6217615687509241
BB-0233 BB-1842,"[233, 1842]",[125],COC(=O)c1c(C)c(C(C)=O)n(C(Cc2ccccc2)(C(=O)O)c2ccc(Br)s2)c1CC(=O)O,,random_balanced,BB-0233,BB-1842,2,3,0.4356733356385647
BB-1318 BB-0229,"[1318, 229]",[41],CCOC(=O)c1[nH]c(C)c(C)c1OC1CCOc2c(F)cc(F)cc21,,random_balanced,BB-1318,BB-0229,3,3,0.7393788420426488
BB-0140 BB-0102,"[140, 102]",[125],CC(OC(=O)[C@]12CCCC[C@@]1(CN)C2)(C(=O)O)C12CC(c3ccccc3)(C1)C2(F)F,,random_balanced,BB-0140,BB-0102,2,3,0.6264440286486508
BB-1085 BB-1201,"[1085, 1201]",[104],Cc1c(C=O)c(O)cc(O)c1S(=O)(=O)c1nnc(-c2ccsc2)o1,,random_balanced,BB-1085,BB-1201,3,4,0.47249124496103223
BB-0837 BB-1399,"[837, 1399]",[50],CN(c1cc(C(F)F)no1)C(C)(C(=O)O)c1cc([N+](=O)[O-])nn1C,,random_balanced,BB-0837,BB-1399,2,2,0.46668553289064946
BB-0956 BB-1942,"[956, 1942]",[105],CCC(NC(=O)C(=O)NCC1CC=C(C(=O)O)CC1)c1nc(C)n[nH]1,,random_balanced,BB-0956,BB-1942,4,3,0.5163296724495289
BB-1378 BB-1285,"[1378, 1285]",[125],C[C@]12C[C@H]1OCCCCCN(C(C(=O)O)(c1cncc(F)c1)C1CC1)C2,,random_balanced,BB-1378,BB-1285,1,4,0.2520261315691559
BB-0024 BB-0218,"[24, 218]",[124],COCCCCc1cccnc1Nc1ncnc2c1ncn2-c1cc(C2CCCCN2)ccc1C,,random_balanced,BB-0024,BB-0218,2,5,0.09915958793224616
BB-1445 BB-0545,"[1445, 545]",[108],COc1ccc(-c2[nH]ncc2CNc2cnn(CCN3CCNC3=O)c2)cc1,,random_balanced,BB-1445,BB-0545,1,3,0.24772467769101242
BB-0796 BB-0182,"[796, 182]",[51],COC(=O)C1=CO[C@@H](O)[C@@H]2C(COC(=O)c3cc4[nH]nnc4cc3F)=CC[C@H]12,,random_balanced,BB-0796,BB-0182,1,4,0.773388834066209
BB-0492 BB-0137,"[492, 137]",[89],COc1cc(Sc2ccc(Br)c(C(=O)OC(C)(C)C)c2)cc(C(C)=O)c1O,,random_balanced,BB-0492,BB-0137,3,4,0.40519238167827687
BB-0849 BB-1697,"[849, 1697]",[15],COc1cc2c(cc1Sc1cc(CO)c3c(c1)CCO3)CCNC2,,random_balanced,BB-0849,BB-1697,3,5,0.48516560323337227
BB-0060 BB-0645,"[60, 645]",[125],COc1cccc(N2C(=O)C(=Cc3ccc(C(C)C)cc3)N(C(C(=O)O)(/C(=N/N=C/c3ccc4c(c3)OCO4)c3ccccc3)c3ccccc3)C2=S)c1,,random_balanced,BB-0060,BB-0645,1,2,0.12610499738130843
BB-1455 BB-0640,"[1455, 640]",[112],Cc1ccc(C2C(=O)NCCN2C(=O)c2nocc2-c2ccc(Cl)cc2)cc1,,random_balanced,BB-1455,BB-0640,2,1,0.7248562786162571
BB-0610 BB-1585,"[610, 1585]",[37],Cn1ccc(C(=O)NCc2ccc(-c3ccc(C(F)(F)F)cc3)cc2)n1,,random_balanced,BB-0610,BB-1585,0,4,0.2703353208350352
BB-0547 BB-0665,"[547, 665]",[99],CC(C)N1CCC(S(=O)(=O)CC(=O)N2CCN(C(=O)Nc3ccccc3)CC2)CC1,,random_balanced,BB-0547,BB-0665,3,3,0.34591991738281913
BB-0528 BB-1932,"[528, 1932]",[141],COC(=O)c1cc2cc(C3(O)CC4CCCC3C4)cnc2s1,,random_balanced,BB-0528,BB-1932,3,4,0.45666576259634867
BB-0175 BB-1574,"[175, 1574]",[71],O=S(=O)(c1ccc(Nc2ccc(Br)cc2C(F)(F)F)cc1)C12CC(C1)C2,,random_balanced,BB-0175,BB-1574,2,5,0.4572546451382167
BB-0161 BB-1754,"[161, 1754]",[79],CC(=O)c1sc(-c2ccccc2NCCc2ccc(OCC(=O)O)cc2)nc1C,,random_balanced,BB-0161,BB-1754,1,3,0.5492348611831448
BB-1308 BB-0963,"[1308, 963]",[5],COC(=O)c1nc(N[C@H]2CCCC[C@H]2c2ccccc2)cnc1N,,random_balanced,BB-1308,BB-0963,1,6,0.5700365255303484
BB-0425 BB-0559,"[425, 559]",[105],O=Cc1cn[nH]c1NC(=O)C(=O)Nc1cc(C(F)(F)F)ncc1Br,,random_balanced,BB-0425,BB-0559,3,2,0.2617897086955573
BB-0512 BB-1362,"[512, 1362]",[141],CC(O)(c1ccccc1OC(F)F)c1c(Cl)cccc1Cl,,random_balanced,BB-0512,BB-1362,1,3,0.19552673420285047
BB-1430 BB-0149,"[1430, 149]",[4],CCc1cc(=O)n2nc(NC(=O)c3cc(Cl)c(Cl)nc3C)[nH]c2n1,,random_balanced,BB-1430,BB-0149,2,4,0.560505133800454
BB-1671 BB-0858,"[1671, 858]",[108],CN1CCN(Cc2cc(CNc3nnc(C(C)(F)F)o3)ccc2O)CC1,,random_balanced,BB-1671,BB-0858,2,4,0.740975131828157
BB-1455 BB-0862,"[1455, 862]",[146],Cc1ccc(C2C(=O)NCCN2c2ccc(OCc3ccc(C(=O)O)o3)c(Br)c2)cc1,,random_balanced,BB-1455,BB-0862,3,5,0.5878158081100008
BB-0242 BB-1507,"[242, 1507]",[111],CC(Cl)C(=O)N(C)C1(c2noc(CNC(=O)N3CCCC3)n2)CCCCC1,,random_balanced,BB-0242,BB-1507,3,2,0.5909336422591783
BB-1279 BB-1149,"[1279, 1149]",[103],CCc1ncc(CN(C)C(=O)NC(c2nc(C)no2)C2CCOCC2)s1,,random_balanced,BB-1279,BB-1149,1,2,0.7758297228107781
BB-1971 BB-1968,"[1971, 1968]",[71],Cc1c(Br)ccc(O)c1Nc1ccc2c(cnn2CC(=O)O)n1,,random_balanced,BB-1971,BB-1968,1,3,0.504454389790603
BB-1389 BB-0560,"[1389, 560]",[141],CCCc1cc(C2(O)C=C(c3cccc(CO)n3)CCC2)nc(Cl)n1,,random_balanced,BB-1389,BB-0560,2,2,0.792694642857338
BB-1521 BB-1958,"[1521, 1958]",[30],CCCN(C(=O)C(=O)N1CCOC[C@@H]1c1ccccc1)c1ccncc1N,,random_balanced,BB-1521,BB-1958,2,2,0.5309725774545342
BB-0309 BB-0098,"[309, 98]",[78],O=C(O)C1CN(C(=O)[C@H]2[C@@H]3CC[C@@H](C3)[C@H]2c2ccccc2)CC2(CCOCC2)O1,,random_balanced,BB-0309,BB-0098,1,3,0.5634717941734186
BB-0241 BB-1041,"[241, 1041]",[105],CCC1CCCC(CNC(=O)C(=O)N(C)C2CCN3CCCCC23)CC1,,random_balanced,BB-0241,BB-1041,1,3,0.0942995917510062
BB-0885 BB-1972,"[885, 1972]",[105],CCOc1ccc(C(C)=O)cc1S(=O)(=O)NC(=O)C(=O)Nc1cc(-c2cnccn2)ccc1C,,random_balanced,BB-0885,BB-1972,2,4,0.06846972986090356
BB-0672 BB-0607,"[672, 607]",[103],CCn1cc([C@@H]2NC(=O)CC[C@H]2NC(=O)NCc2ncc(I)s2)cn1,,random_balanced,BB-0672,BB-0607,1,3,0.7226298500605576
BB-0573 BB-0841,"[573, 841]",[105],Cc1ccc(C2CC(C(F)(F)F)n3nccc3N2C(=O)C(=O)N2CCOc3ncc(C(=O)O)cc32)s1,,random_balanced,BB-0573,BB-0841,3,3,0.6285511226357183
BB-1156 BB-1413,"[1156, 1413]",[37],Cc1cc(C(=O)N2CCC[C@@H]2CN2CCC2)c2nc[nH]c2n1,,random_balanced,BB-1156,BB-1413,3,1,0.6907371510577089
BB-1204 BB-0894,"[1204, 894]",[108],O=C(c1c(F)cccc1Cl)N1CCN(Cc2ccc(I)cc2)CC1,,random_balanced,BB-1204,BB-0894,2,2,0.5084447823335566
BB-1788 BB-1071,"[1788, 1071]",[79],COCCC1(C(=O)O)CN(c2ccc(C(C)(C)O)cc2OC)C1,,random_balanced,BB-1788,BB-1071,2,3,0.7706556253079686
BB-0241 BB-1420,"[241, 1420]",[33],CN(Cc1cccc(OCC2CCCCC2)c1)C1CCN2CCCCC12,,random_balanced,BB-0241,BB-1420,2,3,0.28151371563374805
BB-0925 BB-1235,"[925, 1235]",[4],Cc1ccccc1COc1cccc(CC(=O)Nc2cncc(-c3cnn(C4CCCCO4)c3)c2)c1,,random_balanced,BB-0925,BB-1235,1,2,0.04746615868547863
BB-0903 BB-0255,"[903, 255]",[49],COc1nc(Br)c(F)cc1Nc1ncnc2c1ncn2-c1nc(C)c(Cc2ccc(F)c(F)c2F)s1,,random_balanced,BB-0903,BB-0255,5,1,0.14420780984615092
BB-0003 BB-1790,"[3, 1790]",[78],COc1ccc(C(=O)NCCCCC(C)N)c(C=O)c1,,random_balanced,BB-0003,BB-1790,1,3,0.48581590026380983
BB-1618 BB-1494,"[1618, 1494]",[30],O=C(NCC(CO)Cc1ccc(F)c(Br)c1)C(=O)Nc1csc2c(=O)[nH]cnc12,,random_balanced,BB-1618,BB-1494,4,2,0.5182890041364449
BB-0455 BB-1201,"[455, 1201]",[1],Cc1c(Cl)c(O)cc(O)c1C=CS(=N)(=O)N1CCCCC1,,random_balanced,BB-0455,BB-1201,3,5,0.6212328082672948
BB-1763 BB-1373,"[1763, 1373]",[23],O=C(OCC1CCN(C(=O)c2ccccc2)C1)c1ccn(CCO)c(=O)c1,,random_balanced,BB-1763,BB-1373,3,2,0.6192726023750997
BB-0853 BB-1668,"[853, 1668]",[30],CCN(CC)S(=O)(=O)c1ccc(Oc2ccc(Br)cc2)c(NC(=O)C(=O)NC2c3cc(OC)ccc3CCC2OC)c1,,random_balanced,BB-0853,BB-1668,2,2,0.18075862916100666
BB-0432 BB-0781,"[432, 781]",[66],COC(=O)c1cc2c(C(O)c3sccc3B(O)O)cccc2[nH]1,,random_balanced,BB-0432,BB-0781,1,2,0.6143319382263739
BB-1851 BB-0038,"[1851, 38]",[141],O=C(O)CCc1cc(C(O)c2cnc3c(Br)cc(F)cn23)cc2c1OCC2,,random_balanced,BB-1851,BB-0038,2,1,0.6361787903351499
BB-1525 BB-0149,"[1525, 149]",[24],Cc1nc(Cl)c(S(=O)(=O)c2nc(-c3cccs3)nc3ccccc23)cc1C(=O)O,,random_balanced,BB-1525,BB-0149,1,5,0.5858531728109123
BB-0112 BB-1856,"[112, 1856]",[28],Cn1nc(NC(=O)N2CCN(c3nc(Cl)nc(N4CCOCC4)n3)CC2)cc1C1CC1,,random_balanced,BB-0112,BB-1856,4,2,0.022257931109936284
BB-1380 BB-1613,"[1380, 1613]",[119],CCOC(=O)c1c(C(CC(=O)O)Nc2c(F)c(F)c(C#N)c(F)c2F)c(C)n(CC)c1C,,random_balanced,BB-1380,BB-1613,1,3,0.701311541448059
BB-1361 BB-0331,"[1361, 331]",[28],CCn1cnnc1C1CCN(C(=O)Nc2snc(C(C)(C)C)c2C(=O)OC)CC1,,random_balanced,BB-1361,BB-0331,3,2,0.18894759682796503
BB-1113 BB-0008,"[1113, 8]",[50],O=C(O)C1(n2sc3c(Br)cccc3c2=O)CCC(OC2CCCCC2)CC1,,random_balanced,BB-1113,BB-0008,3,3,0.6250504663842392
BB-0587 BB-1649,"[587, 1649]",[30],O=C(NCc1ccc(Oc2ccc(F)cc2)nc1)C(=O)N1CCCC(c2cn[nH]c2C(=O)O)C1,,random_balanced,BB-0587,BB-1649,1,4,0.14701645517956966
BB-0879 BB-0201,"[879, 201]",[30],CCC[C@@H]1CN(C(=O)C(=O)NC2CCN(S(=O)(=O)NC)CC2)C[C@H]1C(=O)OC,,random_balanced,BB-0879,BB-0201,3,3,0.1973521991494298
BB-1346 BB-1288,"[1346, 1288]",[105],CC(C)(c1nnc2n1CCCCC2)n1cc(NC(=O)C(=O)N2CCC/C2=C/[N+](=O)[O-])cn1,,random_balanced,BB-1346,BB-1288,2,3,0.30986778022836337
BB-0746 BB-1596,"[746, 1596]",[50],CC(C)CC1CCC(OC(=O)CCC2CN(C(=O)OC(C)(C)C)CCO2)(C(=O)O)C1,,random_balanced,BB-0746,BB-1596,2,2,0.12221460873428314
BB-0598 BB-1842,"[598, 1842]",[125],O=C([C@H]1CC[C@H]1C(F)F)N(c1ccccc1)C(Cc1ccccc1)(C(=O)O)c1ccc(Br)s1,,random_balanced,BB-0598,BB-1842,1,4,0.5027110150546025
BB-0644 BB-0109,"[644, 109]",[79],CN(CC(=O)c1c[nH]c2ccc(F)cc12)Cc1cc(-c2cccc(F)c2F)ccc1F,,random_balanced,BB-0644,BB-0109,2,2,0.340392477299076
BB-1398 BB-1840,"[1398, 1840]",[125],CCC(C)(C)c1cc(C(C)=O)c(O)c(C(C)(C(=O)O)n2cc(C(C)=O)c3cc([N+](=O)[O-])ccc32)c1,,random_balanced,BB-1398,BB-1840,3,2,0.7520837043103857
BB-1492 BB-0243,"[1492, 243]",[127],CC(C)N(CC(OC(=O)c1ncccc1Br)c1ccc(NS(C)(=O)=O)cc1)N=O,,random_balanced,BB-1492,BB-0243,1,3,0.65821344860994
BB-1249 BB-1042,"[1249, 1042]",[51],N#Cc1c(OCCCOC(=O)CNC(=O)c2cccc(OC(F)F)c2)n[nH]c1N,,random_balanced,BB-1249,BB-1042,2,5,0.13767704756223892
BB-1806 BB-0202,"[1806, 202]",[78],Cc1cc2n(n1)CCCN2C(=O)c1ccc(N2CCCC2=O)cc1,,random_balanced,BB-1806,BB-0202,2,1,0.6065456137804768
BB-0617 BB-0636,"[617, 636]",[28],Nc1cc(S(N)(=O)=O)ccc1NC(=O)NCc1ccc(-c2cccc(F)c2)o1,,random_balanced,BB-0617,BB-0636,1,3,0.2721902541485654
BB-1769 BB-1682,"[1769, 1682]",[49],O=C(Cn1cnc2c(N[C@@H]3CCO[C@H]3c3ccc(Cl)c(F)c3)ncnc21)c1ccc(Br)cc1,,random_balanced,BB-1769,BB-1682,3,6,0.37058846423620684
BB-1710 BB-1412,"[1710, 1412]",[50],C#CCCN(C)c1ccc2c(c1)C(=O)N(C1CCC(=O)N(C(CCl)(C(=O)O)C(C#N)=C3C=CN(C)C=C3)C1=O)C2=O,,random_balanced,BB-1710,BB-1412,3,1,0.16868046576400963
BB-0599 BB-1057,"[599, 1057]",[5],Cc1c(NCc2ccccc2CN2CC(C)OC(C)C2)c2ccccc2n1CC(=O)O,,random_balanced,BB-0599,BB-1057,3,3,0.47942376858604674
BB-0916 BB-0721,"[916, 721]",[125],CC(=O)N1CC2CCC(C(=O)O)(n3ccnc3-c3cccc(OC(F)F)c3)c3cccc1c32,,random_balanced,BB-0916,BB-0721,1,2,0.590816856468305
BB-1790 BB-0138,"[1790, 138]",[5],COc1cccc(NN)c1NCCCCC(C)N,,random_balanced,BB-1790,BB-0138,4,1,0.4797729316907403
BB-1339 BB-0074,"[1339, 74]",[141],COC(=O)c1cc2c([nH]1)C(O)(c1c(C)n(C3CC3)cc(C(=O)O)c1=O)CCC2,,random_balanced,BB-1339,BB-0074,2,3,0.7860096750914438
BB-1931 BB-1167,"[1931, 1167]",[125],CCCC1CC(OCc2cccc([N+](=O)[O-])c2)(C(=O)O)CCO1,,random_balanced,BB-1931,BB-1167,2,1,0.67517133393823
BB-1795 BB-0271,"[1795, 271]",[138],CC1(C)CC(=O)c2cc(-c3sccc3CO)ncc2O1,,random_balanced,BB-1795,BB-0271,2,3,0.5293584535172171
BB-1632 BB-0898,"[1632, 898]",[15],COC(=O)Cc1cc2c(c(Sc3c(Br)c(C)cc4c3OCO4)c1)OCC2,,random_balanced,BB-1632,BB-0898,3,1,0.6337223657149134
BB-1987 BB-0089,"[1987, 89]",[89],CC1CNCC2(C1)OC(=O)Nc1ccc(Sc3cncc(C4(C#N)CCC4)c3)c(F)c12,,random_balanced,BB-1987,BB-0089,3,4,0.5982484760975949
BB-1235 BB-0576,"[1235, 576]",[78],CNC(=O)C(CC1CCCCC1)NC(=O)Cc1cccc(OCc2ccccc2C)c1,,random_balanced,BB-1235,BB-0576,3,2,0.28483029766076906
BB-1914 BB-1640,"[1914, 1640]",[146],COC(=O)c1ncoc1C1CCCN(c2cc(Cl)c3c(c2)CNCCO3)C1,,random_balanced,BB-1914,BB-1640,3,3,0.7023181909587611
BB-0162 BB-0196,"[162, 196]",[15],O=C(O)c1ccc(SC#CC2CCOCC2)c(F)c1,,random_balanced,BB-0162,BB-0196,3,1,0.23455562006785038
BB-1522 BB-1825,"[1522, 1825]",[103],CC(C)c1n[nH]c(C(N)=O)c1NC(=O)N1CCCC(n2ccc(C(=O)O)n2)C1,,random_balanced,BB-1522,BB-1825,3,3,0.6309110377100231
BB-0234 BB-1971,"[234, 1971]",[50],O=C(O)CC1CCC(OC(=O)Cn2ncc3nc(Br)ccc32)(C(=O)O)c2ccccc21,,random_balanced,BB-0234,BB-1971,6,2,0.31331765564295483
BB-1534 BB-1090,"[1534, 1090]",[112],COCCN1C(=O)N[C@H]2CN(C(=O)C3CCN(c4ncnc5c4cnn5-c4ccccc4)CC3)CC[C@H]21,,random_balanced,BB-1534,BB-1090,3,3,0.20370758181469042
BB-1922 BB-1490,"[1922, 1490]",[71],CC(C)N(Cc1ccc(Cl)cc1)c1ccc2c(c1)CCCCN2,,random_balanced,BB-1922,BB-1490,6,2,0.6135092175319854
BB-1516 BB-1393,"[1516, 1393]",[126],CCOC1(COC(=O)c2c(C)nc3cc(Br)ccc3c2C)CCC1,,random_balanced,BB-1516,BB-1393,1,3,0.716208064563774
BB-0469 BB-1567,"[469, 1567]",[30],COC(=O)c1cc(NC(=O)C(=O)N(CCO)c2nc(N3CCN(c4ccccc4)CC3)nc3ccccc23)n(C(C)C)n1,,random_balanced,BB-0469,BB-1567,2,4,0.0407618147197252
BB-1355 BB-1612,"[1355, 1612]",[1],Cc1cc(C=C(CCC2CCC(N)C2)C(=O)O)cc(C)c1OCC(=O)O,,random_balanced,BB-1355,BB-1612,5,1,0.4440276736723571
BB-1970 BB-1197,"[1970, 1197]",[108],Cc1ccc(C(CCC(=O)CCC(=O)O)NC(C)(C)c2cn(CC3CC3)nn2)s1,,random_balanced,BB-1970,BB-1197,2,2,0.4956204027698014
BB-1913 BB-1481,"[1913, 1481]",[125],CCc1c(C(=O)OC(C)(C(=O)O)c2oc3ccccc3c2C)cnn1CC,,random_balanced,BB-1913,BB-1481,3,3,0.7063838613168344
BB-1162 BB-0469,"[1162, 469]",[37],CNC/C=C/C(=O)N(CCO)c1nc(N2CCN(c3ccccc3)CC2)nc2ccccc12,,random_balanced,BB-1162,BB-0469,4,3,0.3150615900828969
BB-1871 BB-0959,"[1871, 959]",[50],COc1cc(Cl)c2c(c1)C(OC(=O)c1[nH]c(C)c(C=O)c1C)(C(=O)O)CCC2,,random_balanced,BB-1871,BB-0959,3,1,0.8112830424414277
BB-1379 BB-0805,"[1379, 805]",[63],Cc1nn2c(c1-c1ncccc1N=[N+]=[N-])CNCC2,,random_balanced,BB-1379,BB-0805,3,2,0.2634725224582593
BB-0501 BB-1986,"[501, 1986]",[50],COc1ccc2[nH]c3c(c2c1)CCCC3(OCC1CN(C)CCC1(F)F)C(=O)O,,random_balanced,BB-0501,BB-1986,4,1,0.7142144122381645
BB-1097 BB-1695,"[1097, 1695]",[50],C=CCN1C(=O)C(C(=O)O)(N2CCc3c(Br)cc(C)cc3C2)c2cc(C)ccc21,,random_balanced,BB-1097,BB-1695,1,3,0.7742792768118298
BB-1984 BB-0463,"[1984, 463]",[51],CC(C)(C)OC(=O)N1CC(CC(=O)OC2CNC3(CCC3)c3[nH]cnc32)C(C)(C)C1,,random_balanced,BB-1984,BB-0463,2,4,0.3726623407498966
BB-1582 BB-1937,"[1582, 1937]",[141],CCOC(=O)c1cc(C(C)(O)c2ccc3c(c2)C(NC)CCO3)n[nH]1,,random_balanced,BB-1582,BB-1937,5,2,0.7831737089004289
BB-0742 BB-1871,"[742, 1871]",[141],COC(=O)c1ccc(Cn2cc(C3(O)CCCc4c(Cl)cc(OC)cc43)c([N+](=O)[O-])n2)o1,,random_balanced,BB-0742,BB-1871,2,4,0.7631145918369843
BB-0992 BB-1658,"[992, 1658]",[125],COc1cccc(C=CC(C)(OC(=O)CN2CCn3cnc(-c4ccccc4)c3C2=O)C(=O)O)c1,,random_balanced,BB-0992,BB-1658,2,3,0.2230935470144083
BB-0006 BB-0446,"[6, 446]",[108],CSc1ccc([N+](=O)[O-])cc1C(C)NCC(C)Cc1cn[nH]c1,,random_balanced,BB-0006,BB-0446,1,4,0.5795729828703803
BB-0200 BB-1893,"[200, 1893]",[51],COC(=O)c1cc(C(=O)CCC(=O)OCC2(C(=O)OC(C)(C)C)CCCC2)c[nH]1,,random_balanced,BB-0200,BB-1893,4,2,0.22411209443601904
BB-0840 BB-0341,"[840, 341]",[5],CC(=O)Nc1cc(N2CCC(C(=O)O)(c3cccc(Cl)c3)CC2)ccc1C(=O)O,,random_balanced,BB-0840,BB-0341,2,2,0.48520849266955585
BB-1532 BB-0417,"[1532, 417]",[48],Cc1ccnc(-n2ncc(Cn3cc(CNc4cc5cccc(Br)c5cn4)nn3)c2C)c1,,random_balanced,BB-1532,BB-0417,2,3,0.1952362265440525
BB-0358 BB-0407,"[358, 407]",[138],COc1ccc(C(C)C(=O)O)cc1-c1cccc2c1CN(C1CCC(=O)NC1=O)C2=O,,random_balanced,BB-0358,BB-0407,3,3,0.7808337759779719
BB-1077 BB-0257,"[1077, 257]",[146],O=Cc1ccc2cc(NCC3CN4CCCN3CC4)ccc2c1,,random_balanced,BB-1077,BB-0257,2,2,0.4258434387447467
BB-0585 BB-0514,"[585, 514]",[15],COc1ccc(CC(=O)O)cc1Sc1ccc(C(CC(=O)O)CC(=O)O)cc1C,,random_balanced,BB-0585,BB-0514,3,2,0.61310307582006
BB-0306 BB-1025,"[306, 1025]",[78],Cc1cnn(C2CCCN(C(=O)C(C)(C)CCc3ccccc3)C2)c1,,random_balanced,BB-0306,BB-1025,0,3,0.6465147061642958
BB-1479 BB-0920,"[1479, 920]",[105],C[C@@](CO)(NC(=O)C(=O)NS(=O)(=O)Nc1ccc(C#N)cc1)c1ccccc1,,random_balanced,BB-1479,BB-0920,2,2,0.33280004551516873
BB-1536 BB-0205,"[1536, 205]",[105],CC(C)CC1(C)CCCN1C(=O)C(=O)N1CCC(Oc2ncccc2Br)CC1,,random_balanced,BB-1536,BB-0205,3,3,0.5204620533919374
BB-1707 BB-1705,"[1707, 1705]",[30],CC(C)(C)OC(=O)N1CCn2c(CNC(=O)C(=O)N3CC(CCCC4CCCN(C(=O)OC(C)(C)C)C4)C3)nnc2C1,,random_balanced,BB-1707,BB-1705,2,2,0.06501203258945815
BB-1296 BB-1491,"[1296, 1491]",[103],O=C(NC1CCc2cc(F)cc(F)c21)N1CCCn2cc(-c3ccccc3)nc21,,random_balanced,BB-1296,BB-1491,3,2,0.48835223818133666
BB-1362 BB-0994,"[1362, 994]",[50],CC(C)(OC(C)(C(=O)O)c1c(Cl)cccc1Cl)c1ccccc1O,,random_balanced,BB-1362,BB-0994,4,1,0.31234804679805056
BB-0309 BB-1766,"[309, 1766]",[78],O=C(O)C(Cc1ccccc1)N(C(=O)[C@H]1[C@@H]2CC[C@@H](C2)[C@H]1c1ccccc1)S(=O)(=O)c1ccc([N+](=O)[O-])cc1Cl,,random_balanced,BB-0309,BB-1766,2,2,0.37690204061011545
BB-0789 BB-0150,"[789, 150]",[145],CC(=CC12CC(CC(=O)N1)C2)c1cn(C)nc1C1CCC1,,random_balanced,BB-0789,BB-0150,3,3,0.39486474870919097
BB-0332 BB-1034,"[332, 1034]",[2],Cc1nn(CC(C)C)c(Cl)c1C1CCCN1C(=S)Nc1ccn(C)n1,,random_balanced,BB-0332,BB-1034,1,1,0.7961420054974192
BB-1208 BB-0805,"[1208, 805]",[105],Cc1nn2c(c1Br)CN(C(=O)C(=O)Nc1cnc(C)n1CC(F)(F)F)CC2,,random_balanced,BB-1208,BB-0805,1,3,0.39904789969459226
BB-1325 BB-1954,"[1325, 1954]",[105],CC(C)(C)OC(=O)NC1CC2(C1)C1CCCN1CCN2C(=O)C(=O)NC(CCOc1ccccc1)c1ccc(F)cc1F,,random_balanced,BB-1325,BB-1954,1,5,0.11099715237659175
BB-1888 BB-1965,"[1888, 1965]",[30],CC1OCCC1NC(=O)C(=O)N1CCN(c2cc(F)ncn2)CC1,,random_balanced,BB-1888,BB-1965,3,2,0.32828796929401954
BB-1351 BB-0278,"[1351, 278]",[105],COC(=O)C1CN(C(=O)C(=O)N[C@@H]2C[C@@H]2CS(C)(=O)=O)Cc2[nH]ncc21,,random_balanced,BB-1351,BB-0278,2,4,0.5334013055375385
BB-1945 BB-1405,"[1945, 1405]",[65],COC(=O)c1cc(C(=O)c2ccc(Br)cc2C2(C(=O)OC)CCC2)cc(S(N)(=O)=O)c1F,,random_balanced,BB-1945,BB-1405,2,3,0.5477291675272055
BB-1422 BB-1669,"[1422, 1669]",[125],CCCc1ccc(C(CCC(=O)O)(C(=O)O)n2c(Cc3ccncc3)noc2=O)cc1,,random_balanced,BB-1422,BB-1669,1,2,0.7482845199931042
BB-1257 BB-0022,"[1257, 22]",[62],C=CCCC(=O)C(CNc1ncc(C)cc1Br)C(=O)OC,,random_balanced,BB-1257,BB-0022,1,1,0.7357977960425055
BB-1398 BB-1253,"[1398, 1253]",[66],CC(O)(c1ccc(C(=O)C2CCCOC2)c(N)c1)c1c[nH]c2ccc([N+](=O)[O-])cc12,,random_balanced,BB-1398,BB-1253,4,6,0.4365185284777383
BB-1940 BB-1266,"[1940, 1266]",[64],Cc1cc2c(cc1C=CCOc1ccc(C[C@H](N)C(=O)OC(C)(C)C)cc1)OCCC2=O,,random_balanced,BB-1940,BB-1266,4,6,0.13583362151358633
BB-0052 BB-1678,"[52, 1678]",[65],Cc1oc(C)c(C(=O)Nc2cccc(OCC(=O)c3ncc(C(F)(F)F)cc3CC(N)C(=O)O)c2)c1C,,random_balanced,BB-0052,BB-1678,1,3,0.2563414119092106
BB-0049 BB-0923,"[49, 923]",[51],COc1ccc(F)c(CCC(=O)OCc2nn(C)c(Cl)c2Br)c1,,random_balanced,BB-0049,BB-0923,2,4,0.36937450966510826
BB-0828 BB-1446,"[828, 1446]",[68],C(#Cc1cccc2sccc12)c1nnco1,,random_balanced,BB-0828,BB-1446,1,5,0.00836835094042384
BB-0628 BB-1390,"[628, 1390]",[146],C=CCCOCc1c(Br)cncc1N(Cc1cccc(C(N)=O)c1)C1CC1,,random_balanced,BB-0628,BB-1390,2,6,0.6885359469366339
BB-1455 BB-1739,"[1455, 1739]",[103],Cc1ccc(C2C(=O)NCCN2C(=O)NC[C@H](N)C(=O)O)cc1,,random_balanced,BB-1455,BB-1739,4,3,0.42168317170531505
BB-1968 BB-0787,"[1968, 787]",[5],Cc1c(Br)ccc(O)c1Nc1c(Br)cccc1CN,,random_balanced,BB-1968,BB-0787,4,7,0.22220467919165893
BB-0437 BB-0293,"[437, 293]",[41],Cc1c(COC(C)CC2CCCCCN2)oc2ccc(Cl)cc2c1=O,,random_balanced,BB-0437,BB-0293,3,3,0.24976589106200775
BB-1885 BB-1364,"[1885, 1364]",[65],COc1ccc(C(N)C(F)(F)F)cc1C(=O)CCS(=O)(=O)Cc1ccc(F)cc1,,random_balanced,BB-1885,BB-1364,1,3,0.4847868449805263
BB-0481 BB-0933,"[481, 933]",[37],Cc1[nH]nc(C(=O)N2CCC(c3ccccc3)C2C)c1[N+](=O)[O-],,random_balanced,BB-0481,BB-0933,1,2,0.6974246099510643
BB-1242 BB-1049,"[1242, 1049]",[89],Cc1cc2c(c(C)c1Sc1ccc(B3OC(C)(C)C(C)(C)O3)cc1C=O)C(=O)CCO2,,random_balanced,BB-1242,BB-1049,4,4,0.3747176883342355
BB-1577 BB-1748,"[1577, 1748]",[15],NNC(=O)COc1cc(Sc2cc(N)nc(N)n2)ccc1Cl,,random_balanced,BB-1577,BB-1748,1,4,0.1981875292117785
BB-0683 BB-0451,"[683, 451]",[125],Cc1cscc1C(=O)OC1(C(=O)O)CC(NC(=O)OC(C)(C)C)C12CCC(F)CC2,,random_balanced,BB-0683,BB-0451,2,1,0.5855413062593532
BB-0530 BB-0873,"[530, 873]",[103],COCc1noc(C2(NC(=O)N(C)CC3CCc4nc(C)cn4C3)CCOCC2)n1,,random_balanced,BB-0530,BB-0873,1,1,0.7846173056747312
BB-1338 BB-1289,"[1338, 1289]",[112],COc1ccc(C=O)c(C(=O)Nc2ccc3ccnn3c2)c1O,,random_balanced,BB-1338,BB-1289,1,2,0.41889309230384875
BB-0582 BB-0087,"[582, 87]",[125],O=C(OC1(C(=O)O)CCN(Cc2cccs2)CC1)C1=CC=CN2CCCN=C12,,random_balanced,BB-0582,BB-0087,1,2,0.5719994235328357
BB-1347 BB-1036,"[1347, 1036]",[78],CCc1nc(C(C)C)ccc1C(=O)Nc1ccc(NS(=O)(=O)c2ccc(C)cc2)cc1,,random_balanced,BB-1347,BB-1036,3,3,0.056382932901050904
BB-0199 BB-0452,"[199, 452]",[66],CCNC1CCSc2ccc(C3(O)CCN(c4ncnc5c4cnn5C)CC3)cc21,,random_balanced,BB-0199,BB-0452,4,3,0.5908720803203881
BB-0317 BB-1621,"[317, 1621]",[15],Cc1c(Sc2coc(C=O)n2)c(C(=O)NN)nn1C,,random_balanced,BB-0317,BB-1621,1,2,0.33867818506162023
BB-0196 BB-0264,"[196, 264]",[79],CNc1ncc(F)cc1NC#CC1CCOCC1,,random_balanced,BB-0196,BB-0264,2,5,0.45263207312771325
BB-0360 BB-1385,"[360, 1385]",[108],CC(C1CC1)N(Cc1ccccc1O)Cc1ccc(OC(F)F)c(F)c1F,,random_balanced,BB-0360,BB-1385,1,3,0.6925701667968148
BB-0279 BB-1643,"[279, 1643]",[41],CNCc1ccc(Br)cc1OC(C(C)C)C(F)F,,random_balanced,BB-0279,BB-1643,1,3,0.35667929144554594
BB-1520 BB-0440,"[1520, 440]",[23],CCOC(=O)C(C)OCCOC(=O)C1(OC)CC(CF)C1,,random_balanced,BB-1520,BB-0440,2,1,0.3478034355568738
BB-1948 BB-0874,"[1948, 874]",[70],CCC(=CC(=O)N1CCc2[nH]c3ccccc3c2C1)c1ccc(Cl)c(N)c1,,random_balanced,BB-1948,BB-0874,2,3,0.6272063833589827
BB-0037 BB-1946,"[37, 1946]",[50],O=C(CC(OCc1ccc(Oc2ccccc2F)cc1)(C(=O)O)c1ccc([N+](=O)[O-])cc1)C(F)(F)F,,random_balanced,BB-0037,BB-1946,2,3,0.5176757044369895
BB-1124 BB-0923,"[1124, 923]",[51],CCC[C@H](NC(=O)OCC1c2ccccc2-c2ccccc21)C(=O)OCc1nn(C)c(Cl)c1Br,,random_balanced,BB-1124,BB-0923,1,5,0.25046410872295843
BB-0390 BB-1970,"[390, 1970]",[125],Cc1ccc(C(=O)CCC(CCC(=O)O)(C(=O)O)n2c(=O)[nH]c3ccc(N)cc32)s1,,random_balanced,BB-0390,BB-1970,6,3,0.3529152864685186
BB-0151 BB-1037,"[151, 1037]",[125],COC(=O)[C@H]1[C@H](C(=O)OC(C)(C(=O)O)c2oc3cc(C)ccc3c2CC(=O)O)C12CC2,,random_balanced,BB-0151,BB-1037,0,2,0.7269552781921056
BB-1538 BB-1414,"[1538, 1414]",[125],CCC1Oc2c(F)cc(Br)cc2C1(Oc1ccc2c(c1)c(C(=O)OC)c(C)n2C1CC1)C(=O)O,,random_balanced,BB-1538,BB-1414,2,3,0.7135050858148512
BB-1125 BB-0584,"[1125, 584]",[98],COC(=O)c1ccccc1COC(=O)COC1(C)CNC1,,random_balanced,BB-1125,BB-0584,1,3,0.4556230855713735
BB-0521 BB-0234,"[521, 234]",[145],O=C(O)CC1CCC(=Cc2ccnc(F)c2Cl)c2ccccc21,,random_balanced,BB-0521,BB-0234,2,7,0.5058452170447854
BB-0897 BB-1752,"[897, 1752]",[89],CCc1cccc(Cl)c1Sc1cc(OC)c(OC)cc1C,,random_balanced,BB-0897,BB-1752,1,3,0.5631736481703014
BB-1042 BB-0954,"[1042, 954]",[65],Nc1[nH]nc(OCCCO)c1C(=O)c1cc(C(=O)O)ccc1Oc1ccc(Cl)cc1,,random_balanced,BB-1042,BB-0954,6,2,0.6031249530963345
BB-1256 BB-1975,"[1256, 1975]",[15],c1ccc2nc(Sc3ccc(N4CCNCC4)cc3)cnc2c1,,random_balanced,BB-1256,BB-1975,2,3,0.3678810913847206
BB-1938 BB-1019,"[1938, 1019]",[125],Cc1[nH]c(-c2ccco2)nc(=O)c1C(C)(OC(=O)c1cnn(C)c1-c1ccc(F)cc1F)C(=O)O,,random_balanced,BB-1938,BB-1019,1,3,0.45087032335144483
BB-1328 BB-1743,"[1328, 1743]",[108],COc1ccc(/C=C/C(C)N(O)C(C)c2ccc(C)cc2)cc1O,,random_balanced,BB-1328,BB-1743,1,1,0.5507713474577633
BB-0999 BB-1957,"[999, 1957]",[78],O=C(N[C@@H](Cc1ccc(OP(=O)(OCc2ccccc2)OCc2ccccc2)cc1)C(=O)NCCCN1CCc2ccccc21)OCC1c2ccccc2-c2ccccc21,,random_balanced,BB-0999,BB-1957,4,2,0.0
BB-1272 BB-0737,"[1272, 737]",[127],CC(CF)COC(=O)C(O)CN,,random_balanced,BB-1272,BB-0737,2,5,0.17060786127712688
BB-0386 BB-1049,"[386, 1049]",[113],O=Cc1cc(-c2ccc(=O)n(CC(=O)O)c2)ccc1Cl,,random_balanced,BB-0386,BB-1049,1,5,0.3530466555945511
BB-1511 BB-1982,"[1511, 1982]",[28],CCCCCCCCCCN(CCCC(=O)OC)C(=O)NC(C(=O)OC)C1CCOC1,,random_balanced,BB-1511,BB-1982,3,1,0.23564309197307665
BB-0139 BB-0617,"[139, 617]",[37],O=C(NCc1ccc(-c2cccc(F)c2)o1)c1cnc2c(I)cccn12,,random_balanced,BB-0139,BB-0617,2,2,0.38211475948068946
BB-0964 BB-0175,"[964, 175]",[65],O=C(O)C1(C(=O)c2ccc(S(=O)(=O)C34CC(C3)C4)cc2)CCOCC1,,random_balanced,BB-0964,BB-0175,1,3,0.3706796694926703
BB-0684 BB-0713,"[684, 713]",[73],Cc1c(NC(=O)N2CCC(c3cc(-c4ccco4)n[nH]3)CC2)cnn1C,,random_balanced,BB-0684,BB-0713,0,3,0.38536966954831586
BB-1951 BB-0429,"[1951, 429]",[125],CC(Cc1ccncc1)(OC(=O)C1(C(F)(F)F)CC2(CCC2)C1)C(=O)O,,random_balanced,BB-1951,BB-0429,0,5,0.4350362940076979
BB-0315 BB-1337,"[315, 1337]",[111],CNC(=O)Nc1nc2ccc(-c3nc(-c4cc(F)cc(Br)c4CC(=O)O)no3)cc2s1,,random_balanced,BB-0315,BB-1337,2,3,0.15715859209985214
BB-1488 BB-1628,"[1488, 1628]",[125],C=CC(=O)N1CCCC(n2cc(C(=O)OC(CBr)(C(=O)O)c3cn(C)c4ccccc34)nn2)C1,,random_balanced,BB-1488,BB-1628,2,2,0.25085353653543685
BB-1152 BB-1413,"[1152, 1413]",[78],O=C(C1CCCCO1)N1CCC[C@@H]1CN1CCC1,,random_balanced,BB-1152,BB-1413,1,2,0.3547210750662768
BB-0822 BB-1339,"[822, 1339]",[4],CC(=O)Nc1ccc(C)cc1NC(=O)c1cn(C2CC2)c(C)c(Br)c1=O,,random_balanced,BB-0822,BB-1339,4,3,0.6183480052841611
BB-1353 BB-1682,"[1353, 1682]",[71],O=C(CNc1ccc2c(c1)C(C(=O)O)CCO2)c1ccc(Br)cc1,,random_balanced,BB-1353,BB-1682,2,7,0.5885983566226974
BB-1460 BB-0669,"[1460, 669]",[112],Cc1ccc(F)c(-c2noc(NC(=O)c3cc4c(o3)CCCC4=O)c2C)c1,,random_balanced,BB-1460,BB-0669,2,2,0.21882189025930304
BB-1278 BB-1894,"[1278, 1894]",[111],Cc1c(Cl)cccc1NC(=O)Cc1noc(-c2ccc3cnccc3n2)n1,,random_balanced,BB-1278,BB-1894,1,3,0.46773868385776934
BB-0809 BB-1355,"[809, 1355]",[78],NC(=O)CC(NC(=O)c1ccccc1F)C(=O)NC1CCC(CCCC(=O)O)C1,,random_balanced,BB-0809,BB-1355,2,6,0.5622705298312085
BB-0535 BB-0173,"[535, 173]",[28],COc1cc(CCNC(=O)N(CC(=O)Nc2ccccc2)c2cc(C)cc(C)c2)cc(OC)c1C,,random_balanced,BB-0535,BB-0173,2,1,0.10471445978614109
BB-0446 BB-0962,"[446, 962]",[105],CC(CNC(=O)C(=O)N1CC[C@@H](N(C)C)[C@@H](C)C1)Cc1cn[nH]c1,,random_balanced,BB-0446,BB-0962,5,2,0.27225829129350637
BB-0163 BB-0718,"[163, 718]",[68],Clc1cc(CC#CCCN2CCCCCC2)ncn1,,random_balanced,BB-0163,BB-0718,1,3,0.34435762501536044
BB-1546 BB-1699,"[1546, 1699]",[141],CC(C)(C)OC(=O)N1CCn2ncc(C(C)(O)c3cnc(Cl)c(Br)c3)c21,,random_balanced,BB-1546,BB-1699,2,2,0.45882668902729
BB-0803 BB-1645,"[803, 1645]",[116],NC(=O)c1ccc(COc2ccc(OCCSCCC(N)C(=O)O)cc2)c(F)c1,,random_balanced,BB-0803,BB-1645,3,1,0.05975708432525445
BB-1160 BB-0835,"[1160, 835]",[116],Cc1ccccc1-n1c(Sc2ccccc2C(=O)Nc2ccc(O)cc2)nc2sc3c(c2c1=O)CCCCC3,,random_balanced,BB-1160,BB-0835,2,1,0.1792108545702499
BB-0362 BB-1497,"[362, 1497]",[50],Cc1nc2ccc(Br)cc2c(C)c1C(=O)OC(C)(C(=O)O)c1ncccc1C(=O)O,,random_balanced,BB-0362,BB-1497,2,2,0.6274132359856321
BB-0302 BB-1293,"[302, 1293]",[78],O=C(c1ccc(C2CC2)cc1F)N1CCC2(CC1)CC(CO)=NO2,,random_balanced,BB-0302,BB-1293,3,4,0.6491712219181371
BB-1304 BB-1139,"[1304, 1139]",[30],[N-]=[N+]=NCC1CCCN1C(=O)C(=O)NC(Cc1nccn1C(F)F)c1ccccc1,,random_balanced,BB-1304,BB-1139,3,2,0.4054729839088224
BB-0724 BB-1798,"[724, 1798]",[105],Cn1c(NC(=O)C(=O)N2CCOC(CCC(F)(F)F)C2)nc2cc(C(=O)O)cc(Br)c21,,random_balanced,BB-0724,BB-1798,2,4,0.3240877799260882
BB-1911 BB-0068,"[1911, 68]",[5],Cc1cc2c(c(C(=O)O)c1)N(c1cc([N+](=O)[O-])cc3c1OCC3)CCC2,,random_balanced,BB-1911,BB-0068,3,2,0.33832204063371124
BB-0795 BB-1862,"[795, 1862]",[112],O=C(NCC12CC3CC(C1)CC(C(F)(F)F)(C3)C2)c1cc2c([nH]1)CCCC2=O,,random_balanced,BB-0795,BB-1862,1,2,0.364170778441989
BB-0950 BB-0291,"[950, 291]",[140],COCc1cc(C(=O)O)cc(C(=O)Cc2nc3ccccc3nc2C)c1,,random_balanced,BB-0950,BB-0291,4,1,0.6515969272836009
BB-1108 BB-0685,"[1108, 685]",[75],CC(C)(C)OC(=O)NC1(CC=C(Cn2ccc(C=O)n2)C(=O)OC(C)(C)C)CCCC1,,random_balanced,BB-1108,BB-0685,2,1,0.39741474185636305
BB-0125 BB-1765,"[125, 1765]",[5],CC(Cc1c(F)cccc1F)Nc1cc2c(cc1F)CNC2,,random_balanced,BB-0125,BB-1765,3,2,0.18619547279779747
BB-0012 BB-0254,"[12, 254]",[100],C#CC(C)S(=O)(=O)c1nccn2nc(C(C)(C)C)cc12,,random_balanced,BB-0012,BB-0254,3,1,0.21129301598336556
BB-0573 BB-0663,"[573, 663]",[4],O=C(O)c1cnc2c(c1)N(C(=O)/C(F)=C/c1c[nH]cn1)CCO2,,random_balanced,BB-0573,BB-0663,4,1,0.4213656911069257
BB-0686 BB-1455,"[686, 1455]",[73],CCCCC1CCC(NC(=O)N2CCNC(=O)C2c2ccc(C)cc2)CC1,,random_balanced,BB-0686,BB-1455,2,5,0.49826058209541485
BB-1969 BB-1293,"[1969, 1293]",[50],CC(CCCN1C(=O)c2ccccc2C1=O)(OCC1=NOC2(CCNCC2)C1)C(=O)O,,random_balanced,BB-1969,BB-1293,1,5,0.3726949975289434
BB-1155 BB-1608,"[1155, 1608]",[81],CC(C)OC(=O)c1ccc(S(=O)(=O)Nc2ccc(-c3ccco3)cc2F)cc1,,random_balanced,BB-1155,BB-1608,2,1,0.33713249087011116
BB-0575 BB-1001,"[575, 1001]",[5],CC1CN(C(=O)c2n[nH]cc2Nc2ccc(OCc3cccc(C(=O)O)c3)cc2)CCCO1,,random_balanced,BB-0575,BB-1001,3,4,0.09542248012159565
BB-0109 BB-1138,"[109, 1138]",[103],CN(CC(=O)c1c[nH]c2ccc(F)cc12)C(=O)Nc1c2c(nn1-c1cccc(Cl)c1)CCC2,,random_balanced,BB-0109,BB-1138,3,5,0.49141923228365486
BB-0153 BB-0605,"[153, 605]",[65],O=C(c1cccnn1)c1cnc(F)cc1Cl,,random_balanced,BB-0153,BB-0605,2,1,0.08000068576867433
BB-1233 BB-1684,"[1233, 1684]",[30],COCc1nccc(C2CCCN(C(=O)C(=O)Nc3ccc(S(=O)(=O)Nc4cc(C)nn4-c4ccccc4)cc3)C2)n1,,random_balanced,BB-1233,BB-1684,2,2,0.07151043430953147
BB-0947 BB-0041,"[947, 41]",[78],Cc1ccc(Cl)cc1N1CCN(C(=O)C[C@H]2CCC[C@@H](C)O2)CC1,,random_balanced,BB-0947,BB-0041,2,4,0.6150771073104123
BB-1958 BB-0302,"[1958, 302]",[87],CCCn1c(-c2ccc(C3CC3)cc2F)nc2cnccc21,,random_balanced,BB-1958,BB-0302,3,4,0.5635576883314629
BB-0480 BB-1348,"[480, 1348]",[50],Cc1nn(CCO)c(C)c1C(=O)OC(C)(CCc1ccccc1[N+](=O)[O-])C(=O)O,,random_balanced,BB-0480,BB-1348,3,4,0.795002640891631
BB-1012 BB-0877,"[1012, 877]",[36],CC(C)(C)OC(=O)N[C@H](CCC(F)F)c1nc([C@H]2CC[C@@H](C#N)CC2)no1,,random_balanced,BB-1012,BB-0877,1,3,0.5476981908966556
BB-1307 BB-1968,"[1307, 1968]",[78],COc1cccc2c(CCC(=O)Nc3c(O)ccc(Br)c3C)c(-c3ccccc3)[nH]c12,,random_balanced,BB-1307,BB-1968,4,5,0.6848795676121038
BB-0008 BB-1950,"[8, 1950]",[71],N#Cc1c(Nc2cccc3c(=O)[nH]sc23)ncc2c1CCOC2,,random_balanced,BB-0008,BB-1950,4,1,0.46864022514208353
BB-0194 BB-0112,"[194, 112]",[105],COCC(NC(=O)C(=O)Nc1cc(C2CC2)n(C)n1)(c1ccccc1)c1nc2ccccc2n1C,,random_balanced,BB-0194,BB-0112,2,5,0.38052851917323766
BB-1058 BB-0744,"[1058, 744]",[41],COc1c(Oc2ccccc2CNC2CC2)ccc2ccccc12,,random_balanced,BB-1058,BB-0744,2,3,0.5753534930996658
BB-0812 BB-1429,"[812, 1429]",[15],Cc1ccc(C)c(-c2cc(C)c(N)cc2S[C@@H]2CCC3(CN)CO[C@@H]2C3)c1,,random_balanced,BB-0812,BB-1429,3,4,0.591449470661847
BB-0555 BB-1461,"[555, 1461]",[66],CC1(C#N)Cc2cccc(C(C)(O)c3cc(Cl)sc3Cl)c21,,random_balanced,BB-0555,BB-1461,2,3,0.06815023198219886
BB-1749 BB-1361,"[1749, 1361]",[30],CCN(C(=O)C(=O)Nc1snc(C(C)(C)C)c1C(=O)OC)C1CCN(C(=O)OC(C)(C)C)CC1,,random_balanced,BB-1749,BB-1361,3,4,0.058919264746028766
BB-1220 BB-0902,"[1220, 902]",[103],Cc1cccc(N2CCN(CCCNC(=O)N[C@@H]3C[C@H]4CC[C@@H]3C[C@@]4(C)C(=O)O)CC2)c1,,random_balanced,BB-1220,BB-0902,2,1,0.024844857332172194
BB-1950 BB-0246,"[1950, 246]",[105],CCC1CCC(NC(=O)C(=O)Nc2ncc3c(c2C#N)CCOC3)(C2=NCCN2)CC1,,random_balanced,BB-1950,BB-0246,2,2,0.19815598008289545
BB-1716 BB-0493,"[1716, 493]",[65],COC(=O)C1Cc2cccc(C(=O)c3c([N+](=O)[O-])cnn3C)c2CN1,,random_balanced,BB-1716,BB-0493,1,2,0.7343429720547596
BB-0525 BB-1008,"[525, 1008]",[111],O=C(OCC1c2ccccc2-c2ccccc21)N1CCC(OCc2nc(-c3c(F)cccc3B(O)O)no2)CC1,,random_balanced,BB-0525,BB-1008,1,2,0.10976971204536523
BB-1887 BB-0520,"[1887, 520]",[37],O=C(NCC1(c2cccc(C(F)(F)F)c2)CCCC1)c1ccc2c(c1)CCC2=O,,random_balanced,BB-1887,BB-0520,2,3,0.5440921666192409
BB-0438 BB-0928,"[438, 928]",[140],N=c1c(C(N)=O)c[nH]c2c(C(=O)c3ccccc3CCC(=O)O)cccc12,,random_balanced,BB-0438,BB-0928,2,3,0.6539018863156625
BB-1767 BB-1996,"[1767, 1996]",[125],Cc1nc(C)c2c(C)c(C(C)(C(=O)O)N3CC(C)n4cc(Br)cc4C3=O)sc2n1,,random_balanced,BB-1767,BB-1996,2,3,0.8038858599396643
BB-0320 BB-1608,"[320, 1608]",[78],O=C(NCC(C(=O)Nc1ccc(-c2ccco2)cc1F)c1cc(F)ccc1F)OCC1c2ccccc2-c2ccccc21,,random_balanced,BB-0320,BB-1608,2,2,0.038525787109895085
BB-0878 BB-0935,"[878, 935]",[138],CNCc1cc2c(cc1-c1ccsc1COC)OCO2,,random_balanced,BB-0878,BB-0935,3,2,0.07030514664135287
BB-1242 BB-0399,"[1242, 399]",[108],Cc1cc2c(c(C)c1Cl)C(Nc1nnn(C)n1)CCO2,,random_balanced,BB-1242,BB-0399,5,3,0.5394153384196685
BB-0715 BB-1754,"[715, 1754]",[78],O=C(O)COc1ccc(CCNC(=O)C2CCNCC2(F)F)cc1,,random_balanced,BB-0715,BB-1754,1,4,0.4688671617143756
BB-1791 BB-1591,"[1791, 1591]",[78],CC1(C)C(C(=O)Nc2ccc(F)c(I)c2F)C1(F)F,,random_balanced,BB-1791,BB-1591,1,5,0.23700120689910356
BB-0345 BB-0336,"[345, 336]",[30],CCC1Cc2ccccc2N(C(=O)C(=O)Nc2cc(-n3cnnn3)ccc2Cl)C1,,random_balanced,BB-0345,BB-0336,2,4,0.25724507758024256
BB-0206 BB-0527,"[206, 527]",[66],O=c1[nH]c(=O)n([C@@H]2O[C@H](CO)[C@@H](O)[C@H]2O)cc1C1(O)CCC(c2cncc(F)c2)C1,,random_balanced,BB-0206,BB-0527,2,4,0.4168565035345576
BB-0830 BB-0609,"[830, 609]",[25],CN(C)c1ncc(C(=O)O)c(S(=O)(=O)c2ccc3ncn(C)c(=O)c3c2)c1F,,random_balanced,BB-0830,BB-0609,3,4,0.5099992353072573
BB-0456 BB-1017,"[456, 1017]",[78],COc1cc(C(=O)NCc2cc(F)ccc2N2CCOCC2)ccc1OCC(=O)Nc1cccc(C(F)(F)F)c1,,random_balanced,BB-0456,BB-1017,1,4,0.17998886741384815
BB-0073 BB-1609,"[73, 1609]",[89],CCC(Br)c1ccc(Sc2cncnc2N(C)CC2CCOC2)cc1,,random_balanced,BB-0073,BB-1609,2,1,0.5452989674144939
BB-0221 BB-1684,"[221, 1684]",[105],COCc1nccc(C2CCCN(C(=O)C(=O)N3CCCC3c3nncn3CC(C)C)C2)n1,,random_balanced,BB-0221,BB-1684,3,3,0.5338197563091929
BB-0763 BB-1164,"[763, 1164]",[5],COC(=O)c1cc(C)cc(NCC(C)(C)c2cc[nH]c(=O)c2)c1,,random_balanced,BB-0763,BB-1164,3,2,0.7415144453194137
BB-0511 BB-1011,"[511, 1011]",[79],COC(=O)C1Cc2c(O)cccc2C1Nc1cc2c(cc1F)ncc1c2n(C(C)C)c(=O)n1C,,random_balanced,BB-0511,BB-1011,1,2,0.6437802207466273
BB-1897 BB-1477,"[1897, 1477]",[105],CCN(C1CC1)S(=O)(=O)NC(=O)C(=O)NS(=O)(=O)c1ccc(C(C)O)cc1,,random_balanced,BB-1897,BB-1477,3,2,0.08493724434675115
BB-0845 BB-0886,"[845, 886]",[41],O=C(O)Cc1ccc(F)cc1Oc1ncnn2c(I)cnc12,,random_balanced,BB-0845,BB-0886,2,2,0.28361170271546704
BB-0616 BB-0781,"[616, 781]",[146],COC(=O)c1cc2c(N3CC(Cc4cccs4)C3)cccc2[nH]1,,random_balanced,BB-0616,BB-0781,1,3,0.6646511646514408
BB-1162 BB-1842,"[1162, 1842]",[125],CCOC(=O)/C=C/CN(C)C(Cc1ccccc1)(C(=O)O)c1ccc(Br)s1,,random_balanced,BB-1162,BB-1842,5,5,0.7354457623693385
BB-0212 BB-0042,"[212, 42]",[105],COC(=O)c1c(NC(=O)C(=O)NS(=O)(=O)c2cc(Br)c(F)c(C(=O)O)c2)nc2n1CC(C(=O)O)CC2,,random_balanced,BB-0212,BB-0042,3,5,0.07295277932584446
BB-0899 BB-0228,"[899, 228]",[125],Cc1cc(Cl)c(O)c(C(C)(C(=O)O)N2C(=O)CN(C)CC2=O)c1,,random_balanced,BB-0899,BB-0228,1,2,0.2939348617911487
BB-0979 BB-0804,"[979, 804]",[33],CCC(CNCc1c(N)oc2ccc(F)cc2c1=O)Cc1cccc(Br)c1,,random_balanced,BB-0979,BB-0804,4,4,0.5830925622526614
BB-0761 BB-0917,"[761, 917]",[78],CC(C)(C)OC(=O)N1C[C@@H]2C[C@H](C1)[C@@H](C(F)(F)F)[C@@H]2C(=O)N[C@]1(C(F)(F)F)CC[C@H](C(=O)O)CC1,,random_balanced,BB-0761,BB-0917,3,1,0.42863341405016997
BB-0015 BB-0348,"[15, 348]",[33],Cc1ccc(C(NC(C)c2cc(C(N)C(=O)O)ccc2O)c2ccc(F)cc2Cl)cc1,,random_balanced,BB-0015,BB-0348,2,4,0.4802696496024732
BB-0798 BB-1755,"[798, 1755]",[4],CC(C)(C)OC(=O)N[C@H]1c2ccccc2C[C@@H]1NC(=O)c1cccc[n+]1[O-],,random_balanced,BB-0798,BB-1755,4,1,0.3823606993334435
BB-0098 BB-0296,"[98, 296]",[5],O=C(O)C1CN(c2nccc3c2S(=O)(=O)NCCN3)CC2(CCOCC2)O1,,random_balanced,BB-0098,BB-0296,4,3,0.5646430751385756
BB-1602 BB-1590,"[1602, 1590]",[50],CCc1c(C(C)(OC(=O)C2(c3cc(F)cc(C(F)(F)F)c3)CCCC2)C(=O)O)oc2ccc(C)cc12,,random_balanced,BB-1602,BB-1590,3,2,0.6829246109269902
BB-0582 BB-0028,"[582, 28]",[78],CCn1c(NC(=O)C2=CC=CN3CCCN=C23)c(C(=O)CCl)c(=O)[nH]c1=O,,random_balanced,BB-0582,BB-0028,2,6,0.5414943135802457
BB-1501 BB-0681,"[1501, 681]",[105],COC(=O)C1(F)CCN(C(=O)C(=O)NC(c2ccccc2)c2ccoc2)CC1,,random_balanced,BB-1501,BB-0681,4,3,0.5013353884032224
BB-0381 BB-0682,"[381, 682]",[105],CSc1nn(C)c(NC(=O)C(=O)N2CC(c3cccc(C(F)(F)F)c3)OCC2C)c1C#N,,random_balanced,BB-0381,BB-0682,1,4,0.5925928165344295
BB-1017 BB-0600,"[1017, 600]",[30],CC(C)(C)c1ccc(OCCCNC(=O)C(=O)NCc2cc(F)ccc2N2CCOCC2)cc1,,random_balanced,BB-1017,BB-0600,5,2,0.0579718606726799
BB-1082 BB-0244,"[1082, 244]",[125],CC(C(=O)O)(/C(=C/c1ccc(Cl)c(Cl)c1)C(N)=O)n1ncc2cc[nH]c2c1=O,,random_balanced,BB-1082,BB-0244,1,2,0.632291802863561
BB-0962 BB-1555,"[962, 1555]",[125],CCOC(=O)C1(C)C=CC(C(=O)O)(N2CC[C@@H](N(C)C)[C@@H](C)C2)CC1,,random_balanced,BB-0962,BB-1555,3,4,0.5976789252179062
BB-0033 BB-0331,"[33, 331]",[79],CCn1cnnc1C1CCN(c2ccccc2-c2cc(C(=O)OC)no2)CC1,,random_balanced,BB-0033,BB-0331,2,3,0.7240199145234711
BB-1177 BB-1923,"[1177, 1923]",[108],CN(C)c1nc(Cl)c(CN2CC[C@H](CF)C2)s1,,random_balanced,BB-1177,BB-1923,4,2,0.4262550413130302
BB-0101 BB-1977,"[101, 1977]",[50],CCCCO/C=C/C(OC(=O)c1cn(C2CN(C(=O)OC(C)(C)C)C2)nn1)(C(=O)O)C(F)(F)F,,random_balanced,BB-0101,BB-1977,3,3,0.04231896128938301
BB-0695 BB-1602,"[695, 1602]",[141],CCc1c(C(C)(O)c2cccc(F)c2Cl)oc2ccc(C)cc12,,random_balanced,BB-0695,BB-1602,2,4,0.5145134444500999
BB-0728 BB-1290,"[728, 1290]",[118],N#Cc1cccc2c1CC[C@H]2NCC(O)COc1cccc2[nH]ccc12,,random_balanced,BB-0728,BB-1290,0,1,0.2855284326019049
BB-1530 BB-0375,"[1530, 375]",[141],C=Cc1ncc(C(F)(F)F)cc1C(O)c1cccc(NC(=O)C(F)(F)F)c1,,random_balanced,BB-1530,BB-0375,1,2,0.6624566038448524
BB-0747 BB-0090,"[747, 90]",[41],COC(=O)c1cc(OCC23CCCN(CCC2)C3)nc2ccccc12,,random_balanced,BB-0747,BB-0090,0,3,0.4788603698105352
BB-0094 BB-1967,"[94, 1967]",[79],Cc1cc(C)c([N+](=O)[O-])cc1CNCc1cc(F)cc2c1OCOC2,,random_balanced,BB-0094,BB-1967,6,2,0.7940576287727616
BB-1508 BB-0159,"[1508, 159]",[127],CC(C)[C@@H](C(=O)O[C@@H](C)CBr)n1sc2ccccc2c1=O,,random_balanced,BB-1508,BB-0159,3,4,0.577807936109095
BB-1329 BB-1830,"[1329, 1830]",[89],O=C(O)C1CC1(F)Sc1cc(C(F)(F)F)cnc1N1CCNCC1,,random_balanced,BB-1329,BB-1830,4,2,0.39029624331497925
BB-1823 BB-0167,"[1823, 167]",[78],Cc1ccc2c(c1)CC(N(C)C(=O)[C@@H]1C[C@H]3C[C@H](CN3C(=O)OC(C)(C)C)O1)C2,,random_balanced,BB-1823,BB-0167,2,4,0.7478322942104924
BB-1566 BB-0367,"[1566, 367]",[30],O=C(C(=O)N(c1cccc(Br)c1)C1CCCNC1)N1CCCC(c2nc3ccccc3o2)C1,,random_balanced,BB-1566,BB-0367,4,4,0.37140928711292975
BB-0021 BB-1608,"[21, 1608]",[79],O=[N+]([O-])c1ccc2cc(Nc3ccc(-c4ccco4)cc3F)cnc2c1,,random_balanced,BB-0021,BB-1608,3,3,0.2834289995225153
BB-0127 BB-0674,"[127, 674]",[41],Cc1nc2nc(Sc3cc(/C=C/C(=O)O)cc4c3OCO4)nn2c(C)c1CC(=O)O,,random_balanced,BB-0127,BB-0674,1,2,0.5569989126045828
BB-1680 BB-1161,"[1680, 1161]",[65],[N-]=[N+]=N[C@H]1C[C@@](C(=O)c2ccc(C(=O)O)cc2N2CCCC2=O)(c2ccccc2)C1,,random_balanced,BB-1680,BB-1161,1,2,0.6887426578280522
BB-0583 BB-1652,"[583, 1652]",[78],CCOC(=O)c1[nH]c(C)c(C(=O)NCCc2occc2C(=O)O)c1CC,,random_balanced,BB-0583,BB-1652,3,4,0.677432202991095
BB-0928 BB-1822,"[928, 1822]",[65],Cc1c(CN)oc2ccc(C(=O)c3ccccc3CCC(=O)O)cc12,,random_balanced,BB-0928,BB-1822,4,6,0.5632857396294685
BB-0658 BB-1903,"[658, 1903]",[138],COc1c(-c2cc(F)c3cnccc3c2Cl)sc(S(N)(=O)=O)c1OC,,random_balanced,BB-0658,BB-1903,3,2,0.5216780893153614
BB-1624 BB-0972,"[1624, 972]",[4],COc1cccc(Cl)c1C1CN(C(=O)C(=O)c2cnn(C(C)(C)C)c2)CCO1,,random_balanced,BB-1624,BB-0972,2,4,0.25932398596159245
BB-0152 BB-1943,"[152, 1943]",[125],CCC(C(=O)O)(c1cccc(Br)c1)n1nnc2c(C(N)=O)cccc2c1=O,,random_balanced,BB-0152,BB-1943,2,2,0.6720118484795149
BB-0495 BB-0464,"[495, 464]",[41],Cn1nncc1O[C@H]1CC[C@](NC(=O)OC(C)(C)C)(C(=O)O)C1,,random_balanced,BB-0495,BB-0464,1,2,0.4246347335220323
BB-0113 BB-1867,"[113, 1867]",[108],CCCCCC(Nc1nc(C)c(-c2ccncc2)o1)c1c(O)cc(O)cc1O,,random_balanced,BB-0113,BB-1867,2,2,0.7695223276417096
BB-0104 BB-1253,"[104, 1253]",[130],O=C1Nc2cc(Cl)ccc2C(C2CCCOC2)=NC1CCCC1OCCO1,,random_balanced,BB-0104,BB-1253,3,7,0.6594988402803147
BB-1179 BB-0798,"[1179, 798]",[105],CC(C)(C)OC(=O)N[C@H]1c2ccccc2C[C@@H]1NC(=O)C(=O)Nc1cc(F)c2c(c1)CCC(=O)N2,,random_balanced,BB-1179,BB-0798,2,5,0.033912000561209577
BB-1789 BB-1825,"[1789, 1825]",[92],CCCCC1(C)NC(=O)c2[nH]nc(C(C)C)c2N1,,random_balanced,BB-1789,BB-1825,2,4,0.4409626908751065
BB-1538 BB-0815,"[1538, 815]",[37],COCc1nc(C2CCCCCN2C(=O)c2c(C)n(C3CC3)c3ccc(O)cc23)no1,,random_balanced,BB-1538,BB-0815,3,1,0.6932482781116837
BB-1845 BB-0131,"[1845, 131]",[105],O=C(O)[C@@H]1C[C@H](Oc2ccccc2)CN1C(=O)C(=O)N1[C@@H]2C[C@@H](F)C[C@H]1C2,,random_balanced,BB-1845,BB-0131,1,2,0.5117404275663073
BB-0091 BB-1162,"[91, 1162]",[17],CCOC(=O)CC(CNC)Oc1cc(O)c2c(=O)c3ccccc3[nH]c2c1,,random_balanced,BB-0091,BB-1162,2,6,0.7171910649893048
BB-0251 BB-0240,"[251, 240]",[15],Cc1nc(Sc2ccc3c(c2)N(C)CC(=O)N3)c(C#N)s1,,random_balanced,BB-0251,BB-0240,3,1,0.5655992592756598
BB-1888 BB-0486,"[1888, 486]",[146],Cc1cc(NC2CCOC2C)c2nncn2n1,,random_balanced,BB-1888,BB-0486,4,2,0.2940030999541812
BB-1872 BB-1093,"[1872, 1093]",[1],CCOC(=O)c1cc(C=CS(=O)(=O)c2ccc3nccc(O)c3c2)oc1C(C)C,,random_balanced,BB-1872,BB-1093,3,3,0.26864563310234757
BB-1935 BB-0557,"[1935, 557]",[78],COc1ccc(N2CCN(C(C)C(=O)NC(c3nccc(C)n3)C3CC3)CC2)cc1,,random_balanced,BB-1935,BB-0557,3,2,0.6929105921694839
BB-1384 BB-0734,"[1384, 734]",[105],O=C(NC1CCOc2ncc(C(=O)O)cc21)C(=O)N1CCC(c2cccs2)CC1,,random_balanced,BB-1384,BB-0734,2,2,0.33374806789961475
BB-1844 BB-1617,"[1844, 1617]",[78],COc1ccc(Cl)c(-c2cc(C(=O)NC(CC(=O)OC(C)(C)C)c3ccccc3)on2)c1,,random_balanced,BB-1844,BB-1617,3,3,0.2167494173901517
BB-1531 BB-1579,"[1531, 1579]",[24],Cc1cc(C(=O)O)c2cc(S(=O)(=O)c3ccc4c(c3Cl)NC(=O)CC4)ccc2n1,,random_balanced,BB-1531,BB-1579,3,3,0.5644954483050437
BB-0978 BB-0470,"[978, 470]",[30],COc1ccc(C(F)F)cc1S(=O)(=O)NC(=O)C(=O)N[C@@H]1CCN(c2nc(C)c(C#N)cc2Cl)C1,,random_balanced,BB-0978,BB-0470,1,2,0.16841807760213867
BB-1653 BB-0915,"[1653, 915]",[100],Cc1cc(S(=O)(=O)CC(=O)N2CCN(C)C2=O)cc2c1OCCCC2=O,,random_balanced,BB-1653,BB-0915,2,3,0.44287616567264365
BB-0073 BB-1655,"[73, 1655]",[99],CN(CC1CCOC1)c1ncncc1S(=O)(=O)c1cc(C(N)COc2ccccc2)ccc1F,,random_balanced,BB-0073,BB-1655,3,1,0.1597711061664895
BB-1183 BB-0105,"[1183, 105]",[1],COc1cccc(S(=O)(=O)C=Cc2cn(C)nc2C2CCC2)c1NN,,random_balanced,BB-1183,BB-0105,2,2,0.5471076001496933
BB-0427 BB-1386,"[427, 1386]",[125],CN(C)/C=C1\OCCN(C(=O)OC(C)(C)C)CC1(C(=O)O)n1cc(-n2cccc2)cn1,,random_balanced,BB-0427,BB-1386,2,3,0.5302220013822834
BB-1172 BB-0585,"[1172, 585]",[64],Cc1cc(C(CC(=O)O)CC(=O)O)ccc1C1=C[C@@H](C(=O)O)C[C@H]1NC(=O)OCC1c2ccccc2-c2ccccc21,,random_balanced,BB-1172,BB-0585,1,4,0.26155295374740345
BB-0453 BB-1108,"[453, 1108]",[1],CC(C)(C)OC(=O)NC1(CC=CC(=O)OCC2CC3CCC32)CCCC1,,random_balanced,BB-0453,BB-1108,0,3,0.0
BB-1332 BB-1632,"[1332, 1632]",[15],COC(=O)Cc1cc2c(c(Sc3cc(CN)cc(OC(F)(F)F)c3)c1)OCC2,,random_balanced,BB-1332,BB-1632,5,4,0.626765855430059
BB-1920 BB-1180,"[1920, 1180]",[23],CC(=O)c1cc(COC(=O)[C@H]2CCC(=O)N(C)[C@@H]2c2cccs2)ccc1[N+](=O)[O-],,random_balanced,BB-1920,BB-1180,2,3,0.6697547161998062
BB-1420 BB-0431,"[1420, 431]",[108],O=C(O)c1ccc2c(c1)CCCC2NCc1cccc(OCC2CCCCC2)c1,,random_balanced,BB-1420,BB-0431,4,2,0.2607316912029546
BB-1462 BB-0011,"[1462, 11]",[125],CN1CC(=O)N(C(CC2COCCN2)(C(=O)O)c2ccccc2)c2cc(S(=O)(=O)N(C)C)ccc21,,random_balanced,BB-1462,BB-0011,2,4,0.4576266844136126
BB-1123 BB-1200,"[1123, 1200]",[125],COCC1(C(=O)OC2(C(=O)O)C(=O)Nc3ccc(C)cc32)C(C)(C)C1(C)C,,random_balanced,BB-1123,BB-1200,2,3,0.5112174196215623
BB-1105 BB-1163,"[1105, 1163]",[125],CC1(C)CC(C)(C)CC(C(=O)O)(N(Cc2cccnc2C(=O)O)C(=O)OCC2c3ccccc3-c3ccccc32)C1,,random_balanced,BB-1105,BB-1163,3,3,0.34225574293469546
BB-1706 BB-1266,"[1706, 1266]",[141],Cc1cc2c(cc1Br)OCCC2(O)c1cccc(C2(C(=O)O)CC(=O)C2)c1,,random_balanced,BB-1706,BB-1266,3,7,0.6387354666538371
BB-0627 BB-1265,"[627, 1265]",[108],Cc1nc(C(O)CNC(/C=C(/[O-])C(F)(F)F)c2cccnc2)cs1,,random_balanced,BB-0627,BB-1265,0,2,0.3774762204049857
BB-0006 BB-1273,"[6, 1273]",[50],CSc1ccc([N+](=O)[O-])cc1C(C)(OC(=O)C(N)CC1CCOCC1)C(=O)O,,random_balanced,BB-0006,BB-1273,2,2,0.6414420796748816
BB-0680 BB-0359,"[680, 359]",[64],C=C(COc1ccc(CNC(C)(C)C)cc1)c1cn[nH]c1Cc1ccccc1,,random_balanced,BB-0680,BB-0359,2,2,0.22242814890074392
BB-0010 BB-0352,"[10, 352]",[50],O=C(NC1CCN(Cc2ccccc2)CC1)N(c1ccccc1)C1(C(=O)O)c2ccccc2CC12CCOCC2,,random_balanced,BB-0010,BB-0352,1,1,0.34265929125988326
BB-0708 BB-0678,"[708, 678]",[108],COC(=O)C1CC2(CCCCC2)CC1NC[C@@H]1C[C@H](OC)CN1c1cc(C)ncn1,,random_balanced,BB-0708,BB-0678,3,4,0.6950167398777097
BB-0534 BB-1918,"[534, 1918]",[38],COC(=O)c1nc(Cl)c(C)cc1-c1ccc2c(c1)C(=O)N(C1CCC(=O)NC1=O)C2=O,,random_balanced,BB-0534,BB-1918,2,3,0.5494606947912583
BB-0022 BB-0332,"[22, 332]",[76],COC(=O)CCN(C(=S)Nc1ccn(C)n1)c1ncc(C)cc1Br,,random_balanced,BB-0022,BB-0332,2,2,0.4105077243162776
BB-1462 BB-1794,"[1462, 1794]",[125],COC(=CC(C(=O)O)(N1C(=O)CN(C)c2ccc(S(=O)(=O)N(C)C)cc21)C(F)(F)F)OC,,random_balanced,BB-1462,BB-1794,3,2,0.35288909888600295
BB-1761 BB-0894,"[1761, 894]",[99],COC(=O)c1cc2c(S(=O)(=O)c3cccc(F)c3C(=O)N3CCNCC3)ccc(C)c2[nH]1,,random_balanced,BB-1761,BB-0894,3,3,0.5812553076690641
BB-0097 BB-1675,"[97, 1675]",[139],CNCc1cc(OC)ccc1C1=CC2CC1CN2C(C)=O,,random_balanced,BB-0097,BB-1675,1,2,0.5483332886973455
BB-1473 BB-1208,"[1473, 1208]",[108],Cc1cc(F)c(CNc2cnc(C)n2CC(F)(F)F)cc1[N+](=O)[O-],,random_balanced,BB-1473,BB-1208,2,2,0.6920536107365115
BB-1505 BB-0613,"[1505, 613]",[78],CC(C)(C)OC(=O)NCc1cc(NC(=O)C2CCCc3cc(O)ccc32)cc(C(F)(F)F)c1,,random_balanced,BB-1505,BB-0613,1,4,0.11050472928449022
BB-1607 BB-0478,"[1607, 478]",[5],O=C(NC1CC1)C1CCCN(CC23CCC(C2)C(=O)N3)C1,,random_balanced,BB-1607,BB-0478,1,3,0.3054539065375178
BB-1240 BB-1361,"[1240, 1361]",[112],CC(C)(C)c1nsc(N)c1C(=O)NCc1c(F)ccc2[nH]cnc12,,random_balanced,BB-1240,BB-1361,3,5,0.2863678108863971
BB-0323 BB-0557,"[323, 557]",[124],Cc1ccnc(C(Nc2ncnc3c2ncn3C[C@]2(C)COC[C@@H]3CCCN32)C2CC2)n1,,random_balanced,BB-0323,BB-0557,2,3,0.1674802318972879
BB-0719 BB-1746,"[719, 1746]",[30],O=C1C=C2C(=CCCN2C(=O)C(=O)N2CCCC2C(=O)N2CCCCCC2)O1,,random_balanced,BB-0719,BB-1746,2,3,0.5161614204302558
BB-0844 BB-0231,"[844, 231]",[17],CC(=O)c1ccc(C)c(C)c1OC(CC(=O)O)c1cc(O)c(O)c(O)c1,,random_balanced,BB-0844,BB-0231,3,2,0.6976981330728057
BB-1338 BB-1089,"[1338, 1089]",[28],CCCCn1c(NC(=O)Nc2ccc3ccnn3c2)c(Br)c(=O)[nH]c1=O,,random_balanced,BB-1338,BB-1089,2,2,0.5972580448367482
BB-1171 BB-0722,"[1171, 722]",[89],COc1cc(Sc2ccc(C)c(N)n2)c(C(=O)O)cc1S(=O)(=O)Cl,,random_balanced,BB-1171,BB-0722,4,4,0.45211368843834815
BB-1382 BB-0559,"[1382, 559]",[5],Cc1cc(C)c(NC(=O)CN(C)c2cnc(C(F)(F)F)cc2N)c(C)c1,,random_balanced,BB-1382,BB-0559,4,3,0.6718927853572497
BB-0501 BB-0325,"[501, 325]",[50],COc1ccc2[nH]c3c(c2c1)CCCC3(C(=O)O)N1C(=O)CN(C2CCCC2)c2cc(Br)c(F)cc21,,random_balanced,BB-0501,BB-0325,5,3,0.7110490085319358
BB-0512 BB-0465,"[512, 465]",[71],O=C(O)CN(Cc1c(F)cccc1Cl)c1ccccc1OC(F)F,,random_balanced,BB-0512,BB-0465,2,4,0.20479605268949025
BB-1740 BB-1396,"[1740, 1396]",[126],C=C(C)c1ncc(C(=O)OC2CCN(CC(O)CO)C2)o1,,random_balanced,BB-1740,BB-1396,1,1,0.3332505420545074
BB-1535 BB-0420,"[1535, 420]",[127],CC(C)CCC1(OC(=O)C2CC(=O)c3ccccc3O2)CC1,,random_balanced,BB-1535,BB-0420,3,4,0.5804145274527365
BB-1489 BB-0310,"[1489, 310]",[78],Cc1cccc(C(CO)N2CCN(C(=O)CC3CC(C)(C)CO3)CC2)c1,,random_balanced,BB-1489,BB-0310,3,3,0.6763217591989448
BB-0340 BB-1106,"[340, 1106]",[66],CC(C)(C)OC(=O)N1CCC(c2ccc(C(O)(CBr)c3ccc(C#N)c([N+](=O)[O-])c3)cc2F)CC1,,random_balanced,BB-0340,BB-1106,4,2,0.16392447582365158
BB-0143 BB-1071,"[143, 1071]",[50],COCCC1(C(=O)O)CN(C(C(=O)O)(c2ccc(C)cc2)C(F)(F)F)C1,,random_balanced,BB-0143,BB-1071,2,4,0.6653310868619113
BB-0177 BB-1944,"[177, 1944]",[15],CCCOc1cccc(CSCC2(CC)COC2)c1,,random_balanced,BB-0177,BB-1944,2,3,0.4980181959495331
BB-1399 BB-1161,"[1399, 1161]",[5],CN(c1cc(C(F)F)no1)c1ccc(C(=O)O)cc1N1CCCC1=O,,random_balanced,BB-1399,BB-1161,3,3,0.581050409400615
BB-0706 BB-1629,"[706, 1629]",[78],Cc1cc(F)c(NC(=O)[C@H]2C[C@@]23CCCc2ccccc23)c(C(=O)O)c1,,random_balanced,BB-0706,BB-1629,1,3,0.6873967447883655
BB-0576 BB-1639,"[576, 1639]",[4],CNC(=O)C(CC1CCCCC1)NC(=O)c1cc(C(=O)O)cc2c1CCC2N,,random_balanced,BB-0576,BB-1639,3,4,0.5580318572547498
BB-1065 BB-0521,"[1065, 521]",[5],Fc1nccc(CN(Cc2cccs2)C2CCOC2)c1Cl,,random_balanced,BB-1065,BB-0521,2,3,0.16514969058587856
BB-0050 BB-1049,"[50, 1049]",[15],COc1ccc(C2CC(=O)NC(=O)C2)cc1Sc1ccc(B2OC(C)(C)C(C)(C)O2)cc1C=O,,random_balanced,BB-0050,BB-1049,2,6,0.24365480101198358
BB-1218 BB-0222,"[1218, 222]",[41],CC(=O)NCCSc1ccc(Oc2cccc(C#CC(=O)O)c2)cc1,,random_balanced,BB-1218,BB-0222,1,3,0.3950790241221057
BB-1963 BB-0461,"[1963, 461]",[112],CNCCCCC(=O)NC1(Cc2ccc(F)cc2F)CCCCC1,,random_balanced,BB-1963,BB-0461,3,1,0.7367679325917503
BB-1558 BB-1372,"[1558, 1372]",[125],CCOC(=O)C1Cc2c(C)cccc2C(C(=O)O)(N(C(=O)C2CC2)c2ccccc2S(N)(=O)=O)C1,,random_balanced,BB-1558,BB-1372,3,3,0.38622714610128284
BB-1881 BB-1437,"[1881, 1437]",[104],CC1(C)CC(S(=O)(=O)c2ccc3cc(Br)c(F)cc3n2)CCO1,,random_balanced,BB-1881,BB-1437,1,2,0.3669806843756693
BB-0780 BB-0842,"[780, 842]",[4],CC(C)[C@@H]1CN(Cc2ccccc2)C[C@H]1C(=O)NS(=O)(=O)c1cc(F)cc(F)c1,,random_balanced,BB-0780,BB-0842,2,2,0.6732306493169616
BB-0627 BB-1238,"[627, 1238]",[66],COC(=O)C1CNc2ccc(C(O)(/C=C(/[O-])C(F)(F)F)c3cccnc3)cc21,,random_balanced,BB-0627,BB-1238,1,3,0.7135441741413615
BB-0580 BB-0288,"[580, 288]",[81],COc1ccc(S(=O)(=O)N2CC3CC2(c2ccnn2C)C3)cc1C(=O)O,,random_balanced,BB-0580,BB-0288,2,3,0.6285189364831198
BB-0537 BB-1055,"[537, 1055]",[125],CCc1cc(F)ccc1CC(=O)OC(CC(C)(C)COC)(C(=O)O)c1ccc2c(c1)OCC2(C)C,,random_balanced,BB-0537,BB-1055,1,3,0.5385109314418686
BB-0971 BB-0262,"[971, 262]",[111],Cc1c(CCc2nc(-c3ccc([C@@H](O)C(=O)O)cc3)no2)c(=O)oc2c(C)c3occ(C(C)(C)C)c3cc12,,random_balanced,BB-0971,BB-0262,2,3,0.054313809885038186
BB-1305 BB-0491,"[1305, 491]",[33],O=C(NCC1CCCN(CCc2ccccc2OC(F)F)C1)c1ccco1,,random_balanced,BB-1305,BB-0491,1,1,0.6938892781921746
BB-1361 BB-0247,"[1361, 247]",[35],COC(=O)c1ccc(C2(n3c(=O)[nH]c4snc(C(C)(C)C)c4c3=O)CC2)o1,,random_balanced,BB-1361,BB-0247,6,2,0.778339402161092
BB-0944 BB-1914,"[944, 1914]",[79],COC(=O)c1ncoc1C1CCCN(Cc2ccc3ccccc3c2[N+](=O)[O-])C1,,random_balanced,BB-0944,BB-1914,2,4,0.7902797990897928
BB-1125 BB-1005,"[1125, 1005]",[89],COC(=O)c1ccccc1CSCC(=O)C(C#N)=C1Nc2ccccc2N1C,,random_balanced,BB-1125,BB-1005,2,3,0.5266687738894601
BB-1227 BB-1233,"[1227, 1233]",[79],Cc1cc(NS(=O)(=O)c2ccc(Nc3ccncc3F)cc2)n(-c2ccccc2)n1,,random_balanced,BB-1227,BB-1233,1,3,0.5140634207116234
BB-0156 BB-1871,"[156, 1871]",[146],COc1cc(NC(CC(C)C)C2CC2c2ccccc2)c2c(c1)C(=O)CCC2,,random_balanced,BB-0156,BB-1871,3,5,0.7377892358238706
BB-0381 BB-1069,"[381, 1069]",[33],CC1COC(c2cccc(C(F)(F)F)c2)CN1C1CCCC1=Cc1cccc([N+](=O)[O-])c1,,random_balanced,BB-0381,BB-1069,2,3,0.7497356045081089
BB-1780 BB-1166,"[1780, 1166]",[28],O=C(Nc1cccc(N2CCOCC2)c1)N1CCCC1c1ccc2c(c1)OCCCO2,,random_balanced,BB-1780,BB-1166,2,3,0.5028734162954561
BB-1430 BB-1511,"[1430, 1511]",[105],CCc1cc(=O)n2nc(NC(=O)C(=O)NC(C(=O)OC)C3CCOC3)[nH]c2n1,,random_balanced,BB-1430,BB-1511,3,4,0.22238015108315884
BB-1791 BB-1880,"[1791, 1880]",[78],Cc1cc2c(cc1Br)N(C(=O)C1C(C)(C)C1(F)F)CC(C)O2,,random_balanced,BB-1791,BB-1880,2,3,0.4719473052040984
BB-0623 BB-1134,"[623, 1134]",[33],CCCCCCCCCC(C)CCN1CCOCC1Cc1c[nH]c2ccccc12,,random_balanced,BB-0623,BB-1134,1,2,0.23655785414986136
BB-1538 BB-0527,"[1538, 527]",[41],COC(=O)c1c(C)n(C2CC2)c2ccc(Oc3cn([C@@H]4O[C@H](CO)[C@@H](O)[C@H]4O)c(=O)[nH]c3=O)cc12,,random_balanced,BB-1538,BB-0527,4,5,0.1783025437257828
BB-0746 BB-1849,"[746, 1849]",[108],CC(C)CC1CCC(N2CCCC2c2nc3ccccc3s2)C1,,random_balanced,BB-0746,BB-1849,3,2,0.3891449214385678
BB-0430 BB-0957,"[430, 957]",[112],CC(C)(C)OC(=O)c1cccc(NC(=O)CCC2CN(C(=O)OC(C)(C)C)C2)c1Cl,,random_balanced,BB-0430,BB-0957,4,2,0.1445767646483338
BB-1858 BB-0822,"[1858, 822]",[13],CC(=O)n1c(-c2cccc(CO)c2F)nc2cc(C)ccc21,,random_balanced,BB-1858,BB-0822,1,5,0.3358831557817096
BB-0542 BB-0623,"[542, 623]",[81],O=C1c2ccccc2C(=O)N1CCCCS(=O)(=O)N1CCOCC1Cc1c[nH]c2ccccc12,,random_balanced,BB-0542,BB-0623,1,2,0.2952977616565964
BB-1103 BB-0083,"[1103, 83]",[141],COC(=O)c1cc2c(C3(O)CCN(C(=O)OC)C3(C)C)cccc2o1,,random_balanced,BB-1103,BB-0083,2,3,0.544521773670962
BB-0038 BB-0935,"[38, 935]",[66],COCc1sccc1C(O)c1cnc2c(Br)cc(F)cn12,,random_balanced,BB-0038,BB-0935,2,3,0.08700716900326534
BB-1343 BB-1917,"[1343, 1917]",[78],CCOC1CCC(C(=O)N2CC=C(c3cccnc3)CC2)CC1,,random_balanced,BB-1343,BB-1917,1,4,0.5776763158015977
BB-0339 BB-1931,"[339, 1931]",[50],O=C(O)C1(OCc2cccc([N+](=O)[O-])c2)CCCc2cc[nH]c21,,random_balanced,BB-0339,BB-1931,2,3,0.6843302186198741
BB-0560 BB-1393,"[560, 1393]",[50],Cc1nc2cc(Br)ccc2c(C)c1C(=O)OC1(C(=O)O)C=C(c2cccc(CO)n2)CCC1,,random_balanced,BB-0560,BB-1393,3,4,0.637527348551637
BB-0782 BB-1906,"[782, 1906]",[105],Cc1ccc(S(=O)(=O)N(C(=O)C(=O)N2CCc3cc(C(F)(F)F)[nH]c3C2)C(C(=O)O)C(C)C)cc1C,,random_balanced,BB-0782,BB-1906,2,2,0.6848718663344835
BB-0375 BB-0263,"[375, 263]",[66],COC(=O)c1ccc2c(c1)nc(C(O)c1cccc(NC(=O)C(F)(F)F)c1)c1ncncc12,,random_balanced,BB-0375,BB-0263,3,2,0.4390713993339958
BB-0673 BB-0894,"[673, 894]",[15],O=C(c1c(F)cccc1Sc1ccccc1C1(O)CCNCC1)N1CCNCC1,,random_balanced,BB-0673,BB-0894,4,4,0.5764490923025202
BB-0627 BB-0812,"[627, 812]",[66],Cc1ccc(C)c(-c2cc(C)c(N)cc2C(O)(/C=C(/[O-])C(F)(F)F)c2cccnc2)c1,,random_balanced,BB-0627,BB-0812,2,4,0.5167615200339228
BB-1717 BB-0313,"[1717, 313]",[89],COC(=O)c1nc2cc(SC3CCC(C(=O)O)N(C(=O)OC(C)(C)C)C3OC)ccc2n1C,,random_balanced,BB-1717,BB-0313,2,1,0.5864732967785276
BB-1237 BB-0628,"[1237, 628]",[105],NC(=O)c1cccc(CN(C(=O)C(=O)NS(=O)(=O)c2cccc([N+](=O)[O-])c2O)C2CC2)c1,,random_balanced,BB-1237,BB-0628,2,3,0.49133668123720375
BB-1035 BB-0142,"[1035, 142]",[4],CCOC(=O)CC1CCC2(CC1)CCN(C(=O)c1nccn1CC)CC2,,random_balanced,BB-1035,BB-0142,3,2,0.6030828292457687
BB-1996 BB-1060,"[1996, 1060]",[50],Cc1nc(C)c2c(C)c(C(C)(Oc3cc(Cl)ccc3Cl)C(=O)O)sc2n1,,random_balanced,BB-1996,BB-1060,4,3,0.7594142468724123
BB-1483 BB-0806,"[1483, 806]",[110],CN1CCCC(C(=NO)n2c(=O)[nH]c3c(C#N)c4n(c3c2=O)CCOC4)C1,,random_balanced,BB-1483,BB-0806,1,3,0.6010386204202635
BB-0659 BB-0906,"[659, 906]",[105],Cc1noc(C2CN(C(=O)C(=O)NCc3cccnc3P(C)(C)=O)CC23COC3)n1,,random_balanced,BB-0659,BB-0906,2,1,0.5711114132221458
BB-1066 BB-0177,"[1066, 177]",[23],CCCOc1cccc(COC(=O)C[C@H](NC(=O)OCC2c3ccccc3-c3ccccc32)c2ccc(OC)cc2)c1,,random_balanced,BB-1066,BB-0177,2,3,0.05087782935181807
BB-1776 BB-1891,"[1776, 1891]",[116],COc1cccc(COc2nc(C)ccc2[C@@H]2C[C@H]2C(=O)O)c1[N+](=O)[O-],,random_balanced,BB-1776,BB-1891,1,3,0.7674962525462306
BB-1870 BB-0461,"[1870, 461]",[78],CCCCN1C(=O)c2ccc(C(=O)N(C)CCCCC(=O)OC)cc2C1=O,,random_balanced,BB-1870,BB-0461,2,2,0.4610643427445669
BB-0378 BB-1882,"[378, 1882]",[50],O=C(OC(CBr)(C(=O)O)C1COc2ccccc2O1)c1ccc2c(c1)[nH]c(=O)n2C1CC1,,random_balanced,BB-0378,BB-1882,4,1,0.4360758228265697
BB-0905 BB-1083,"[905, 1083]",[73],Cc1ccc(C)c(CNC(=O)N[C@@H](CO)Cc2ccc([N+](=O)[O-])cc2)c1,,random_balanced,BB-0905,BB-1083,1,2,0.3131629488055105
BB-1016 BB-1413,"[1016, 1413]",[37],CC(F)(F)c1[nH]ncc1C(=O)N1CCC[C@@H]1CN1CCC1,,random_balanced,BB-1016,BB-1413,3,3,0.38809260736313866
BB-0792 BB-1540,"[792, 1540]",[66],CCCN1C(=O)C(O)(c2cccc(CS)c2Cl)c2cc(Br)ccc21,,random_balanced,BB-0792,BB-1540,2,2,0.39928503951883526
BB-0343 BB-1834,"[343, 1834]",[78],CC(C)CON(Cc1ccccc1)C(=O)Cc1c(F)ccc(Cl)c1F,,random_balanced,BB-0343,BB-1834,2,2,0.5449625078108705
BB-0055 BB-1552,"[55, 1552]",[146],CCCn1c(Nc2cc(C(=O)OC)c(F)cc2F)c(N2CCOCC2)c(=O)[nH]c1=O,,random_balanced,BB-0055,BB-1552,2,2,0.6440006478990534
BB-1160 BB-0122,"[1160, 122]",[89],CCOC(=O)c1c(C)nn(C)c1CSc1ccccc1C(=O)Nc1ccc(O)cc1,,random_balanced,BB-1160,BB-0122,3,3,0.520038434347178
BB-1340 BB-1708,"[1340, 1708]",[70],COc1ccc2c(c1)C(C)(C)CC2=Cc1cccc(C=O)c1,,random_balanced,BB-1340,BB-1708,1,3,0.5365925358446054
BB-0152 BB-0214,"[152, 214]",[125],CC(C)Cn1c2c(c(=O)n(C)c1=O)C(C(=O)O)(n1nnc3c(C(N)=O)cccc3c1=O)CN2,,random_balanced,BB-0152,BB-0214,3,6,0.6803626979265285
BB-1088 BB-0419,"[1088, 419]",[126],CC(C)(C)OC(=O)N1CCCC(OC(=O)c2cncc(C(C)(C)F)c2)CCC1,,random_balanced,BB-1088,BB-0419,1,1,0.3444920500142763
BB-1476 BB-0897,"[1476, 897]",[89],COc1cc(C)c(Sc2n[nH]c3cnccc23)cc1OC,,random_balanced,BB-1476,BB-0897,1,2,0.3435363292276562
BB-0206 BB-1370,"[206, 1370]",[50],CCC(C)(C)OCC(=O)OC1(C(=O)O)CCC(c2cncc(F)c2)C1,,random_balanced,BB-0206,BB-1370,3,2,0.6315661711674242
BB-1334 BB-0379,"[1334, 379]",[125],Cc1nc2cc(Br)c(Cl)cc2n1C1(C(=O)O)CCNc2ccc(C(=O)O)cc21,,random_balanced,BB-1334,BB-0379,2,3,0.44779961957825754
BB-0151 BB-1771,"[151, 1771]",[78],COC(=O)[C@H]1[C@H](C(=O)N2CCN(C3(C(=O)OC)COC3)CC2)C12CC2,,random_balanced,BB-0151,BB-1771,1,2,0.42353750412590646
BB-0727 BB-0861,"[727, 861]",[28],CCc1csc(C2CCCN(C(=O)NC(C)(C)C(=O)Nc3ccccc3)C2)n1,,random_balanced,BB-0727,BB-0861,3,2,0.4671886128861527
BB-1119 BB-0894,"[1119, 894]",[78],Cc1nnc2cc(C(=O)N3CCN(C(=O)c4c(F)cccc4Cl)CC3)ccn12,,random_balanced,BB-1119,BB-0894,1,5,0.5645422342795217
BB-0387 BB-1208,"[387, 1208]",[124],Cc1ncc(Nc2ncnc3c2ncn3-c2c3c(nn2-c2ccccc2)COC3)n1CC(F)(F)F,,random_balanced,BB-0387,BB-1208,2,3,0.49913169898327286
BB-0948 BB-1429,"[948, 1429]",[119],COc1ccc2c(c1)OCC(C=O)C2NCC12CC[C@@H](Br)[C@@H](C1)OC2,,random_balanced,BB-0948,BB-1429,2,5,0.6779225841757824
BB-1083 BB-0425,"[1083, 425]",[30],O=Cc1cn[nH]c1NC(=O)C(=O)N[C@@H](CO)Cc1ccc([N+](=O)[O-])cc1,,random_balanced,BB-1083,BB-0425,3,4,0.32225444353435023
BB-0849 BB-1243,"[849, 1243]",[79],O=C(O)C1Cc2c([nH]c3ccc(O)cc23)CN1c1cc(CO)c2c(c1)CCO2,,random_balanced,BB-0849,BB-1243,4,3,0.7432397555622471
BB-1135 BB-1805,"[1135, 1805]",[59],Cc1c(Br)cc2c3c([nH]c2c1C)-c1cc(Cl)ccc1C3,,random_balanced,BB-1135,BB-1805,4,3,0.11918662699809322
BB-1945 BB-1695,"[1945, 1695]",[89],COC(=O)C1(c2cc(Sc3cc(C)cc4c3CCNC4)ccc2C#N)CCC1,,random_balanced,BB-1945,BB-1695,3,4,0.6221205591546232
BB-1961 BB-1072,"[1961, 1072]",[141],Cc1ccc(C(C)NC(=O)CC(O)c2nn(C3CCCC3)cc2I)cc1C,,random_balanced,BB-1961,BB-1072,3,5,0.17158640189166505
BB-1833 BB-0674,"[1833, 674]",[5],N=C(N)c1cccc(CNc2cc(/C=C/C(=O)O)cc3c2OCO3)c1,,random_balanced,BB-1833,BB-0674,3,3,0.5639762270369625
BB-0210 BB-1253,"[210, 1253]",[125],Nc1cc(Cl)ccc1C(C(=O)O)(C1CCCOC1)N1CC(C23CC(Cl)(C2)C3)C1,,random_balanced,BB-0210,BB-1253,4,8,0.5586243573916503
BB-1685 BB-0840,"[1685, 840]",[30],CCN(CCCC[Si](C)(C)C)C(=O)C(=O)N1CCC(C(=O)O)(c2cccc(Cl)c2)CC1,,random_balanced,BB-1685,BB-0840,1,3,0.27982513862549746
BB-1269 BB-0602,"[1269, 602]",[125],Cc1cc2[nH]cnc2cc1COC1(C(=O)O)CCCOc2c(C(C)C)cccc21,,random_balanced,BB-1269,BB-0602,4,3,0.767934240077722
BB-1502 BB-1207,"[1502, 1207]",[89],CS(=O)(=O)Nc1ccc(Sc2cc(F)c(F)cc2CC(=O)O)cc1,,random_balanced,BB-1502,BB-1207,3,1,0.6090197975694287
BB-1030 BB-1327,"[1030, 1327]",[146],COc1ccc(OC)c2nc(Nc3cnc(Br)c(C)c3)ccc12,,random_balanced,BB-1030,BB-1327,3,3,0.40097615018353017
BB-1494 BB-0844,"[1494, 844]",[141],Cc1ccc(C(C)(O)c2cc(CC(CN)CO)ccc2F)c(O)c1C,,random_balanced,BB-1494,BB-0844,3,4,0.6051578426038007
BB-0655 BB-1549,"[655, 1549]",[79],COc1ccc(F)cc1CCNCC(=O)c1ccc(C)c(Br)c1,,random_balanced,BB-0655,BB-1549,3,4,0.372862649185335
BB-0736 BB-1565,"[736, 1565]",[99],CC(F)(F)c1ccc(S(=O)(=O)c2ccc(CN3CCC(=NO)CC3)cc2)nc1,,random_balanced,BB-0736,BB-1565,4,1,0.5171005828467585
BB-1154 BB-1311,"[1154, 1311]",[66],COc1ccc(N)cc1S(=O)(=O)Nc1ccc(C(O)c2cc3[nH]c(C(=O)O)cc3s2)cc1,,random_balanced,BB-1154,BB-1311,3,3,0.36752059075976484
BB-0766 BB-0331,"[766, 331]",[50],CCC(=O)CC(C(=O)O)(c1ccc(C(F)(F)F)cc1)N1CCC(c2nncn2CC)CC1,,random_balanced,BB-0766,BB-0331,3,4,0.7518395538681103
BB-1848 BB-1193,"[1848, 1193]",[68],CCOc1ccc(C#CC23CCC(C(F)F)(CC2)CC3)cc1CCN,,random_balanced,BB-1848,BB-1193,0,3,0.31500275371187225
BB-1947 BB-0817,"[1947, 817]",[124],N#Cc1ccc(N2CCCC(Nc3ncnc4c3ncn4-c3ccc4c(c3)S(=O)(=O)NC4=O)C2=O)cc1,,random_balanced,BB-1947,BB-0817,2,5,0.21803375680550438
BB-0327 BB-0134,"[327, 134]",[125],C#CCN(C(=O)c1ccc(C)cc1C)C1(C(=O)O)CSCCc2ccccc21,,random_balanced,BB-0327,BB-0134,1,3,0.6005593529489158
BB-1377 BB-1426,"[1377, 1426]",[5],NNCc1ccc(Cl)cc1NCCCN1C(=O)NC(c2ccccc2)(c2ccccc2)C1=O,,random_balanced,BB-1377,BB-1426,2,2,0.49762804699240665
BB-1355 BB-1171,"[1355, 1171]",[5],COc1cc(NC2CCC(CCCC(=O)O)C2)c(C(=O)O)cc1S(=O)(=O)Cl,,random_balanced,BB-1355,BB-1171,7,5,0.713768729861599
BB-1271 BB-1830,"[1271, 1830]",[71],NNC(=O)c1ccn(COc2ccc(N3CCN(c4ncc(C(F)(F)F)cc4Cl)CC3)cc2)n1,,random_balanced,BB-1271,BB-1830,3,3,0.22388757901347522
BB-0855 BB-1267,"[855, 1267]",[127],O=C(OC1CCCCC1O)C1(c2cc(C(F)(F)F)ccc2Cl)CC1,,random_balanced,BB-0855,BB-1267,2,1,0.5777400812298924
BB-0025 BB-1060,"[25, 1060]",[116],COC(=O)C(Oc1cc(Cl)ccc1Cl)C(C)c1ccccc1,,random_balanced,BB-0025,BB-1060,1,4,0.5133589703477996
BB-0170 BB-1445,"[170, 1445]",[1],COc1ccc(-c2[nH]ncc2C=C(C(=O)O)c2ccc(C3CCCCC3)cc2)cc1,,random_balanced,BB-0170,BB-1445,3,2,0.30125809603315323
BB-1433 BB-0164,"[1433, 164]",[125],CCOC(=O)C12CCCC1=CC(C(=O)O)(N1CC3(CCC1C)OCc1ccccc13)C2,,random_balanced,BB-1433,BB-0164,3,1,0.6469470749098147
BB-1107 BB-1841,"[1107, 1841]",[66],Cc1ccc(C(O)c2ccc3c(c2)C2(CCC2)CN3)c(F)c1,,random_balanced,BB-1107,BB-1841,1,3,0.4396745864464467
BB-1566 BB-1324,"[1566, 1324]",[44],CC1CCC(N(c2cccc(Br)c2)C2CCCNC2)C1C(=O)O,,random_balanced,BB-1566,BB-1324,5,1,0.26550673299205113
BB-0990 BB-1929,"[990, 1929]",[79],CC(C)n1ncc(Nc2cc(F)cnc2Br)c1Cl,,random_balanced,BB-0990,BB-1929,2,6,0.36125855133799456
BB-0773 BB-0559,"[773, 559]",[37],O=Cc1n[nH]c2c(C(=O)Nc3cc(C(F)(F)F)ncc3Br)cccc12,,random_balanced,BB-0773,BB-0559,2,4,0.4665968726989126
BB-1814 BB-0253,"[1814, 253]",[30],COCCn1c(CNC(=O)C(=O)NCC2(c3cccc(C(F)(F)F)c3)CC2)nc2cc3c(cc21)OCO3,,random_balanced,BB-1814,BB-0253,3,5,0.1548104173836683
BB-0697 BB-1796,"[697, 1796]",[41],CC(OCC1CN(c2ccc(Br)cc2)C(=O)O1)C(=O)NC1CC1,,random_balanced,BB-0697,BB-1796,1,3,0.5965529072786309
BB-0577 BB-1665,"[577, 1665]",[105],CC(NC(=O)C(=O)NC(COc1ccccc1)c1ccc(Cl)c(F)c1)C(=O)Nc1cc(C(F)(F)F)n[nH]1,,random_balanced,BB-0577,BB-1665,2,3,0.1770762010210844
BB-1315 BB-0619,"[1315, 619]",[78],Cn1nc2c(c1C(=O)NCCN1Cc3ncsc3C1)CNC2,,random_balanced,BB-1315,BB-0619,3,2,0.35515841644188395
BB-1185 BB-1388,"[1185, 1388]",[15],COc1c(F)cc(F)cc1CSc1ccc(Cl)cc1OCc1cccc(C(=O)O)c1,,random_balanced,BB-1185,BB-1388,1,3,0.4790614579535626
BB-1858 BB-1350,"[1858, 1350]",[41],COC(=O)c1cccc(COc2cc(Cl)cc(C(N)C(F)(F)C(=O)O)c2)c1F,,random_balanced,BB-1858,BB-1350,2,3,0.5839901373837285
BB-1222 BB-1915,"[1222, 1915]",[37],[N-]=[N+]=NC1CC2(CCC(C(=O)N3CCN(S(=O)(=O)c4ccc(S(N)(=O)=O)cc4)CC3)C2)C1,,random_balanced,BB-1222,BB-1915,3,2,0.3624923856915186
BB-0637 BB-1669,"[637, 1669]",[125],CCCc1ccc(C(CCC(=O)O)(C(=O)O)N(C(=O)OCC(F)(F)F)c2ccnn2C)cc1,,random_balanced,BB-0637,BB-1669,2,3,0.6006975498346959
BB-1845 BB-0186,"[1845, 186]",[44],Cc1coc(C(CC(=O)O)N2[C@@H]3C[C@@H](F)C[C@H]2C3)n1,,random_balanced,BB-1845,BB-0186,2,3,0.25260356955767105
BB-1531 BB-0096,"[1531, 96]",[100],COc1ccc(C(=O)CN)cc1S(=O)(=O)c1ccc2c(c1Cl)NC(=O)CC2,,random_balanced,BB-1531,BB-0096,4,2,0.45637821447060745
BB-1061 BB-1005,"[1061, 1005]",[125],Cc1ccoc1C(=O)OCC(=O)N(c1sccc1C(N)=O)C(CCl)(C(=O)O)C(C#N)=C1Nc2ccccc2N1C,,random_balanced,BB-1061,BB-1005,1,4,0.33620264307795766
BB-0691 BB-1592,"[691, 1592]",[41],C#CCCCC(N)c1ccc(Oc2c(F)cc(Br)c(F)c2[N+](=O)[O-])cc1,,random_balanced,BB-0691,BB-1592,3,1,0.637825913329492
BB-0219 BB-1494,"[219, 1494]",[81],Cc1c(S(=O)(=O)NCC(CO)Cc2ccc(F)c(Br)c2)cnn1-c1ccccn1,,random_balanced,BB-0219,BB-1494,2,4,0.4297118056734365
BB-1918 BB-0323,"[1918, 323]",[71],COC(=O)c1nc(Cl)c(C)cc1NC[C@]1(C)COC[C@@H]2CCCN21,,random_balanced,BB-1918,BB-0323,4,3,0.6469336998167587
BB-0230 BB-0531,"[230, 531]",[108],O=C(CNC1CCN(c2cnccn2)CC1)NCCc1ccccc1,,random_balanced,BB-0230,BB-0531,3,2,0.5967665675550126
BB-0272 BB-1454,"[272, 1454]",[126],CC(=O)N[C@H](C(=O)OCCCn1nc(C(F)F)cc1C(F)F)C1CCCCC1,,random_balanced,BB-0272,BB-1454,2,2,0.6250507522953979
BB-1813 BB-1419,"[1813, 1419]",[48],COC(=O)c1cc(Br)c(NCc2cn(CCCS(=O)(=O)F)nn2)c(C)n1,,random_balanced,BB-1813,BB-1419,0,3,0.5996444658915904
BB-1890 BB-0806,"[1890, 806]",[110],N#Cc1c2n(c3c(=O)n(C(=NO)c4ccc(OC(F)(F)F)cc4)c(=O)[nH]c13)CCOC2,,random_balanced,BB-1890,BB-0806,2,4,0.70850665937997
BB-0908 BB-0221,"[908, 221]",[105],CC(C)Cn1cnnc1C1CCCN1C(=O)C(=O)Nc1c(Cl)nnc(Cl)c1[N+](=O)[O-],,random_balanced,BB-0908,BB-0221,5,4,0.5483432592460823
BB-1492 BB-0054,"[1492, 54]",[30],Cc1cc(N2CCC(N(C)C(=O)C(=O)N(c3ccc(C(O)CN(N=O)C(C)C)cc3)S(C)(=O)=O)CC2)ncn1,,random_balanced,BB-1492,BB-0054,2,2,0.09402431041757371
BB-0989 BB-1101,"[989, 1101]",[105],CCOC(=O)c1c(NC(=O)C(=O)N2CCOC(c3ccc(OC(F)(F)F)cc3)C2)sc(C(C)=O)c1C,,random_balanced,BB-0989,BB-1101,2,4,0.2001045819201712
BB-1400 BB-1849,"[1400, 1849]",[108],O=C(O)c1cc2n(c1CN1CCCC1c1nc3ccccc3s1)CCCC2,,random_balanced,BB-1400,BB-1849,4,3,0.3612225194461553
BB-1056 BB-0266,"[1056, 266]",[63],CCOc1sc(C)nc1-c1ccc(C)c(C(N)=O)c1,,random_balanced,BB-1056,BB-0266,2,1,0.613445142246162
BB-0422 BB-0538,"[422, 538]",[127],CC(C)(C)OC(=O)N1C[C@@H](COC(=O)[C@@H](N)Cc2ccc([N+](=O)[O-])cc2)OC1(C)C,,random_balanced,BB-0422,BB-0538,2,3,0.33301306186406376
BB-0540 BB-1480,"[540, 1480]",[5],CNC(=O)c1ccc2n1CCN(c1cc(F)c3nn(C)cc3c1)C2C,,random_balanced,BB-0540,BB-1480,4,2,0.7814557286881367
BB-1434 BB-0664,"[1434, 664]",[71],COC(=O)Cc1nnc(CNc2cc(F)c3c(c2)C(C(=O)OC)CO3)s1,,random_balanced,BB-1434,BB-0664,1,2,0.40574688241794843
BB-0510 BB-1001,"[510, 1001]",[68],COc1cccc(C#Cc2ccc(OCc3cccc(C(=O)O)c3)cc2)n1,,random_balanced,BB-0510,BB-1001,4,5,0.042415478924986705
BB-0623 BB-0826,"[623, 826]",[125],CCCC1Oc2ccc(C)cc2C1(C(=O)O)n1cc(CC2COCCN2)c2ccccc21,,random_balanced,BB-0623,BB-0826,3,1,0.6420611584629473
BB-0762 BB-1514,"[762, 1514]",[125],Cc1cccc(N(C(=O)Oc2ccccc2)C(C)(C(=O)O)c2c(C)noc2C)c1,,random_balanced,BB-0762,BB-1514,2,1,0.40656841420389134
BB-1021 BB-0535,"[1021, 535]",[78],CCCCC(NC(N)=O)C(=O)NCCc1cc(OC)c(C)c(OC)c1,,random_balanced,BB-1021,BB-0535,1,3,0.4012892153983547
BB-0205 BB-0295,"[205, 295]",[112],Cc1ccc(C(=O)N2CCC(Oc3ncccc3Br)CC2)c(N)c1Br,,random_balanced,BB-0205,BB-0295,4,4,0.6301249937502987
BB-0535 BB-0802,"[535, 802]",[103],COc1cc(CCNC(=O)NC(C)C(OC)C2CC2)cc(OC)c1C,,random_balanced,BB-0535,BB-0802,4,4,0.48557988004579505
BB-1867 BB-1413,"[1867, 1413]",[28],Cc1nc(NC(=O)N2CCC[C@@H]2CN2CCC2)oc1-c1ccncc1,,random_balanced,BB-1867,BB-1413,3,4,0.6435087990805588
BB-0268 BB-1740,"[268, 1740]",[116],O=c1[nH]cc(OCC(O)CN2CCC(O)C2)c2cc(C(F)(F)F)ccc12,,random_balanced,BB-0268,BB-1740,2,2,0.5213085176278032
BB-1784 BB-1361,"[1784, 1361]",[110],CC1COC(n2c(=O)[nH]c3snc(C(C)(C)C)c3c2=O)=N1,,random_balanced,BB-1784,BB-1361,0,7,0.6584582168349525
BB-1027 BB-0970,"[1027, 970]",[100],Cc1cc(C2NC(=O)NC2=O)ccc1S(=O)(=O)c1ccc(CN2CCN(C(=O)OC(C)(C)C)C(C)(C)C2)nn1,,random_balanced,BB-1027,BB-0970,1,2,0.04145412562484413
BB-1509 BB-1729,"[1509, 1729]",[108],COCCn1c(N)c(C(CCl)Nc2cc(C(=O)O)ccc2I)c(=O)[nH]c1=O,,random_balanced,BB-1509,BB-1729,2,4,0.715551937924521
BB-1084 BB-0188,"[1084, 188]",[126],COC(=O)[C@@](C)(OC(=O)c1cc(C)nc2c(Br)cnn12)c1ccccc1,,random_balanced,BB-1084,BB-0188,3,2,0.6293531284676728
BB-0208 BB-0994,"[208, 994]",[50],Cc1cc2c(cc1C)C(OC(C)(C)c1ccccc1O)(C(=O)O)CCC2,,random_balanced,BB-0208,BB-0994,2,2,0.6500276046979178
BB-1836 BB-0705,"[1836, 705]",[125],CC(=O)Cc1ccccc1S(=O)(=O)N(C(=O)OC(C)(C)C)C(C(=O)O)(C(=NN)c1ccccc1)c1ccccc1,,random_balanced,BB-1836,BB-0705,4,2,0.09887873325124447
BB-1756 BB-1741,"[1756, 1741]",[30],COC1CC(O)C12CCN(C(=O)C(=O)N1CCC(C(=O)N3CCCCCC3)CC1)CC2,,random_balanced,BB-1756,BB-1741,3,2,0.10386988901925734
BB-0029 BB-0080,"[29, 80]",[78],COCCCC(Cc1ccccc1)NC(=O)Cc1cccc(C(F)(F)F)n1,,random_balanced,BB-0029,BB-0080,3,2,0.4392789524079718
BB-0646 BB-0048,"[646, 48]",[79],Cc1cc(Cl)cc(N2CCCC(n3cccn3)C2)c1C(N)=O,,random_balanced,BB-0646,BB-0048,2,3,0.5434455522333478
BB-0658 BB-0348,"[658, 348]",[79],CC(=O)c1cc(C(Nc2cc(F)c3cnccc3c2Cl)C(=O)O)ccc1O,,random_balanced,BB-0658,BB-0348,4,5,0.6806460406028706
BB-1331 BB-1497,"[1331, 1497]",[5],Cc1nc2ccc(Nc3cnc4c(c3)C(=O)CC(C)C4)cc2c(C)c1C(=O)O,,random_balanced,BB-1331,BB-1497,2,3,0.4504956660222911
BB-1923 BB-1076,"[1923, 1076]",[105],CCOC(=O)C12CC(CO)(C1)OC21CCN(C(=O)C(=O)N2CC[C@H](CF)C2)CC1,,random_balanced,BB-1923,BB-1076,3,1,0.47110355554352906
BB-0742 BB-0116,"[742, 116]",[79],COC(=O)c1ccc(Cn2cc(NC(c3ccc(F)cc3)c3noc(C)n3)c([N+](=O)[O-])n2)o1,,random_balanced,BB-0742,BB-0116,3,2,0.606394866165757
BB-0256 BB-0177,"[256, 177]",[41],CCCNCc1ccccc1OCc1cccc(OCCC)c1,,random_balanced,BB-0256,BB-0177,3,4,0.6336361350824389
BB-0950 BB-1458,"[950, 1458]",[89],COCc1cc(SCCC=C(F)F)cc(C(=O)O)c1,,random_balanced,BB-0950,BB-1458,5,2,0.392741831227627
BB-0386 BB-1158,"[386, 1158]",[78],C[C@@H]1CN(C(=O)Cn2cc(I)ccc2=O)c2cc(Br)ccc2N1C,,random_balanced,BB-0386,BB-1158,2,2,0.123551257740249
BB-1230 BB-0576,"[1230, 576]",[30],CNC(=O)C(CC1CCCCC1)NC(=O)C(=O)N1[C@H](C)C[C@H](C(=O)O)C[C@@H]1C,,random_balanced,BB-1230,BB-0576,3,4,0.40444607745340394
BB-1927 BB-0878,"[1927, 878]",[108],CN(Cc1cc2c(cc1Br)OCO2)C1CCCOC1C(C)(C)C,,random_balanced,BB-1927,BB-0878,4,4,0.4542330527766617
BB-1676 BB-1469,"[1676, 1469]",[125],CC(Cn1c(=O)oc(=O)c2ccccc21)(OC(=O)c1ncoc1C1CCN(C(=O)OCC2c3ccccc3-c3ccccc32)CC1)C(=O)O,,random_balanced,BB-1676,BB-1469,1,2,0.02549051723664916
BB-1358 BB-0275,"[1358, 275]",[30],COC(=O)C1CCN(C(=O)C(=O)N(C)C2(CNC(=O)OC(C)(C)C)COC2)C(C(C)C)C1,,random_balanced,BB-1358,BB-0275,1,5,0.41976819978360425
BB-1418 BB-1145,"[1418, 1145]",[141],CNC(=O)c1ccc(C2(O)CCCC(C3CN(C(=O)OC(C)(C)C)C3)C2)s1,,random_balanced,BB-1418,BB-1145,3,2,0.42615062074671267
BB-1885 BB-0409,"[1885, 409]",[65],O=C(O)c1cccn2c(C(=O)CCS(=O)(=O)Cc3ccc(F)cc3)cnc12,,random_balanced,BB-1885,BB-0409,2,4,0.32609426752569964
BB-0737 BB-1824,"[737, 1824]",[41],NCC(Oc1cc(-c2ccccc2)nc(N)n1)C(=O)O,,random_balanced,BB-0737,BB-1824,6,2,0.19019637155494473
BB-1153 BB-0642,"[1153, 642]",[41],Cc1cc(N(C)C)ccc1Oc1ncnc2c1COCC2,,random_balanced,BB-1153,BB-0642,2,1,0.49421394269434044
BB-1083 BB-1967,"[1083, 1967]",[30],O=C(NCc1cc(F)cc2c1OCOC2)C(=O)N[C@@H](CO)Cc1ccc([N+](=O)[O-])cc1,,random_balanced,BB-1083,BB-1967,4,3,0.4930190411322191
BB-0221 BB-1993,"[221, 1993]",[5],COc1ccc2[nH]c(C(=O)O)cc2c1N1CCCC1c1nncn1CC(C)C,,random_balanced,BB-0221,BB-1993,5,3,0.5826932567406464
BB-0761 BB-0558,"[761, 558]",[78],CC(C)(C)OC(=O)N1C[C@@H]2C[C@H](C1)[C@@H](C(F)(F)F)[C@@H]2C(=O)NC1CCCN(c2ccc(Cl)cc2Cl)C1=O,,random_balanced,BB-0761,BB-0558,4,7,0.5474248250293268
BB-0619 BB-1509,"[619, 1509]",[5],COCCn1c(N)c(C(=O)CNCCN2Cc3ncsc3C2)c(=O)[nH]c1=O,,random_balanced,BB-0619,BB-1509,3,3,0.5671866706554533
BB-0610 BB-1879,"[610, 1879]",[37],Cn1ccc(C(=O)NCC2CC(C)(C)C(C)(C)O2)n1,,random_balanced,BB-0610,BB-1879,1,3,0.4501950444713264
BB-1306 BB-1207,"[1306, 1207]",[105],CS(=O)(=O)N(C(=O)C(=O)NCc1ccc2ccccc2c1F)c1ccc(I)cc1,,random_balanced,BB-1306,BB-1207,2,2,0.232863765002924
BB-1903 BB-0710,"[1903, 710]",[116],COc1c(O[C@@H]2[C@@H]3CO[C@H]2CN3)sc(S(N)(=O)=O)c1OC,,random_balanced,BB-1903,BB-0710,3,3,0.32726624717993935
BB-0498 BB-0375,"[498, 375]",[1],CC(NC(=O)C(=Cc1cccc(NC(=O)C(F)(F)F)c1)c1cccc2ccccc12)C(=O)O,,random_balanced,BB-0498,BB-0375,2,4,0.6816945645950144
BB-0050 BB-0940,"[50, 940]",[63],COc1ccc(C2CC(=O)NC(=O)C2)cc1-c1cc2c(cc1F)OCCNC2=O,,random_balanced,BB-0050,BB-0940,3,2,0.7566082284117176
BB-1315 BB-0885,"[1315, 885]",[103],Cc1ccc(-c2cnccn2)cc1NC(=O)N1Cc2nn(C)c(C(=O)O)c2C1,,random_balanced,BB-1315,BB-0885,4,3,0.46553205417223364
BB-0945 BB-1588,"[945, 1588]",[30],CC(C)N(C(=O)C(=O)N(C)C(CC(=O)O)C(F)(F)F)c1ccc(S(=O)(=O)NCC(=O)O)cc1[N+](=O)[O-],,random_balanced,BB-0945,BB-1588,3,1,0.5880340031845736
BB-0596 BB-0192,"[596, 192]",[146],Cc1cccc(Nc2ccc3c(c2)C2CC(C)(O3)N(C)C(=O)N2)c1C(N)=O,,random_balanced,BB-0596,BB-0192,2,2,0.5829172816344821
BB-1124 BB-0402,"[1124, 402]",[78],CCC[C@H](NC(=O)OCC1c2ccccc2-c2ccccc21)C(=O)Nc1cccc2c1CCCN2C(N)=O,,random_balanced,BB-1124,BB-0402,2,3,0.39661956239737006
BB-0106 BB-0349,"[106, 349]",[125],COc1ccc([C@@H]2CN(C(C)(C)C)C[C@H]2C(=O)OC(C(N)=O)(C(=O)O)c2cccc(C)c2)cc1,,random_balanced,BB-0106,BB-0349,2,3,0.39957651846592057
BB-0351 BB-1396,"[351, 1396]",[4],C=C(C)c1ncc(C(=O)N2CCCc3cc(Br)cc(CC)c32)o1,,random_balanced,BB-0351,BB-1396,3,2,0.6605195997890546
BB-1663 BB-0441,"[1663, 441]",[108],O=C(O)c1cc2c(oc1=O)CCCC2N1CCc2nc(C3CCC3)[nH]c2C1,,random_balanced,BB-1663,BB-0441,3,3,0.6963816114440624
BB-0305 BB-1291,"[305, 1291]",[107],CCCCCCCCn1c(S(=O)c2cccc(F)c2C(=O)NN)nc2sc3c(c2c1=O)CCCC3,,random_balanced,BB-0305,BB-1291,2,3,0.23600798808497633
BB-1352 BB-0872,"[1352, 872]",[41],CCOC(=O)c1nc2c(OC3(Cc4nc(C)no4)CCCNC3)cccn2c1C,,random_balanced,BB-1352,BB-0872,2,1,0.8090815423415079
BB-1788 BB-0757,"[1788, 757]",[141],CCc1cc(C(O)c2ccc(C(C)(C)O)cc2OC)cc(C)c1O,,random_balanced,BB-1788,BB-0757,3,2,0.6893942097729284
BB-1375 BB-1699,"[1375, 1699]",[41],COCc1nc(COc2cc(C(C)=O)cnc2Cl)c[nH]1,,random_balanced,BB-1375,BB-1699,1,3,0.440847286496565
BB-1185 BB-0698,"[1185, 698]",[79],CCOC(=O)C1(F)CN(Cc2cc(F)cc(F)c2OC)CC12CCC2,,random_balanced,BB-1185,BB-0698,2,1,0.6956514051030493
BB-0786 BB-1035,"[786, 1035]",[137],Cn1cc([C@H]2N(C(C)(C)C)C(=O)C[C@]2(C(N)=O)C(=O)CC2CCC3(CCNCC3)CC2)cn1,,random_balanced,BB-0786,BB-1035,0,4,0.43333397694288317
BB-1929 BB-1378,"[1929, 1378]",[30],CC(C)n1ncc(NC(=O)C(=O)N2CCCCCO[C@@H]3C[C@]3(C)C2)c1Cl,,random_balanced,BB-1929,BB-1378,7,2,0.4760043494442234
BB-0747 BB-0067,"[747, 67]",[127],Cc1nn(-c2ccccc2Cl)c2sc(C(=O)OCC34CCCN(CCC3)C4)cc12,,random_balanced,BB-0747,BB-0067,1,2,0.26418607751373246
BB-1363 BB-1111,"[1363, 1111]",[41],CCn1c2ccccc2c2cc(-n3c(Sc4cc(Cl)cc(C(N)C(=O)OC)c4)nc4ccccc4c3=O)ccc21,,random_balanced,BB-1363,BB-1111,3,5,0.26773901535070566
BB-0988 BB-1288,"[988, 1288]",[105],Cc1ccsc1C(Cc1ccccc1)NC(=O)C(=O)Nc1cnn(C(C)(C)c2nnc3n2CCCCC3)c1,,random_balanced,BB-0988,BB-1288,2,4,0.054180839262311264
BB-1728 BB-0026,"[1728, 26]",[41],CC1CC(OC#N)CN1C,,random_balanced,BB-1728,BB-0026,2,2,0.005111534011267485
BB-0906 BB-0184,"[906, 184]",[33],CP(C)(=O)c1ncccc1CNCc1ccc(C#N)cc1Br,,random_balanced,BB-0906,BB-0184,2,4,0.12582146358279547
BB-1685 BB-1221,"[1685, 1221]",[125],CCN(CCCC[Si](C)(C)C)C(CCC(=O)O)(C(=O)O)c1ccc(OC)cc1Cl,,random_balanced,BB-1685,BB-1221,2,5,0.2280487272253751
BB-0534 BB-1238,"[534, 1238]",[38],COC(=O)C1CNc2ccc(-c3ccc4c(c3)C(=O)N(C3CCC(=O)NC3=O)C4=O)cc21,,random_balanced,BB-0534,BB-1238,3,4,0.3554983034273912
BB-1021 BB-1166,"[1021, 1166]",[78],CCCCC(NC(N)=O)C(=O)N1CCCC1c1ccc2c(c1)OCCCO2,,random_balanced,BB-1021,BB-1166,2,4,0.8213476244188099
BB-0839 BB-0125,"[839, 125]",[73],COC(=O)[C@@H](CC1CCCCC1)NC(=O)NC(C)Cc1c(F)cccc1F,,random_balanced,BB-0839,BB-0125,1,4,0.46226249462519575
BB-1973 BB-1131,"[1973, 1131]",[15],CCOC(=O)c1cc(Sc2n[nH]nc2[Si](C)(C)C)cc(CC)c1N,,random_balanced,BB-1973,BB-1131,2,4,0.14009657872528575
BB-1489 BB-0679,"[1489, 679]",[78],CCOC(=O)c1n[nH]c2c1CN(C(=O)CC1CC(C)(C)CO1)CC2,,random_balanced,BB-1489,BB-0679,4,2,0.4422579850768962
BB-1281 BB-1816,"[1281, 1816]",[78],CN(Cc1ccc2c(c1)oc(=O)n2C)C(=O)c1cc(C=O)n2c1CCCC2,,random_balanced,BB-1281,BB-1816,3,1,0.6214217459453877
BB-0467 BB-0265,"[467, 265]",[33],COC(=O)c1ccc(Cl)c2c1CCN(Cc1nc(OC)ccc1F)C2C,,random_balanced,BB-0467,BB-0265,4,1,0.6177828389276218
BB-1723 BB-0666,"[1723, 666]",[113],CCn1nc(C)cc1-c1ccc2c(c1)CCC(C(=O)O)O2,,random_balanced,BB-1723,BB-0666,3,1,0.6245617884060846
BB-1263 BB-0781,"[1263, 781]",[89],COC(=O)c1cc2c(SCC34CC(C3)OC4C(F)(F)F)cccc2[nH]1,,random_balanced,BB-1263,BB-0781,2,4,0.48825179952106085
BB-1564 BB-1634,"[1564, 1634]",[126],C#Cc1cc(COC(=O)c2c(Cl)n(C)c3cc(Cl)c(Cl)cc23)ccn1,,random_balanced,BB-1564,BB-1634,2,2,0.5591412109431713
BB-0625 BB-0926,"[625, 926]",[78],CC(C)(C)OC(=O)N1CCc2ccnc(NC(=O)C(F)C3CCCN(C(=O)OC(C)(C)C)C3)c2C1,,random_balanced,BB-0625,BB-0926,0,5,0.017650435513730106
BB-1130 BB-0285,"[1130, 285]",[51],Cc1cc(C)n2nc(C(=O)O[C@@H](C)c3ncccn3)nc2n1,,random_balanced,BB-1130,BB-0285,2,3,0.4576922409022668
BB-0921 BB-1729,"[921, 1729]",[4],Nc1cc(C(=O)NC2CCCN(c3ccccc3F)C2=O)ccc1I,,random_balanced,BB-0921,BB-1729,2,5,0.5845673007438974
BB-0679 BB-1753,"[679, 1753]",[33],CCOC(=O)c1n[nH]c2c1CN(Cc1cncc(C)c1Cl)CC2,,random_balanced,BB-0679,BB-1753,3,4,0.7663023226333986
BB-1317 BB-1953,"[1317, 1953]",[103],Cc1ccc2c(c1)[C@@H](NC(=O)N[C@H](C)c1coc3c(F)cccc13)[C@@H](C(=O)O)C2,,random_balanced,BB-1317,BB-1953,2,5,0.7415466540155735
BB-1505 BB-0854,"[1505, 854]",[78],O=C(C1CCCc2cc(O)ccc21)N1c2ccccc2C[C@@H]1CO,,random_balanced,BB-1505,BB-0854,2,4,0.6055423360719137
BB-1928 BB-0752,"[1928, 752]",[41],Cc1c(Cl)ccc(COc2cc(C)c3[nH]c(=O)oc(=O)c3c2)c1Cl,,random_balanced,BB-1928,BB-0752,3,2,0.5614369141045541
BB-0898 BB-1399,"[898, 1399]",[79],Cc1cc2c(c(N(C)c3cc(C(F)F)no3)c1Br)OCO2,,random_balanced,BB-0898,BB-1399,2,4,0.28353573811879945
BB-0250 BB-1180,"[250, 1180]",[15],CC(=O)c1cc(CSCC(=O)N2CCC(CCc3ccc(C)cc3)CC2)ccc1[N+](=O)[O-],,random_balanced,BB-0250,BB-1180,2,4,0.13193340919514154
BB-0311 BB-0763,"[311, 763]",[105],Cc1cc2nccc(NC(=O)C(=O)NCC(C)(C)c3cc[nH]c(=O)c3)n2n1,,random_balanced,BB-0311,BB-0763,3,4,0.18781107562376778
BB-0662 BB-0655,"[662, 655]",[68],COc1ccc(F)cc1CCC#CC[C@@H](NC(=O)OC(C)(C)C)C(=O)O,,random_balanced,BB-0662,BB-0655,2,4,0.17758088095658744
BB-1296 BB-1657,"[1296, 1657]",[4],CC(C)(C)OC(=O)N1CCn2nccc2C1C(=O)N1CCCn2cc(-c3ccccc3)nc21,,random_balanced,BB-1296,BB-1657,4,2,0.33603291165836935
BB-0582 BB-0763,"[582, 763]",[78],CC(C)(CNC(=O)C1=CC=CN2CCCN=C12)c1cc[nH]c(=O)c1,,random_balanced,BB-0582,BB-0763,3,5,0.3863671991443694
BB-0293 BB-0652,"[293, 652]",[100],COC(=O)C(=C1CC1)S(=O)(=O)c1ccc2oc(CCl)c(C)c(=O)c2c1,,random_balanced,BB-0293,BB-0652,4,4,0.5845701893122244
BB-0445 BB-1933,"[445, 1933]",[103],COc1ccc(Cl)c(CNC(=O)NCC23COCC(C(F)F)(C2)C3)c1,,random_balanced,BB-0445,BB-1933,3,3,0.4150067353357232
BB-0419 BB-0744,"[419, 744]",[78],CC(C)(F)c1cncc(C(=O)N(Cc2ccccc2Cl)C2CC2)c1,,random_balanced,BB-0419,BB-0744,2,4,0.5764322632144603
BB-1100 BB-0692,"[1100, 692]",[138],NC1CCc2cc(-c3ccc4c(c3)CCC(C(=O)O)N4)ccc2NC1=O,,random_balanced,BB-1100,BB-0692,5,3,0.5643541087018359
BB-0476 BB-1212,"[476, 1212]",[37],CC(C)(C)OC(=O)NCC(=O)NC1CCN(C(=O)c2cc(B3OC(C)(C)C(C)(C)O3)ccc2NC(=O)OC(C)(C)C)CC1,,random_balanced,BB-0476,BB-1212,2,3,0.02427612934223133
BB-0161 BB-1569,"[161, 1569]",[89],CC(=O)c1sc(-c2ccccc2Sc2cnc(C(C)(C)O)cn2)nc1C,,random_balanced,BB-0161,BB-1569,2,3,0.5951304143549395
BB-0236 BB-0567,"[236, 567]",[124],CC(C)(C)OC(=O)Nc1ccc(O)c(Nc2ncnc3c2ncn3C2CCCN(c3ccc4c(c3)OCO4)C2)c1,,random_balanced,BB-0236,BB-0567,3,4,0.021307466476106905
BB-0059 BB-0888,"[59, 888]",[146],CCn1c(C(=O)O)c(C=O)c2cc(NCC(C)C(=O)Nc3c(C)n[nH]c3C)ccc21,,random_balanced,BB-0059,BB-0888,2,1,0.7252758454711368
BB-1176 BB-1463,"[1176, 1463]",[105],CC1(C)CC(=O)C=C(N(Cc2ccccc2)C(=O)C(=O)NS(=O)(=O)C2CC2)C1,,random_balanced,BB-1176,BB-1463,6,1,0.7015359281689958
BB-0534 BB-0800,"[534, 800]",[38],CC(C)n1c(=O)cc(-c2ccc3c(c2)C(=O)N(C2CCC(=O)NC2=O)C3=O)[nH]c1=O,,random_balanced,BB-0534,BB-0800,4,1,0.3586444845251616
BB-1104 BB-0644,"[1104, 644]",[23],COc1ccc(Cl)cc1NCCC(=O)OCc1cc(-c2cccc(F)c2F)ccc1F,,random_balanced,BB-1104,BB-0644,4,3,0.2977751666665334
BB-0612 BB-1290,"[612, 1290]",[37],N#Cc1cccc2c1CC[C@H]2NC(=O)CCCC(=O)Cl,,random_balanced,BB-0612,BB-1290,2,2,0.34795738230105105
BB-0372 BB-1299,"[372, 1299]",[4],C=C(Cl)CSc1nc(C)c(CC(=O)N2CCc3c([nH]c4ccccc34)C2C(=O)O)s1,,random_balanced,BB-0372,BB-1299,2,3,0.6752496555009248
BB-0142 BB-1758,"[142, 1758]",[78],CCn1ccnc1C(=O)NCCCN1C(=O)NC(C)(CC)C1=O,,random_balanced,BB-0142,BB-1758,3,4,0.592108373462059
BB-1357 BB-1501,"[1357, 1501]",[48],COc1ccc(-n2cc(CNC(c3ccccc3)c3ccoc3)nn2)c(F)c1,,random_balanced,BB-1357,BB-1501,3,5,0.31935515269768344
BB-0787 BB-0244,"[787, 244]",[141],CC(O)(/C(=C/c1ccc(Cl)c(Cl)c1)C(N)=O)c1cccc(CN)c1Cl,,random_balanced,BB-0787,BB-0244,8,3,0.6271712259030449
BB-0919 BB-0096,"[919, 96]",[79],COc1ccc(C(=O)CNc2nc3ccccc3cc2N)cc1Cl,,random_balanced,BB-0919,BB-0096,5,3,0.29589000084327355
BB-0700 BB-0551,"[700, 551]",[71],CCc1cc(OCC(=O)O)ccc1N(CC(F)F)CC(F)(F)F,,random_balanced,BB-0700,BB-0551,3,3,0.4836077195483858
BB-1683 BB-1359,"[1683, 1359]",[4],CCc1cnc(C(=O)NC2CCCc3cn(CC(F)(F)F)nc32)o1,,random_balanced,BB-1683,BB-1359,3,2,0.6504184732401636
BB-1095 BB-1110,"[1095, 1110]",[71],CC(CNc1ccc(C2(C(=O)O)CCN(C(=O)OC(C)(C)C)C2)cc1)c1nc2ccccc2n1C(F)F,,random_balanced,BB-1095,BB-1110,3,3,0.27978156401421905
BB-1743 BB-0917,"[1743, 917]",[105],Cc1ccc(C(C)N(O)C(=O)C(=O)N[C@]2(C(F)(F)F)CC[C@H](C(=O)O)CC2)cc1,,random_balanced,BB-1743,BB-0917,2,2,0.5503199740473044
BB-0285 BB-1727,"[285, 1727]",[125],C[C@H](OC(C)(C(=O)O)c1ccc(C(F)(F)F)s1)c1ncccn1,,random_balanced,BB-0285,BB-1727,4,2,0.2684488328699128
BB-1311 BB-0657,"[1311, 657]",[24],COc1ccc(N)cc1S(=O)(=O)Nc1ccc(S(=O)(=O)C(C)C(=O)Nc2ccccc2C(C)C)cc1,,random_balanced,BB-1311,BB-0657,4,6,0.05777590074485142
BB-1047 BB-0640,"[1047, 640]",[25],COC(=O)c1nocc1-c1ccc(S(=O)(=O)c2c(C=O)c(C)nn2-c2ccncc2)cc1,,random_balanced,BB-1047,BB-0640,2,2,0.5446180649690705
BB-1407 BB-0164,"[1407, 164]",[125],CCOC(=O)C12CCCC1=CC(C(=O)O)(n1nnnc1CC(=O)O)C2,,random_balanced,BB-1407,BB-0164,1,2,0.47843637188550436
BB-1366 BB-1374,"[1366, 1374]",[108],Cc1cccc(CN2CCC(c3ccccc3)OC(C)C2)c1C(F)(F)F,,random_balanced,BB-1366,BB-1374,1,2,0.5820574070139538
BB-1542 BB-0373,"[1542, 373]",[78],C=Cc1ncccc1C(=O)NC(Cc1ccn(C)n1)C(=O)O,,random_balanced,BB-1542,BB-0373,2,2,0.4892235326215571
BB-0894 BB-1838,"[894, 1838]",[5],CC(C)S(=O)(=O)c1ccc2nccc(N3CCN(C(=O)c4c(F)cccc4Cl)CC3)c2c1,,random_balanced,BB-0894,BB-1838,6,3,0.7278893406305473
BB-0194 BB-0880,"[194, 880]",[146],COCC(Nc1cncc2c1COCCC2N)(c1ccccc1)c1nc2ccccc2n1C,,random_balanced,BB-0194,BB-0880,3,1,0.7139716304871937
BB-1017 BB-0910,"[1017, 910]",[5],COc1ccc2c(Cl)nc(NCc3cc(F)ccc3N3CCOCC3)cc2c1,,random_balanced,BB-1017,BB-0910,6,1,0.6831504966234664
BB-0987 BB-0423,"[987, 423]",[63],Cc1c(-c2cccnc2OC2CCCNC2)c(=O)n(C2CCCC2)c2nc(Cl)ncc12,,random_balanced,BB-0987,BB-0423,3,1,0.6916637475817439
BB-1317 BB-0797,"[1317, 797]",[105],COC(=O)C[C@@H](Cc1cccc(F)c1)NC(=O)C(=O)N[C@@H]1c2cc(C)ccc2C[C@@H]1C(=O)O,,random_balanced,BB-1317,BB-0797,3,3,0.36990905559292503
BB-1789 BB-0330,"[1789, 330]",[50],CCCCC(C)(OC(=O)C(C)CN(C)C)C(=O)O,,random_balanced,BB-1789,BB-0330,3,3,0.497219678428395
BB-0381 BB-1572,"[381, 1572]",[146],Cc1oc(-c2cccc(N3CC(c4cccc(C(F)(F)F)c4)OCC3C)c2)nc1CCl,,random_balanced,BB-0381,BB-1572,3,2,0.710661538214169
BB-0348 BB-1966,"[348, 1966]",[105],CC(=O)c1cc(C(NC(=O)C(=O)N2CCC[C@H](N(C)C(=O)OC(C)(C)C)C2)C(=O)O)ccc1O,,random_balanced,BB-0348,BB-1966,6,3,0.04652826790220389
BB-0679 BB-0386,"[679, 386]",[146],CCOC(=O)c1n[nH]c2c1CN(c1ccc(=O)n(CC(=O)O)c1)CC2,,random_balanced,BB-0679,BB-0386,4,3,0.6593593159450146
BB-0652 BB-1616,"[652, 1616]",[79],COC(=O)C(Nc1ccc2c(c1)N(Cc1ccc(F)cc1)CC2)=C1CC1,,random_balanced,BB-0652,BB-1616,5,4,0.46199155101915934
BB-1633 BB-0515,"[1633, 515]",[79],O=C(O)c1cccc(Cn2cc(Nc3nccc4cnccc34)cn2)c1,,random_balanced,BB-1633,BB-0515,4,4,0.47668683109861365
BB-1514 BB-0754,"[1514, 754]",[50],Cc1noc(C)c1C(C)(OC(=O)CC(N)c1ccncc1)C(=O)O,,random_balanced,BB-1514,BB-0754,2,4,0.5633193508023021
BB-0107 BB-1759,"[107, 1759]",[30],CCOC(=O)C1c2ccc(O)cc2CCN1C(=O)C(=O)Nc1cc(F)c(C(=O)OC)cc1F,,random_balanced,BB-0107,BB-1759,3,2,0.1858050043906427
BB-1347 BB-1243,"[1347, 1243]",[78],CCc1nc(C(C)C)ccc1C(=O)N1Cc2[nH]c3ccc(O)cc3c2CC1C(=O)O,,random_balanced,BB-1347,BB-1243,4,4,0.7383592662501892
BB-1288 BB-0343,"[1288, 343]",[4],CC(C)(c1nnc2n1CCCCC2)n1cc(NC(=O)Cc2c(F)ccc(Cl)c2F)cn1,,random_balanced,BB-1288,BB-0343,5,3,0.6092647973966945
BB-0212 BB-1825,"[212, 1825]",[35],CC(C)c1n[nH]c(C(=O)n2c(=O)[nH]c3nc4n(c3c2=O)CC(C(=O)O)CC4)c1N,,random_balanced,BB-0212,BB-1825,4,5,0.4201033311219578
BB-1528 BB-1915,"[1528, 1915]",[30],NS(=O)(=O)c1ccc(S(=O)(=O)N2CCN(C(=O)C(=O)N3CCC(c4nc5ccccc5o4)CC3)CC2)cc1,,random_balanced,BB-1528,BB-1915,3,3,0.13349674644119164
BB-0126 BB-1628,"[126, 1628]",[33],Cn1cc(C(CBr)N2CC(C)(C)c3ccncc32)c2ccccc21,,random_balanced,BB-0126,BB-1628,2,3,0.506279914020894
BB-1040 BB-1503,"[1040, 1503]",[5],CCNS(=O)(=O)c1ccc(N2CCc3c(OC)ccc(OC)c3C2)cc1,,random_balanced,BB-1040,BB-1503,1,5,0.546687017988027
BB-0771 BB-0442,"[771, 442]",[5],COc1ccc(NC(C)CSCc2ccccc2)cc1N1CC(C(=O)O)CC1=O,,random_balanced,BB-0771,BB-0442,3,4,0.5113325703936532
BB-1661 BB-0672,"[1661, 672]",[5],CO[C@@H]1C[C@H](CNc2cnc(CN)s2)N(c2cc(N)ncn2)C1,,random_balanced,BB-1661,BB-0672,3,2,0.7722542429047694
BB-1891 BB-1250,"[1891, 1250]",[41],COc1cccc(COc2nc(N(C)C)n(C)c2C=O)c1[N+](=O)[O-],,random_balanced,BB-1891,BB-1250,4,4,0.6457091860393986
BB-0263 BB-0181,"[263, 181]",[140],COC(=O)c1ccc2c(c1)nc(C(=O)C1CCNC1=O)c1ncncc12,,random_balanced,BB-0263,BB-0181,3,3,0.6365529117617452
BB-0265 BB-1807,"[265, 1807]",[108],COc1ccc(F)c(CN2CCC[C@@H]2Cn2cncn2)n1,,random_balanced,BB-0265,BB-1807,2,5,0.4818131833212927
BB-0778 BB-0651,"[778, 651]",[23],COc1cc(OC)cc(C(C)(C)C(=O)OCC(=O)c2ccc(OCc3ccccc3)c([N+](=O)[O-])c2)c1,,random_balanced,BB-0778,BB-0651,2,4,0.0611108993924035
BB-1150 BB-1744,"[1150, 1744]",[89],CCOC(=O)c1n[nH]c(Sc2ccc(CC(=O)O)c([N+](=O)[O-])c2)c1C,,random_balanced,BB-1150,BB-1744,3,3,0.6590388602670781
BB-1316 BB-1081,"[1316, 1081]",[78],Cc1nnc(S(=O)(=O)NC(=O)C2(NC(=O)OC(C)(C)C)COC(C)(C)C2)s1,,random_balanced,BB-1316,BB-1081,2,2,0.4097676685454891
BB-0980 BB-0821,"[980, 821]",[125],COc1ccc2c(c1OC)CCC2(C(=O)O)N(N)C(=O)c1ccccc1OCc1ccc(F)cc1,,random_balanced,BB-0980,BB-0821,1,2,0.6096085320284385
BB-1239 BB-0203,"[1239, 203]",[125],Cc1cc(=O)n2nc(C(F)(F)F)n(C3(C(=O)O)CC4(CCCC4NC(=O)OC(C)(C)C)C3)c2c1,,random_balanced,BB-1239,BB-0203,0,3,0.7896799989685127
BB-1191 BB-1263,"[1191, 1263]",[89],CN(CCCSCC12CC(C1)OC2C(F)(F)F)c1ccccc1,,random_balanced,BB-1191,BB-1263,2,3,0.3816339290669066
BB-0376 BB-1706,"[376, 1706]",[50],Nc1ccc2c(c1)CCCC2(OC(=O)C1(c2cccc(Br)c2)CC(=O)C1)C(=O)O,,random_balanced,BB-0376,BB-1706,4,4,0.6879780218628115
BB-0512 BB-1482,"[512, 1482]",[116],CC(=O)c1c(Oc2ccccc2OC(F)F)ccc2ccccc12,,random_balanced,BB-0512,BB-1482,3,4,0.5185970801288411
BB-0692 BB-1864,"[692, 1864]",[33],CCOC(=O)C1(C)CCCCC1N1c2ccc(Br)cc2CCC1C(=O)O,,random_balanced,BB-0692,BB-1864,4,2,0.3211550758397075
BB-0431 BB-1589,"[431, 1589]",[5],CCCNc1ccc(C)c(NC2CCCc3cc(C(=O)O)ccc32)c1,,random_balanced,BB-0431,BB-1589,3,2,0.8224425693526214
BB-0366 BB-1909,"[366, 1909]",[78],O=C(N[C@H](CS)C(=O)N[C@@H]1CCOC1)OCc1ccccc1,,random_balanced,BB-0366,BB-1909,2,2,0.19976351857521674
BB-0268 BB-1985,"[268, 1985]",[79],CCc1sc(Nc2c[nH]c(=O)c3ccc(C(F)(F)F)cc23)nc1-c1ccc(OC)cc1,,random_balanced,BB-0268,BB-1985,3,3,0.45832153626429584
BB-0801 BB-0716,"[801, 716]",[89],CC1CCC2(CN1)OC(=O)Nc1ccc(Sc3nc(Cl)nc(C#C[Si](C)(C)C)n3)c(F)c12,,random_balanced,BB-0801,BB-0716,1,3,0.10770804683720238
BB-1050 BB-1458,"[1050, 1458]",[89],FC(F)=CCCSCc1c(F)ccc(F)c1F,,random_balanced,BB-1050,BB-1458,2,3,0.08889609355378925
BB-1644 BB-1009,"[1644, 1009]",[99],O=C(O)Cc1ccc(S(=O)(=O)c2ccc3ccoc3c2C(=O)O)c([N+](=O)[O-])c1,,random_balanced,BB-1644,BB-1009,2,4,0.5821435431386308
BB-1123 BB-0930,"[1123, 930]",[78],COCC1(C(=O)N2CCC(N(C)CC(F)F)CC2)C(C)(C)C1(C)C,,random_balanced,BB-1123,BB-0930,3,2,0.3884890778174728
BB-0594 BB-1843,"[594, 1843]",[24],Cc1nc2cccnc2nc1S(=O)(=O)c1cc2c(cc1[N+](=O)[O-])CN(C(=O)OC(C)(C)C)CC2,,random_balanced,BB-0594,BB-1843,2,3,0.13903941949244614
BB-1570 BB-0658,"[1570, 658]",[66],OC1(c2cc(F)c3cnccc3c2Cl)CC(c2cccc(Br)c2)C1,,random_balanced,BB-1570,BB-0658,3,5,0.4014252953107439
BB-0332 BB-1053,"[332, 1053]",[2],Cn1ccc(NC(=S)NC2COc3ccccc3C2)n1,,random_balanced,BB-0332,BB-1053,3,1,0.598625415836082
BB-1980 BB-1220,"[1980, 1220]",[98],CCC1(COC(=O)[C@]2(C)C[C@H]3CC[C@@H]2C[C@H]3N)CCCC1,,random_balanced,BB-1980,BB-1220,4,3,0.25853445727225505
BB-1660 BB-1730,"[1660, 1730]",[78],O=C(CC1COc2cc(O)ccc21)NCC1(O)CS(=O)(=O)C1,,random_balanced,BB-1660,BB-1730,1,4,0.4669579028499283
BB-1638 BB-1774,"[1638, 1774]",[89],COC(=O)c1c[nH]c(=O)c2c1c(Sc1ccc(NS(=O)(=O)C3=CCS(=O)(=O)C3)cc1)cn2C,,random_balanced,BB-1638,BB-1774,3,3,0.3405278706341413
BB-1343 BB-1212,"[1343, 1212]",[78],CCOC1CCC(C(=O)N2CCC(NC(=O)CNC(=O)OC(C)(C)C)CC2)CC1,,random_balanced,BB-1343,BB-1212,2,4,0.22556466334394415
BB-1668 BB-1579,"[1668, 1579]",[15],CCN(CC)S(=O)(=O)c1ccc(Oc2ccc(Sc3ccc4nc(C)cc(C(=O)O)c4c3)cc2)c(N)c1,,random_balanced,BB-1668,BB-1579,3,4,0.03714124355732892
BB-0512 BB-1334,"[512, 1334]",[63],Cc1nc2cc(-c3ccccc3OC(F)F)c(Cl)cc2[nH]1,,random_balanced,BB-0512,BB-1334,4,3,0.41916817956948127
BB-1869 BB-1350,"[1869, 1350]",[37],C=C1CC1C(=O)NC(c1cc(Cl)cc(Cl)c1)C(F)(F)C(=O)O,,random_balanced,BB-1869,BB-1350,3,4,0.15247198249070348
BB-0829 BB-0642,"[829, 642]",[68],CCCCC#Cc1ncnc2c1COCC2,,random_balanced,BB-0829,BB-0642,1,2,0.5004763154428756
BB-0561 BB-0560,"[561, 560]",[125],CCCCCCCCN(C(=O)CC(=O)O)C1(C(=O)O)C=C(c2cccc(CO)n2)CCC1,,random_balanced,BB-0561,BB-0560,1,4,0.6283176047489742
BB-0661 BB-0876,"[661, 876]",[1],Cc1cnc(C=C2C(=O)NCC2C2CCCO2)cc1C,,random_balanced,BB-0661,BB-0876,1,2,0.6327740673331421
BB-0129 BB-0834,"[129, 834]",[64],Cc1ccc(C=CCn2c(S)nnc2-c2ccncc2)cc1NC(=O)CN,,random_balanced,BB-0129,BB-0834,2,3,0.7153440599718228
BB-0868 BB-0401,"[868, 401]",[30],C[C@H]1CN(c2ccc3c(c2)C(=O)N(C2CCC(=O)NC2=O)C3=O)CCN1C(=O)C(=O)N1CCCC(c2ncc(C(F)(F)F)[nH]2)C1,,random_balanced,BB-0868,BB-0401,3,3,0.07203591875673553
BB-1625 BB-1529,"[1625, 1529]",[4],COC(=O)[C@H]1CCCC[C@H]1S(=O)(=O)NC(=O)c1cc(-c2ccccc2)nc2cc(F)ccc12,,random_balanced,BB-1625,BB-1529,2,1,0.4617439764051743
BB-0019 BB-0936,"[19, 936]",[78],CC(C)(C)OC(=O)NN(C(=O)OC(C)(C)C)C12CC(C(=O)NC3CCCN(CCCO)C3)(C1)C2,,random_balanced,BB-0019,BB-0936,1,3,0.07854010745308754
BB-0591 BB-1122,"[591, 1122]",[15],Cc1cc(Sc2cccc([C@@H]3C[C@H]3C(=O)O)c2C)cc(C)c1CC(=O)O,,random_balanced,BB-0591,BB-1122,4,2,0.5012377927713194
BB-0731 BB-1248,"[731, 1248]",[112],CCCC(CN)C(=O)N1CCO[C@H](C(F)F)C1,,random_balanced,BB-0731,BB-1248,4,6,0.24236585779016187
BB-0143 BB-0368,"[143, 368]",[50],CCCCCC(CC)C(=O)OC(C(=O)O)(c1ccc(C)cc1)C(F)(F)F,,random_balanced,BB-0143,BB-0368,3,3,0.6735667049460865
BB-0009 BB-1846,"[9, 1846]",[141],CN(CC(=O)O)c1ccc(C(F)(F)F)cc1C(O)CCC(Cl)(Cl)Cl,,random_balanced,BB-0009,BB-1846,5,4,0.33188103354291737
BB-1639 BB-0289,"[1639, 289]",[28],CC(C)(C)OC(=O)NC1CC(CNC(=O)NC2CCc3c(C(=O)O)cc(C(=O)O)cc32)C1,,random_balanced,BB-1639,BB-0289,5,1,0.0934811282755597
BB-0701 BB-0934,"[701, 934]",[146],COc1c(NC2CC2Cc2ccccc2C(F)(F)F)ccc2c1NC(=O)C2=O,,random_balanced,BB-0701,BB-0934,3,3,0.6355357442093773
BB-1178 BB-0217,"[1178, 217]",[79],CC1(C)OB(c2cccc(CNc3ccccc3C3CNCCN3)c2)OC1(C)C,,random_balanced,BB-1178,BB-0217,4,4,0.5153373979579541
BB-0303 BB-1851,"[303, 1851]",[41],O=C(O)CCc1cc(Oc2ccc3ncnn3c2)cc2c1OCC2,,random_balanced,BB-0303,BB-1851,2,3,0.6313022733649797
BB-0338 BB-0944,"[338, 944]",[23],COc1cc(F)cc(/C=C/C(=O)OCc2ccc3ccccc3c2[N+](=O)[O-])c1,,random_balanced,BB-0338,BB-0944,1,3,0.33676999137442243
BB-0745 BB-0944,"[745, 944]",[15],O=C(O)[C@@H]1OCC[C@H]1c1ccc(SCc2ccc3ccccc3c2[N+](=O)[O-])cc1,,random_balanced,BB-0745,BB-0944,2,4,0.47886607812315324
BB-0854 BB-0109,"[854, 109]",[105],CN(CC(=O)c1c[nH]c2ccc(F)cc12)C(=O)C(=O)N1c2ccccc2C[C@@H]1CO,,random_balanced,BB-0854,BB-0109,5,4,0.6743763284030181
BB-0828 BB-1394,"[828, 1394]",[68],Cc1cc(Cl)ccc1C(C)C#Cc1cccc2sccc12,,random_balanced,BB-0828,BB-1394,2,3,0.2712008736522253
BB-1782 BB-0887,"[1782, 887]",[30],O=C(Nc1ncn(-c2ccncc2)n1)C(=O)NC(C1CC1)C1(CO)CCCO1,,random_balanced,BB-1782,BB-0887,5,1,0.15791860792355975
BB-0488 BB-0097,"[488, 97]",[41],CNCc1cc(OC)ccc1Oc1c(C(=O)O)ccc(C)c1C,,random_balanced,BB-0488,BB-0097,2,2,0.6688156282206231
BB-1855 BB-0561,"[1855, 561]",[4],CCCCCCCCNC(=O)CC(=O)NCC(C(=O)OC)c1ccc(C)cc1,,random_balanced,BB-1855,BB-0561,3,2,0.07000151032107634
BB-0931 BB-1029,"[931, 1029]",[146],Cc1cc(Nc2ccc3c(c2)C(=O)C(C(F)(F)F)C3)c(C)nn1,,random_balanced,BB-0931,BB-1029,1,2,0.6572121655451808
BB-1617 BB-1909,"[1617, 1909]",[124],CC(C)(C)OC(=O)CC(c1ccccc1)n1cnc2c(N[C@@H]3CCOC3)ncnc21,,random_balanced,BB-1617,BB-1909,4,3,0.504982811273825
BB-1122 BB-1284,"[1122, 1284]",[79],Cc1cc(NCCc2nccn2C(F)F)cc(C)c1CC(=O)O,,random_balanced,BB-1122,BB-1284,3,4,0.6447277219551009
BB-0428 BB-1622,"[428, 1622]",[4],Cc1cc(N2CCC(NC(=O)c3cn4cccc(C)c4n3)CC2)[nH]n1,,random_balanced,BB-0428,BB-1622,3,2,0.5426814719441139
BB-1348 BB-1646,"[1348, 1646]",[51],Cc1nn(CCO)c(C)c1C(=O)OCCC1(C)CCNC1,,random_balanced,BB-1348,BB-1646,5,2,0.39815798806490615
BB-0778 BB-1455,"[778, 1455]",[78],COc1cc(OC)cc(C(C)(C)C(=O)N2CCNC(=O)C2c2ccc(C)cc2)c1,,random_balanced,BB-0778,BB-1455,3,6,0.42014545992075725
BB-1621 BB-0180,"[1621, 180]",[89],Cc1nn(-c2ncccn2)c(N)c1Sc1coc(C=O)n1,,random_balanced,BB-1621,BB-0180,3,3,0.44292432740954707
BB-1775 BB-0791,"[1775, 791]",[49],COC(=O)c1c[nH]c(C2(Nc3ncnc4c3ncn4-c3ccc(F)cc3N3CCCC3=O)CCC2)n1,,random_balanced,BB-1775,BB-0791,3,2,0.44461871630537164
BB-1874 BB-1573,"[1874, 1573]",[79],COc1ccc(-c2nc(CN3CCC(C(O)c4ccnn4C)CC3)cs2)cc1OC,,random_balanced,BB-1874,BB-1573,4,2,0.2972470002928609
BB-1961 BB-0890,"[1961, 890]",[89],Cc1cc(SCC(=O)NC(C)c2ccc(C)c(C)c2)cc(C2(C(=O)O)CC2)c1,,random_balanced,BB-1961,BB-0890,4,4,0.17985872334928285
BB-0838 BB-0846,"[838, 846]",[5],CCCn1c(NCC(=O)c2c(N)n(CC(C)C)c(=O)[nH]c2=O)nc2ccccc21,,random_balanced,BB-0838,BB-0846,4,5,0.6812473613327463
BB-1406 BB-1212,"[1406, 1212]",[79],CC(C)(C)OC(=O)NCC(=O)NC1CCN(C2=NOC3(CCCN(C(=O)OC(C)(C)C)C3)C2)CC1,,random_balanced,BB-1406,BB-1212,2,5,0.025295901244782943
BB-1780 BB-0568,"[1780, 568]",[49],COC(=O)C1(Cn2cnc3c(Nc4cccc(N5CCOCC5)c4)ncnc32)CC1S(C)(=O)=O,,random_balanced,BB-1780,BB-0568,3,2,0.11045161882172558
BB-1464 BB-0081,"[1464, 81]",[48],Cc1cccc(CCn2cc(CNc3cc(C)nn3-c3ccc(Cl)cc3)nn2)n1,,random_balanced,BB-1464,BB-0081,3,3,0.25102070485326133
BB-1312 BB-0493,"[1312, 493]",[37],COC(=O)C1Cc2cccc(Br)c2CN1C(=O)[C@H]1C(F)(F)[C@]12C[C@H](C(=O)O)C2,,random_balanced,BB-1312,BB-0493,2,3,0.6549230634462202
BB-1232 BB-0132,"[1232, 132]",[140],COC(=O)C1(c2cc(Br)ccc2C(=O)c2cccc3cnn(C4CCCCO4)c23)CC1,,random_balanced,BB-1232,BB-0132,4,3,0.3336704215952864
BB-0126 BB-1811,"[126, 1811]",[105],CC1(C)CCC2(CC(NC(=O)C(=O)N3CC(C)(C)c4ccncc43)C2)C1,,random_balanced,BB-0126,BB-1811,3,1,0.27529706176778557
BB-0341 BB-1665,"[341, 1665]",[89],CC(=O)Nc1cc(Sc2ccc(C(N)COc3ccccc3)cc2F)ccc1C(=O)O,,random_balanced,BB-0341,BB-1665,3,4,0.3001923511033043
BB-1990 BB-0884,"[1990, 884]",[78],Cc1cccc(C(CCO)NC(=O)C(=O)NCCC(=O)N(C)C)c1,,random_balanced,BB-1990,BB-0884,2,3,0.5602858158692992
BB-1973 BB-1533,"[1973, 1533]",[79],Cn1c(Nc2n[nH]nc2[Si](C)(C)C)c(C(=O)CCl)c(=O)n(C)c1=O,,random_balanced,BB-1973,BB-1533,3,4,0.0685758618615279
BB-1345 BB-0569,"[1345, 569]",[138],CCOC(=O)C(=O)c1sc(C)cc1-c1ccc(Cl)c2c1CCNC2,,random_balanced,BB-1345,BB-0569,3,3,0.7397869434882587
BB-0704 BB-1909,"[704, 1909]",[37],C=CCc1c(C(=O)N[C@@H]2CCOC2)ccc(Br)c1O,,random_balanced,BB-0704,BB-1909,1,4,0.26753552414724147
BB-0694 BB-0216,"[694, 216]",[105],Cc1ncsc1C(=O)N1CCCN(C(=O)C(=O)Nc2ccc3c(Br)nccc3n2)CC1,,random_balanced,BB-0694,BB-0216,1,4,0.2837732767779382
BB-0747 BB-1991,"[747, 1991]",[127],O=C(OCC12CCCN(CCC1)C2)c1c(-c2ccccc2)nn2c1CCCC2,,random_balanced,BB-0747,BB-1991,2,2,0.697121196538148
BB-0326 BB-0533,"[326, 533]",[79],Cc1nn(CCCO)c(C)c1N[C@H]1C[C@H]2CCCC[C@H]2C1,,random_balanced,BB-0326,BB-0533,4,4,0.41221515430077404
BB-0627 BB-0752,"[627, 752]",[50],Cc1cc(Cl)cc2c(=O)oc(=O)n(C(/C=C(/[O-])C(F)(F)F)(C(=O)O)c3cccnc3)c12,,random_balanced,BB-0627,BB-0752,3,3,0.13554811594214042
BB-1705 BB-0783,"[1705, 783]",[5],CC(C)(C)OC(=O)N1CCCC(CCCC2CN(c3cc([N+](=O)[O-])c(C=O)cc3F)C2)C1,,random_balanced,BB-1705,BB-0783,3,2,0.2165513300136917
BB-0451 BB-0513,"[451, 513]",[108],CN(Cc1ccc(Br)c([N+](=O)[O-])c1)C1CC(NC(=O)OC(C)(C)C)C12CCC(F)CC2,,random_balanced,BB-0451,BB-0513,2,4,0.6744522715210958
BB-0145 BB-0044,"[145, 44]",[71],CN(Cc1ccc(Br)cc1F)c1ccc(N)c(CO)c1F,,random_balanced,BB-0145,BB-0044,5,4,0.3587676123593013
BB-0314 BB-0328,"[314, 328]",[78],COCC[C@@H]1C[C@H]1NC(=O)C#Cc1cn[nH]c1,,random_balanced,BB-0314,BB-0328,2,3,0.23083286992499022
BB-0755 BB-1093,"[755, 1093]",[33],CCCN(Cc1cc(C(=O)OCC)c(C(C)C)o1)c1nc2ccc(C)cc2c(=O)[nH]1,,random_balanced,BB-0755,BB-1093,2,4,0.7142480892947213
BB-1212 BB-1997,"[1212, 1997]",[30],CC(C)(C)OC(=O)NCC(=O)NC1CCN(C(=O)C(=O)N2CCC(n3cnc4cccnc43)CC2)CC1,,random_balanced,BB-1212,BB-1997,6,3,0.017295606937344735
BB-1128 BB-0270,"[1128, 270]",[79],CSCC1CCCN(c2cc(C3CCNC3)ccc2O)CC1,,random_balanced,BB-1128,BB-0270,4,2,0.6071345793471062
BB-0240 BB-1332,"[240, 1332]",[65],Cc1nc(Cl)c(C(=O)c2cc(CN)cc(OC(F)(F)F)c2)s1,,random_balanced,BB-0240,BB-1332,2,6,0.517717054745881
BB-0048 BB-0480,"[48, 480]",[125],CC(CCc1ccccc1[N+](=O)[O-])(C(=O)O)N1CCCC(n2cccn2)C1,,random_balanced,BB-0048,BB-0480,4,4,0.6538208486119342
BB-1139 BB-1779,"[1139, 1779]",[33],CC(=O)Nc1ccc(C(C(C)Cl)N2CCCC2CN=[N+]=[N-])cc1,,random_balanced,BB-1139,BB-1779,3,2,0.6939635777031049
BB-0255 BB-1894,"[255, 1894]",[5],Cc1nc(Nc2cccc(NC(=O)CC#N)c2C)sc1Cc1ccc(F)c(F)c1F,,random_balanced,BB-0255,BB-1894,2,4,0.4909333084869293
BB-0881 BB-0357,"[881, 357]",[15],COC(=O)c1ccc2cc(Sc3cc(C)c(N)c(C#N)c3)cc(C)c2n1,,random_balanced,BB-0881,BB-0357,5,3,0.6614000936155777
BB-1934 BB-0908,"[1934, 908]",[146],Cc1cccc(Nc2nnc(Cl)c([N+](=O)[O-])c2N)c1C(=O)O,,random_balanced,BB-1934,BB-0908,5,6,0.09652007290500499
BB-0573 BB-0734,"[573, 734]",[78],O=C(O)c1cnc2c(c1)C(NC(=O)c1cnc3c(c1)NCCO3)CCO2,,random_balanced,BB-0573,BB-0734,5,3,0.33254282370935917
BB-0174 BB-0816,"[174, 816]",[25],NCc1nnn(-c2ccc(S(=O)(=O)c3cc(/C=C/C(=O)O)cc4c3OCCCO4)c(C(F)(F)F)c2)n1,,random_balanced,BB-0174,BB-0816,4,2,0.5666196645642231
BB-1797 BB-0281,"[1797, 281]",[98],CC(C)(C)OC(=O)[C@H]1CC[C@H](COC(=O)[C@H]2C[C@@H](NC(=O)OCc3ccccc3)C2)CC1,,random_balanced,BB-1797,BB-0281,1,2,0.06455978300579034
BB-0810 BB-1175,"[810, 1175]",[79],CC(C)(C)OC(=O)N1CCOc2cc(N3CCOC(c4ccc(Cl)cn4)C3)cnc21,,random_balanced,BB-0810,BB-1175,2,4,0.07566068387332217
BB-0536 BB-1639,"[536, 1639]",[126],CCCCCCCCCCC(CCCCCC)OC(=O)c1cc(C(=O)O)cc2c1CCC2N,,random_balanced,BB-0536,BB-1639,2,6,0.11587789097488847
BB-0724 BB-0886,"[724, 886]",[146],O=C(O)Cc1ccc(F)cc1N1CCOC(CCC(F)(F)F)C1,,random_balanced,BB-0724,BB-0886,3,3,0.26279654319914647
BB-0231 BB-0180,"[231, 180]",[78],Cc1nn(-c2ncccn2)c(NC(=O)C=Cc2cc(O)c(O)c(O)c2)c1Br,,random_balanced,BB-0231,BB-0180,3,4,0.5641376176462728
BB-1595 BB-1746,"[1595, 1746]",[78],O=C1C=C2C(=CCCN2C(=O)c2cccc3c2OCCN3)O1,,random_balanced,BB-1595,BB-1746,4,4,0.4401404900466435
BB-1161 BB-0536,"[1161, 536]",[116],CCCCCCCCCCC(CCCCCC)Oc1ccc(C(=O)O)cc1N1CCCC1=O,,random_balanced,BB-1161,BB-0536,4,3,0.1702774536823815
BB-1753 BB-0795,"[1753, 795]",[108],Cc1cncc(CNCC23CC4CC(C2)CC(C(F)(F)F)(C4)C3)c1Cl,,random_balanced,BB-1753,BB-0795,5,2,0.34863782618525146
BB-0926 BB-0133,"[926, 133]",[30],CN(C)c1ncc(Br)c2c1CN(C(=O)C(=O)Nc1nccc3c1CN(C(=O)OC(C)(C)C)CC3)CC2,,random_balanced,BB-0926,BB-0133,6,4,0.021148286269648865
BB-1769 BB-0168,"[1769, 168]",[71],N[C@@H]1CCO[C@H]1c1ccc(Nc2ccccc2C(=O)CCCC(=O)O)c(F)c1,,random_balanced,BB-1769,BB-0168,4,2,0.4496852337215858
BB-0976 BB-1607,"[976, 1607]",[79],CC(C)(C)C1CCc2sc(-c3nnc(CN4CCCC(C(=O)NC5CC5)C4)o3)cc2C1,,random_balanced,BB-0976,BB-1607,3,2,0.023100115394246556
BB-1239 BB-1268,"[1239, 1268]",[125],Cc1ccc(F)c(C(C(=O)O)(C2CCCCCCC2)n2c(C(F)(F)F)nn3c(=O)cc(C)cc23)c1,,random_balanced,BB-1239,BB-1268,1,3,0.579435343550211
BB-1188 BB-1425,"[1188, 1425]",[105],NC(=O)N[C@H]1CCN(C(=O)C(=O)NC(Cn2cnc3ccccc32)C(=O)O)C1,,random_balanced,BB-1188,BB-1425,3,4,0.34792887380975024
BB-1641 BB-0417,"[1641, 417]",[108],CC(Nc1cc2cccc(Br)c2cn1)c1ccc(N2CCNC2=O)cc1,,random_balanced,BB-1641,BB-0417,3,4,0.41176852057178026
BB-0690 BB-1739,"[690, 1739]",[126],NC[C@H](N)C(=O)OC(Cc1c[nH]c2ccccc12)S(=O)(=O)[O-],,random_balanced,BB-0690,BB-1739,2,4,0.27864431940285517
BB-0027 BB-0861,"[27, 861]",[78],CCc1csc(C2CCCN(C(=O)c3ccc(Cl)cc3NCCCn3cccn3)C2)n1,,random_balanced,BB-0027,BB-0861,3,3,0.45744190780443467
BB-1547 BB-1888,"[1547, 1888]",[37],CC1OCCC1NC(=O)c1ccc2cc(S)ccc2c1,,random_balanced,BB-1547,BB-1888,2,5,0.5726179189723168
BB-0462 BB-1691,"[462, 1691]",[81],CC(=O)NCCc1ccc(S(=O)(=O)Nc2nc3ccc(F)cc3n2C(C)C)cc1,,random_balanced,BB-0462,BB-1691,1,1,0.675898991712958
BB-1777 BB-0297,"[1777, 297]",[89],N[C@H]1CCc2c(Sc3ncc(-c4ccccc4)o3)cccc21,,random_balanced,BB-1777,BB-0297,4,4,0.2698685510978123
BB-1686 BB-1437,"[1686, 1437]",[64],CC(C)(C)OC(=O)N1C[C@@H]2C=C(c3cc4ccc(Cl)nc4cc3F)[C@@H]2C1,,random_balanced,BB-1686,BB-1437,1,3,0.6560576815957605
BB-0465 BB-0774,"[465, 774]",[103],COCCNC(=O)c1c(NC(=O)N(CC(=O)O)Cc2c(F)cccc2Cl)sc2c1CCCC2,,random_balanced,BB-0465,BB-0774,5,4,0.4337406832207167
BB-0204 BB-0370,"[204, 370]",[30],CCc1noc(CC2CCOC3(CCN(C(=O)C(=O)N(C)Cc4cc(OC)ns4)CC3)C2)n1,,random_balanced,BB-0204,BB-0370,3,3,0.33893569262189666
BB-0162 BB-0485,"[162, 485]",[15],CCn1ncc(CN(C)C(=O)c2cc(-c3ccc(NC4CN(C)C4)c(C)n3)nc3ccc(Sc4ccc(C(=O)O)cc4F)cc23)c1C,,random_balanced,BB-0162,BB-0485,4,4,0.09754674070030335
BB-1457 BB-1983,"[1457, 1983]",[62],Cc1ccc(C23CC(C2)C(C(=O)CC(=O)c2ccc(OCC(F)(F)F)cc2)C3)cc1,,random_balanced,BB-1457,BB-1983,3,2,0.3931374529895668
BB-0063 BB-0984,"[63, 984]",[33],O=C(O)CCCc1cc(C(=O)O)ccc1NCC1CC1,,random_balanced,BB-0063,BB-0984,3,2,0.5384089100743634
BB-1078 BB-0011,"[1078, 11]",[125],O=C(O)C(CC1COCCN1)(c1ccccc1)N(CC(F)(F)F)C1CCCOC1,,random_balanced,BB-1078,BB-0011,2,5,0.38756285922778483
BB-1988 BB-0112,"[1988, 112]",[49],Cn1nc(-n2cnc3c(NCc4cc(C(=O)O)c5n4CCCC5)ncnc32)cc1C1CC1,,random_balanced,BB-1988,BB-0112,5,6,0.17744675926915504
BB-1585 BB-0882,"[1585, 882]",[105],CCCc1ccc(NC(=O)C(=O)NCc2ccc(-c3ccc(C(F)(F)F)cc3)cc2)c(C#N)c1,,random_balanced,BB-1585,BB-0882,5,4,0.05790367634906931
BB-0466 BB-1816,"[466, 1816]",[105],CSCC1(CNC(=O)C(=O)N(C)Cc2ccc3c(c2)oc(=O)n3C)CC(F)(F)C1,,random_balanced,BB-0466,BB-1816,3,2,0.45859882589185913
BB-1189 BB-0566,"[1189, 566]",[99],COC(=O)c1cnn(C)c1CCS(=O)(=O)c1ccc2nc(C(C)=O)n(C)c2c1,,random_balanced,BB-1189,BB-0566,3,3,0.5471105473891529
BB-0136 BB-1036,"[136, 1036]",[30],Cc1ccc(S(=O)(=O)N(C(=O)C(=O)N2Cc3nccc(O)c3C2)c2ccc(N)cc2)cc1,,random_balanced,BB-0136,BB-1036,3,4,0.4959191937279675
BB-0122 BB-1314,"[122, 1314]",[89],CCOC(=O)c1c(C)nn(C)c1CSc1ccc(F)cc1CS,,random_balanced,BB-0122,BB-1314,4,2,0.2864344439622436
BB-1732 BB-0316,"[1732, 316]",[15],N[C@H](CC(=O)O)Cc1ccccc1SCC(=O)Nc1cccc(C(=O)N2CCSCC2)c1,,random_balanced,BB-1732,BB-0316,3,5,0.15724563047642295
BB-0595 BB-0351,"[595, 351]",[15],CCc1cc(SCC(=O)Nc2ccccc2C(=O)OC2CC(C)CCC2C(C)C)cc2c1NCCC2,,random_balanced,BB-0595,BB-0351,1,4,0.043337382744107276
BB-0127 BB-1843,"[127, 1843]",[107],Cc1nc2nc(S(=O)c3cc4c(cc3[N+](=O)[O-])CN(C(=O)OC(C)(C)C)CC4)nn2c(C)c1CC(=O)O,,random_balanced,BB-0127,BB-1843,2,4,0.03297722188342222
BB-0711 BB-1583,"[711, 1583]",[107],C#Cc1cccc(CC(NC(=O)CS(=O)c2nncn2CCOC)C(N)=O)c1,,random_balanced,BB-0711,BB-1583,2,1,0.4336248789136302
BB-0049 BB-0986,"[49, 986]",[51],COc1ccc(F)c(CCC(=O)OC2(CC(C)=O)CCC2)c1,,random_balanced,BB-0049,BB-0986,3,3,0.5499950334757889
BB-1321 BB-1943,"[1321, 1943]",[33],CCC(c1cccc(Br)c1)N(CC)Cc1cccc(-c2ccncc2)c1,,random_balanced,BB-1321,BB-1943,3,3,0.5581519049561989
BB-0267 BB-1881,"[267, 1881]",[32],CC1(C)CC(S(=O)c2ccc3c(c2)N(CC(=O)O)CCO3)CCO1,,random_balanced,BB-0267,BB-1881,3,2,0.5536077495090063
BB-1797 BB-1195,"[1797, 1195]",[138],CC(C)(C)OC(=O)[C@H]1CC[C@H](Cc2ccc(-n3ncc4c(S)ncnc43)cc2)CC1,,random_balanced,BB-1797,BB-1195,2,2,0.26474589140314114
BB-0463 BB-0692,"[463, 692]",[127],O=C(OC1CNC2(CCC2)c2[nH]cnc21)C1CCc2cc(Br)ccc2N1,,random_balanced,BB-0463,BB-0692,5,5,0.752749547587375
BB-0088 BB-0066,"[88, 66]",[78],CS(=O)(=O)CC1CCC1C(=O)N1CCC(c2nnc3n2CCCC3)C1,,random_balanced,BB-0088,BB-0066,3,3,0.5005665919019824
BB-1561 BB-0232,"[1561, 232]",[68],CC(=O)Nc1ccccc1C#Cc1cnc2nc3ccccc3n2c1,,random_balanced,BB-1561,BB-0232,2,2,0.31755075009177525
BB-0072 BB-0164,"[72, 164]",[141],CCOC(=O)C12CCCC1=CC(O)(c1ccc3c(OC)ccnc3n1)C2,,random_balanced,BB-0072,BB-0164,2,3,0.734816159307283
BB-1993 BB-0391,"[1993, 391]",[141],COc1ccc2[nH]c(C(=O)O)cc2c1C1(O)CCCCC1CCCC1CC1,,random_balanced,BB-1993,BB-0391,4,3,0.6461892785436466
BB-0546 BB-0168,"[546, 168]",[50],COCc1cc(C(C)(OC(=O)CCCC(=O)c2ccccc2N)C(=O)O)ccc1OC,,random_balanced,BB-0546,BB-0168,1,3,0.5032819327158511
BB-1149 BB-0156,"[1149, 156]",[105],Cc1noc(C(NC(=O)C(=O)NC(CC(C)C)C2CC2c2ccccc2)C2CCOCC2)n1,,random_balanced,BB-1149,BB-0156,3,4,0.3528937652256442
BB-0011 BB-1956,"[11, 1956]",[105],Cc1cc(NC(=O)C(=O)N2CCOCC2CC(=O)c2ccccc2)ncc1C#N,,random_balanced,BB-0011,BB-1956,6,2,0.26769447084045844
BB-1828 BB-1495,"[1828, 1495]",[125],COC(=O)CCCCC(C(=O)O)(N1CC(C)(N2CCN(C(=O)OC(C)(C)C)CC2)C1)C(F)(F)F,,random_balanced,BB-1828,BB-1495,3,3,0.28023441368664237
BB-0967 BB-1935,"[967, 1935]",[126],COc1ccc(N2CCN(C(C)C(=O)OC(C)C3CCNC(=O)C3)CC2)cc1,,random_balanced,BB-0967,BB-1935,3,4,0.4393911886555566
BB-1638 BB-1727,"[1638, 1727]",[125],COC(=O)c1cn(C(C)(C(=O)O)c2ccc(C(F)(F)F)s2)c(=O)c2c1c(I)cn2C,,random_balanced,BB-1638,BB-1727,4,3,0.7809775087486343
BB-0960 BB-1304,"[960, 1304]",[124],COc1ccc(Br)cc1C(CO)n1cnc2c(NC(Cc3nccn3C(F)F)c3ccccc3)ncnc21,,random_balanced,BB-0960,BB-1304,2,4,0.4291890757266775
BB-1182 BB-0559,"[1182, 559]",[49],COc1cc(F)cc(CC(C)Nc2ncnc3c2ncn3-c2cc(C(F)(F)F)ncc2Br)c1,,random_balanced,BB-1182,BB-0559,2,5,0.6432382650669798
BB-1709 BB-0991,"[1709, 991]",[105],Cc1cc(C)c(C(=O)O)cc1NC(=O)C(=O)N1CCOc2c(ccc(O)c2C)C1,,random_balanced,BB-1709,BB-0991,4,3,0.6208902874200336
BB-1619 BB-0382,"[1619, 382]",[24],Cc1noc2nc(C3CC3)c(S(=O)(=O)Cc3ccc(O)nn3)c(C(=O)O)c12,,random_balanced,BB-1619,BB-0382,3,4,0.6768732614162519
BB-0909 BB-0411,"[909, 411]",[65],COc1ccc(OCCC(=O)c2cc(Cl)cc3[nH]ncc23)cc1OC,,random_balanced,BB-0909,BB-0411,2,2,0.3884350280141609
BB-1321 BB-0525,"[1321, 525]",[4],CCN(Cc1cccc(-c2ccncc2)c1)C(=O)COC1CCN(C(=O)OCC2c3ccccc3-c3ccccc32)CC1,,random_balanced,BB-1321,BB-0525,4,2,0.05829860813974197
BB-0259 BB-0317,"[259, 317]",[66],Cc1c(C2(O)CCCc3cc(OC(C)C)ccc32)c(C(=O)NN)nn1C,,random_balanced,BB-0259,BB-0317,2,2,0.7639380330906652
BB-0736 BB-1772,"[736, 1772]",[99],CC(C)(C)C1CCC(S(=O)(=O)c2ccc(CN3CCC(=NO)CC3)cc2)CC1,,random_balanced,BB-0736,BB-1772,5,4,0.18601525972892238
BB-1640 BB-0026,"[1640, 26]",[138],O=C(O)c1ccccc1-c1cc(Cl)c2c(c1)CNCCO2,,random_balanced,BB-1640,BB-0026,4,3,0.4731745305463839
BB-0214 BB-1664,"[214, 1664]",[50],CC(C)Cn1c2c(c(=O)n(C)c1=O)C(C(=O)O)(N1CCC(c3cccc(Cl)c3F)CC1)CN2,,random_balanced,BB-0214,BB-1664,7,5,0.8079105252081594
BB-1923 BB-0377,"[1923, 377]",[146],COc1ccc(C2(C(=O)O)CC2)cc1N1CC[C@H](CF)C1,,random_balanced,BB-1923,BB-0377,4,1,0.5376741253040589
BB-0491 BB-1079,"[491, 1079]",[108],Cc1ccc2c(c1)CC(C)N(CCc1ccccc1OC(F)F)C2,,random_balanced,BB-0491,BB-1079,2,2,0.6483346689992314
BB-1796 BB-0380,"[1796, 380]",[89],Cc1cc(F)cc(Sc2ccc(N3CC(CBr)OC3=O)cc2)c1,,random_balanced,BB-1796,BB-0380,4,4,0.5444923485643479
BB-1449 BB-1501,"[1449, 1501]",[79],O=C(Cl)C(NC(c1ccccc1)c1ccoc1)C1CCCC1,,random_balanced,BB-1449,BB-1501,1,6,0.21924321899635446
BB-1057 BB-1225,"[1057, 1225]",[78],Cc1c(Br)c2ccccc2n1CC(=O)N1CCOC(c2cccc([N+](=O)[O-])c2)C1,,random_balanced,BB-1057,BB-1225,4,2,0.7858115189170655
BB-0206 BB-0258,"[206, 258]",[70],Fc1cncc(C2CCC(=Cc3cc(Br)no3)C2)c1,,random_balanced,BB-0206,BB-0258,4,4,0.10696777462446216
BB-1999 BB-0735,"[1999, 735]",[78],CC(C)n1cnnc1CC(=O)Nc1ccc(Cn2cc(Br)cn2)cc1,,random_balanced,BB-1999,BB-0735,2,5,0.5148069719302731
BB-1484 BB-0909,"[1484, 909]",[68],N#Cc1cc(C#Cc2ncoc2C2CC2)cc2[nH]ncc12,,random_balanced,BB-1484,BB-0909,3,3,0.22502340420508946
BB-0773 BB-0811,"[773, 811]",[108],COC(=O)c1cccc2c(CN3CCCCC3c3ncc(C(F)(F)F)cn3)n[nH]c12,,random_balanced,BB-0773,BB-0811,3,3,0.7952184998756311
BB-0221 BB-0463,"[221, 463]",[30],CC(C)Cn1cnnc1C1CCCN1C(=O)C(=O)N1CC(O)c2nc[nH]c2C12CCC2,,random_balanced,BB-0221,BB-0463,6,6,0.6828719733114976
BB-0404 BB-0807,"[404, 807]",[63],COc1ccc(-c2ccc3c(C)nn(C(F)F)c3c2)cc1C1CCCCN1,,random_balanced,BB-0404,BB-0807,4,2,0.7155082340260798
BB-1948 BB-1864,"[1948, 1864]",[137],CC(C(=O)c1ccc(Cl)c(N)c1)C(=O)C1(C)CCCCC1=O,,random_balanced,BB-1948,BB-1864,3,3,0.447472713671816
BB-1538 BB-0607,"[1538, 607]",[37],CCn1cc([C@@H]2NC(=O)CC[C@H]2NC(=O)c2c(C)n(C3CC3)c3ccc(O)cc23)cn1,,random_balanced,BB-1538,BB-0607,5,4,0.7817821366998083
BB-1716 BB-0392,"[1716, 392]",[36],Cn1ncc([N+](=O)[O-])c1-c1noc(-c2ccc(Cl)c3c2CCC3)n1,,random_balanced,BB-1716,BB-0392,2,3,0.24738341705249475
BB-1395 BB-1498,"[1395, 1498]",[65],COc1cc2ccnc(C(=O)c3c(C)nsc3N3CCNCC3)c2cc1Br,,random_balanced,BB-1395,BB-1498,3,2,0.45137599512804455
BB-1080 BB-0820,"[1080, 820]",[108],Cn1ccc(C(NCc2ccc(C3CCOCC3)cc2)c2ccc(F)cc2)n1,,random_balanced,BB-1080,BB-0820,2,2,0.28212674526002157
BB-0776 BB-1734,"[776, 1734]",[146],Nc1ccc(=O)n(Cc2ccccc2Nc2ccc(Br)cc2C(=O)c2ccc(F)cc2)c1,,random_balanced,BB-0776,BB-1734,5,6,0.5193282276814037
BB-0922 BB-0271,"[922, 271]",[125],CC1(C)CC(C(=O)O)(N(C(=O)c2ccccc2)c2ccc3[nH]ccc3c2)c2cc(Br)ncc2O1,,random_balanced,BB-0922,BB-0271,1,4,0.5226730587314564
BB-1914 BB-0057,"[1914, 57]",[33],COC(=O)c1ncoc1C1CCCN(C(C)CC(=O)Nc2ccccc2C)C1,,random_balanced,BB-1914,BB-0057,5,3,0.708884504359792
BB-0249 BB-0393,"[249, 393]",[105],CNC(=O)CCC(NC(=O)C(=O)N1CCC(C(=O)O)c2cccc(C(F)(F)F)c21)c1ccccc1,,random_balanced,BB-0249,BB-0393,4,1,0.5188299171225762
BB-0722 BB-1116,"[722, 1116]",[71],Cc1ccc(N2CCN(c3c(C#N)c(C)nn3C)CC2)nc1N,,random_balanced,BB-0722,BB-1116,5,4,0.6487676194590106
BB-1365 BB-0297,"[1365, 297]",[78],CC(C)(C)OC(=O)N1CCN(CC(F)(F)C(=O)N[C@H]2CCc3c(Cl)cccc32)CC1,,random_balanced,BB-1365,BB-0297,4,5,0.21461966098346547
BB-1443 BB-1808,"[1443, 1808]",[48],COc1ccc(Br)cc1CC(NCc1cn(CC(C)(C)C)nn1)C(=O)O,,random_balanced,BB-1443,BB-1808,0,3,0.36159304678138915
BB-1093 BB-1430,"[1093, 1430]",[108],CCOC(=O)c1cc(CNc2nn3c(=O)cc(CC)nc3[nH]2)oc1C(C)C,,random_balanced,BB-1093,BB-1430,5,4,0.19560811000511802
BB-1385 BB-1682,"[1385, 1682]",[146],CC(C1CC1)N(Cc1ccccc1O)c1ccc(C(=O)CN)cc1,,random_balanced,BB-1385,BB-1682,4,8,0.6577577825612313
BB-1927 BB-1594,"[1927, 1594]",[108],Cc1cc(C)c(NC2CCCOC2C(C)(C)C)c(Cl)c1,,random_balanced,BB-1927,BB-1594,5,4,0.3685113291181167
BB-1404 BB-0933,"[1404, 933]",[105],CC1C(c2ccccc2)CCN1C(=O)C(=O)N1CCc2c(ncn2C2CCC2)C1,,random_balanced,BB-1404,BB-0933,5,3,0.3010748993471046
BB-0543 BB-1378,"[543, 1378]",[71],COC(=O)C1CC(c2ccc(N3CCCCCO[C@@H]4C[C@]4(C)C3)cc2)C1,,random_balanced,BB-0543,BB-1378,4,3,0.5047255015963251
BB-1072 BB-1426,"[1072, 1426]",[15],NNCc1ccc(Sc2cn(C3CCCC3)nc2C=O)cc1Cl,,random_balanced,BB-1072,BB-1426,6,3,0.2587780953452925
BB-1951 BB-0080,"[1951, 80]",[78],COCCCC(Cc1ccccc1)NC(=O)C1(C(F)(F)F)CC2(CCC2)C1,,random_balanced,BB-1951,BB-0080,1,3,0.5084774829692987
BB-0279 BB-1273,"[279, 1273]",[127],CC(C)C(OC(=O)C(N)CC1CCOCC1)C(F)F,,random_balanced,BB-0279,BB-1273,2,3,0.4057320278923377
BB-0524 BB-0556,"[524, 556]",[119],CCOC(=O)C(C)C(NCCc1ccc(Cl)cc1C)c1cccnc1,,random_balanced,BB-0524,BB-0556,1,3,0.6273544150067455
BB-0695 BB-1192,"[695, 1192]",[24],CS(=O)(=O)c1ccc(-n2nnnc2CS(=O)(=O)c2c(F)cccc2Cl)cc1,,random_balanced,BB-0695,BB-1192,3,6,0.3798157339948458
BB-0492 BB-1429,"[492, 1429]",[89],COc1cc(S[C@@H]2CCC3(CN)CO[C@@H]2C3)cc(C(C)=O)c1O,,random_balanced,BB-0492,BB-1429,4,6,0.6060818782860997
BB-0856 BB-0195,"[856, 195]",[105],COc1ccc(C(NC(=O)C(=O)N(C)CCCCc2cccc(Br)c2)C(F)F)cc1F,,random_balanced,BB-0856,BB-0195,2,4,0.626792253093453
BB-1022 BB-0892,"[1022, 892]",[108],Cn1c(C(=O)O)c(CNCC(c2ccccc2)C(C)(C)CO)c2ccccc21,,random_balanced,BB-1022,BB-0892,2,4,0.48303025760303214
BB-0191 BB-0485,"[191, 485]",[79],CCOC(=O)c1c(CN(c2ccc(-c3cc(C(=O)N(C)Cc4cnn(CC)c4C)c4cc(Cl)ccc4n3)nc2C)C2CN(C)C2)sc2c(Br)cccc12,,random_balanced,BB-0191,BB-0485,4,5,0.07561394240884553
BB-0707 BB-1939,"[707, 1939]",[5],COC(=O)c1cc2c([nH]1)CN(c1cc(F)c(Br)c(F)c1N)CC2,,random_balanced,BB-0707,BB-1939,1,2,0.6315272089604775
BB-0015 BB-0890,"[15, 890]",[15],Cc1ccc(C(N)c2ccc(F)cc2Sc2cc(C)cc(C3(C(=O)O)CC3)c2)cc1,,random_balanced,BB-0015,BB-0890,3,5,0.549554918240644
BB-0377 BB-1725,"[377, 1725]",[89],COc1ccc(C2(C(=O)O)CC2)cc1Sc1cccc(S(=N)(=O)Cc2cccnc2)c1,,random_balanced,BB-0377,BB-1725,2,3,0.33536079973294974
BB-1076 BB-1364,"[1076, 1364]",[41],CCOC(=O)C12CC(COc3cc(C(N)C(F)(F)F)ccc3OC)(C1)OC21CCNCC1,,random_balanced,BB-1076,BB-1364,2,4,0.48697872158395983
BB-0767 BB-1694,"[767, 1694]",[125],CCOC(=O)N(C(C)(C(=O)O)c1nnn(-c2cccc3ncccc23)c1C)S(C)(=O)=O,,random_balanced,BB-0767,BB-1694,2,2,0.5389360361790835
BB-1683 BB-0910,"[1683, 910]",[5],COc1ccc2c(NC3CCCc4cn(CC(F)(F)F)nc43)nc(Cl)cc2c1,,random_balanced,BB-1683,BB-0910,4,2,0.7916452832661628
BB-1027 BB-0958,"[1027, 958]",[141],COc1cc(C(O)c2ccc(CN3CCN(C(=O)OC(C)(C)C)C(C)(C)C3)nn2)ccc1OC(C)C(=O)O,,random_balanced,BB-1027,BB-0958,2,2,0.04281253010662771
BB-1767 BB-1259,"[1767, 1259]",[63],Cc1nc2ccccc2nc1-c1cc2n(c1)C(C)CNC2=O,,random_balanced,BB-1767,BB-1259,3,1,0.38130283153553296
BB-0908 BB-0145,"[908, 145]",[116],Nc1ccc(Br)c(F)c1COc1nnc(Cl)c(N)c1[N+](=O)[O-],,random_balanced,BB-0908,BB-0145,7,6,0.231622404764999
BB-0423 BB-1953,"[423, 1953]",[71],C[C@@H](Nc1cccnc1OC1CCCNC1)c1coc2c(F)cccc12,,random_balanced,BB-0423,BB-1953,2,6,0.5766462623766289
BB-1794 BB-0249,"[1794, 249]",[108],CNC(=O)CCC(NC(C=C(OC)OC)C(F)(F)F)c1ccccc1,,random_balanced,BB-1794,BB-0249,3,5,0.717794429953166
BB-0604 BB-0470,"[604, 470]",[37],Cc1nc(N2CC[C@@H](NC(=O)Cc3cc4cnccc4nc3C)C2)c(Cl)cc1C#N,,random_balanced,BB-0604,BB-0470,2,3,0.704966446888966
BB-0896 BB-0907,"[896, 907]",[5],c1c(Nc2nc(C3CC3)nc3c2CCC3)ncc2c1CCO2,,random_balanced,BB-0896,BB-0907,1,3,0.5733254947823145
BB-1828 BB-0575,"[1828, 575]",[30],CC1CN(C(=O)c2n[nH]cc2NC(=O)C(=O)N2CC(C)(N3CCN(C(=O)OC(C)(C)C)CC3)C2)CCCO1,,random_balanced,BB-1828,BB-0575,4,4,0.022111414487290062
BB-1000 BB-0010,"[1000, 10]",[125],NC(=O)c1cn(C2(C(=O)O)c3ccccc3CC23CCOCC3)nc1-c1ccccc1,,random_balanced,BB-1000,BB-0010,3,2,0.7172963391678531
BB-0942 BB-0703,"[942, 703]",[124],CC(C)Oc1ncc(Nc2ncnc3c2ncn3CCC2=CCCCC2)cc1Cl,,random_balanced,BB-0942,BB-0703,2,3,0.24575641149172986
BB-0281 BB-1694,"[281, 1694]",[125],Cc1c(C(C)(C(=O)O)N(C(=O)OCc2ccccc2)[C@H]2C[C@@H](C(=O)O)C2)nnn1-c1cccc2ncccc12,,random_balanced,BB-0281,BB-1694,3,3,0.6039354473670221
BB-1114 BB-1720,"[1114, 1720]",[51],CCNC(=O)COC(=O)C(CC(F)(F)F)c1cccc(Cl)c1,,random_balanced,BB-1114,BB-1720,2,3,0.5017622155057093
BB-0336 BB-0263,"[336, 263]",[25],COC(=O)c1ccc2c(c1)nc(S(=O)(=O)c1ccc(-n3cnnn3)cc1N)c1ncncc12,,random_balanced,BB-0336,BB-0263,5,4,0.28079246642609457
BB-1572 BB-0015,"[1572, 15]",[15],Cc1ccc(C(N)c2ccc(F)cc2SCc2nc(-c3cccc(Br)c3)oc2C)cc1,,random_balanced,BB-1572,BB-0015,3,4,0.3284189944305136
BB-1159 BB-0907,"[1159, 907]",[24],O=C(O)Cc1ccc(S(=O)(=O)c2nc(C3CC3)nc3c2CCC3)c(O)c1,,random_balanced,BB-1159,BB-0907,4,4,0.7255581192798277
BB-0385 BB-1151,"[385, 1151]",[30],COc1cccc(C(CC(=O)O)NC(=O)C(=O)N2CCN(c3ccc(C)o3)C(=O)C2)c1,,random_balanced,BB-0385,BB-1151,3,3,0.21873254508787407
BB-0484 BB-0954,"[484, 954]",[5],CCOC(=O)c1c(C)oc(Nc2cc(C(=O)O)ccc2Oc2ccc(Cl)cc2)c1C#N,,random_balanced,BB-0484,BB-0954,5,3,0.579254877612134
BB-0938 BB-0714,"[938, 714]",[37],CCN1C(=O)C[C@H](C(=O)N2CCC(n3cnc(C(N)=O)c3N)CC2)[C@H]1c1ccncc1,,random_balanced,BB-0938,BB-0714,2,2,0.7102590734939472
BB-0645 BB-0348,"[645, 348]",[50],CC(=O)c1cc(C(N)C(=O)O)ccc1OC(C(=O)O)(/C(=N/N=C/c1ccc2c(c1)OCO2)c1ccccc1)c1ccccc1,,random_balanced,BB-0645,BB-0348,3,7,0.2836517346835149
BB-0237 BB-0025,"[237, 25]",[25],COCOc1cc(C)cc(S(=O)(=O)C(C(=O)OC)C(C)c2ccccc2)c1Br,,random_balanced,BB-0237,BB-0025,5,2,0.5853792773090705
BB-1757 BB-1344,"[1757, 1344]",[4],CCOC(=O)CC(CNC(=O)CCc1cccc(C)c1F)B1OC(C)(C)C(C)(C)O1,,random_balanced,BB-1757,BB-1344,2,3,0.5136538312726533
BB-0611 BB-0379,"[611, 379]",[125],O=C(O)c1ccc2c(c1)C(OC(=O)C(F)(F)C(F)(F)C(F)(F)C(F)F)(C(=O)O)CCN2,,random_balanced,BB-0611,BB-0379,2,4,0.5992164257520806
BB-1133 BB-1529,"[1133, 1529]",[127],O=C(O[C@H]1CCN(CC(F)F)C1)c1cc(-c2ccccc2)nc2cc(F)ccc12,,random_balanced,BB-1133,BB-1529,2,2,0.5411199965368442
BB-1154 BB-1746,"[1154, 1746]",[78],O=Cc1cc2[nH]c(C(=O)N3CCC=C4OC(=O)C=C43)cc2s1,,random_balanced,BB-1154,BB-1746,4,5,0.3286970068022566
BB-0192 BB-1821,"[192, 1821]",[141],CN1C(=O)NC2CC1(C)Oc1ccc(C3(O)CCN(C(=O)OC(C)(C)C)C(=O)C3)cc12,,random_balanced,BB-0192,BB-1821,3,2,0.2116173649008546
BB-0045 BB-0097,"[45, 97]",[41],CNCc1cc(OC)ccc1Oc1ccc2c(c1)OCO2,,random_balanced,BB-0045,BB-0097,1,3,0.5352886971420789
BB-1020 BB-1997,"[1020, 1997]",[37],COc1cnc2ccccc2c1C(=O)N1CCC(n2cnc3cccnc32)CC1,,random_balanced,BB-1020,BB-1997,2,4,0.7526760596148849
BB-1875 BB-1948,"[1875, 1948]",[79],CCC(=O)c1ccc(Cl)c(Nc2nc3c(s2)CCC(C(=O)OC)C3)c1,,random_balanced,BB-1875,BB-1948,2,4,0.3467893601816364
BB-0285 BB-1097,"[285, 1097]",[125],C=CCN1C(=O)C(O[C@@H](C)c2ncccn2)(C(=O)O)c2cc(C)ccc21,,random_balanced,BB-0285,BB-1097,5,2,0.7572189435946105
BB-0997 BB-0521,"[997, 521]",[25],Cc1ccc(CS(=O)(=O)c2c(CCl)ccnc2F)nc1,,random_balanced,BB-0997,BB-0521,1,4,0.4301097684628987
BB-0090 BB-1673,"[90, 1673]",[79],COC(=O)c1cc(NC(C)[C@@H]2C[C@H]2c2ccccc2)nc2ccccc12,,random_balanced,BB-0090,BB-1673,4,3,0.5400694965768605
BB-1054 BB-1589,"[1054, 1589]",[24],CCCNc1ccc(C)c(S(=O)(=O)c2nc(C3CC3)ncc2C)c1,,random_balanced,BB-1054,BB-1589,3,3,0.668251975160869
BB-0778 BB-0697,"[778, 697]",[51],COc1cc(OC)cc(C(C)(C)C(=O)OC(C)C(=O)NC2CC2)c1,,random_balanced,BB-0778,BB-0697,4,2,0.5025983250290565
BB-1785 BB-0436,"[1785, 436]",[127],COC[C@@H](C)OC(=O)c1ccc(OC(F)(F)F)cc1NC(=O)OC(C)(C)C,,random_balanced,BB-1785,BB-0436,3,3,0.09928448844127977
BB-0548 BB-0052,"[548, 52]",[111],Cc1cccc(COCc2nc(COc3cccc(NC(=O)c4c(C)oc(C)c4C)c3)no2)c1,,random_balanced,BB-0548,BB-0052,1,2,0.01438693115494925
BB-0774 BB-0533,"[774, 533]",[28],COCCNC(=O)c1c(NC(=O)N[C@H]2C[C@H]3CCCC[C@H]3C2)sc2c1CCCC2,,random_balanced,BB-0774,BB-0533,5,5,0.21594432451939316
BB-0879 BB-1410,"[879, 1410]",[4],CCC[C@@H]1CN(C(=O)c2cc3sccn3n2)C[C@H]1C(=O)OC,,random_balanced,BB-0879,BB-1410,4,1,0.6925266572099615
BB-1820 BB-0512,"[1820, 512]",[138],CCc1ccsc1-c1ccccc1OC(F)F,,random_balanced,BB-1820,BB-0512,2,5,0.09910266317678308
BB-1914 BB-0632,"[1914, 632]",[146],COC(=O)c1ncoc1C1CCCN(c2cccc(C(C)CC(=O)O)c2)C1,,random_balanced,BB-1914,BB-0632,6,3,0.7515906870690438
BB-1530 BB-0032,"[1530, 32]",[141],C=Cc1ncc(C(F)(F)F)cc1C(O)[C@H]1COC(C)(C)N1C(=O)OC(C)(C)C,,random_balanced,BB-1530,BB-0032,2,2,0.6721359974632616
BB-0494 BB-1524,"[494, 1524]",[66],C#Cc1cc(OC)c(C(O)c2ccc3c(c2)OCCCC3OCC(=O)NC)c(OC)c1,,random_balanced,BB-0494,BB-1524,1,3,0.7442169441906356
BB-1624 BB-1981,"[1624, 1981]",[30],COC(=O)c1coc2c1CN(C(=O)C(=O)N1CCOC(c3c(Cl)cccc3OC)C1)C2,,random_balanced,BB-1624,BB-1981,3,5,0.3763584144681865
BB-0642 BB-0892,"[642, 892]",[79],CC(C)(CO)C(CNc1ncnc2c1COCC2)c1ccccc1,,random_balanced,BB-0642,BB-0892,3,5,0.7611009230691902
BB-0964 BB-1765,"[964, 1765]",[65],O=C(O)C1(C(=O)c2cc3c(cc2F)CNC3)CCOCC1,,random_balanced,BB-0964,BB-1765,2,3,0.4714744144630845
BB-0934 BB-0266,"[934, 266]",[15],COc1c(Sc2ccc(C)c(C(N)=O)c2)ccc2c1NC(=O)C2=O,,random_balanced,BB-0934,BB-0266,4,2,0.5733129607116062
BB-0017 BB-0651,"[17, 651]",[15],Cc1noc(CO)c1SCC(=O)c1ccc(OCc2ccccc2)c([N+](=O)[O-])c1,,random_balanced,BB-0017,BB-0651,3,5,0.4816945485466011
BB-0604 BB-0531,"[604, 531]",[37],Cc1nc2ccncc2cc1CC(=O)NCC(=O)NCCc1ccccc1,,random_balanced,BB-0604,BB-0531,3,3,0.5719535032870806
BB-0837 BB-0844,"[837, 844]",[50],CC(=O)c1ccc(C)c(C)c1OC(C)(C(=O)O)c1cc([N+](=O)[O-])nn1C,,random_balanced,BB-0837,BB-0844,3,5,0.2460543474185143
BB-1469 BB-1334,"[1469, 1334]",[66],Cc1nc2cc(C(C)(O)Cn3c(=O)oc(=O)c4ccccc43)c(Cl)cc2[nH]1,,random_balanced,BB-1469,BB-1334,3,4,0.4067037435707392
BB-0184 BB-1525,"[184, 1525]",[66],N#Cc1ccc(C(O)c2nc(-c3cccs3)nc3ccccc23)c(Br)c1,,random_balanced,BB-0184,BB-1525,5,2,0.30395433110930037
BB-1386 BB-0806,"[1386, 806]",[119],COC(=O)c1c(NC(C2OCCN(C(=O)OC(C)(C)C)CC2=O)N(C)C)c(C#N)c2n1CCOC2,,random_balanced,BB-1386,BB-0806,4,5,0.3176121552627325
BB-0086 BB-1866,"[86, 1866]",[112],CC(C)(CC(=O)N1CCN(c2nsc(C3CC3)n2)CC1)c1ccc(N)cc1,,random_balanced,BB-0086,BB-1866,2,4,0.6020222958849998
BB-0759 BB-1782,"[759, 1782]",[28],Cc1nn(C)c(N2CCC2)c1NC(=O)NC(C1CC1)C1(CO)CCCO1,,random_balanced,BB-0759,BB-1782,2,6,0.5884342453320723
BB-1674 BB-1033,"[1674, 1033]",[15],O=C(O)C1CCc2ccc(Sc3cc(F)c(Br)nc3Br)cc2O1,,random_balanced,BB-1674,BB-1033,5,2,0.3774464784040018
BB-1839 BB-1861,"[1839, 1861]",[127],CCc1cc(C(=O)OC2CC(C(=O)OCc3ccccc3)C2)c(Br)s1,,random_balanced,BB-1839,BB-1861,2,2,0.46338501597172627
BB-1799 BB-0022,"[1799, 22]",[105],COC(=O)CCN(C(=O)C(=O)N1C[C@@H](c2ccc(C(=O)O)cc2)[C@@H]1C(=O)OC(C)(C)C)c1ncc(C)cc1Br,,random_balanced,BB-1799,BB-0022,5,3,0.2687756251938463
BB-0967 BB-1919,"[967, 1919]",[1],CC(O)C1CCNC(=O)C1=Cc1nc(N(C)C)n(-c2ccc(Br)cc2)c1Cl,,random_balanced,BB-0967,BB-1919,4,7,0.7886751653205164
BB-0991 BB-0651,"[991, 651]",[41],Cc1c(OCC(=O)c2ccc(OCc3ccccc3)c([N+](=O)[O-])c2)ccc2c1OCCNC2,,random_balanced,BB-0991,BB-0651,4,6,0.0687052089391721
BB-0349 BB-1314,"[349, 1314]",[66],Cc1cccc(C(O)(C(N)=O)c2ccc(F)cc2CS)c1,,random_balanced,BB-0349,BB-1314,4,3,0.2922593584111154
BB-0993 BB-0090,"[993, 90]",[66],COC(=O)c1cc(C(O)c2cocc2C)nc2ccccc12,,random_balanced,BB-0993,BB-0090,1,5,0.47158043424260504
BB-1598 BB-0340,"[1598, 340]",[66],N#Cc1ccc(C(=O)CC(O)c2cccc(C3OCCO3)c2)cc1[N+](=O)[O-],,random_balanced,BB-1598,BB-0340,2,5,0.44370100768980336
BB-0046 BB-1097,"[46, 1097]",[125],C=CCN1C(=O)C(C(=O)O)(n2c(C=O)cc(C)c2C(=O)OCC)c2cc(C)ccc21,,random_balanced,BB-0046,BB-1097,2,3,0.6176764655786035
BB-0449 BB-0700,"[449, 700]",[41],CCc1cc(OCC(=O)O)ccc1Oc1ccc(Br)cc1[N+](=O)[O-],,random_balanced,BB-0449,BB-0700,2,4,0.44063108026428977
BB-0344 BB-1138,"[344, 1138]",[105],COC(=O)C[C@H](NC(=O)C(=O)Nc1c2c(nn1-c1cccc(Cl)c1)CCC2)c1cc([N+](=O)[O-])ccc1F,,random_balanced,BB-0344,BB-1138,6,6,0.32975861896012143
BB-0561 BB-0370,"[561, 370]",[78],CCCCCCCCNC(=O)CC(=O)N(C)Cc1cc(OC)ns1,,random_balanced,BB-0561,BB-0370,3,4,0.6608554437521656
BB-0448 BB-0415,"[448, 415]",[125],Cc1cc2nc(-c3cccc4ncccc34)n(C(C(=O)O)(c3ccccc3)c3ccc(B4OC(C)(C)C(C)(C)O4)cc3)c2cc1C,,random_balanced,BB-0448,BB-0415,2,2,0.13411577377638148
BB-1535 BB-1095,"[1535, 1095]",[127],CC(C)CCC1(OC(=O)C2(c3ccc(Br)cc3)CCN(C(=O)OC(C)(C)C)C2)CC1,,random_balanced,BB-1535,BB-1095,4,4,0.4551370237479823
BB-0453 BB-1101,"[453, 1101]",[62],CCOC(=O)c1c(N)sc(C(=O)CC(C)=O)c1C,,random_balanced,BB-0453,BB-1101,1,5,0.5484046679062383
BB-0629 BB-1778,"[629, 1778]",[5],[N-]=[N+]=Nc1ccc(Br)c(Cl)c1N1CCC2(CC1)COc1ncccc12,,random_balanced,BB-0629,BB-1778,3,2,0.5136660217020357
BB-1445 BB-0441,"[1445, 441]",[108],COc1ccc(-c2[nH]ncc2CN2CCc3nc(C4CCC4)[nH]c3C2)cc1,,random_balanced,BB-1445,BB-0441,3,4,0.6433035626878338
BB-1278 BB-0354,"[1278, 354]",[125],CC(=O)N1CCC(C(OC(=O)c2ccc3cnccc3n2)(C(=O)O)c2ccc(F)cc2F)CC1,,random_balanced,BB-1278,BB-0354,2,3,0.4959178213717543
BB-0337 BB-1754,"[337, 1754]",[79],CC(NCCc1ccc(OCC(=O)O)cc1)C(=O)c1ccc2c(c1)CCC(=O)N2,,random_balanced,BB-0337,BB-1754,2,5,0.32340262853046414
BB-0909 BB-0001,"[909, 1]",[36],CC(C)(C)OC(=O)N1CCCN(c2ccc(-c3nc(-c4cc(Cl)cc5[nH]ncc45)no3)cn2)CC1,,random_balanced,BB-0909,BB-0001,4,1,0.04446633340070919
BB-1701 BB-1883,"[1701, 1883]",[108],CC(=O)N1CC2(CCN(C3CC(NC(=O)OC(C)(C)C)C34CC(C(F)F)C4)CC2)[C@H]2COC[C@H]21,,random_balanced,BB-1701,BB-1883,1,3,0.4300699232573151
BB-0133 BB-1959,"[133, 1959]",[79],Cc1c(CN(C)c2cnc(N(C)C)c3c2CCNC3)oc2c(C)cccc12,,random_balanced,BB-0133,BB-1959,5,2,0.7749251604982597
BB-0956 BB-1936,"[956, 1936]",[5],COc1cc(O)c(C(C)=O)cc1NCC1CC=C(C(=O)O)CC1,,random_balanced,BB-0956,BB-1936,5,2,0.7211481832858514
BB-0912 BB-1592,"[912, 1592]",[38],C#CCCCC(N)c1ccc(-c2ccccc2C2CCCC2)cc1,,random_balanced,BB-0912,BB-1592,1,2,0.17094932447568353
BB-1499 BB-1916,"[1499, 1916]",[5],CO[C@@H]1C[C@H](O)CN(c2ncc(Br)cc2O)C1,,random_balanced,BB-1499,BB-1916,2,3,0.26009089764324683
BB-1397 BB-1439,"[1397, 1439]",[116],Cc1nc2ccc(Oc3c(C(=O)O)n(C)c4cc(Cl)ccc34)cn2c1C(=O)O,,random_balanced,BB-1397,BB-1439,5,2,0.6945378113084417
BB-0410 BB-0609,"[410, 609]",[41],CCc1cccc(Oc2c(C(=O)O)cnc(N(C)C)c2F)n1,,random_balanced,BB-0410,BB-0609,3,5,0.2822619787425384
BB-1898 BB-0588,"[1898, 588]",[119],COc1ccc(C(CC(=O)O)N2CCC(O)(c3ccc(C)nc3)C2)cc1Cl,,random_balanced,BB-1898,BB-0588,3,2,0.807001333127912
BB-1830 BB-0250,"[1830, 250]",[99],Cc1ccc(CCC2CCN(C(=O)CS(=O)(=O)c3cc(C(F)(F)F)cnc3N3CCNCC3)CC2)cc1,,random_balanced,BB-1830,BB-0250,4,3,0.2608589257411397
BB-1255 BB-1587,"[1255, 1587]",[78],CC1(C)CC(NC(=O)c2ccc(Sc3ccc(F)cc3)c([N+](=O)[O-])c2)c2cccc(Br)c2O1,,random_balanced,BB-1255,BB-1587,2,2,0.5887719740706587
BB-0947 BB-0256,"[947, 256]",[78],CCCN(Cc1ccccc1O)C(=O)C[C@H]1CCC[C@@H](C)O1,,random_balanced,BB-0947,BB-0256,3,4,0.4392724167534782
BB-0298 BB-0185,"[298, 185]",[78],COc1c(C(F)(F)F)ccnc1C(=O)NCCc1csc(N(C)C)n1,,random_balanced,BB-0298,BB-0185,1,3,0.5716129081650202
BB-0687 BB-0963,"[687, 963]",[110],CC(C)(C)OC(=O)N1CCCC(C(=N)n2c(=O)[nH]c3ncc(Br)nc3c2=O)C1,,random_balanced,BB-0687,BB-0963,0,7,0.5047018670983582
BB-0809 BB-1157,"[809, 1157]",[51],CC[C@H](OC(=O)C(CC(N)=O)NC(=O)c1ccccc1F)C(=O)O,,random_balanced,BB-0809,BB-1157,3,4,0.6130048982628178
BB-1983 BB-1117,"[1983, 1117]",[70],CC(=CC(=O)c1ccc(Br)cc1)c1ccc(OCC(F)(F)F)cc1,,random_balanced,BB-1983,BB-1117,3,5,0.541278725376979
BB-1747 BB-0749,"[1747, 749]",[78],O=C(O)CCCN(C(=O)c1cnc(O)c(Cl)c1)c1ccnc2cc(Cl)ccc12,,random_balanced,BB-1747,BB-0749,5,3,0.4979828941102425
BB-1953 BB-1214,"[1953, 1214]",[146],C[C@@H](Nc1cn(C)c2cc(F)ccc2c1=O)c1coc2c(F)cccc12,,random_balanced,BB-1953,BB-1214,7,2,0.5843252329043143
BB-0639 BB-0940,"[639, 940]",[5],COc1ccccc1C1CN(c2cc3c(cc2F)OCCNC3=O)CCO1,,random_balanced,BB-0639,BB-0940,1,3,0.6282427438437576
BB-1589 BB-1227,"[1589, 1227]",[5],CCCN(c1ccc(C)c(Cl)c1)c1ccncc1F,,random_balanced,BB-1589,BB-1227,4,2,0.2969274694608097
BB-0505 BB-0178,"[505, 178]",[105],CCOC(=O)c1cnc2ncnn2c1NC(=O)C(=O)N(C)Cc1cc(Br)cc([N+](=O)[O-])c1,,random_balanced,BB-0505,BB-0178,7,4,0.2190069714407179
BB-1017 BB-0050,"[1017, 50]",[146],COc1ccc(C2CC(=O)NC(=O)C2)cc1NCc1cc(F)ccc1N1CCOCC1,,random_balanced,BB-1017,BB-0050,7,4,0.6744533429633832
BB-0460 BB-1080,"[460, 1080]",[125],CCc1nn(C)c2ncc(C(=O)OC(C(=O)O)(c3ccc(F)cc3)c3ccn(C)n3)cc12,,random_balanced,BB-0460,BB-1080,4,3,0.6151964605557165
BB-0537 BB-0395,"[537, 395]",[125],CCc1cc(F)ccc1CC(=O)OC(C)(C(=O)O)c1ccc(S(=O)(=O)N(C)C)cc1,,random_balanced,BB-0537,BB-0395,2,3,0.6738257016260195
BB-1527 BB-0842,"[1527, 842]",[4],CC(C)[C@@H]1CN(Cc2ccccc2)C[C@H]1C(=O)Nc1ccc(OCc2nnn[nH]2)cc1,,random_balanced,BB-1527,BB-0842,3,3,0.640756118302481
BB-1277 BB-1491,"[1277, 1491]",[28],Cc1nc2c(CNC(=O)NC3CCc4cc(F)cc(F)c43)c(F)ccc2[nH]1,,random_balanced,BB-1277,BB-1491,4,3,0.6122466618346251
BB-0977 BB-1877,"[977, 1877]",[30],CN(C(=O)C(=O)N1CCC(O)(C(N)=O)C1)C1CCN(c2ccc(C(F)(F)F)nc2)CC1,,random_balanced,BB-0977,BB-1877,1,2,0.7664837701066108
BB-1091 BB-0263,"[1091, 263]",[89],COC(=O)c1ccc2c(c1)nc(SCC1CN(Cc3ccccc3)CCCO1)c1ncncc12,,random_balanced,BB-1091,BB-0263,1,5,0.13071158693881946
BB-1745 BB-0727,"[1745, 727]",[78],Cc1nc2[nH]n(C)c(=O)c2c(C)c1CC(=O)NC(C)(C)C(=O)Nc1ccccc1,,random_balanced,BB-1745,BB-0727,2,4,0.4995063002363893
BB-1112 BB-0151,"[1112, 151]",[50],CCCCCN1C(=O)C(OC(=O)[C@H]2[C@H](C(=O)OC)C23CC3)(C(=O)O)c2ccccc21,,random_balanced,BB-1112,BB-0151,3,2,0.6498461482072847
BB-0595 BB-0041,"[595, 41]",[100],Cc1ccc(S(=O)(=O)CC(=O)Nc2ccccc2C(=O)OC2CC(C)CCC2C(C)C)cc1N1CCNCC1,,random_balanced,BB-0595,BB-0041,2,5,0.018871998146800857
BB-0202 BB-1010,"[202, 1010]",[30],Cc1cc2n(n1)CCCN2C(=O)C(=O)Nc1c(F)cc(F)c(F)c1I,,random_balanced,BB-0202,BB-1010,2,4,0.5312651435747717
BB-0466 BB-0171,"[466, 171]",[112],CSCC1(CNC(=O)C(CN)CC2CCCC2)CC(F)(F)C1,,random_balanced,BB-0466,BB-0171,4,1,0.3669714738480527
BB-0342 BB-0505,"[342, 505]",[71],CCOC(=O)c1cnc2ncnn2c1Nc1ccc(C)c2c1C(=O)C(=O)N2,,random_balanced,BB-0342,BB-0505,3,8,0.5497940848644561
BB-0182 BB-1588,"[182, 1588]",[127],CNC(CC(=O)O[C@@H]1OC=C(C(=O)OC)[C@H]2CC=C(CO)[C@@H]12)C(F)(F)F,,random_balanced,BB-0182,BB-1588,5,2,0.7623912041760293
BB-1823 BB-0144,"[1823, 144]",[78],Cc1ccc(NC(=O)[C@@H]2C[C@H]3C[C@H](CN3C(=O)OC(C)(C)C)O2)cc1-c1ccccc1,,random_balanced,BB-1823,BB-0144,3,3,0.2693353623789761
BB-0130 BB-0840,"[130, 840]",[78],CCOC(=O)N1CCCC(C(=O)N2CCC(C(=O)O)(c3cccc(Cl)c3)CC2)C1,,random_balanced,BB-0130,BB-0840,2,4,0.4473976863020228
BB-0379 BB-0556,"[379, 556]",[103],Cc1cc(Cl)ccc1CCNC(=O)N1CCC(=O)c2cc(C(=O)O)ccc21,,random_balanced,BB-0379,BB-0556,5,4,0.4312732267005064
BB-0270 BB-1615,"[270, 1615]",[5],CSCC1CCCN(c2cc(C(=O)O)ncc2C)CC1,,random_balanced,BB-0270,BB-1615,3,5,0.5470128333062128
BB-0461 BB-1382,"[461, 1382]",[30],COC(=O)CCCCN(C)C(=O)C(=O)N(C)CC(=O)Nc1c(C)cc(C)cc1C,,random_balanced,BB-0461,BB-1382,3,5,0.38711912100286655
BB-0146 BB-1619,"[146, 1619]",[146],Cc1noc2nc(C3CC3)c(NCC3(c4cccc(C(F)(F)F)c4)CCOCC3)c(C(=O)O)c12,,random_balanced,BB-0146,BB-1619,5,4,0.7797143189432083
BB-0371 BB-0094,"[371, 94]",[89],Cc1cc(C)c([N+](=O)[O-])cc1CSCC(C(C)C)C(C)C,,random_balanced,BB-0371,BB-0094,4,7,0.4005825339339703
BB-1086 BB-0371,"[1086, 371]",[23],CC(=O)N1CC(CCC(=O)OCC(C(C)C)C(C)C)c2ccccc21,,random_balanced,BB-1086,BB-0371,2,5,0.542897108996182
BB-0579 BB-1554,"[579, 1554]",[41],COC(=O)CCOc1ccc2c(C)cc(C)nc2c1,,random_balanced,BB-0579,BB-1554,1,3,0.5440686380774751
BB-1231 BB-0358,"[1231, 358]",[138],COc1ccc(C(C)C(=O)O)cc1-c1ccc(C=O)o1,,random_balanced,BB-1231,BB-0358,3,4,0.5111687983549866
BB-1904 BB-1694,"[1904, 1694]",[125],COc1cc2c(C)cc(=O)n(C(C)(C(=O)O)c3nnn(-c4cccc5ncccc45)c3C)c2cc1OC,,random_balanced,BB-1904,BB-1694,1,4,0.6444165797363608
BB-0980 BB-1289,"[980, 1289]",[0],COC(=O)c1c(C=NNC(=O)c2ccccc2OCc2ccc(F)cc2)ccc(OC)c1O,,random_balanced,BB-0980,BB-1289,2,3,0.10134060977120182
BB-0790 BB-0216,"[790, 216]",[138],CC(C)c1c[nH]c(-c2nccc3nc(N)ccc23)n1,,random_balanced,BB-0790,BB-0216,3,5,0.6273708139617376
BB-0350 BB-0813,"[350, 813]",[124],CC(C)(C)OC(=O)N1CCC(Nc2ccccc2Nc2ncnc3c2ncn3-c2nnc3[nH]cnn23)C1,,random_balanced,BB-0350,BB-0813,3,4,0.03017706222881216
BB-0887 BB-1573,"[887, 1573]",[28],Cn1nccc1C(O)C1CCN(C(=O)Nc2ncn(-c3ccncc3)n2)CC1,,random_balanced,BB-0887,BB-1573,2,3,0.27594696512356826
BB-1043 BB-0125,"[1043, 125]",[105],CC(Cc1c(F)cccc1F)NC(=O)C(=O)N1CCN(CC(=O)c2cccs2)CC1,,random_balanced,BB-1043,BB-0125,5,5,0.430968117032305
BB-0060 BB-1997,"[60, 1997]",[119],COc1cccc(N2C(=O)C(C(c3ccc(C(C)C)cc3)N3CCC(n4cnc5cccnc54)CC3)NC2=S)c1,,random_balanced,BB-0060,BB-1997,2,5,0.34171458023002604
BB-0617 BB-1974,"[617, 1974]",[103],O=C(O)C[C@H]1C[C@@H](NC(=O)NCc2ccc(-c3cccc(F)c3)o2)C1,,random_balanced,BB-0617,BB-1974,3,4,0.4303842240789502
BB-1772 BB-1291,"[1772, 1291]",[99],CC(C)(C)C1CCC(S(=O)(=O)c2cccc(F)c2C(=O)NN)CC1,,random_balanced,BB-1772,BB-1291,5,4,0.5372985203968392
BB-1575 BB-1114,"[1575, 1114]",[36],O=NN(Cc1ccccc1)Cc1noc(C(CC(F)(F)F)c2cccc(Cl)c2)n1,,random_balanced,BB-1575,BB-1114,1,3,0.44829862446265784
BB-1046 BB-0063,"[1046, 63]",[50],Cc1ccc(CC(OC(=O)c2ccc(N)c(CCCC(=O)O)c2)(C(=O)O)C2CC2)cc1,,random_balanced,BB-1046,BB-0063,1,4,0.43514281510149916
BB-0207 BB-0095,"[207, 95]",[146],CNc1cc(NC(C)C(=O)N2CCc3ccccc32)ccc1N,,random_balanced,BB-0207,BB-0095,2,3,0.6156498474883442
BB-1536 BB-1527,"[1536, 1527]",[103],CC(C)CC1(C)CCCN1C(=O)Nc1ccc(OCc2nnn[nH]2)cc1,,random_balanced,BB-1536,BB-1527,4,4,0.5669517872550719
BB-0338 BB-1859,"[338, 1859]",[119],COc1cc(F)cc(C(CC(=O)O)Nc2cn(C)nc2C#N)c1,,random_balanced,BB-0338,BB-1859,2,4,0.5238061530464626
BB-1673 BB-0301,"[1673, 301]",[146],Cc1nc(N)c2cccc(NC(C)[C@@H]3C[C@H]3c3ccccc3)c2n1,,random_balanced,BB-1673,BB-0301,4,4,0.6846600743151948
BB-1148 BB-1450,"[1148, 1450]",[33],CCCC(NCc1cnc(-c2cnn(C)c2)nc1)C(=O)N(CC)C1CCCC1,,random_balanced,BB-1148,BB-1450,3,1,0.3799244366071435
BB-1964 BB-0963,"[1964, 963]",[79],COC(=O)c1nc(Br)cnc1Nc1coc2ccc(C(=O)O)cc12,,random_balanced,BB-1964,BB-0963,2,8,0.26219247399359824
BB-1211 BB-1387,"[1211, 1387]",[105],COC(=O)[C@@H]1CN(C(=O)C(=O)Nc2cc(Cl)c(C)cc2OC)C[C@H]1c1cc(F)cc(F)c1,,random_balanced,BB-1211,BB-1387,3,3,0.17114894201867575
BB-0024 BB-1831,"[24, 1831]",[30],Cc1ccc(C2CCCCN2)cc1NC(=O)C(=O)NCc1nc(-c2ccc(F)cc2)c[nH]1,,random_balanced,BB-0024,BB-1831,3,2,0.06834545421081799
BB-1805 BB-1492,"[1805, 1492]",[50],CC(C)N(CC(OC1(C(=O)O)CCc2ccc(Cl)cc21)c1ccc(NS(C)(=O)=O)cc1)N=O,,random_balanced,BB-1805,BB-1492,4,3,0.7810370535637172
BB-0795 BB-0155,"[795, 155]",[49],O=C(O)CC(c1ccc(F)cc1)n1cnc2c(NCC34CC5CC(C3)CC(C(F)(F)F)(C5)C4)ncnc21,,random_balanced,BB-0795,BB-0155,3,2,0.2804000475850997
BB-1270 BB-1693,"[1270, 1693]",[15],CC(C)(C)n1nc(Sc2cc(Cl)c(F)cc2NN)c2c(O)ncnc21,,random_balanced,BB-1270,BB-1693,3,5,0.5915586106283705
BB-1024 BB-0059,"[1024, 59]",[108],Cc1n[nH]c(C)c1NC(=O)C(C)CNC1C(=O)N(CC(C)C)c2ccccc21,,random_balanced,BB-1024,BB-0059,1,3,0.6631652906423336
BB-0303 BB-1502,"[303, 1502]",[41],O=C(O)Cc1cc(F)c(F)cc1Oc1ccc2ncnn2c1,,random_balanced,BB-0303,BB-1502,3,4,0.33941611788852466
BB-1093 BB-1646,"[1093, 1646]",[108],CCOC(=O)c1cc(CN2CCC(C)(CCO)C2)oc1C(C)C,,random_balanced,BB-1093,BB-1646,6,3,0.40637298801982147
BB-0803 BB-1447,"[803, 1447]",[71],COC(=O)C1(Nc2ccc(OCc3ccc(C(N)=O)cc3F)cc2)CC(c2ccccc2Cl)C1,,random_balanced,BB-0803,BB-1447,4,4,0.42389400290321183
BB-0272 BB-0983,"[272, 983]",[127],NC(C(=O)OCCCn1nc(C(F)F)cc1C(F)F)c1ccc2ccccc2c1,,random_balanced,BB-0272,BB-0983,3,1,0.3784544922204267
BB-1924 BB-0895,"[1924, 895]",[89],COc1ccc(I)nc1Sc1ccc2nc(C=Cc3cccs3)cc(C(=O)O)c2c1,,random_balanced,BB-1924,BB-0895,3,3,0.42926514014298883
BB-1092 BB-1944,"[1092, 1944]",[41],CCC1(COc2ccc(N)cc2)COC1,,random_balanced,BB-1092,BB-1944,5,4,0.34109890431341533
BB-1036 BB-0766,"[1036, 766]",[33],CCC(=O)CC(Nc1ccc(NS(=O)(=O)c2ccc(C)cc2)cc1)c1ccc(C(F)(F)F)cc1,,random_balanced,BB-1036,BB-0766,5,4,0.5088071531112373
BB-0420 BB-1648,"[420, 1648]",[137],N#CC1(C(=O)C2C(=O)c3ccccc3OC2C(=O)O)CC(OCc2ccccc2)C1,,random_balanced,BB-0420,BB-1648,5,4,0.383928057460213
BB-1701 BB-1481,"[1701, 1481]",[125],Cc1c(C(C)(C(=O)O)N(C(=O)OC(C)(C)C)C2CC(=O)C23CC(C(F)F)C3)oc2ccccc12,,random_balanced,BB-1701,BB-1481,2,4,0.5365530994871872
BB-1740 BB-0022,"[1740, 22]",[41],COC(=O)CCNc1ncc(C)cc1OC1CCN(CC(O)CO)C1,,random_balanced,BB-1740,BB-0022,3,4,0.6652268362876077
BB-1680 BB-1227,"[1680, 1227]",[65],[N-]=[N+]=N[C@H]1C[C@@](C(=O)c2ccncc2F)(c2ccccc2)C1,,random_balanced,BB-1680,BB-1227,2,3,0.28247680215042315
BB-0251 BB-0674,"[251, 674]",[89],CN1CC(=O)Nc2ccc(Sc3cc(/C=C/C(=O)O)cc4c3OCO4)cc21,,random_balanced,BB-0251,BB-0674,4,4,0.6158672662722458
BB-0697 BB-1097,"[697, 1097]",[125],C=CCN1C(=O)C(C(=O)O)(N(C(=O)C(C)O)C2CC2)c2cc(C)ccc21,,random_balanced,BB-0697,BB-1097,3,4,0.5502259306100149
BB-1512 BB-0914,"[1512, 914]",[116],Cc1nc(C(=O)NCC(=O)O)c(Oc2cc(Cl)ccc2N=C=S)c2ccc(Oc3ccccc3)cc12,,random_balanced,BB-1512,BB-0914,2,1,0.2439245195868151
BB-0017 BB-0359,"[17, 359]",[89],Cc1noc(CO)c1Sc1cn[nH]c1Cc1ccccc1,,random_balanced,BB-0017,BB-0359,4,3,0.09789853779477994
BB-0298 BB-0977,"[298, 977]",[78],COc1c(C(F)(F)F)ccnc1C(=O)N1CCC(O)(C(N)=O)C1,,random_balanced,BB-0298,BB-0977,2,2,0.5035809597191692
BB-1744 BB-0126,"[1744, 126]",[79],CC1(C)CN(c2ccc(CC(=O)O)c([N+](=O)[O-])c2)c2cnccc21,,random_balanced,BB-1744,BB-0126,4,4,0.7307870004940088
BB-1997 BB-1731,"[1997, 1731]",[5],COC(=O)c1cc(N2CCC(n3cnc4cccnc43)CC2)c(OC)cc1C,,random_balanced,BB-1997,BB-1731,6,3,0.7300161115245737
BB-1938 BB-1950,"[1938, 1950]",[78],Cn1ncc(C(=O)Nc2ncc3c(c2C#N)CCOC3)c1-c1ccc(F)cc1F,,random_balanced,BB-1938,BB-1950,2,3,0.7117684666375987
BB-0280 BB-0852,"[280, 852]",[81],COc1ccccc1C(O)C1CCN(S(=O)(=O)CC(OC)C2CC2)CC1,,random_balanced,BB-0280,BB-0852,2,5,0.4817632315865231
BB-1685 BB-1788,"[1685, 1788]",[146],CCN(CCCC[Si](C)(C)C)c1ccc(C(C)(C)O)cc1OC,,random_balanced,BB-1685,BB-1788,3,4,0.17929552490338935
BB-0330 BB-0362,"[330, 362]",[125],CC(CN(C)C)C(=O)OC(C)(C(=O)O)c1ncccc1C(=O)O,,random_balanced,BB-0330,BB-0362,4,3,0.5732431263085488
BB-1218 BB-0946,"[1218, 946]",[41],CC(=O)NCCSc1ccc(Oc2ccc3nc(O)cnc3c2)cc1,,random_balanced,BB-1218,BB-0946,2,2,0.3406065709875994
BB-0355 BB-0336,"[355, 336]",[146],CN(c1ccc(-n2cnnn2)cc1N)C1CCCC1c1ccc(C(F)(F)F)cc1,,random_balanced,BB-0355,BB-0336,2,6,0.7630759414546907
BB-0654 BB-1569,"[654, 1569]",[15],CCOC(=O)c1cnc2c(cnn2CC)c1Sc1cnc(C(C)(C)O)cn1,,random_balanced,BB-0654,BB-1569,3,4,0.5527384879077651
BB-0942 BB-1049,"[942, 1049]",[5],CC1(C)OB(c2ccc(NCCC3=CCCCC3)c(C=O)c2)OC1(C)C,,random_balanced,BB-0942,BB-1049,3,7,0.4150512364132327
BB-0211 BB-1665,"[211, 1665]",[30],O=C(NC1CCC(C(F)(F)F)CC1)C(=O)NC(COc1ccccc1)c1ccc(Cl)c(F)c1,,random_balanced,BB-0211,BB-1665,2,5,0.11115561258741277
BB-1050 BB-1612,"[1050, 1612]",[98],Cc1cc(C=O)cc(C)c1OCC(=O)OCc1c(F)ccc(F)c1F,,random_balanced,BB-1050,BB-1612,3,2,0.6838370649874548
BB-1703 BB-0811,"[1703, 811]",[105],COc1cc(C2(CNC(=O)C(=O)N3CCCCC3c3ncc(C(F)(F)F)cn3)CCC2)ccn1,,random_balanced,BB-1703,BB-0811,2,4,0.451532640886312
BB-0005 BB-1725,"[5, 1725]",[41],COc1nc(COc2cccc(S(=N)(=O)Cc3cccnc3)c2)sc1C,,random_balanced,BB-0005,BB-1725,3,4,0.4924771908589145
BB-0672 BB-0572,"[672, 572]",[105],COc1ccc(C(F)(F)F)cc1NC(=O)C(=O)NCc1ncc(I)s1,,random_balanced,BB-0672,BB-0572,3,4,0.15909768285185427
BB-0903 BB-0605,"[903, 605]",[15],COc1nc(Sc2cc(F)ncc2I)c(F)cc1N,,random_balanced,BB-0903,BB-0605,6,2,0.1282609692034065
BB-0179 BB-0565,"[179, 565]",[107],O=S(c1ccc(Cl)cc1OCC1CO1)c1nncn1-c1cccc(Cl)c1,,random_balanced,BB-0179,BB-0565,2,2,0.5299799585711853
BB-1873 BB-0196,"[1873, 196]",[23],CC(C)(C)OC(=O)N1CC2CCC(C(=O)OC#CC3CCOCC3)CC2C1,,random_balanced,BB-1873,BB-0196,3,3,0.2688650665411807
BB-1421 BB-1389,"[1421, 1389]",[41],CCCc1cc(Cl)nc(OCC2CCCc3c2cnn3C)n1,,random_balanced,BB-1421,BB-1389,1,3,0.6472090270403804
BB-1768 BB-0463,"[1768, 463]",[50],CCOC(=O)C(C(=O)O)(c1c(Br)nc(C)n1C)n1cnc2c1C1(CCC1)NCC2O,,random_balanced,BB-1768,BB-0463,2,7,0.6461311223178811
BB-1420 BB-0630,"[1420, 630]",[108],COC(=O)C[C@H](NCc1cccc(OCC2CCCCC2)c1)c1ccnc(O)c1,,random_balanced,BB-1420,BB-0630,5,3,0.40136813549883743
BB-1754 BB-0156,"[1754, 156]",[28],CC(C)CC(NC(=O)NCCc1ccc(OCC(=O)O)cc1)C1CC1c1ccccc1,,random_balanced,BB-1754,BB-0156,6,5,0.5488801006718943
BB-1620 BB-1777,"[1620, 1777]",[89],c1ccc(-c2cnc(SCCC3CCCCCC3)o2)cc1,,random_balanced,BB-1620,BB-1777,3,5,0.15866019150054905
BB-0702 BB-0439,"[702, 439]",[127],CC(C)(C)OC(=O)N[C@@H](CN)C(=O)OCC1(c2ccccc2)CNC(=O)C1,,random_balanced,BB-0702,BB-0439,2,1,0.5268218201263695
BB-0739 BB-0204,"[739, 204]",[30],CCc1noc(CC2CCOC3(CCN(C(=O)C(=O)N(c4ccccc4)S(=O)(=O)c4cc(C(N)=O)n(C)c4)CC3)C2)n1,,random_balanced,BB-0739,BB-0204,2,4,0.03286722340445337
BB-1134 BB-1310,"[1134, 1310]",[66],CCCCCCCCCC(C)CC(O)CC(=O)c1cc(C)[nH]c1C,,random_balanced,BB-1134,BB-1310,3,5,0.14188910060798524
BB-0171 BB-1149,"[171, 1149]",[103],COC(=O)C(CNC(=O)NC(c1nc(C)no1)C1CCOCC1)CC1CCCC1,,random_balanced,BB-0171,BB-1149,2,4,0.52426379558969
BB-0906 BB-0157,"[906, 157]",[105],CP(C)(=O)c1ncccc1CNC(=O)C(=O)Nc1cc(-c2ccc(-c3ccccc3)cc2)[nH]n1,,random_balanced,BB-0906,BB-0157,3,2,0.06285411806757919
BB-0376 BB-1114,"[376, 1114]",[66],Nc1ccc2c(c1)CCCC2(O)c1cccc(C(CC(F)(F)F)C(=O)O)c1,,random_balanced,BB-0376,BB-1114,5,4,0.7227547837325766
BB-1886 BB-0627,"[1886, 627]",[125],C=Cn1c(CCN(C(=O)OC(C)(C)C)C(/C=C(/[O-])C(F)(F)F)(C(=O)O)c2cccnc2)nc2ccccc21,,random_balanced,BB-1886,BB-0627,2,4,0.4335453331940516
BB-1255 BB-0246,"[1255, 246]",[78],CCC1CCC(NC(=O)c2ccc(Sc3ccc(F)cc3)c([N+](=O)[O-])c2)(C2=NCCN2)CC1,,random_balanced,BB-1255,BB-0246,3,3,0.4395716510889356
BB-1436 BB-1372,"[1436, 1372]",[125],CCOC(=O)C1Cc2c(C)cccc2C(C(=O)O)(N2C(=O)NC(=O)C23CC(CF)C3)C1,,random_balanced,BB-1436,BB-1372,2,4,0.5533730334666467
BB-0624 BB-0442,"[624, 442]",[25],COc1ccc(S(=O)(=O)c2cc(C3CC3)c(I)cc2OC)cc1N1CC(C(=O)O)CC1=O,,random_balanced,BB-0624,BB-0442,5,5,0.5945831120763097
BB-0110 BB-1705,"[110, 1705]",[108],CC(C)(C)OC(=O)N1CCCC(CCCC2CN(C(c3cccc(Br)c3)C(F)F)C2)C1,,random_balanced,BB-0110,BB-1705,4,4,0.3625424281713221
BB-1179 BB-0256,"[1179, 256]",[28],CCCN(Cc1ccccc1O)C(=O)Nc1cc(F)c2c(c1)CCC(=O)N2,,random_balanced,BB-1179,BB-0256,3,5,0.4717972697650926
BB-0512 BB-0472,"[512, 472]",[63],Cc1cc(-c2ccccc2OC(F)F)c(F)cc1[N+](=O)[O-],,random_balanced,BB-0512,BB-0472,6,2,0.3625453180393184
BB-0447 BB-1078,"[447, 1078]",[105],N#Cc1cnn2c1CN(C(=O)C(=O)N(CC(F)(F)F)C1CCCOC1)CC2,,random_balanced,BB-0447,BB-1078,4,3,0.5327003163642243
BB-1492 BB-0063,"[1492, 63]",[30],CC(C)N(CC(O)c1ccc(N(C(=O)C(=O)Nc2ccc(C(=O)O)cc2CCCC(=O)O)S(C)(=O)=O)cc1)N=O,,random_balanced,BB-1492,BB-0063,4,5,0.08741908936284198
BB-0176 BB-1942,"[176, 1942]",[105],CCC(NC(=O)C(=O)Nc1cc(C)c(F)c(C)c1)c1nc(C)n[nH]1,,random_balanced,BB-0176,BB-1942,3,4,0.3585863297640311
BB-1140 BB-0888,"[1140, 888]",[66],CCn1cc(N2CCC(O)(c3ccc4c(c3)c(C=O)c(C(=O)O)n4CC)CC2=O)cn1,,random_balanced,BB-1140,BB-0888,2,2,0.5262599418358545
BB-1673 BB-0008,"[1673, 8]",[146],CC(Nc1cccc2c(=O)[nH]sc12)[C@@H]1C[C@H]1c1ccccc1,,random_balanced,BB-1673,BB-0008,5,5,0.6064929890801646
BB-0171 BB-0630,"[171, 630]",[54],COC(=O)C(CC1CCCC1)CN1C(=O)C[C@@H](c2ccnc(O)c2)NC1=O,,random_balanced,BB-0171,BB-0630,3,4,0.6694933976601175
BB-0867 BB-0997,"[867, 997]",[5],Cc1ccc(CN2CCSC(C)C2C)nc1,,random_balanced,BB-0867,BB-0997,1,2,0.28250820581729563
BB-1427 BB-0630,"[1427, 630]",[37],COC(=O)C[C@H](NC(=O)C(C)(F)C1CCCC1)c1ccnc(O)c1,,random_balanced,BB-1427,BB-0630,1,5,0.6065659933598577
BB-1518 BB-1965,"[1518, 1965]",[30],CC(C)N1CCC(N(C)C(=O)C(=O)N2CCN(c3cc(F)ncn3)CC2)CC1,,random_balanced,BB-1518,BB-1965,4,3,0.1743851792657065
BB-1450 BB-1640,"[1450, 1640]",[108],Cn1cc(-c2ncc(CN3CCOc4c(Cl)cc(Br)cc4C3)cn2)cn1,,random_balanced,BB-1450,BB-1640,2,5,0.5773167405084295
BB-1024 BB-1671,"[1024, 1671]",[50],CC(C)CN1C(=O)C(Oc2ccc(C=O)cc2CN2CCN(C)CC2)(C(=O)O)c2ccccc21,,random_balanced,BB-1024,BB-1671,2,3,0.6259102346681829
BB-1194 BB-1237,"[1194, 1237]",[81],O=[N+]([O-])c1cccc(S(=O)(=O)NS(=O)(=O)c2ccc(OC(F)F)cc2F)c1O,,random_balanced,BB-1194,BB-1237,1,3,0.37158645978385346
BB-0338 BB-1252,"[338, 1252]",[78],COC(=O)c1ccc(C2(N(C)C(=O)/C=C/c3cc(F)cc(OC)c3)CC2)o1,,random_balanced,BB-0338,BB-1252,3,2,0.546486414950976
BB-1055 BB-1738,"[1055, 1738]",[108],COCC(C)(C)CC(NCCCC1CCN(C(=O)OC(C)(C)C)CC1)c1ccc2c(c1)OCC2(C)C,,random_balanced,BB-1055,BB-1738,4,4,0.08220954193335483
BB-0980 BB-1768,"[980, 1768]",[125],CCOC(=O)C(C(=O)O)(c1c(Br)nc(C)n1C)N(N)C(=O)c1ccccc1OCc1ccc(F)cc1,,random_balanced,BB-0980,BB-1768,3,3,0.5850053337691004
BB-0279 BB-1454,"[279, 1454]",[126],CC(=O)N[C@H](C(=O)OC(C(C)C)C(F)F)C1CCCCC1,,random_balanced,BB-0279,BB-1454,3,3,0.4049820992532761
BB-0477 BB-1822,"[477, 1822]",[108],Cc1nn(-c2ccccc2)c(O)c1CNCc1oc2ccc(Cl)cc2c1C,,random_balanced,BB-0477,BB-1822,3,7,0.3657143727978527
BB-0000 BB-0413,"[0, 413]",[79],COc1ccc(Nc2ccc3c(c2)CNS(=O)(=O)N3)cc1-n1nnnc1C,,random_balanced,BB-0000,BB-0413,2,2,0.5176926862690475
BB-1805 BB-1676,"[1805, 1676]",[50],O=C(OC1(C(=O)O)CCc2ccc(Cl)cc21)c1ncoc1C1CCN(C(=O)OCC2c3ccccc3-c3ccccc32)CC1,,random_balanced,BB-1805,BB-1676,5,2,0.02988088972097459
BB-1795 BB-0131,"[1795, 131]",[127],O=C(OCc1ccsc1Br)[C@@H]1C[C@H](Oc2ccccc2)CN1,,random_balanced,BB-1795,BB-0131,3,3,0.44591731392717043
BB-1614 BB-1841,"[1614, 1841]",[15],Cc1cc(Sc2ccc3c(c2)C2(CCC2)CN3)cc([N+](=O)[O-])c1C#N,,random_balanced,BB-1614,BB-1841,1,4,0.5586029255948622
BB-0997 BB-0517,"[997, 517]",[79],Cc1ccc(CN2CCCC(O)(c3cn(C(C)C)nn3)C2)nc1,,random_balanced,BB-0997,BB-0517,3,3,0.6934264771913883
BB-1847 BB-0517,"[1847, 517]",[81],COC(=O)CCCS(=O)(=O)N1CCCC(O)(c2cn(C(C)C)nn2)C1,,random_balanced,BB-1847,BB-0517,2,4,0.5980957028771067
BB-0393 BB-1956,"[393, 1956]",[111],Cc1cc(N)ncc1-c1noc(C2CCNc3c2cccc3C(F)(F)F)n1,,random_balanced,BB-0393,BB-1956,2,3,0.721805361570124
BB-1292 BB-0011,"[1292, 11]",[125],O=C(O)C(Cc1cccc2ccccc12)CN(C(=O)OCC1c2ccccc2-c2ccccc21)C(CC1COCCN1)(C(=O)O)c1ccccc1,,random_balanced,BB-1292,BB-0011,2,7,0.14577247612472044
BB-1521 BB-1763,"[1521, 1763]",[4],O=C(c1ccn(CCO)c(=O)c1)N1CCOC[C@@H]1c1ccccc1,,random_balanced,BB-1521,BB-1763,3,4,0.6109090165621056
BB-1759 BB-0202,"[1759, 202]",[105],COC(=O)c1cc(F)c(NC(=O)C(=O)N2CCCn3nc(C)cc32)cc1F,,random_balanced,BB-1759,BB-0202,3,3,0.45628855079554687
BB-0705 BB-0364,"[705, 364]",[50],CC(C)c1ccc2c(c1)N(C(C(=O)O)(C(=NN)c1ccccc1)c1ccccc1)CCO2,,random_balanced,BB-0705,BB-0364,3,2,0.22605641611382563
BB-0396 BB-1819,"[396, 1819]",[79],CCOC(=O)c1nc(C2CC2)n(Cc2ccccc2)c1Nc1cccc2c(O)cc(C(=O)O)nc12,,random_balanced,BB-0396,BB-1819,2,4,0.6581900512678249
BB-1803 BB-0682,"[1803, 682]",[103],CCc1cccc2c1CCCN2C(=O)Nc1c(C#N)c(SC)nn1C,,random_balanced,BB-1803,BB-0682,1,5,0.4965565832479049
BB-0207 BB-1234,"[207, 1234]",[28],CC(NC(=O)N(Cc1ccccc1)Cc1cncnc1)C(=O)N1CCc2ccccc21,,random_balanced,BB-0207,BB-1234,3,4,0.5352651023350297
BB-0811 BB-0440,"[811, 440]",[112],CC(OCCBr)C(=O)N1CCCCC1c1ncc(C(F)(F)F)cn1,,random_balanced,BB-0811,BB-0440,5,2,0.5414325995383004
BB-1737 BB-0155,"[1737, 155]",[79],O=C(O)CC(Nc1ccc(-c2csc(SCc3ccc(C(=O)O)o3)n2)cc1)c1ccc(F)cc1,,random_balanced,BB-1737,BB-0155,2,3,0.20905051885937595
BB-0609 BB-0256,"[609, 256]",[71],CCCN(Cc1ccccc1O)c1c(C(=O)O)cnc(N(C)C)c1F,,random_balanced,BB-0609,BB-0256,6,6,0.4335940938648182
BB-1145 BB-1719,"[1145, 1719]",[108],CN1CC2CCC1C(CNC1CCCC(C3CN(C(=O)OC(C)(C)C)C3)C1)C2,,random_balanced,BB-1145,BB-1719,3,2,0.2915406466529337
BB-1947 BB-0369,"[1947, 369]",[112],O=C1NS(=O)(=O)c2cc(NC(=O)c3cnc4n3CCCN4)ccc21,,random_balanced,BB-1947,BB-0369,3,3,0.32569567198812277
BB-0023 BB-1736,"[23, 1736]",[103],CC(C)(C)OC(=O)NCc1cn(C2CCCN(C(=O)NC(CO)C3CCC(F)(F)CC3)C2)nn1,,random_balanced,BB-0023,BB-1736,2,3,0.09678854856836351
BB-1128 BB-1844,"[1128, 1844]",[4],COc1ccc(Cl)c(-c2cc(C(=O)N3CCC(c4ccc(O)c(Cl)c4)C3)on2)c1,,random_balanced,BB-1128,BB-1844,5,4,0.2464985350386432
BB-0930 BB-0546,"[930, 546]",[125],COCc1cc(C(C)(C(=O)O)N2CCC(N(C)CC(F)F)CC2)ccc1OC,,random_balanced,BB-0930,BB-0546,3,2,0.7072496619182342
BB-0716 BB-0723,"[716, 723]",[33],CC1CCC2(CN1C1CCN(C(=O)OCc3ccccc3)CC1CC#N)OC(=O)Nc1ccc(Cl)c(F)c12,,random_balanced,BB-0716,BB-0723,4,4,0.566464478705564
BB-1223 BB-0081,"[1223, 81]",[103],Cc1cc(NC(=O)Nc2c3c(nc4ccccc24)CCOC3)n(-c2ccc(Cl)cc2)n1,,random_balanced,BB-1223,BB-0081,2,4,0.45489364669638443
BB-0451 BB-1587,"[451, 1587]",[108],CC(C)(C)OC(=O)NC1CC(NC2CC(C)(C)Oc3c(Br)cccc32)C12CCC(F)CC2,,random_balanced,BB-0451,BB-1587,3,3,0.6413894688199797
BB-1485 BB-0766,"[1485, 766]",[125],CCC(=O)CC(C(=O)O)(c1ccc(C(F)(F)F)cc1)N(N)C(=O)CCCOc1ccc(C(C)(C)CC)cc1C(C)(C)CC,,random_balanced,BB-1485,BB-0766,2,5,0.07432891161059661
BB-0645 BB-1102,"[645, 1102]",[50],Cn1cnnc1CNS(=O)(=O)c1cccc(C(=O)OC(C(=O)O)(/C(=N/N=C/c2ccc3c(c2)OCO3)c2ccccc2)c2ccccc2)c1,,random_balanced,BB-0645,BB-1102,4,3,0.08331226317184443
BB-1483 BB-1172,"[1483, 1172]",[22],CN1CCCC(C(=NO)N2C(=O)N[C@H]3C=C[C@H](C3)C2=O)C1,,random_balanced,BB-1483,BB-1172,2,2,0.32184625112509957
BB-1223 BB-1958,"[1223, 1958]",[28],CCCN(C(=O)Nc1c2c(nc3ccccc13)CCOC2)c1ccncc1N,,random_balanced,BB-1223,BB-1958,3,4,0.5986054833827292
BB-0497 BB-1630,"[497, 1630]",[48],Cc1ncc(Cn2cc(CNc3ccc(N=[N+]=[N-])cc3C)nn2)s1,,random_balanced,BB-0497,BB-1630,2,2,0.5310230109373184
BB-1271 BB-1863,"[1271, 1863]",[39],CC(N)(c1ccc(C(F)(F)F)cc1)c1nnc(-c2ccn(COc3ccc(Br)cc3)n2)o1,,random_balanced,BB-1271,BB-1863,4,3,0.21835991429532997
BB-1315 BB-0575,"[1315, 575]",[30],CC1CN(C(=O)c2n[nH]cc2NC(=O)C(=O)N2Cc3nn(C)c(C(=O)O)c3C2)CCCO1,,random_balanced,BB-1315,BB-0575,5,5,0.1640940856747599
BB-1874 BB-0064,"[1874, 64]",[98],COc1ccc(F)cc1CCC(=O)OCc1csc(-c2ccc(OC)c(OC)c2)n1,,random_balanced,BB-1874,BB-0064,5,1,0.37758100559737595
BB-0660 BB-0924,"[660, 924]",[81],Cc1c(S(=O)(=O)N2CCC(c3cccc(C(F)(F)F)n3)CC2)sc2ccc(Br)cc12,,random_balanced,BB-0660,BB-0924,2,4,0.5849069268673585
BB-1570 BB-0977,"[1570, 977]",[116],NC(=O)C1(Oc2cccc(C3CC(=O)C3)c2)CCNC1,,random_balanced,BB-1570,BB-0977,4,3,0.4524013901396801
BB-1684 BB-1495,"[1684, 1495]",[125],COCc1nccc(C2CCCN(C(CCCCC(=O)OC)(C(=O)O)C(F)(F)F)C2)n1,,random_balanced,BB-1684,BB-1495,4,4,0.6276350106123989
BB-0758 BB-1044,"[758, 1044]",[112],NCc1[nH]ncc1C(=O)N1CCC2(CC1)OC(=O)c1ncccc12,,random_balanced,BB-0758,BB-1044,3,3,0.4030789534617222
BB-1892 BB-0786,"[1892, 786]",[75],CCc1ccc(C=C2C(=O)N(C(C)(C)C)[C@H](c3cnn(C)c3)[C@H]2C(N)=O)[nH]1,,random_balanced,BB-1892,BB-0786,3,1,0.6572937186070037
BB-1333 BB-0255,"[1333, 255]",[105],Cc1nc(NC(=O)C(=O)Nc2cc(C(N)=O)ccc2NC2CC2)sc1Cc1ccc(F)c(F)c1F,,random_balanced,BB-1333,BB-0255,2,3,0.04491202434601466
BB-1337 BB-0621,"[1337, 621]",[63],N#Cc1cc(F)cc(-c2c(N)ccnc2F)c1CC(=O)O,,random_balanced,BB-1337,BB-0621,4,2,0.09094285195677171
BB-1427 BB-0140,"[1427, 140]",[37],CC(F)(C(=O)NC[C@@]12CCCC[C@]1(C(=O)O)C2)C1CCCC1,,random_balanced,BB-1427,BB-0140,2,3,0.48954339738400066
BB-1037 BB-1486,"[1037, 1486]",[66],Cc1ccc2c(CC(=O)O)c(C(C)(O)c3ccc(C4N=N4)cc3)oc2c1,,random_balanced,BB-1037,BB-1486,3,2,0.7430423419895594
BB-1715 BB-1389,"[1715, 1389]",[5],CCCc1cc(Cl)nc(N2CC(C)c3cc(C(=O)OC)ccc32)n1,,random_balanced,BB-1715,BB-1389,3,4,0.5460134945157243
BB-0780 BB-0530,"[780, 530]",[30],Cc1cn2c(n1)CCC(CN(C)C(=O)C(=O)NS(=O)(=O)c1cc(F)cc(F)c1)C2,,random_balanced,BB-0780,BB-0530,3,2,0.4408534512595297
BB-1383 BB-1461,"[1383, 1461]",[5],CC1(C#N)Cc2cccc(Nc3ccc(C(=O)O)cc3S(N)(=O)=O)c21,,random_balanced,BB-1383,BB-1461,3,4,0.24582335235898806
BB-0646 BB-0031,"[646, 31]",[140],Cc1cc(Cl)cc(C(=O)Cc2ccc(O)cc2)c1C(N)=O,,random_balanced,BB-0646,BB-0031,3,2,0.2096383248102109
BB-0253 BB-0860,"[253, 860]",[124],COCCn1c(Cn2cnc3c(Nc4c(CC(C)C)nn(C)c4C(N)=O)ncnc32)nc2cc3c(cc21)OCO3,,random_balanced,BB-0253,BB-0860,6,2,0.21361490540458075
BB-0479 BB-0282,"[479, 282]",[78],CCCc1ccc(C(=O)NCC(C)n2cc(C)cn2)cc1N,,random_balanced,BB-0479,BB-0282,2,3,0.5166273985929327
BB-0077 BB-1195,"[77, 1195]",[65],O=C(c1ccc(OCC(F)(F)F)cc1)c1ccc(-n2ncc3c(S)ncnc32)cc1,,random_balanced,BB-0077,BB-1195,1,3,0.3555911776708503
BB-0463 BB-0815,"[463, 815]",[30],COCc1nc(C2CCCCCN2C(=O)C(=O)N2CC(O)c3nc[nH]c3C23CCC3)no1,,random_balanced,BB-0463,BB-0815,8,2,0.7106131219697341
BB-1743 BB-0470,"[1743, 470]",[103],Cc1ccc(C(C)N(O)C(=O)N[C@@H]2CCN(c3nc(C)c(C#N)cc3Cl)C2)cc1,,random_balanced,BB-1743,BB-0470,3,4,0.43725564516417637
BB-1712 BB-1495,"[1712, 1495]",[125],COC(=O)CCCCC(C(=O)O)(n1c(Cc2ccccc2C)nc2ccccc21)C(F)(F)F,,random_balanced,BB-1712,BB-1495,2,5,0.7182334792790919
BB-0252 BB-1332,"[252, 1332]",[42],CCOC(=O)c1cc(C(=O)NCc2cc(Br)cc(OC(F)(F)F)c2)n(C)n1,,random_balanced,BB-0252,BB-1332,3,7,0.550114372022796
BB-1835 BB-0622,"[1835, 622]",[105],CC1(C)Oc2cc(Br)c(CNC(=O)C(=O)N(Cc3ccco3)S(=O)(=O)c3ccccc3)cc2O1,,random_balanced,BB-1835,BB-0622,2,2,0.17876938906689432
BB-1415 BB-1620,"[1415, 1620]",[70],CCOC(C=CCC1CCCCCC1)C1CCCC1,,random_balanced,BB-1415,BB-1620,2,4,0.1276610411459579
BB-1695 BB-1815,"[1695, 1815]",[30],COc1c(Cl)cc(NC(=O)C(=O)N2CCc3c(Br)cc(C)cc3C2)cc1Cl,,random_balanced,BB-1695,BB-1815,5,5,0.18423666207839334
BB-0877 BB-0502,"[877, 502]",[23],Cc1cc(NC(=O)C(C)OC(=O)[C@@H](CCC(F)F)NC(=O)OC(C)(C)C)on1,,random_balanced,BB-0877,BB-0502,4,2,0.10057089108090735
BB-0946 BB-1438,"[946, 1438]",[17],NC(=O)c1ccc(C(CC(=O)O)Oc2cnc3cc(Cl)ccc3n2)o1,,random_balanced,BB-0946,BB-1438,3,3,0.5558468869671376
BB-1879 BB-0268,"[1879, 268]",[5],CC1(C)CC(CNc2c[nH]c(=O)c3ccc(C(F)(F)F)cc23)OC1(C)C,,random_balanced,BB-1879,BB-0268,4,4,0.530124608582997
BB-1217 BB-0904,"[1217, 904]",[108],CON(CC1CCC(C(C)(C)C)CC1)C1COc2cc(O)cc(C)c21,,random_balanced,BB-1217,BB-0904,3,2,0.5339851348819534
BB-0294 BB-0347,"[294, 347]",[4],O=C(Nc1nncc(-c2cccc(F)c2)n1)c1cccnc1OCCO,,random_balanced,BB-0294,BB-0347,2,1,0.13620120887254206
BB-1203 BB-1399,"[1203, 1399]",[78],CN(C(=O)c1ccc(-c2coc(=O)[nH]2)cc1)c1cc(C(F)F)no1,,random_balanced,BB-1203,BB-1399,1,5,0.49779952311665354
BB-0716 BB-0124,"[716, 124]",[116],CC(=O)Nc1cc(C(=O)CCl)ccc1Oc1ccc2c(c1F)C1(CCC(C)NC1)OC(=O)N2,,random_balanced,BB-0716,BB-0124,5,3,0.6132473953319906
BB-0795 BB-1029,"[795, 1029]",[33],FC(F)(F)C1Cc2ccc(Br)cc2C1NCC12CC3CC(C1)CC(C(F)(F)F)(C3)C2,,random_balanced,BB-0795,BB-1029,4,3,0.37202027967222145
BB-0741 BB-1092,"[741, 1092]",[30],Cc1cc(C)c(S(=O)(=O)NC(=O)C(=O)Nc2ccc(O)cc2)cc1Br,,random_balanced,BB-0741,BB-1092,3,6,0.30411405460505647
BB-1042 BB-0145,"[1042, 145]",[49],N#Cc1c(OCCCO)n[nH]c1Nc1ncnc2c1ncn2-c1ccc(Br)c(F)c1CO,,random_balanced,BB-1042,BB-0145,7,7,0.32274683254427716
BB-0815 BB-0523,"[815, 523]",[5],COCc1nc(C2CCCCCN2c2cc(Cl)ccc2Cn2c(NCCN)nc3c2c(=O)n(C)c(=O)n3C)no1,,random_balanced,BB-0815,BB-0523,3,3,0.3330524214805833
BB-1630 BB-0022,"[1630, 22]",[146],COC(=O)CCNc1ncc(C)cc1Nc1ccc(N=[N+]=[N-])cc1C,,random_balanced,BB-1630,BB-0022,3,5,0.5995580645428292
BB-0272 BB-0400,"[272, 400]",[126],NC(=O)C1(C(=O)OCCCn2nc(C(F)F)cc2C(F)F)CC1,,random_balanced,BB-0272,BB-0400,4,0,0.45688159401634887
BB-0999 BB-0936,"[999, 936]",[78],O=C(N[C@@H](Cc1ccc(OP(=O)(OCc2ccccc2)OCc2ccccc2)cc1)C(=O)NC1CCCN(CCCO)C1)OCC1c2ccccc2-c2ccccc21,,random_balanced,BB-0999,BB-0936,5,4,0.0
BB-0087 BB-0716,"[87, 716]",[66],CC1CCC2(CN1)OC(=O)Nc1ccc(C3(O)CCN(Cc4cccs4)CC3)c(F)c12,,random_balanced,BB-0087,BB-0716,3,6,0.6647739233290684
BB-1118 BB-0814,"[1118, 814]",[105],COc1ccc(O)c(C(C)NC(=O)C(=O)Nc2ccc(-c3cnn(C)c3)c(C)n2)c1,,random_balanced,BB-1118,BB-0814,3,3,0.08015525949640114
BB-0446 BB-1879,"[446, 1879]",[105],CC(CNC(=O)C(=O)NCC1CC(C)(C)C(C)(C)O1)Cc1cn[nH]c1,,random_balanced,BB-0446,BB-1879,6,5,0.24447515373896261
BB-0972 BB-0896,"[972, 896]",[78],CC(C)(C)n1cc(C(=O)C(=O)Nc2cc3c(cn2)OCC3)cn1,,random_balanced,BB-0972,BB-0896,5,2,0.11030696735363507
BB-1435 BB-1623,"[1435, 1623]",[78],Cc1cc2cc(Br)c(F)cc2nc1NC(=O)CC1CCCC(C#N)C1,,random_balanced,BB-1435,BB-1623,2,2,0.6089473182000205
BB-0347 BB-0025,"[347, 25]",[41],COC(=O)C(OCCOc1ncccc1C(=O)O)C(C)c1ccccc1,,random_balanced,BB-0347,BB-0025,2,3,0.6945288819701932
BB-0971 BB-1310,"[971, 1310]",[125],Cc1cc(C(CCl)(OC(=O)CCc2c(C)c3cc4c(C(C)(C)C)coc4c(C)c3oc2=O)C(=O)O)c(C)[nH]1,,random_balanced,BB-0971,BB-1310,3,6,0.06443475851605934
BB-0610 BB-0636,"[610, 636]",[13],Cn1ccc(-c2nc3ccc(S(N)(=O)=O)cc3[nH]2)n1,,random_balanced,BB-0610,BB-0636,2,4,0.21880468640489398
BB-0219 BB-1223,"[219, 1223]",[81],Cc1c(S(=O)(=O)Nc2c3c(nc4ccccc24)CCOC3)cnn1-c1ccccn1,,random_balanced,BB-0219,BB-1223,3,4,0.49820766727328525
BB-0225 BB-1680,"[225, 1680]",[111],CC(C)(C)OC(=O)N1CC(c2nc([C@]3(c4ccccc4)C[C@@H](N=[N+]=[N-])C3)no2)CC2COCCC21,,random_balanced,BB-0225,BB-1680,2,3,0.41452264448438275
BB-0592 BB-1125,"[592, 1125]",[70],CCCCc1cc(=O)oc2c(C)c(O)c(C(C=CN(C)C)=Cc3ccccc3C(=O)OC)cc12,,random_balanced,BB-0592,BB-1125,3,3,0.5941521463602386
BB-1408 BB-0080,"[1408, 80]",[108],COCCCC(Cc1ccccc1)NC(C)C1=Cc2ccccc2OC1,,random_balanced,BB-1408,BB-0080,4,4,0.4760314309626606
BB-0983 BB-1551,"[983, 1551]",[146],O=C(O)C(Nc1ccc(-n2c(S)nnc2-c2ccccn2)cc1)c1ccc2ccccc2c1,,random_balanced,BB-0983,BB-1551,2,2,0.2745431298429686
BB-1981 BB-0823,"[1981, 823]",[103],COC(=O)c1coc2c1CN(C(=O)Nc1cccc3c1CN(CC(F)(F)F)C3)C2,,random_balanced,BB-1981,BB-0823,6,3,0.5093035112798815
BB-0144 BB-0037,"[144, 37]",[33],Cc1ccc(NC(CC(=O)C(F)(F)F)c2ccc([N+](=O)[O-])cc2)cc1-c1ccccc1,,random_balanced,BB-0144,BB-0037,4,3,0.6643154018650236
BB-1076 BB-0172,"[1076, 172]",[4],CCOC(=O)C12CC(CO)(C1)OC21CCN(C(=O)C(C(=O)O)C2CCC(=O)N2)CC1,,random_balanced,BB-1076,BB-0172,3,2,0.6413483598370193
BB-0598 BB-0725,"[598, 725]",[125],COc1ccc(C(C(=O)O)(C2CCCN2)N(C(=O)[C@H]2CC[C@H]2C(F)F)c2ccccc2)cc1,,random_balanced,BB-0598,BB-0725,2,4,0.4144427065050963
BB-1536 BB-1038,"[1536, 1038]",[33],COc1ccc2c(c1[N+](=O)[O-])CCCC2N1CCCC1(C)CC(C)C,,random_balanced,BB-1536,BB-1038,5,2,0.4788810719839133
BB-0431 BB-1810,"[431, 1810]",[5],CN1CCC(Nc2ccc(NC3CCCc4cc(C(=O)O)ccc43)cc2)CC1,,random_balanced,BB-0431,BB-1810,4,3,0.5470657338787255
BB-0488 BB-1706,"[488, 1706]",[125],Cc1ccc(C(=O)O)c(OC2(C(=O)O)CC(C(=O)O)(c3cccc(Br)c3)C2)c1C,,random_balanced,BB-0488,BB-1706,3,5,0.6199669205914653
BB-0487 BB-1718,"[487, 1718]",[41],O=C(c1ccc(Cl)cc1)C(F)OC[C@@H]1CNCCO1,,random_balanced,BB-0487,BB-1718,5,3,0.34535600646888
BB-1358 BB-1065,"[1358, 1065]",[105],COC(=O)C1CCN(C(=O)C(=O)N(Cc2cccs2)C2CCOC2)C(C(C)C)C1,,random_balanced,BB-1358,BB-1065,2,3,0.6281759265344009
BB-0087 BB-0526,"[87, 526]",[50],Cc1nc(C2CC2)nc(C)c1C(=O)OC1(C(=O)O)CCN(Cc2cccs2)CC1,,random_balanced,BB-0087,BB-0526,4,2,0.6313029832547502
BB-0392 BB-1294,"[392, 1294]",[15],N#CC(c1ccc(F)cc1)N1CCN(C(=O)CSc2ccc(C(=O)O)c3c2CCC3)CC1,,random_balanced,BB-0392,BB-1294,4,3,0.37799524115983524
BB-0317 BB-0358,"[317, 358]",[89],COc1ccc(C(C)C(=O)O)cc1Sc1c(C(=O)NN)nn(C)c1C,,random_balanced,BB-0317,BB-0358,3,5,0.5580887980196834
BB-1429 BB-0214,"[1429, 214]",[33],CC(C)Cn1c2c(c(=O)n(C)c1=O)C(NCC13CC[C@@H](Br)[C@@H](C1)OC3)CN2,,random_balanced,BB-1429,BB-0214,7,8,0.6182154898643273
BB-0528 BB-1735,"[528, 1735]",[138],COC(=O)c1cc2cc(-c3cnco3)cnc2s1,,random_balanced,BB-0528,BB-1735,4,2,0.1515642655699814
BB-0604 BB-1750,"[604, 1750]",[37],CC(=O)NC1(c2nc(C)cs2)CCN(C(=O)Cc2cc3cnccc3nc2C)C1,,random_balanced,BB-0604,BB-1750,4,2,0.6554068393751336
BB-0000 BB-0591,"[0, 591]",[15],Cc1c(Sc2ccc3c(c2)CNS(=O)(=O)N3)cccc1[C@@H]1C[C@H]1C(=O)O,,random_balanced,BB-0000,BB-0591,3,5,0.5238836721285436
BB-0777 BB-0203,"[777, 203]",[33],CC(C)(C)OC(=O)NC1CCCC12CC(Nc1nc(-c3sccc3F)cs1)C2,,random_balanced,BB-0777,BB-0203,5,4,0.5324992723499317
BB-1454 BB-1858,"[1454, 1858]",[51],COC(=O)c1cccc(COC(=O)[C@@H](NC(C)=O)C2CCCCC2)c1F,,random_balanced,BB-1454,BB-1858,4,3,0.5781841350772546
BB-1959 BB-0516,"[1959, 516]",[105],CCOc1ccc2c(c1)C(NC(=O)C(=O)N(C)Cc1oc3c(C)cccc3c1C)CCO2,,random_balanced,BB-1959,BB-0516,3,4,0.6731952223061144
BB-0503 BB-1715,"[503, 1715]",[37],COC(=O)c1ccc2c(c1)C(C)CN2C(=O)c1nocc1OC,,random_balanced,BB-0503,BB-1715,1,4,0.6064106624967326
BB-1473 BB-0816,"[1473, 816]",[66],Cc1cc(F)c(C(O)c2ccc(-n3nnc(CN)n3)cc2C(F)(F)F)cc1[N+](=O)[O-],,random_balanced,BB-1473,BB-0816,3,3,0.6952735253467981
BB-1298 BB-0946,"[1298, 946]",[41],Cn1nnc(CSc2ccc3nc(O)cnc3c2)n1,,random_balanced,BB-1298,BB-0946,1,4,0.17186051925729012
BB-0297 BB-1308,"[297, 1308]",[71],N[C@H]1CCc2c(N[C@H]3CCCC[C@H]3c3ccccc3)cccc21,,random_balanced,BB-0297,BB-1308,6,2,0.3744750413439421
BB-1882 BB-1102,"[1882, 1102]",[78],Cn1cnnc1CN(C(=O)c1ccc2c(c1)[nH]c(=O)n2C1CC1)S(=O)(=O)c1cccc(C(=O)O)c1,,random_balanced,BB-1882,BB-1102,2,4,0.6180902282657703
BB-0135 BB-0551,"[135, 551]",[79],CCCC1CC(N(CC(F)F)CC(F)(F)F)C1,,random_balanced,BB-0135,BB-0551,4,4,0.07951359157888883
BB-0865 BB-0010,"[865, 10]",[33],c1ccc2c(c1)CC1(CCOCC1)C2N(Cc1ccc(-n2cncn2)cc1)C1CC1,,random_balanced,BB-0865,BB-0010,2,3,0.7480886359537559
BB-0706 BB-1121,"[706, 1121]",[78],O=C(NCC#Cc1cc(Cl)cnc1F)[C@H]1C[C@@]12CCCc1ccccc12,,random_balanced,BB-0706,BB-1121,2,5,0.6162653984838831
BB-0516 BB-1325,"[516, 1325]",[105],CCOc1ccc2c(c1)C(NC(=O)C(=O)NC(CCOc1ccccc1)c1ccc(F)cc1F)CCO2,,random_balanced,BB-0516,BB-1325,5,2,0.16978636435341787
BB-0805 BB-0984,"[805, 984]",[141],Cc1nn2c(c1C(O)C1CC1)CNCC2,,random_balanced,BB-0805,BB-0984,4,3,0.14326106975836891
BB-0102 BB-1059,"[102, 1059]",[50],CC(OCc1cnn(C(F)(F)F)c1)(C(=O)O)C12CC(c3ccccc3)(C1)C2(F)F,,random_balanced,BB-0102,BB-1059,4,1,0.5345843511616777
BB-0159 BB-0681,"[159, 681]",[78],COC(=O)C1(F)CCN(C(=O)[C@H](C(C)C)n2sc3ccccc3c2=O)CC1,,random_balanced,BB-0159,BB-0681,5,4,0.7587918887194253
BB-0476 BB-0626,"[476, 626]",[67],CCOC(=O)c1c(C)c(C(=O)O)c(C)n1-c1ccc(NC(=O)OC(C)(C)C)c(C(=O)OC)c1,,random_balanced,BB-0476,BB-0626,3,3,0.15510187478145934
BB-1381 BB-1209,"[1381, 1209]",[146],Cc1ccc(-c2ncn(C)n2)cc1N1CCC(Cn2ccc([N+](=O)[O-])n2)CC1,,random_balanced,BB-1381,BB-1209,2,3,0.7110308987623576
BB-1970 BB-1961,"[1970, 1961]",[23],Cc1ccc(C(=O)CCC(=O)CCC(=O)OCC(=O)NC(C)c2ccc(C)c(C)c2)s1,,random_balanced,BB-1970,BB-1961,4,5,0.0443953739041863
BB-0738 BB-0040,"[738, 40]",[37],CCc1cc(C(=O)N(C)Cc2ccnc3c(Br)cccc23)n[nH]1,,random_balanced,BB-0738,BB-0040,2,3,0.6225872041937394
BB-0955 BB-0685,"[955, 685]",[141],CC1CCN(CCOc2ccc(C(O)c3ccn(CCC(=O)OC(C)(C)C)n3)cc2)C1,,random_balanced,BB-0955,BB-0685,3,2,0.05675596860947821
BB-1961 BB-0400,"[1961, 400]",[98],Cc1ccc(C(C)NC(=O)COC(=O)C2(C(N)=O)CC2)cc1C,,random_balanced,BB-1961,BB-0400,6,1,0.5036597950792309
BB-1643 BB-1433,"[1643, 1433]",[79],CNCc1ccc(Br)cc1N1CC2(CCC1C)OCc1ccccc12,,random_balanced,BB-1643,BB-1433,4,4,0.4172506040541366
BB-1865 BB-0097,"[1865, 97]",[28],COc1ccc(Br)c(CN(C)C(=O)NC(c2cccc(SC)c2)c2ccc(F)cc2F)c1,,random_balanced,BB-1865,BB-0097,4,4,0.6640501691643453
BB-0687 BB-1818,"[687, 1818]",[110],CC(C)(C)OC(=O)N1CCCC(C(=N)n2c(=O)[nH]c3ccc(C(F)(F)F)cc3c2=O)C1,,random_balanced,BB-0687,BB-1818,1,5,0.49643093421918
BB-1262 BB-1527,"[1262, 1527]",[71],Cc1c(Nc2ccc(OCc3nnn[nH]3)cc2)ccnc1NN,,random_balanced,BB-1262,BB-1527,3,5,0.37656130706924973
BB-0131 BB-1624,"[131, 1624]",[30],COc1cccc(Cl)c1C1CN(C(=O)C(=O)N2C[C@@H](Oc3ccccc3)C[C@H]2C(=O)O)CCO1,,random_balanced,BB-0131,BB-1624,4,4,0.30957429407894826
BB-1577 BB-0587,"[1577, 587]",[39],Clc1ccc(Cl)c(OCc2nnc(-c3[nH]ncc3C3CCCNC3)o2)c1,,random_balanced,BB-1577,BB-0587,2,2,0.3872640698812312
BB-0359 BB-1937,"[359, 1937]",[141],CCOC(=O)c1cc(C(C)(O)c2cn[nH]c2Cc2ccccc2)n[nH]1,,random_balanced,BB-0359,BB-1937,4,3,0.4441001053748052
BB-0339 BB-1439,"[339, 1439]",[50],Cc1nc2ccc(O)cn2c1C(=O)OC1(C(=O)O)CCCc2cc[nH]c21,,random_balanced,BB-0339,BB-1439,3,3,0.7056812891820567
BB-0912 BB-0486,"[912, 486]",[38],Cc1cc(-c2ccccc2C2CCCC2)c2nncn2n1,,random_balanced,BB-0912,BB-0486,2,3,0.15902963515838212
BB-0272 BB-0233,"[272, 233]",[125],COC(=O)c1c(CC(=O)O)[nH]c(C(C)(OCCCn2nc(C(F)F)cc2C(F)F)C(=O)O)c1C,,random_balanced,BB-0272,BB-0233,5,3,0.7378762248443534
BB-0211 BB-1150,"[211, 1150]",[112],Cc1c(C(=O)NC2CCC(C(F)(F)F)CC2)n[nH]c1Br,,random_balanced,BB-0211,BB-1150,3,4,0.37303496789125906
BB-0773 BB-0963,"[773, 963]",[108],COC(=O)c1nc(Br)cnc1NCc1n[nH]c2c(C(=O)OC)cccc12,,random_balanced,BB-0773,BB-0963,4,9,0.5011162555799509
BB-0803 BB-0243,"[803, 243]",[63],NC(=O)c1ccc(COc2ccc(-c3cccnc3C(=O)O)cc2)c(F)c1,,random_balanced,BB-0803,BB-0243,5,4,0.3380038851120082
BB-0749 BB-0062,"[749, 62]",[5],O=C(O)CCCN(c1cnc2ccsc2c1O)c1ccnc2cc(Cl)ccc12,,random_balanced,BB-0749,BB-0062,4,3,0.5320891797636526
BB-0907 BB-1175,"[907, 1175]",[15],c1cc(C2CNCCO2)ncc1Sc1nc(C2CC2)nc2c1CCC2,,random_balanced,BB-0907,BB-1175,5,5,0.5140701251450266
BB-0810 BB-1628,"[810, 1628]",[89],Cn1cc(C(=O)CSc2cnc3c(c2)OCCN3C(=O)OC(C)(C)C)c2ccccc21,,random_balanced,BB-0810,BB-1628,3,4,0.10547705895906084
BB-0046 BB-1148,"[46, 1148]",[108],CCCC(NCc1cc(C)c(C(=O)OCC)[nH]1)C(=O)N(CC)C1CCCC1,,random_balanced,BB-0046,BB-1148,3,4,0.504020117569418
BB-0160 BB-1665,"[160, 1665]",[103],O=C(NCc1c(F)cccc1OC(F)(F)F)NC(COc1ccccc1)c1ccc(Cl)c(F)c1,,random_balanced,BB-0160,BB-1665,3,6,0.31110064254591174
BB-0461 BB-0830,"[461, 830]",[146],COC(=O)CCCCN(C)c1ccc2ncn(C)c(=O)c2c1,,random_balanced,BB-0461,BB-0830,4,4,0.6096314679992811
BB-0740 BB-0345,"[740, 345]",[78],CCC1Cc2ccccc2N(C(=O)[C@]23CC[C@H]2CN(Cc2ccccc2)C3)C1,,random_balanced,BB-0740,BB-0345,2,3,0.735638039036319
BB-0487 BB-1171,"[487, 1171]",[126],COc1cc(Br)c(C(=O)OC[C@@H]2CNCCO2)cc1S(=O)(=O)Cl,,random_balanced,BB-0487,BB-1171,6,6,0.4307375430364934
BB-0517 BB-0584,"[517, 584]",[4],CC(C)n1cc(C2(O)CCCN(C(=O)COC3(C)CNC3)C2)nn1,,random_balanced,BB-0517,BB-0584,5,4,0.6807428889378397
BB-1976 BB-0597,"[1976, 597]",[68],Cc1cc(OCC#Cc2ccc3c(c2)C2(CC3)COCOC2)no1,,random_balanced,BB-1976,BB-0597,2,4,0.28617662737758665
BB-1508 BB-1107,"[1508, 1107]",[141],Cc1ccc(C(O)C[C@H](C)O)c(F)c1,,random_balanced,BB-1508,BB-1107,4,2,0.12746091971230547
BB-0989 BB-1186,"[989, 1186]",[4],CC1(c2ccc(F)cc2)CC1C(=O)N1CCOC(c2ccc(OC(F)(F)F)cc2)C1,,random_balanced,BB-0989,BB-1186,3,2,0.6882381407594885
BB-1770 BB-1766,"[1770, 1766]",[4],CC(C)C(C#N)NC(=O)C(Cc1ccccc1)NS(=O)(=O)c1ccc([N+](=O)[O-])cc1Cl,,random_balanced,BB-1770,BB-1766,4,3,0.5511185183362175
BB-0306 BB-1649,"[306, 1649]",[78],CC(C)(CCc1ccccc1)C(=O)NCc1ccc(Oc2ccc(F)cc2)nc1,,random_balanced,BB-0306,BB-1649,1,5,0.45389812894704673
BB-0975 BB-0042,"[975, 42]",[105],CC1CN(C(=O)C(=O)NS(=O)(=O)c2cc(Br)c(F)c(C(=O)O)c2)c2ccccc2NC1=O,,random_balanced,BB-0975,BB-0042,2,6,0.39743000678859236
BB-1353 BB-0522,"[1353, 522]",[71],CCC12CN(c3ccc4c(c3)C(C(=O)O)CCO4)C(CO)(C1)C2,,random_balanced,BB-1353,BB-0522,3,4,0.625996424948787
BB-1770 BB-1635,"[1770, 1635]",[5],CC(C)C(C#N)Nc1ccc([N+](=O)[O-])cc1C(F)(F)F,,random_balanced,BB-1770,BB-1635,5,1,0.22470147173319596
BB-0744 BB-0787,"[744, 787]",[30],O=C(NCc1cccc(Br)c1Cl)C(=O)N(Cc1ccccc1Cl)C1CC1,,random_balanced,BB-0744,BB-0787,5,9,0.5044837425760266
BB-1109 BB-0968,"[1109, 968]",[41],C[C@H](C#Cc1ccncc1)Oc1cccc2c1C(C(=O)O)CC2,,random_balanced,BB-1109,BB-0968,1,3,0.63314697904433
BB-0527 BB-1250,"[527, 1250]",[41],CN(C)c1nc(OC[C@H]2O[C@@H](n3cc(I)c(=O)[nH]c3=O)[C@H](O)[C@@H]2O)c(C=O)n1C,,random_balanced,BB-0527,BB-1250,6,5,0.5946419256605189
BB-1021 BB-1247,"[1021, 1247]",[78],CCCCC(NC(N)=O)C(=O)NC12CCC(F)(CC1)C2,,random_balanced,BB-1021,BB-1247,3,4,0.5295283508190057
BB-0240 BB-0210,"[240, 210]",[24],Cc1nc(S(=O)(=O)C23CC(C4CNC4)(C2)C3)c(C#N)s1,,random_balanced,BB-0240,BB-0210,3,5,0.14627305401304597
BB-0744 BB-1822,"[744, 1822]",[79],Cc1c(CNc2ccccc2CNC2CC2)oc2ccc(Cl)cc12,,random_balanced,BB-0744,BB-1822,6,8,0.21895131530099582
BB-0347 BB-0212,"[347, 212]",[126],COC(=O)c1c(N)nc2n1CC(C(=O)OCCOc1ncccc1C(=O)O)CC2,,random_balanced,BB-0347,BB-0212,3,5,0.6056567772723427
BB-1944 BB-0054,"[1944, 54]",[79],CCC1(CN(C)C2CCN(c3cc(C)ncn3)CC2)COC1,,random_balanced,BB-1944,BB-0054,5,3,0.6747700750027111
BB-1238 BB-0783,"[1238, 783]",[141],COC(=O)C1CNc2ccc(C(O)c3cc(F)c(Br)cc3[N+](=O)[O-])cc21,,random_balanced,BB-1238,BB-0783,5,3,0.6331298355419726
BB-1435 BB-0749,"[1435, 749]",[78],N#CC1CCCC(CC(=O)N(CCCC(=O)O)c2ccnc3cc(Cl)ccc23)C1,,random_balanced,BB-1435,BB-0749,3,5,0.6140013667239564
BB-0278 BB-1859,"[278, 1859]",[124],Cn1cc(Nc2ncnc3c2ncn3[C@@H]2C[C@@H]2CS(C)(=O)=O)c(C#N)n1,,random_balanced,BB-0278,BB-1859,5,5,0.4586885605586953
BB-0319 BB-1628,"[319, 1628]",[33],Cn1cc(C(CBr)NCCc2nnc3ccccn23)c2ccccc21,,random_balanced,BB-0319,BB-1628,4,5,0.3021752225784776
BB-0430 BB-0856,"[430, 856]",[49],COc1ccc(C(C(F)F)n2cnc3c(Nc4cccc(C(=O)OC(C)(C)C)c4Cl)ncnc32)cc1F,,random_balanced,BB-0430,BB-0856,5,3,0.03970816562985596
BB-1988 BB-0849,"[1988, 849]",[146],O=C(O)c1cc(CNc2cc(CO)c3c(c2)CCO3)n2c1CCCC2,,random_balanced,BB-1988,BB-0849,6,5,0.7005410056469591
BB-0376 BB-1496,"[376, 1496]",[112],Cn1cc(Cl)c(N)c1C(=O)Nc1ccc2c(c1)CCCC2=O,,random_balanced,BB-0376,BB-1496,6,3,0.4711059113093743
BB-1500 BB-0964,"[1500, 964]",[111],Cc1c(-c2nc(C3(C(=O)O)CCOCC3)no2)cc(C(F)(F)F)cc1[N+](=O)[O-],,random_balanced,BB-1500,BB-0964,2,3,0.7170381834340747
BB-1668 BB-0873,"[1668, 873]",[30],CCN(CC)S(=O)(=O)c1ccc(Oc2ccc(Br)cc2)c(NC(=O)C(=O)NC2(c3nc(COC)no3)CCOCC2)c1,,random_balanced,BB-1668,BB-0873,4,2,0.15621637814850542
BB-0688 BB-0832,"[688, 832]",[28],Cc1ccccc1-c1cc(NC(=O)Nc2ccncc2C(=O)C(C)C)n(Cc2ccccc2)n1,,random_balanced,BB-0688,BB-0832,4,2,0.3791466132629774
BB-0411 BB-1055,"[411, 1055]",[141],COCC(C)(C)CC(O)(CCOc1ccc(OC)c(OC)c1)c1ccc2c(c1)OCC2(C)C,,random_balanced,BB-0411,BB-1055,3,5,0.49023894381442756
BB-0643 BB-0114,"[643, 114]",[108],COC(=O)CC1CN(CCCCCCO)Cc2ccccc21,,random_balanced,BB-0643,BB-0114,2,1,0.5310632661239728
BB-0845 BB-0388,"[845, 388]",[79],CC(C)(C)OC(=O)N1CCN(C2CN(c3cnc4c(O)ncnn34)C2)CC1,,random_balanced,BB-0845,BB-0388,3,4,0.3531039885323055
BB-0069 BB-1698,"[69, 1698]",[78],C[C@H](NC(=O)c1ccco1)C(=O)NC(c1ccc(Cl)cc1)c1cccc(C#N)c1,,random_balanced,BB-0069,BB-1698,2,6,0.5245758151108623
BB-1845 BB-1709,"[1845, 1709]",[4],Cc1cc(C)c(C(=O)N2[C@@H]3C[C@@H](F)C[C@H]2C3)cc1N,,random_balanced,BB-1845,BB-1709,3,5,0.3160764285101378
BB-1167 BB-1633,"[1167, 1633]",[66],CCCC1CC(O)(c2cnn(Cc3cccc(C(=O)O)c3)c2)CCO1,,random_balanced,BB-1167,BB-1633,2,5,0.39383475168876386
BB-0996 BB-0797,"[996, 797]",[49],COC(=O)C[C@@H](Cc1cccc(F)c1)n1cnc2c(NCC3(c4ccccc4)CC(O)(C(F)(F)F)C3)ncnc21,,random_balanced,BB-0996,BB-0797,4,4,0.5284052015898427
BB-0015 BB-0506,"[15, 506]",[25],Cc1ccc(C(N)c2ccc(F)cc2S(=O)(=O)c2cccc(-c3ccc(C)c(N)c3)c2)cc1,,random_balanced,BB-0015,BB-0506,5,3,0.25344626382496005
BB-0149 BB-1163,"[149, 1163]",[141],Cc1nc(Cl)c(C2(O)CC(C)(C)CC(C)(C)C2)cc1C(=O)O,,random_balanced,BB-0149,BB-1163,6,4,0.5932468749759016
BB-1438 BB-1421,"[1438, 1421]",[51],Cn1ncc2c1CCCC2COC(=O)/C=C/c1ccc(C(N)=O)o1,,random_balanced,BB-1438,BB-1421,4,2,0.4348859303183845
BB-0598 BB-1140,"[598, 1140]",[125],CCn1cc(N2CCC(C(=O)O)(N(C(=O)[C@H]3CC[C@H]3C(F)F)c3ccccc3)CC2=O)cn1,,random_balanced,BB-0598,BB-1140,3,3,0.7054420432428462
BB-0614 BB-1819,"[614, 1819]",[110],COC(C(=N)n1c(=O)[nH]c2c(nc(C3CC3)n2Cc2ccccc2)c1=O)C1CC1,,random_balanced,BB-0614,BB-1819,2,5,0.4472391941496538
BB-1655 BB-0266,"[1655, 266]",[15],Cc1ccc(Sc2cc(C(N)COc3ccccc3)ccc2F)cc1C(N)=O,,random_balanced,BB-1655,BB-0266,2,3,0.576228810840865
BB-1583 BB-1975,"[1583, 1975]",[79],C#Cc1cccc(CC(NC(=O)CN2CCN(c3ccc(Br)cc3)CC2)C(N)=O)c1,,random_balanced,BB-1583,BB-1975,2,4,0.32056644194830786
BB-0870 BB-1195,"[870, 1195]",[32],CCC1CCCCN1C(=O)C(C)S(=O)c1ncnc2c1cnn2-c1ccc(Br)cc1,,random_balanced,BB-0870,BB-1195,2,4,0.6571943696667386
BB-1949 BB-1250,"[1949, 1250]",[66],CN(C)c1nc(C(O)c2ccc(O)c(C(F)(F)F)c2)c(C=O)n1C,,random_balanced,BB-1949,BB-1250,4,6,0.629634174398299
BB-0708 BB-0364,"[708, 364]",[108],COC(=O)C1CC2(CCCCC2)CC1N1CCOc2ccc(C(C)C)cc21,,random_balanced,BB-0708,BB-0364,4,3,0.7192252100838534
BB-1396 BB-1533,"[1396, 1533]",[23],C=C(C)c1ncc(C(=O)OCC(=O)c2c(N)n(C)c(=O)n(C)c2=O)o1,,random_balanced,BB-1396,BB-1533,3,5,0.6499902067007474
BB-1927 BB-1746,"[1927, 1746]",[108],CC(C)(C)C1OCCCC1N1CCC=C2OC(=O)C=C21,,random_balanced,BB-1927,BB-1746,6,6,0.14053047281569386
BB-1250 BB-0373,"[1250, 373]",[108],CN(C)c1nc(Cl)c(CNC(Cc2ccn(C)n2)C(=O)O)n1C,,random_balanced,BB-1250,BB-0373,7,3,0.4725189909948059
BB-0647 BB-0759,"[647, 759]",[30],Cc1nn(C)c(N2CCC2)c1NC(=O)C(=O)NCc1cc(Br)cc2cccnc12,,random_balanced,BB-0647,BB-0759,4,3,0.4850749495498318
BB-1525 BB-0430,"[1525, 430]",[24],CC(C)(C)OC(=O)c1cccc(N)c1S(=O)(=O)c1nc(-c2cccs2)nc2ccccc12,,random_balanced,BB-1525,BB-0430,3,6,0.4280550088946732
BB-1998 BB-0425,"[1998, 425]",[48],Cc1ccccc1-n1cc(CNc2[nH]ncc2C=O)nn1,,random_balanced,BB-1998,BB-0425,2,5,0.3714272306820143
BB-1863 BB-0977,"[1863, 977]",[28],CC(NC(=O)N1CCC(O)(C(N)=O)C1)(C(=O)O)c1ccc(C(F)(F)F)cc1,,random_balanced,BB-1863,BB-0977,4,4,0.5235693285850345
BB-0323 BB-0840,"[323, 840]",[28],C[C@@]1(CNC(=O)N2CCC(C(=O)O)(c3cccc(Cl)c3)CC2)COC[C@@H]2CCCN21,,random_balanced,BB-0323,BB-0840,4,5,0.3398705976312854
BB-0627 BB-1628,"[627, 1628]",[66],Cn1cc(C(=O)CC(O)(/C=C(/[O-])C(F)(F)F)c2cccnc2)c2ccccc21,,random_balanced,BB-0627,BB-1628,5,6,0.32612791410157616
BB-0540 BB-0867,"[540, 867]",[30],CNC(=O)c1ccc2n1CCN(C(=O)C(=O)N1CCSC(C)C1C)C2C,,random_balanced,BB-0540,BB-0867,5,2,0.6104467582866846
BB-1497 BB-0089,"[1497, 89]",[15],Cc1nc2ccc(Sc3ccc4c(c3F)C3(CNCC(C)C3)OC(=O)N4)cc2c(C)c1C(=O)O,,random_balanced,BB-1497,BB-0089,4,5,0.6140998120086781
BB-1747 BB-0308,"[1747, 308]",[79],CC(C)c1nc2cc(CNc3cc(C(=O)O)cnc3O)ccc2o1,,random_balanced,BB-1747,BB-0308,6,5,0.5371789457001677
BB-0026 BB-0909,"[26, 909]",[140],O=C(O)c1ccccc1C(=O)c1cc(Cl)cc2[nH]ncc12,,random_balanced,BB-0026,BB-0909,4,5,0.1712076169710603
BB-0904 BB-1312,"[904, 1312]",[112],CON(CC1CCC(C(C)(C)C)CC1)C(=O)[C@H]1C(F)(F)[C@]12C[C@H](C(=O)O)C2,,random_balanced,BB-0904,BB-1312,3,3,0.3089939033883953
BB-0336 BB-0895,"[336, 895]",[89],Nc1cc(-n2cnnn2)ccc1Sc1ccc2nc(C=Cc3cccs3)cc(C(=O)O)c2c1,,random_balanced,BB-0336,BB-0895,7,4,0.2526084639129645
BB-1416 BB-1334,"[1416, 1334]",[5],CCOC(=O)c1nnc2n1CCN(c1cc3nc(C)[nH]c3cc1Cl)C2,,random_balanced,BB-1416,BB-1334,2,5,0.6671663640733134
BB-1290 BB-1818,"[1290, 1818]",[21],N[C@@H]1CCc2c(-c3nc4ccc(C(F)(F)F)cc4c(=O)[nH]3)cccc21,,random_balanced,BB-1290,BB-1818,3,6,0.38024350122718503
BB-1255 BB-1785,"[1255, 1785]",[51],COC[C@@H](C)OC(=O)c1ccc(Sc2ccc(F)cc2)c([N+](=O)[O-])c1,,random_balanced,BB-1255,BB-1785,4,4,0.43982734606757673
BB-0214 BB-1639,"[214, 1639]",[30],CC(C)Cn1c2c(c(=O)n(C)c1=O)C(=O)CN2C(=O)C(=O)NC1CCc2c(C(=O)O)cc(C(=O)O)cc21,,random_balanced,BB-0214,BB-1639,9,7,0.6393059562520471
BB-1173 BB-1498,"[1173, 1498]",[25],COc1cc2ccnc(S(=O)(=O)C3(Cl)CCCNS3(=O)=O)c2cc1Br,,random_balanced,BB-1173,BB-1498,4,3,0.28013421328011073
BB-1451 BB-1214,"[1451, 1214]",[89],CSc1ncnn2c(Sc3cn(C)c4cc(F)ccc4c3=O)cnc12,,random_balanced,BB-1451,BB-1214,2,3,0.4998764034655452
BB-0330 BB-1841,"[330, 1841]",[78],CC(CN(C)C)C(=O)N1CC2(CCC2)c2cc(Br)ccc21,,random_balanced,BB-0330,BB-1841,5,5,0.608802926135673
BB-1669 BB-1419,"[1669, 1419]",[78],CCCc1ccc(C(=O)CCC(=O)Nc2c(Br)cc(C(=O)OC)nc2C)cc1,,random_balanced,BB-1669,BB-1419,4,4,0.5307147036222972
BB-0851 BB-0996,"[851, 996]",[51],C=CCOc1c(C)cccc1C(=O)OC1(C(F)(F)F)CC(CN)(c2ccccc2)C1,,random_balanced,BB-0851,BB-0996,4,5,0.6400840551161064
BB-0164 BB-1358,"[164, 1358]",[108],CCOC(=O)C12CCCC1=CC(N1CCC(C(=O)OC)CC1C(C)C)C2,,random_balanced,BB-0164,BB-1358,4,3,0.6057291802974695
BB-1214 BB-1681,"[1214, 1681]",[79],CCOC(=O)c1ccc(CNc2cn(C)c3cc(F)ccc3c2=O)o1,,random_balanced,BB-1214,BB-1681,4,3,0.47370325650667855
BB-1846 BB-1447,"[1846, 1447]",[108],COC(=O)C1(NCc2cc(C(F)(F)F)ccc2N(C)CC(=O)O)CC(c2ccccc2Cl)C1,,random_balanced,BB-1846,BB-1447,5,5,0.780813680860667
BB-1115 BB-1754,"[1115, 1754]",[71],COC(=O)C#Cc1ccccc1NCCc1ccc(OCC(=O)O)cc1,,random_balanced,BB-1115,BB-1754,2,7,0.32507533261749016
BB-1061 BB-1140,"[1061, 1140]",[125],CCn1cc(N2CCC(C(=O)O)(N(C(=O)COC(=O)c3occc3C)c3sccc3C(N)=O)CC2=O)cn1,,random_balanced,BB-1061,BB-1140,2,4,0.41461716955091177
BB-0865 BB-1077,"[865, 1077]",[30],O=C(NCC1CN2CCCN1CC2)C(=O)N(Cc1ccc(-n2cncn2)cc1)C1CC1,,random_balanced,BB-0865,BB-1077,3,3,0.3110830598479402
BB-0082 BB-0420,"[82, 420]",[125],O=C(O)C1CC(Oc2ccc(OCc3ccccc3)cc2F)(C(=O)O)c2ccccc2O1,,random_balanced,BB-0082,BB-0420,2,6,0.41599593271057966
BB-0190 BB-1100,"[190, 1100]",[119],CC(C)(C)OC(=O)N1CCC(C(CC(N)=O)NC2CCc3cc(Br)ccc3NC2=O)CC1,,random_balanced,BB-0190,BB-1100,2,6,0.47082763590295235
BB-0049 BB-1328,"[49, 1328]",[125],COc1ccc(F)c(CCC(=O)OC(C)(/C=C/c2ccc(OC)c(O)c2)C(=O)O)c1,,random_balanced,BB-0049,BB-1328,4,2,0.4545922913793654
BB-0070 BB-1417,"[70, 1417]",[24],Cc1nn(C)c2nc(S(=O)(=O)c3nccn4c(C(F)(F)F)ncc34)c(C=O)cc12,,random_balanced,BB-0070,BB-1417,3,4,0.4499981729039592
BB-0123 BB-1598,"[123, 1598]",[145],COC(=O)C1=NOC(C=Cc2cccc(C3OCCO3)c2)C1,,random_balanced,BB-0123,BB-1598,1,3,0.4423499183812706
BB-1026 BB-1127,"[1026, 1127]",[15],CC(C)c1cc(Sc2c(O)ccc3ncnn23)n2ncnc2n1,,random_balanced,BB-1026,BB-1127,2,3,0.4288398799259245
BB-0036 BB-0011,"[36, 11]",[37],Cc1cc(CC(=O)N2CCOCC2CC(=O)c2ccccc2)ccn1,,random_balanced,BB-0036,BB-0011,2,8,0.5015744972561472
BB-0893 BB-1861,"[893, 1861]",[126],CCc1cc(C(=O)OCC(F)(F)C(C)(F)F)c(Br)s1,,random_balanced,BB-0893,BB-1861,2,3,0.32362736780471385
BB-1265 BB-0877,"[1265, 877]",[126],Cc1nc(C(CN)OC(=O)[C@@H](CCC(F)F)NC(=O)OC(C)(C)C)cs1,,random_balanced,BB-1265,BB-0877,3,5,0.5367777289160748
BB-1506 BB-0249,"[1506, 249]",[124],CNC(=O)CCC(Nc1ncnc2c1ncn2-c1c(C(N)=O)sc2nc(C(F)(F)F)cc(-c3ccco3)c12)c1ccccc1,,random_balanced,BB-1506,BB-0249,3,6,0.2639530260331124
BB-0685 BB-0783,"[685, 783]",[66],CC(C)(C)OC(=O)CCn1ccc(C(O)c2cc([N+](=O)[O-])c(C=O)cc2F)n1,,random_balanced,BB-0685,BB-0783,3,4,0.3207192445731558
BB-0424 BB-1722,"[424, 1722]",[50],COCCOCCOCC(=O)N(CCS)C1(C(=O)O)C(=O)N(CCC(=O)O)c2cc(F)ccc21,,random_balanced,BB-0424,BB-1722,3,1,0.5973274435004804
BB-1575 BB-1474,"[1575, 1474]",[65],COC(=O)c1c(Cl)nc(C2CC2)nc1C(=O)CN(Cc1ccccc1)N=O,,random_balanced,BB-1575,BB-1474,2,4,0.5556999045425381
BB-1806 BB-1254,"[1806, 1254]",[125],O=C(OC(CCOc1ccccc1)(C(=O)O)C1CC1)c1ccc(N2CCCC2=O)cc1,,random_balanced,BB-1806,BB-1254,3,4,0.33210586367575656
BB-0575 BB-0821,"[575, 821]",[125],COc1ccc2c(c1OC)CCC2(C(=O)O)n1cc(N)c(C(=O)N2CCCOC(C)C2)n1,,random_balanced,BB-0575,BB-0821,6,3,0.5871963542382631
BB-1888 BB-0321,"[1888, 321]",[44],COC(=O)C1CCCCC1(NC1CCOC1C)B1OC(C)(C)C(C)(C)O1,,random_balanced,BB-1888,BB-0321,6,1,0.32949618576343237
BB-1923 BB-1517,"[1923, 1517]",[30],Cc1cccc(CC(CO)NC(=O)C(=O)N2CC[C@H](CF)C2)c1,,random_balanced,BB-1923,BB-1517,5,2,0.6466825954843002
BB-0925 BB-1370,"[925, 1370]",[4],CCC(C)(C)OCC(=O)Nc1cncc(-c2cnn(C3CCCCO3)c2)c1,,random_balanced,BB-0925,BB-1370,2,3,0.13418343640975158
BB-1456 BB-1266,"[1456, 1266]",[38],Cc1cc2c(cc1-c1ccc(NC(=O)OC(C)(C)C)cc1)OCCC2=O,,random_balanced,BB-1456,BB-1266,1,8,0.17054158372952674
BB-1086 BB-0344,"[1086, 344]",[78],COC(=O)C[C@H](NC(=O)CCC1CN(C(C)=O)c2ccccc21)c1cc([N+](=O)[O-])ccc1F,,random_balanced,BB-1086,BB-0344,3,7,0.63969021188182
BB-1802 BB-1119,"[1802, 1119]",[36],COc1cc(-c2noc(-c3ccn4c(C)nnc4c3)n2)c2ccccc2n1,,random_balanced,BB-1802,BB-1119,1,2,0.2874008223358614
BB-0355 BB-1002,"[355, 1002]",[30],CN(C(=O)C(=O)N(C)C1CCCC1c1ccc(C(F)(F)F)cc1)C1CCOC(c2ccc(F)cc2)C1,,random_balanced,BB-0355,BB-1002,3,3,0.6246796377503605
BB-1922 BB-0883,"[1922, 883]",[15],O=C(CCSc1ccc2c(c1)CCCCN2)c1ccccc1F,,random_balanced,BB-1922,BB-0883,7,4,0.26471086596358984
BB-0668 BB-0469,"[668, 469]",[28],O=C(Nc1nc(-c2ccc3c(c2)-c2ccccc2C3)cs1)N(CCO)c1nc(N2CCN(c3ccccc3)CC2)nc2ccccc12,,random_balanced,BB-0668,BB-0469,3,4,0.01740519879631208
BB-0695 BB-1746,"[695, 1746]",[79],O=C1C=C2C(=CCCN2c2cccc(F)c2Cl)O1,,random_balanced,BB-0695,BB-1746,4,7,0.060582127258367674
BB-0594 BB-1319,"[594, 1319]",[79],Cc1nc2cccnc2nc1N(C)c1cnc2ccccc2c1,,random_balanced,BB-0594,BB-1319,3,4,0.46725192964838325
BB-1543 BB-1543,"[1543, 1543]",[99],N#CCc1nc2cc(S(=O)(=O)c3ccc4sc(CC#N)nc4c3)ccc2s1,,random_balanced,BB-1543,BB-1543,2,2,0.16031598864770571
BB-1995 BB-1499,"[1995, 1499]",[108],CO[C@@H]1C[C@H](O)CN(C2CC(Oc3ccccc3)C2(C)C)C1,,random_balanced,BB-1995,BB-1499,2,3,0.5840992760824678
BB-1128 BB-1027,"[1128, 1027]",[89],CC(C)(C)OC(=O)N1CCN(Cc2ccc(Sc3cc(C4CCNC4)ccc3O)nn2)CC1(C)C,,random_balanced,BB-1128,BB-1027,6,3,0.08064901546115955
BB-0894 BB-0278,"[894, 278]",[71],CS(=O)(=O)C[C@H]1C[C@H]1Nc1cccc(F)c1C(=O)N1CCNCC1,,random_balanced,BB-0894,BB-0278,7,6,0.41531168063078405
BB-1586 BB-1793,"[1586, 1793]",[4],CCC(NC(=O)[C@@H]1C[C@H](NC(=O)OC(C)(C)C)CN1C(=O)OCC1c2ccccc2-c2ccccc21)C(C)(C)O,,random_balanced,BB-1586,BB-1793,4,5,0.09471656116299453
BB-1466 BB-1961,"[1466, 1961]",[50],Cc1ccc(C(C)N(C(=O)CCl)C2(C(=O)O)CCC(O)(c3cccc(Cl)c3)CC2)cc1C,,random_balanced,BB-1466,BB-1961,5,7,0.7063731708838641
BB-0695 BB-0176,"[695, 176]",[79],Cc1cc(Nc2cccc(F)c2Cl)cc(C)c1F,,random_balanced,BB-0695,BB-0176,5,4,0.31078652387323
BB-1063 BB-1703,"[1063, 1703]",[79],COCOc1ccc(NCC2(c3ccnc(OC)c3)CCC2)c(F)c1F,,random_balanced,BB-1063,BB-1703,2,3,0.7171477608459176
BB-1159 BB-1681,"[1159, 1681]",[71],CCOC(=O)c1ccc(CNc2ccc(CC(=O)O)cc2O)o1,,random_balanced,BB-1159,BB-1681,5,4,0.5154263702777693
BB-1601 BB-1035,"[1601, 1035]",[137],NC(=NO)C1CC(C(=O)CC2CCC3(CCNCC3)CC2)C(=O)N(CC2CCOCC2)C1,,random_balanced,BB-1601,BB-1035,3,5,0.334854537908063
BB-0675 BB-0347,"[675, 347]",[98],O=C(OCCS(=O)(=O)CCBr)c1cccnc1OCCO,,random_balanced,BB-0675,BB-0347,2,4,0.4736592317587539
BB-0392 BB-0054,"[392, 54]",[79],Cc1cc(N2CCC(N(C)c3ccc(C(=O)O)c4c3CCC4)CC2)ncn1,,random_balanced,BB-0392,BB-0054,5,4,0.8015807766789327
BB-1869 BB-1649,"[1869, 1649]",[37],C=C1CC1C(=O)NCc1ccc(Oc2ccc(F)cc2)nc1,,random_balanced,BB-1869,BB-1649,4,6,0.31295031117747707
BB-0534 BB-1895,"[534, 1895]",[38],O=C1CCC(N2C(=O)c3ccc(-c4cc(Cl)c([N+](=O)[O-])cc4C(F)(F)F)cc3C2=O)C(=O)N1,,random_balanced,BB-0534,BB-1895,5,4,0.558621349433346
BB-0995 BB-0040,"[995, 40]",[79],COC(=O)C1CC(N(C)Cc2ccnc3c(Br)cccc23)=NO1,,random_balanced,BB-0995,BB-0040,4,4,0.6725130690349415
BB-1251 BB-0071,"[1251, 71]",[116],CC(C)(Oc1cccc(-n2ccc(C(=O)O)n2)c1)c1cc(Cl)cc(Br)c1,,random_balanced,BB-1251,BB-0071,3,2,0.5967708976313405
BB-0187 BB-1887,"[187, 1887]",[125],COC(=O)c1cncc(C(C)(C)OC2(C(=O)O)CCc3cc(C(=O)OC)ccc32)c1,,random_balanced,BB-0187,BB-1887,2,3,0.7136539410267675
BB-1961 BB-1165,"[1961, 1165]",[89],Cc1ccc(C(C)NC(=O)CSc2cccc3c2OC(C)(C)CC3O)cc1C,,random_balanced,BB-1961,BB-1165,8,2,0.29929765798450075
BB-1843 BB-1979,"[1843, 1979]",[89],CC(C)(C)OC(=O)N1CCc2cc(Sc3cc(C(F)(F)F)cnc3NCCN)c([N+](=O)[O-])cc2C1,,random_balanced,BB-1843,BB-1979,5,4,0.23775844227836046
BB-1662 BB-0729,"[1662, 729]",[112],CCc1nc2ccccc2n1C1CCCN(C(=O)c2ccc(-c3cccc(C)c3)[nH]2)C1,,random_balanced,BB-1662,BB-0729,6,4,0.5113595479656198
BB-1263 BB-1851,"[1263, 1851]",[15],O=C(O)CCc1cc(SCC23CC(C2)OC3C(F)(F)F)cc2c1OCC2,,random_balanced,BB-1263,BB-1851,4,4,0.4533711810332636
BB-0944 BB-0781,"[944, 781]",[15],COC(=O)c1cc2c(SCc3ccc4ccccc4c3[N+](=O)[O-])cccc2[nH]1,,random_balanced,BB-0944,BB-0781,5,5,0.4538997165239025
BB-1303 BB-0043,"[1303, 43]",[30],C/C=C(\Br)CNC(=O)C(=O)N1CCC(C(=O)OC)(c2ccc(OC)cc2)C1,,random_balanced,BB-1303,BB-0043,4,3,0.3571136497915174
BB-1691 BB-1754,"[1691, 1754]",[103],CC(C)n1c(NC(=O)NCCc2ccc(OCC(=O)O)cc2)nc2ccc(F)cc21,,random_balanced,BB-1691,BB-1754,2,8,0.16392305464067758
BB-0397 BB-0492,"[397, 492]",[125],COc1cc(Br)cc(C(C)(C(=O)O)N(OCC(N)=O)C(=O)OCC(C)C)c1O,,random_balanced,BB-0397,BB-0492,2,5,0.47511826921223044
BB-0660 BB-0960,"[660, 960]",[81],COc1ccc(Br)cc1C(CO)NS(=O)(=O)c1sc2ccc(Br)cc2c1C,,random_balanced,BB-0660,BB-0960,3,3,0.6376180496280575
BB-0563 BB-0474,"[563, 474]",[30],COc1ccc(Br)c2c1OCCN(C(=O)C(=O)NS(=O)(=O)c1ccc(NC(=O)C3CC3)cc1)C2,,random_balanced,BB-0563,BB-0474,3,4,0.0677907431516056
BB-0784 BB-1455,"[784, 1455]",[30],Cc1ccc(C2C(=O)NCCN2C(=O)C(=O)N2c3ccccc3CCCC2C(N)=O)cc1,,random_balanced,BB-0784,BB-1455,3,7,0.6463431555043644
BB-0143 BB-0858,"[143, 858]",[108],Cc1ccc(C(Nc2nnc(C(C)(F)F)o2)C(F)(F)F)cc1,,random_balanced,BB-0143,BB-0858,4,5,0.2226631811669465
BB-0119 BB-1434,"[119, 1434]",[66],CCCn1c(N)c(C(O)(CCl)c2cc(F)c3c(c2)C(C(=O)OC)CO3)c(=O)[nH]c1=O,,random_balanced,BB-0119,BB-1434,5,2,0.7813764162791059
BB-1124 BB-0538,"[1124, 538]",[78],CCC[C@H](NC(=O)OCC1c2ccccc2-c2ccccc21)C(=O)N[C@@H](Cc1ccc([N+](=O)[O-])cc1)C(=O)O,,random_balanced,BB-1124,BB-0538,3,4,0.5160958399932383
BB-1207 BB-1790,"[1207, 1790]",[30],CC(N)CCCCNC(=O)C(=O)N(c1ccc(I)cc1)S(C)(=O)=O,,random_balanced,BB-1207,BB-1790,3,5,0.6079187277771805
BB-1008 BB-1939,"[1008, 1939]",[65],Nc1c(C(=O)c2c(F)cccc2B(O)O)cc(F)c(Br)c1F,,random_balanced,BB-1008,BB-1939,3,3,0.20932932803561238
BB-1110 BB-1195,"[1110, 1195]",[5],CC(CNc1ccc(-n2ncc3c(S)ncnc32)cc1)c1nc2ccccc2n1C(F)F,,random_balanced,BB-1110,BB-1195,4,5,0.2681446163400774
BB-1867 BB-1864,"[1867, 1864]",[112],Cc1nc(NC(=O)C2(C)CCCCC2=O)oc1-c1ccncc1,,random_balanced,BB-1867,BB-1864,4,4,0.45235620798278603
BB-0401 BB-1252,"[401, 1252]",[105],COC(=O)c1ccc(C2(N(C)C(=O)C(=O)N3CCCC(c4ncc(C(F)(F)F)[nH]4)C3)CC2)o1,,random_balanced,BB-0401,BB-1252,4,3,0.5451005300516858
BB-0322 BB-0049,"[322, 49]",[75],COc1ccc(F)c(CC(=Cc2cnc(C)nc2N(C)C)C(=O)O)c1,,random_balanced,BB-0322,BB-0049,2,5,0.6147669263326497
BB-0244 BB-1175,"[244, 1175]",[89],CC(=O)/C(=C/c1ccc(Sc2ccc(C3CNCCO3)nc2)c(Cl)c1)C(N)=O,,random_balanced,BB-0244,BB-1175,4,6,0.3742887404220407
BB-1878 BB-1779,"[1878, 1779]",[23],CC(=O)Nc1ccc(C(=O)C(C)OC(=O)[C@@H]2[C@@H](c3ccc(Br)cc3)CCN2C(=O)OCC2c3ccccc3-c3ccccc32)cc1,,random_balanced,BB-1878,BB-1779,3,3,0.24259902008739698
BB-0481 BB-0096,"[481, 96]",[37],COc1ccc(C(=O)CNC(=O)c2n[nH]c(C)c2[N+](=O)[O-])cc1Cl,,random_balanced,BB-0481,BB-0096,2,4,0.41594317811416076
BB-1559 BB-1280,"[1559, 1280]",[78],O=C(O)c1cccc(-c2ccc(CNC(=O)c3ccc(CS(=O)(=O)c4c(Cl)cccc4Cl)o3)cc2)c1,,random_balanced,BB-1559,BB-1280,4,4,0.2379920489720039
BB-0377 BB-0923,"[377, 923]",[116],COc1ccc(C2(C(=O)O)CC2)cc1OCc1nn(C)c(Cl)c1Br,,random_balanced,BB-0377,BB-0923,3,6,0.49426113337569255
BB-1805 BB-0523,"[1805, 523]",[66],Cn1c(=O)c2c(nc(NCCN)n2Cc2ccc(C3(O)CCc4ccc(Cl)cc43)cc2Cl)n(C)c1=O,,random_balanced,BB-1805,BB-0523,6,4,0.4886438051753203
BB-0467 BB-0495,"[467, 495]",[116],COC(=O)c1ccc(O[C@H]2CC[C@](NC(=O)OC(C)(C)C)(C(=O)O)C2)c2c1CCNC2C,,random_balanced,BB-0467,BB-0495,5,2,0.27864425809968985
BB-0521 BB-0881,"[521, 881]",[89],Cc1cc(Sc2c(CCl)ccnc2F)cc(C#N)c1N,,random_balanced,BB-0521,BB-0881,5,6,0.34291591966534807
BB-1577 BB-1133,"[1577, 1133]",[116],NNC(=O)COc1cc(Cl)ccc1O[C@H]1CCN(CC(F)F)C1,,random_balanced,BB-1577,BB-1133,3,3,0.5835928564036346
BB-1177 BB-0342,"[1177, 342]",[100],Cc1ccc(S(=O)(=O)c2nc(N(C)C)sc2C=O)c2c1NC(=O)C2=O,,random_balanced,BB-1177,BB-0342,5,4,0.6929916426951922
BB-0208 BB-1279,"[208, 1279]",[108],CCc1ncc(CN(C)C2CCCc3cc(C)c(C)cc32)s1,,random_balanced,BB-0208,BB-1279,3,2,0.5499987322269052
BB-1486 BB-1752,"[1486, 1752]",[63],CCc1cccc(Cl)c1-c1ccc(C2N=N2)cc1,,random_balanced,BB-1486,BB-1752,3,4,0.17974573944900396
BB-0616 BB-1338,"[616, 1338]",[105],O=C(Nc1ccc2ccnn2c1)C(=O)N1CC(Cc2cccs2)C1,,random_balanced,BB-0616,BB-1338,2,3,0.2552859699374351
BB-1341 BB-1818,"[1341, 1818]",[110],CN1CCN(CC(=O)n2c(=O)[nH]c3ccc(C(F)(F)F)cc3c2=O)CC1,,random_balanced,BB-1341,BB-1818,1,7,0.5579846938013724
BB-1675 BB-0000,"[1675, 0]",[64],CC(=O)N1CC2CC1C=C2c1ccc2c(c1)CNS(=O)(=O)N2,,random_balanced,BB-1675,BB-0000,3,4,0.3436475562140075
BB-0366 BB-0820,"[366, 820]",[78],O=C(N[C@H](CS)C(=O)NCc1ccc(C2CCOCC2)cc1)OCc1ccccc1,,random_balanced,BB-0366,BB-0820,3,3,0.05443757367528247
BB-0927 BB-1444,"[927, 1444]",[116],Cc1nc2cc(OCc3ccc4c(c3)C3(CC3)CN4C(=O)OC(C)(C)C)ccc2n1C,,random_balanced,BB-0927,BB-1444,3,2,0.20408690186967823
BB-0060 BB-0372,"[60, 372]",[119],COc1cccc(N2C(=O)C(C(c3ccc(C(C)C)cc3)N3CCc4c([nH]c5ccccc45)C3C(=O)O)NC2=S)c1,,random_balanced,BB-0060,BB-0372,3,3,0.5863706275169374
BB-0071 BB-0662,"[71, 662]",[143],CC(C)(C)OC(=O)N[C@H](CC#Cc1cc(Br)cc(C(C)(C)O)c1)C(=O)O,,random_balanced,BB-0071,BB-0662,3,3,0.3975184596781755
BB-0590 BB-1151,"[590, 1151]",[28],COc1cccc(C(CC(=O)O)NC(=O)Nc2nc(C)nc(N)n2)c1,,random_balanced,BB-0590,BB-1151,3,4,0.04114597626346206
BB-0006 BB-0239,"[6, 239]",[50],CSc1ccc([N+](=O)[O-])cc1C(C)(OC(=O)C(C)(C)C(NC(=O)OCC1c2ccccc2-c2ccccc21)c1ccccc1)C(=O)O,,random_balanced,BB-0006,BB-0239,3,2,0.1540180312488981
BB-1451 BB-1776,"[1451, 1776]",[15],CSc1ncnn2c(Sc3nc(C)ccc3[C@@H]3C[C@H]3C(=O)O)cnc12,,random_balanced,BB-1451,BB-1776,3,2,0.5297761181044665
BB-0401 BB-1590,"[401, 1590]",[4],O=C(N1CCCC(c2ncc(C(F)(F)F)[nH]2)C1)C1(c2cc(F)cc(C(F)(F)F)c2)CCCC1,,random_balanced,BB-0401,BB-1590,5,3,0.8059877846229239
BB-0876 BB-1758,"[876, 1758]",[108],CCC1(C)NC(=O)N(CCCNCc2cc(C)c(C)cn2)C1=O,,random_balanced,BB-0876,BB-1758,3,5,0.6372823291953873
BB-1506 BB-1002,"[1506, 1002]",[105],CN(C(=O)C(=O)Nc1c(C(N)=O)sc2nc(C(F)(F)F)cc(-c3ccco3)c12)C1CCOC(c2ccc(F)cc2)C1,,random_balanced,BB-1506,BB-1002,4,4,0.27926359646087157
BB-0076 BB-1138,"[76, 1138]",[15],C=CC(=O)c1c(F)cccc1Sc1cccc(-n2nc3c(c2N)CCC3)c1,,random_balanced,BB-0076,BB-1138,3,7,0.5352890006112375
BB-1692 BB-0105,"[1692, 105]",[1],CON(C)C(=O)C(=Cc1cn(C)nc1C1CCC1)C1CCCO1,,random_balanced,BB-1692,BB-0105,1,3,0.3234169768361151
BB-0321 BB-0336,"[321, 336]",[119],COC(=O)C1CCCCC1(Nc1cc(-n2cnnn2)ccc1Cl)B1OC(C)(C)C(C)(C)O1,,random_balanced,BB-0321,BB-0336,2,8,0.5862380635922116
BB-0383 BB-1717,"[383, 1717]",[41],COC1C(Oc2ccc3c(c2)OCC3(C)C)CCC(C(=O)O)N1C(=O)OC(C)(C)C,,random_balanced,BB-0383,BB-1717,3,3,0.3415612627474613
BB-1956 BB-0556,"[1956, 556]",[124],Cc1cc(-n2cnc3c(NCCc4ccc(Cl)cc4C)ncnc32)ncc1C#N,,random_balanced,BB-1956,BB-0556,4,5,0.18693815989787763
BB-1087 BB-1681,"[1087, 1681]",[30],CCCc1ccc(C(C)N(CC(N)=O)C(=O)C(=O)NCc2ccc(C(=O)OCC)o2)cc1,,random_balanced,BB-1087,BB-1681,2,5,0.4208238413105631
BB-0532 BB-0867,"[532, 867]",[78],CC1SCCN(C(=O)C(C)N2C(=O)c3nccnc3C2=O)C1C,,random_balanced,BB-0532,BB-0867,1,3,0.4726326374783026
BB-1609 BB-1967,"[1609, 1967]",[71],CCC(Br)c1ccc(NCc2cc(F)cc3c2OCOC3)cc1,,random_balanced,BB-1609,BB-1967,2,4,0.6841033350433442
BB-1167 BB-0055,"[1167, 55]",[108],CCCC1CC(Nc2c(N3CCOCC3)c(=O)[nH]c(=O)n2CCC)CCO1,,random_balanced,BB-1167,BB-0055,3,3,0.6225374681968073
BB-0583 BB-1850,"[583, 1850]",[37],CCc1c(C(=O)N2CCCC2Cn2cc(C)cn2)[nH]c(C)c1C(=O)O,,random_balanced,BB-0583,BB-1850,4,3,0.6905636911417328
BB-0164 BB-1673,"[164, 1673]",[119],CCOC(=O)C12CCCC1(NC(C)[C@@H]1C[C@H]1c1ccccc1)CC(=O)C2,,random_balanced,BB-0164,BB-1673,5,6,0.7260486084202332
BB-0342 BB-1841,"[342, 1841]",[50],Cc1ccc(Cl)c2c1NC(=O)C2(C(=O)O)N1CC2(CCC2)c2cc(Br)ccc21,,random_balanced,BB-0342,BB-1841,5,6,0.6135238255684441
BB-1352 BB-1123,"[1352, 1123]",[4],COCC1(C(=O)N2CCCC(O)(Cc3nc(C)no3)C2)C(C)(C)C1(C)C,,random_balanced,BB-1352,BB-1123,3,4,0.4714959222105911
BB-0659 BB-1078,"[659, 1078]",[30],Cc1noc(C2CN(C(=O)C(=O)N(CC(F)(F)F)C3CCCOC3)CC23COC3)n1,,random_balanced,BB-0659,BB-1078,3,4,0.7269435640214963
BB-0649 BB-0845,"[649, 845]",[91],Cc1ccc(NC(=O)CCOc2ncnn3c(I)cnc23)cc1,,random_balanced,BB-0649,BB-0845,2,4,0.40709553525319153
BB-1783 BB-0501,"[1783, 501]",[50],COc1ccc2c(c1)c1c(n2C2(C(=O)O)CC3(CC4CCCC(C3)N4C(=O)OC(C)(C)C)C2)C(=O)CCC1,,random_balanced,BB-1783,BB-0501,2,6,0.48479545293021475
BB-1956 BB-0816,"[1956, 816]",[30],Cc1cc(NC(=O)C(=O)NCc2nnn(-c3ccc(Cl)c(C(F)(F)F)c3)n2)ncc1C#N,,random_balanced,BB-1956,BB-0816,5,4,0.026565244541659618
BB-1827 BB-0456,"[1827, 456]",[4],COc1cc(C(=O)NCc2ccc3c(c2)C(=O)OC3)ccc1OCC(=O)Nc1cccc(C(F)(F)F)c1,,random_balanced,BB-1827,BB-0456,2,2,0.20864701803555324
BB-0618 BB-1953,"[618, 1953]",[49],CCCc1ccc(Nc2ncnc3c2ncn3[C@H](C)c2coc3c(F)cccc23)c(C(=O)O)c1,,random_balanced,BB-0618,BB-1953,3,8,0.23305429036328607
BB-0801 BB-1860,"[801, 1860]",[99],C[Si](C)(C)C#Cc1nc(Cl)nc(S(=O)(=O)c2ccc(OCC(N)=O)c(Br)c2)n1,,random_balanced,BB-0801,BB-1860,2,3,0.019695356272726155
BB-1654 BB-0365,"[1654, 365]",[125],CC(C)(C)OC(=O)N[C@H](COCc1ccccc1)C(CBr)(C(=O)O)n1c(=O)n(C(=O)OC(C)(C)C)c2cnccc21,,random_balanced,BB-1654,BB-0365,1,4,0.15578365740910677
BB-1228 BB-0816,"[1228, 816]",[41],CN1CC(Sc2ccc(-n3nnc(CN)n3)cc2C(F)(F)F)CC1=O,,random_balanced,BB-1228,BB-0816,3,5,0.5590095660132764
BB-0382 BB-1641,"[382, 1641]",[145],CC(=Cc1ccc(O)nn1)c1ccc(N2CCNC2=O)cc1,,random_balanced,BB-0382,BB-1641,5,4,0.507198676776953
BB-0405 BB-1019,"[405, 1019]",[125],Cc1[nH]c(-c2ccco2)nc(=O)c1C(C)(C(=O)O)N1C(=O)OC[C@H]1Cc1ccccc1,,random_balanced,BB-0405,BB-1019,1,4,0.7384729936776019
BB-0581 BB-0822,"[581, 822]",[103],CC(=O)Nc1ccc(C)cc1NC(=O)N1CCOCC1c1c(C)nn(-c2ccccc2F)c1C,,random_balanced,BB-0581,BB-0822,4,6,0.47666583269270785
BB-0728 BB-1083,"[728, 1083]",[118],O=[N+]([O-])c1ccc(C[C@H](CO)NCC(O)COc2cccc3[nH]ccc23)cc1,,random_balanced,BB-0728,BB-1083,1,5,0.5443754771452184
BB-1813 BB-0929,"[1813, 929]",[81],C[C@H]1C[C@]1(C)NS(=O)(=O)CCCN=[N+]=[N-],,random_balanced,BB-1813,BB-0929,1,2,0.13591068239835144
BB-0247 BB-0197,"[247, 197]",[5],COC(=O)c1ccc(C2(Nc3nccn(C(F)F)c3=O)CC2)o1,,random_balanced,BB-0247,BB-0197,3,3,0.4670291868753942
BB-1733 BB-1112,"[1733, 1112]",[125],CCCCCN1C(=O)C(OC2CN(S(=O)(=O)c3ccccc3[N+](=O)[O-])C3(CCOCC3)C2)(C(=O)O)c2ccccc21,,random_balanced,BB-1733,BB-1112,2,4,0.43203828671675387
BB-0096 BB-1267,"[96, 1267]",[50],COc1ccc(C(CN)(OC(=O)C2(c3cc(C(F)(F)F)ccc3Cl)CC2)C(=O)O)cc1Cl,,random_balanced,BB-0096,BB-1267,5,2,0.6780555544748247
BB-0050 BB-0567,"[50, 567]",[71],COc1ccc(C2CC(=O)NC(=O)C2)cc1Nc1cc(NC(=O)OC(C)(C)C)ccc1O,,random_balanced,BB-0050,BB-0567,5,5,0.16603506520217534
BB-0619 BB-1331,"[619, 1331]",[49],CC1CC(=O)c2cc(-n3cnc4c(NCCN5Cc6ncsc6C5)ncnc43)cnc2C1,,random_balanced,BB-0619,BB-1331,4,3,0.05878891537511486
BB-0107 BB-1185,"[107, 1185]",[41],CCOC(=O)C1NCCc2cc(OCc3cc(F)cc(F)c3OC)ccc21,,random_balanced,BB-0107,BB-1185,4,3,0.654041576000811
BB-0867 BB-1769,"[867, 1769]",[103],CC1SCCN(C(=O)N[C@@H]2CCO[C@H]2c2ccc(Cl)c(F)c2)C1C,,random_balanced,BB-0867,BB-1769,4,5,0.5606369836765119
BB-1701 BB-0718,"[1701, 718]",[66],CC(C)(C)OC(=O)NC1CC(O)(c2cc(CCl)ncn2)C12CC(C(F)F)C2,,random_balanced,BB-1701,BB-0718,3,4,0.6978262565835481
BB-1053 BB-1497,"[1053, 1497]",[5],Cc1nc2ccc(NC3COc4ccccc4C3)cc2c(C)c1C(=O)O,,random_balanced,BB-1053,BB-1497,2,5,0.5041480516537632
BB-1585 BB-0983,"[1585, 983]",[4],NC(C(=O)NCc1ccc(-c2ccc(C(F)(F)F)cc2)cc1)c1ccc2ccccc2c1,,random_balanced,BB-1585,BB-0983,6,3,0.261017966572974
BB-1609 BB-1584,"[1609, 1584]",[116],CCC(Br)c1ccc(OC(c2cc(OC)ns2)S(=O)(=O)[O-])cc1,,random_balanced,BB-1609,BB-1584,3,2,0.5910569787363613
BB-0167 BB-1868,"[167, 1868]",[33],Cc1ccc2c(c1)CC(N(C)Cc1c(C(=O)O)[nH]c3cc(Br)ccc13)C2,,random_balanced,BB-0167,BB-1868,5,4,0.485866716293711
BB-0489 BB-1852,"[489, 1852]",[38],CCC(Oc1ccccc1-c1ccc(OC)c(CC(=O)OC)c1)C(=O)O,,random_balanced,BB-0489,BB-1852,1,3,0.5812484039441941
BB-0206 BB-1768,"[206, 1768]",[66],CCOC(=O)C(=O)c1c(C2(O)CCC(c3cncc(F)c3)C2)nc(C)n1C,,random_balanced,BB-0206,BB-1768,5,4,0.7942656534282702
BB-1648 BB-0921,"[1648, 921]",[37],N#CC1(C(=O)NC2CCCN(c3ccccc3F)C2=O)CC(OCc2ccccc2)C1,,random_balanced,BB-1648,BB-0921,5,3,0.4136904006382804
BB-0146 BB-0337,"[146, 337]",[33],CC(Br)C(NCC1(c2cccc(C(F)(F)F)c2)CCOCC1)c1ccc2c(c1)CCC(=O)N2,,random_balanced,BB-0146,BB-0337,6,3,0.8001688010951944
BB-1077 BB-0482,"[1077, 482]",[28],COC(=O)c1ccc(CCNC(=O)NCC2CN3CCCN2CC3)c(Cl)c1,,random_balanced,BB-1077,BB-0482,4,5,0.11092620757627931
BB-0034 BB-0768,"[34, 768]",[54],Cc1cnc(NCCN2C(=O)CC(c3cccc(I)c3)NC2=O)nc1,,random_balanced,BB-0034,BB-0768,3,6,0.3977704885023379
BB-1247 BB-0775,"[1247, 775]",[112],O=C1CC2(CCC(C(=O)NC34CCC(F)(CC3)C4)C2)N1,,random_balanced,BB-1247,BB-0775,5,2,0.19861485626872696
BB-0388 BB-0870,"[388, 870]",[5],CCC1CCCCN1C(=O)C(C)N1CC(N2CCN(C(=O)OC(C)(C)C)CC2)C1,,random_balanced,BB-0388,BB-0870,5,3,0.4173473843387122
BB-1044 BB-0270,"[1044, 270]",[105],CCOC(=O)c1cn[nH]c1CNC(=O)C(=O)N1CCCC(CSC)CC1,,random_balanced,BB-1044,BB-0270,4,4,0.37670910084721154
BB-0119 BB-0095,"[119, 95]",[103],CCCn1c(NC(=O)Nc2ccc(Br)cc2NC)c(C(=O)CCl)c(=O)[nH]c1=O,,random_balanced,BB-0119,BB-0095,6,4,0.483854650914636
BB-1526 BB-0141,"[1526, 141]",[1],[N-]=[N+]=Nc1ccc(C=C2C(=O)NN=C2C(F)(F)F)cc1F,,random_balanced,BB-1526,BB-0141,1,2,0.1540371863778447
BB-0274 BB-1165,"[274, 1165]",[41],CC1(C)CC(O)c2cccc(SCc3ccc4c(c3)CCO4)c2O1,,random_balanced,BB-0274,BB-1165,2,3,0.18609474754331776
BB-0625 BB-1197,"[625, 1197]",[78],CC(C)(C)OC(=O)N1CCCC(C(F)C(=O)NC(C)(C)c2cn(CC3CC3)nn2)C1,,random_balanced,BB-0625,BB-1197,1,3,0.3148931259314327
BB-1106 BB-1328,"[1106, 1328]",[116],COc1ccc(/C=C/C(C)=O)cc1Oc1ccc(C2CCN(C(=O)OC(C)(C)C)CC2)c(F)c1,,random_balanced,BB-1106,BB-1328,3,3,0.0607003352828039
BB-1382 BB-0505,"[1382, 505]",[105],CCOC(=O)c1cnc2ncnn2c1NC(=O)C(=O)N(C)CC(=O)Nc1c(C)cc(C)cc1C,,random_balanced,BB-1382,BB-0505,6,9,0.2280088910169649
BB-0289 BB-0257,"[289, 257]",[146],CC(C)(C)OC(=O)NC1CC(CNc2ccc3cc(C=O)ccc3c2)C1,,random_balanced,BB-0289,BB-0257,2,3,0.24225218905873985
BB-0973 BB-0861,"[973, 861]",[79],CCc1csc(C2CCCN(c3nccn3C3CC3)C2)n1,,random_balanced,BB-0973,BB-0861,1,4,0.5794389853544583
BB-1294 BB-1850,"[1294, 1850]",[79],Cc1cnn(CC2CCCN2CC(=O)N2CCN(C(C#N)c3ccc(F)cc3)CC2)c1,,random_balanced,BB-1294,BB-1850,4,4,0.5878121133480892
BB-0193 BB-1591,"[193, 1591]",[5],COCc1ncc2c(n1)CCN(c1c(F)ccc(N)c1F)C2,,random_balanced,BB-0193,BB-1591,4,6,0.6869843711311662
BB-0289 BB-1991,"[289, 1991]",[4],CC(C)(C)OC(=O)NC1CC(CNC(=O)c2c(-c3ccccc3)nn3c2CCCC3)C1,,random_balanced,BB-0289,BB-1991,3,3,0.3092737944868252
BB-1107 BB-1630,"[1107, 1630]",[108],Cc1ccc(CNc2ccc(N=[N+]=[N-])cc2C)c(F)c1,,random_balanced,BB-1107,BB-1630,3,4,0.3827425115461327
BB-1929 BB-0856,"[1929, 856]",[103],COc1ccc(C(NC(=O)Nc2cnn(C(C)C)c2Cl)C(F)F)cc1F,,random_balanced,BB-1929,BB-0856,8,4,0.33905364912765634
BB-0842 BB-1041,"[842, 1041]",[78],CCC1CCCC(CNC(=O)[C@@H]2CN(Cc3ccccc3)C[C@H]2C(C)C)CC1,,random_balanced,BB-0842,BB-1041,4,4,0.39928964819459906
BB-0820 BB-0639,"[820, 639]",[30],COc1ccccc1C1CN(C(=O)C(=O)NCc2ccc(C3CCOCC3)cc2)CCO1,,random_balanced,BB-0820,BB-0639,4,2,0.17323242518823156
BB-0320 BB-1376,"[320, 1376]",[78],COC(=O)c1ccc(C(C)(C)NC(=O)C(CNC(=O)OCC2c3ccccc3-c3ccccc32)c2cc(F)ccc2F)cc1,,random_balanced,BB-0320,BB-1376,3,2,0.08166068517310139
BB-0333 BB-1524,"[333, 1524]",[66],CNC(=O)COC1CCCOc2cc(C(O)c3nc4cc(F)ccc4o3)ccc21,,random_balanced,BB-0333,BB-1524,2,4,0.7520229377390107
BB-1449 BB-1810,"[1449, 1810]",[79],CN1CCC(N(C(=O)C(Br)C2CCCC2)c2ccc(Br)cc2)CC1,,random_balanced,BB-1449,BB-1810,2,4,0.458586785748359
BB-1505 BB-0160,"[1505, 160]",[78],O=C(NCc1c(F)cccc1OC(F)(F)F)C1CCCc2cc(O)ccc21,,random_balanced,BB-1505,BB-0160,3,4,0.669567020060172
BB-1523 BB-0064,"[1523, 64]",[75],COc1ccc(F)cc1CC(=Cc1c(C)ccc(C)c1[N+](=O)[O-])C(=O)O,,random_balanced,BB-1523,BB-0064,2,2,0.575244473518211
BB-1771 BB-0220,"[1771, 220]",[33],COC(=O)C1(N2CCN(Cc3cnn(C4CC4)c3)CC2)COC1,,random_balanced,BB-1771,BB-0220,3,1,0.5317230893646167
BB-1846 BB-1853,"[1846, 1853]",[66],CN(CC(=O)O)c1ccc(C(F)(F)F)cc1C(O)c1ccc(-n2ccc(C(=O)O)n2)cc1Cl,,random_balanced,BB-1846,BB-1853,6,3,0.7137128345072496
BB-0681 BB-0354,"[681, 354]",[33],COC(=O)C1(F)CCN(C(c2ccc(F)cc2F)C2CCN(C(C)=O)CC2)CC1,,random_balanced,BB-0681,BB-0354,5,4,0.6665979819929707
BB-1803 BB-0330,"[1803, 330]",[4],CCc1cccc2c1CCCN2C(=O)C(C)CN(C)C,,random_balanced,BB-1803,BB-0330,2,6,0.541724650929794
BB-1344 BB-1849,"[1344, 1849]",[78],Cc1cccc(CCC(=O)N2CCCC2c2nc3ccccc3s2)c1F,,random_balanced,BB-1344,BB-1849,4,4,0.7109312516490717
BB-1832 BB-1764,"[1832, 1764]",[105],COC(=O)c1ccc(C2(O)CCN(C(=O)C(=O)NC[C@H](C)Oc3ccccc3)C2)cc1,,random_balanced,BB-1832,BB-1764,4,7,0.14367182991255975
BB-1088 BB-1539,"[1088, 1539]",[127],CC(C)(C)OC(=O)N1CCCC(OC(=O)C23C(=O)C4CC2C3C4)CCC1,,random_balanced,BB-1088,BB-1539,2,3,0.3080470798683462
BB-1729 BB-0116,"[1729, 116]",[71],Cc1nc(C(Nc2ccc(C(=O)O)cc2N)c2ccc(F)cc2)no1,,random_balanced,BB-1729,BB-0116,6,3,0.5541191576116501
BB-0526 BB-0211,"[526, 211]",[78],Cc1nc(C2CC2)nc(C)c1C(=O)NC1CCC(C(F)(F)F)CC1,,random_balanced,BB-0526,BB-0211,3,4,0.656427766348088
BB-1283 BB-1490,"[1283, 1490]",[41],COc1c(C)nc(O)nc1Oc1ccc(CNC(C)C)cc1,,random_balanced,BB-1283,BB-1490,2,3,0.40612168527760795
BB-0982 BB-0200,"[982, 200]",[141],CCc1cc(N)cc(C(O)(CCC(=O)O)c2c[nH]c(C(=O)OC)c2)n1,,random_balanced,BB-0982,BB-0200,3,5,0.7705935743760766
BB-0766 BB-1762,"[766, 1762]",[50],CCC(CC(=O)c1ccc(C(F)(F)F)cc1)(OC(=O)c1cnco1)C(=O)O,,random_balanced,BB-0766,BB-1762,6,3,0.7051779556711515
